corridor_deriv_draws_from_source,weight
electronic → pop,2316
electronic → hip hop,934
ambient → electronic,868
hip hop → funk,840
dance → electronic,811
drum and bass → electronic,810
electro → electronic,790
hip hop → soul,748
electronic → ambient,707
electronic → eurobeat,706
ebm → electronic,621
electronic → dance,614
eurobeat → electronic,608
hip hop → jazz,584
downtempo → electronic,584
dubstep → electronic,567
electronic → rock,555
dance-pop → pop,542
dance → pop,539
electronic → disco,495
deep house → electronic,494
hip hop → pop,469
electronic → drum and bass,458
electronic → alternative rock,454
breakbeat → electronic,448
electronic → house,444
electronic → downtempo,438
electronic → electro,407
electronic → dance-pop,387
hip hop → disco,372
pop → electronic,354
noisecore → hardcore punk,342
hip hop → electronic,341
pop → rock,337
house → electronic,334
electronic → j-pop,332
alternative rock → rock,330
j-pop → electronic,328
trance → electronic,312
electronic → synth-pop,300
pop → hip hop,298
experimental → electronic,286
dubstep → dance,281
electronic → industrial,280
electronic → ebm,276
hip hop → rock,268
electronic → deep house,258
electronic → new wave,258
breaks → electronic,255
electro house → electronic,252
pop → dance-pop,249
dance-pop → electronic,243
house → pop,226
edm → electronic,222
contemporary r&b → pop,215
electro → pop,210
electronic → dubstep,206
electronic → indie rock,203
ballad → pop,203
ambient → downtempo,201
electronic → trance,198
electronic → jazz,192
hip hop → gangsta rap,190
disco → electronic,187
electronic → techno,186
ebm → industrial,186
classic rock → rock,185
electronic → funk,183
electronic → breakbeat,179
pop rock → pop,179
hip hop → r&b,177
alternative rock → electronic,177
disco → pop,175
experimental → pop,171
psytrance → electronic,170
alternative rock → pop,168
rock → alternative rock,166
downtempo → ambient,161
electronic → soul,158
ebm → electro,152
electronic → psytrance,146
electronic → electropop,145
dance → dubstep,140
techno → electronic,140
deep house → dance,139
dance → house,138
breakcore → electronic,134
hip hop → contemporary r&b,133
hardstyle → electronic,132
comedy → pop,131
rock → pop,130
progressive house → electronic,130
pop → contemporary r&b,129
experimental → hip hop,128
gangsta rap → hip hop,128
indie pop → pop,127
hip hop → alternative rock,125
electronic → electro house,122
dance → dance-pop,121
electronic → chiptune,120
electronic → classical,120
downtempo → pop,120
electronic → experimental,119
dance → deep house,119
edm → dance,119
rock → classic rock,117
pop → alternative rock,116
electropop → electronic,115
dance → hip hop,115
drum and bass → dance,114
progressive trance → electronic,114
boom bap → hip hop,113
electronic → glitch,111
electronic → breaks,110
electronic → contemporary r&b,110
extratone → electronic,108
j-pop → pop,107
country → blues,107
contemporary r&b → r&b,107
contemporary r&b → hip hop,104
europop → pop,104
breakbeat → hip hop,103
glitch → electronic,103
hip hop → blues,102
indie rock → rock,102
electro house → dance,101
synth-pop → electronic,101
alternative rock → indie rock,100
dance-pop → hip hop,99
indie rock → alternative rock,98
hip hop → electro,97
pop rock → rock,97
ebm → aggrotech,97
electronic → big beat,96
rock → hard rock,96
reggaeton → latin,95
dance → electro house,93
electronic → r&b,92
pop → disco,92
house → dance,91
deep house → pop,91
chiptune → k-pop,91
dubstep → drum and bass,89
breaks → breakbeat,88
big beat → electronic,88
breakcore → pop,88
electronic → neue deutsche welle,87
electro → hip hop,87
synth-pop → pop,87
dubstep → brostep,86
electronic → progressive house,85
pop → new wave,85
edm → pop,85
deep house → disco,85
chiptune → electronic,84
electronic → hard rock,83
dub → electronic,83
hard rock → rock,82
rock → progressive rock,81
drum and bass → hip hop,81
dark wave → electronic,81
electronic → ballad,79
electronic → hardstyle,79
blues → rock,79
pop → ballad,78
acid jazz → electronic,77
hip hop → pop rap,76
electro → ebm,76
deep house → house,76
gangsta rap → funk,75
progressive house → electro house,74
acid house → electronic,74
pop rap → hip hop,74
barber beats → electronic,74
house → disco,73
electronica → electronic,73
rock → blues,72
dance → electropop,72
ambient → alternative rock,71
electronic → idm,71
dubstep → electro house,71
electropop → pop,70
electro house → pop,70
electronic → progressive trance,69
hip hop → reggae,69
pop → dance,69
industrial → electronic,69
latin → reggaeton,69
asmr → ambient,69
pop → pop rock,68
edm → dance-pop,68
progressive rock → rock,68
conscious hip hop → hip hop,68
electronic → reggae,67
ballad → j-pop,67
dariacore → pop,66
hip hop → conscious hip hop,65
comedy → electronic,65
electronic → pop rock,64
electronic → indie pop,64
electronic → country,64
alternative rock → industrial,64
new wave → electronic,63
dark ambient → electronic,63
disco → soul,62
comedy → hip hop,62
alternative rock → hip hop,62
electronic → aggrotech,61
electronic → metal,61
electronic → folk,60
dubstep → complextro,60
dance-pop → j-pop,60
rock → electronic,59
ebm → electro-industrial,59
crunk → hip hop,59
electronic → heavy metal,58
electronic → breakcore,58
hip hop → classical,58
electro → ambient,58
idol kayō → pop,58
hip hop → east coast hip hop,57
drum and bass → pop,57
drum and bass → dubstep,57
dance → drum and bass,57
dance → electro,57
dance-pop → dance,57
non-music → audio drama,57
chillout → electronic,57
electronic → dancehall,56
electronic → industrial metal,56
house → deep house,56
dance → downtempo,56
club → electronic,56
dubstep → pop,56
electronic → progressive rock,55
electronic → electronica,55
electronic → dark wave,55
pop → funk,55
dance → disco,55
indie rock → electronic,55
comedy → alternative rock,55
breakbeat → pop,55
breakbeat → downtempo,55
breakbeat → breaks,55
plunderphonics → hip hop,55
electronic → club,54
hip hop → hard rock,54
dance → progressive house,54
comedy → rock,54
downtempo → rock,54
electronic → alternative metal,53
pop → schlager,53
dubstep → hip hop,53
alternative r&b → contemporary r&b,52
edm → electro house,52
downtempo → jazz,52
electronic → alternative dance,51
pop → r&b,51
pop → alternative pop,51
comedy → darksynth,51
baroque → classical,51
electronic → edm,50
electronic → gangsta rap,50
electronic → acid jazz,50
hip hop → psychedelic rock,50
rock → pop rock,50
pop → electropop,50
experimental → rock,50
happy hardcore → electronic,50
plunderphonics → pop,50
mashcore → breakcore,50
electronic → acid house,49
electronic → progressive electronic,49
rock → indie rock,49
dance-pop → contemporary r&b,49
breakbeat → drum and bass,49
breakbeat → rock,49
electronic → latin,48
pop → soul,48
electronic → punk,47
blues → jazz,47
experimental → alternative rock,47
ambient → hip hop,46
ambient → pop,46
electronic → electro-industrial,46
electronic → blues,46
blues → pop,46
r&b → soul,46
r&b → pop,46
hard rock → heavy metal,46
gangsta rap → soul,46
breakcore → hip hop,46
folk rock → rock,46
chillwave → electronic,46
barber beats → ambient,46
ambient → rock,45
electronic → dark ambient,45
hip hop → ballad,45
drum and bass → neurofunk,45
edm → house,45
contemporary r&b → soul,45
folk → folk rock,45
east coast hip hop → hip hop,45
plunderphonics → k-pop,45
pop → house,44
art rock → rock,44
ambient → jazz,43
electronic → art pop,43
electronic → dub,43
hip hop → new wave,43
pop → europop,43
dubstep → ambient,43
soul → pop,43
sound collage → rock,43
electronic → post-rock,42
hip hop → trap,42
pop rock → j-pop,42
experimental → j-pop,42
experimental → ambient,42
electro → dance,42
dance → alternative rock,42
alternative r&b → pop,42
complextro → electro house,42
trance → progressive trance,42
downtempo → hip hop,42
hip hop → classic rock,41
pop rock → alternative rock,41
electro house → electro,41
electro house → house,41
deep house → ambient,41
ballad → electronic,41
ambient → classical,40
hip hop → easy listening,40
dance → rock,40
trance → dance,40
drum and bass → halftime,39
pop → indie pop,39
pop → jazz,39
eurobeat → dance,39
dance → edm,39
dance → industrial,39
progressive house → tech house,39
breakbeat → dubstep,39
breakbeat → j-pop,39
aggrotech → electronic,39
hip hop → pop rock,38
disco → rock,38
electro → new wave,38
electro → rock,38
j-pop → j-rock,38
breaks → pop,38
dubstep → melodic dubstep,38
country → rock,38
progressive house → dance-pop,38
progressive house → dance,38
alternative rock → punk,38
dance-pop → new wave,38
dance-pop → alternative rock,38
alternative hip hop → hip hop,38
electronic rock → industrial,38
trip hop → electronic,38
chillout → downtempo,38
electronic → instrumental,37
hip hop → jazz-funk,37
rock → country,37
deep house → downtempo,37
downtempo → alternative rock,37
blues rock → rock,37
synthwave → acid house,37
ambient → electro,36
electronic → psychedelic rock,36
hip hop → blues rock,36
hip hop → progressive rock,36
pop rock → new wave,36
disco → funk,36
r&b → contemporary r&b,36
contemporary r&b → electronic,36
alternative rock → new wave,36
funk → soul,36
alternative pop → pop,36
synth-pop → dance-pop,36
indie pop → electronic,36
ambient → dark ambient,35
hip hop → boom bap,35
pop → electro,35
disco → hip hop,35
disco → dance,35
electro → house,35
dance → contemporary r&b,35
breaks → hip hop,35
breakbeat → ambient,35
idm → electronic,35
industrial rock → industrial,35
electronic → j-rock,34
hip hop → crunk,34
rock → heavy metal,34
drum and bass → ambient,34
dance → trance,34
electro-industrial → electronic,34
alternative rock → pop rock,34
ebm → dark wave,34
breakcore → j-pop,34
dub techno → electronic,34
dark wave → ebm,34
dariacore → hip hop,34
plunderphonics → j-pop,34
dark electro → ebm,34
electronic → tech house,33
hip hop → dirty south,33
hip hop → chiptune,33
drum and bass → alternative rock,33
blues → swamp pop,33
experimental → house,33
electropop → dance-pop,33
club → pop,33
dub → reggae,33
trance → pop,33
indie pop → indie rock,33
dariacore → hyperpop,33
synthwave → electronic,33
leftfield → electronic,33
ambient → post-rock,32
hip hop → indie rock,32
hip hop → latin,32
hip hop → downtempo,32
drum and bass → rock,32
drum and bass → breakbeat,32
house → hip hop,32
electro → synth-pop,32
electro → industrial,32
j-pop → ballad,32
edm → dubstep,32
soul → disco,32
funk → pop,32
breakbeat → industrial,32
chiptune → pop,32
plunderphonics → electronic,32
plunderphonics → cinematic classical,32
electronic → bossa nova,31
electronic → eurodance,31
electro → alternative rock,31
j-pop → contemporary r&b,31
neue deutsche welle → electronic,31
bass house → electronic,31
industrial → industrial metal,31
art rock → progressive rock,31
broken beat → electronic,31
punk → hardcore punk,31
punk rock → punk,31
chiptune → hip hop,31
extratone → speedcore,31
ambient → power metal,30
ambient → drone,30
electronic → darksynth,30
electronic → italo-disco,30
hip hop → folk,30
hip hop → dance,30
rock → new wave,30
pop → indie rock,30
pop → chanson française,30
pop → country,30
house → dance-pop,30
j-pop → hip hop,30
dubstep → electro,30
dubstep → progressive house,30
folk rock → classic rock,30
dancehall → reggae,30
dancehall → hip hop,30
breakbeat → alternative rock,30
jungle → electronic,30
schlager → pop,30
electroclash → electronic,30
goa trance → electronic,30
teen pop → j-pop,30
ambient → experimental,29
ambient → dub,29
electronic → future bass,29
electronic → alternative pop,29
electro → electro house,29
electro house → dance-pop,29
electro house → complextro,29
dubstep → hybrid trap,29
downtempo → dub,29
heavy metal → metal,29
alternative metal → metalcore,29
lolicore → breakcore,29
cool jazz → jazz,29
ambient → experimental hip hop,28
electronic → trip hop,28
hip hop → alternative hip hop,28
rock → metal,28
electro → indie rock,28
new wave → pop,28
alternative dance → electronic,28
progressive house → complextro,28
contemporary r&b → funk,28
big beat → pop,28
alternative rock → indie pop,28
jazz → blues,28
nerdcore → hip hop,28
art pop → electronic,28
chillout → ambient,28
future funk → house,28
electronic → industrial rock,27
hip hop → j-pop,27
hip hop → dancehall,27
pop → j-pop,27
disco → new wave,27
house → ambient,27
dance → ambient,27
neue deutsche welle → pop,27
new wave → rock,27
bass house → dance,27
alternative rock → folk,27
dance-pop → rock,27
dance-pop → electro house,27
dancehall → electronic,27
breakbeat → dance,27
dirty south → hip hop,27
doom metal → alternative rock,27
orchestral → chiptune,27
nu metal → alternative metal,27
nu metal → alternative rock,27
dark ambient → ambient,27
grindcore → death metal,27
euro house → electronic,27
electronic → europop,26
electronic → alternative r&b,26
pop → blues,26
pop → synth-pop,26
pop → soft rock,26
electro → disco,26
electro → downtempo,26
breaks → downtempo,26
big room house → electro house,26
electro house → dubstep,26
dubstep → bass house,26
dubstep → grime,26
deep house → electro,26
alternative dance → dance-pop,26
indie rock → indie pop,26
progressive house → pop,26
progressive house → house,26
big beat → hip hop,26
jazz → electronic,26
jazz → big band,26
classic rock → hard rock,26
classic rock → progressive rock,26
dance-pop → house,26
breakcore → alternative rock,26
breakcore → funk,26
idol kayō → j-pop,26
indie pop → alternative rock,26
new age → ambient,26
sound collage → electronic,26
arena rock → hard rock,26
experimental hip hop → electronic,26
ambient → indie rock,25
ambient → breakbeat,25
electronic → euro house,25
electronic → easy listening,25
rock → blues rock,25
j-pop → dance,25
dance → jazz,25
reggae → dancehall,25
r&b → hip hop,25
electro house → progressive house,25
breakbeat → disco,25
alternative metal → dancehall,25
europop → electronic,25
plunderphonics → alternative rock,25
sketch comedy → classical,25
cyberpunk → electronic,25
ambient → folk,24
ambient → industrial,24
electronic → hardcore techno,24
electronic → modern classical,24
electronic → chillwave,24
rock → thrash metal,24
rock → swamp pop,24
dance → j-pop,24
big room house → dance,24
edm → electro,24
electro house → bass house,24
classical → electronic,24
alternative rock → latin,24
alternative rock → jazz,24
breakcore → dance-pop,24
industrial → heavy metal,24
folk rock → folk,24
trance → j-pop,24
folk → rock,24
downtempo → j-pop,24
downtempo → dubstep,24
trap → hip hop,24
breakbeat → electro,24
breakbeat → big beat,24
alternative metal → alternative rock,24
east coast hip hop → funk,24
alternative hip hop → pop,24
indie pop → rock,24
chiptune → ambient,24
dariacore → digicore,24
digicore → emo rap,24
plunderphonics → chiptune,24
synthwave → indie pop,24
cantopop → ballad,24
grime → hip hop,24
dark electro → electronic,24
electronic → brostep,23
electronic → speedcore,23
hip hop → dub,23
hip hop → hardcore hip hop,23
pop → classic rock,23
pop → folk,23
disco → house,23
breaks → dubstep,23
r&b → funk,23
contemporary r&b → j-pop,23
drone → electronic,23
soul → r&b,23
dance-pop → electropop,23
breakcore → ambient,23
folk rock → pop,23
ambient pop → electronic,23
alternative metal → heavy metal,23
acid techno → techno,23
rockabilly → rock,23
cumbia → latin,23
progressive psytrance → electronic,23
wave → electronic,23
electronic → k-pop,22
electronic → dream pop,22
hip hop → ambient,22
drum and bass → deep drum and bass,22
drum and bass → electro,22
disco → electro,22
house → progressive house,22
experimental → chiptune,22
electropop → dance,22
alternative rock → alternative metal,22
alternative rock → art rock,22
funk → electronic,22
trance → downtempo,22
breakbeat → funk,22
punk → rock,22
happy hardcore → uk hardcore,22
dutch house → dance,22
acid jazz → jazz,22
contemporary folk → ballad,22
ambient → drum and bass,21
electronic → 2-step,21
electronic → complextro,21
electronic → happy hardcore,21
electronic → indietronica,21
hip hop → g-funk,21
rock → r&b,21
drum and bass → funk,21
blues → country,21
pop → downtempo,21
experimental → electro,21
electro → dark wave,21
dance → broken beat,21
electro house → j-pop,21
dubstep → house,21
hard rock → alternative rock,21
deep house → soul,21
alternative dance → alternative rock,21
k-pop → pop,21
latin → pop,21
reggaeton → hip hop,21
boom bap → jazz,21
cloud rap → hip hop,21
future bass → dance,21
metal → heavy metal,21
brostep → dubstep,21
melodic death metal → death metal,21
grime → electronic,21
gabber → electronic,21
dark electro → industrial,21
ambient → avant-garde,20
ambient → modern classical,20
electronic → new age,20
electronic → broken beat,20
electronic → art rock,20
rock → folk rock,20
rock → industrial,20
pop → latin,20
pop → neue deutsche welle,20
disco → r&b,20
house → j-pop,20
experimental → dance-pop,20
breaks → drum and bass,20
edm → progressive house,20
dubstep → electropop,20
hard rock → classic rock,20
hard rock → arena rock,20
indie rock → pop,20
progressive house → minimal techno,20
comedy → hard rock,20
alternative rock → grunge,20
ebm → dark electro,20
downtempo → trip hop,20
black metal → metal,20
breakbeat → house,20
anarcho-punk → punk,20
hardcore punk → punk,20
bassline → electronic,20
cloud rap → electronic,20
dariacore → electronic,20
nu metal → rock,20
thrash metal → heavy metal,20
industrial metal → electronic,20
neurofunk → drum and bass,20
dark ambient → experimental,20
hardcore hip hop → hip hop,20
country rock → country,20
electro swing → electronic,20
vaporwave → electronic,20
melodic house → ambient house,20
contemporary folk → pop,20
comedy hip hop → hip hop,20
ambient → broken transmission,19
electronic → cloud rap,19
electronic → noise,19
electronic → musical,19
hip hop → musical,19
hip hop → comedy,19
rock → folk,19
rock → punk,19
drum and bass → dancefloor drum and bass,19
blues → r&b,19
blues → rock and roll,19
experimental → disco,19
electro → trance,19
electro → j-pop,19
electropop → j-pop,19
eurobeat → j-pop,19
dance → indie pop,19
breaks → dance,19
alternative r&b → hip hop,19
dubstep → breakbeat,19
dubstep → trance,19
dubstep → rock,19
dubstep → alternative rock,19
deep house → jazz,19
contemporary r&b → disco,19
soul → neo soul,19
funk → hip hop,19
industrial → alternative rock,19
ballad → schlager,19
downtempo → house,19
field recording → ambient,19
heavy metal → j-pop,19
pop punk → pop,19
dub techno → ambient,19
g-funk → hip hop,19
pop rap → pop,19
broken beat → downtempo,19
post-hardcore → alternative rock,19
tech house → electronic,19
eurodance → dance,19
turntablism → hip hop,19
ambient → deep house,18
ambient → house,18
electronic → folk rock,18
electronic → dirty south,18
hip hop → house,18
hip hop → punk,18
hip hop → breaks,18
hip hop → contemporary jazz,18
rock → experimental,18
pop rock → electronic,18
pop → christmas music,18
pop → classical,18
pop → folk rock,18
experimental → k-pop,18
dance → big room house,18
dance → brostep,18
breaks → techno,18
classical → modern classical,18
deep house → dance-pop,18
complextro → electronic,18
alternative rock → hard rock,18
alternative rock → funk,18
alternative rock → gothic,18
jazz → rock,18
dance-pop → euro-trance,18
industrial → ebm,18
heavy metal → rock,18
latin pop → latin,18
alternative metal → metal,18
chiptune → electro,18
future bass → electronic,18
metal → nerdcore,18
metalcore → metal,18
jazz-funk → disco,18
funk metal → rock,18
ambient → art pop,17
ambient → ebm,17
ambient → trip hop,17
electronic → chillout,17
electronic → comedy,17
electronic → dub techno,17
electronic → east coast hip hop,17
electronic → hyperpop,17
electronic → classic rock,17
hip hop → reggaeton,17
hip hop → instrumental,17
hip hop → gospel,17
hip hop → folk rock,17
hip hop → alternative metal,17
rock → hip hop,17
rock → alternative metal,17
pop → electronica,17
pop → hard rock,17
house → electro,17
experimental → big beat,17
electro → progressive rock,17
electropop → pop rock,17
dance → festival progressive house,17
dance → future bass,17
big room house → electronic,17
techno → ambient,17
techno → disco,17
dubstep → briddim,17
death metal → melodic death metal,17
gangsta rap → disco,17
k-pop → j-pop,17
dub → indie rock,17
dub → pop,17
big beat → breakbeat,17
breakcore → industrial,17
breakcore → breakbeat,17
latin → cumbia,17
ballad → rock,17
pop punk → alternative rock,17
breakbeat → latin,17
alternative metal → rock,17
chillwave → synthwave,17
progressive trance → trance,17
chiptune → fm synthesis,17
plunderphonics → rock,17
avant-garde jazz → jazz,17
tech house → progressive house,17
synthwave → cyberpunk,17
barber beats → atmospheric black metal,17
g-house → tech house,17
ambient → idm,16
electronic → electropunk,16
electronic → grime,16
electronic → bassline,16
electronic → afrobeat,16
drum and bass → darkstep,16
pop rock → jazz rock,16
pop → k-pop,16
pop → club,16
experimental → city pop,16
electro → techno,16
electropop → downtempo,16
dance → bassline,16
dance → funk,16
dance → dancefloor drum and bass,16
breaks → alternative rock,16
dubstep → j-pop,16
dubstep → trip hop,16
classical → j-pop,16
classical → baroque,16
classical → jazz,16
deep house → deep techno,16
gangsta rap → jazz,16
k-pop → dance-pop,16
progressive house → midtempo bass,16
progressive house → techno,16
darksynth → synthwave,16
classic rock → pop,16
dance-pop → pop rock,16
breakcore → dubstep,16
downtempo → alternative pop,16
downtempo → folktronica,16
art rock → indie rock,16
idol kayō → kayōkyoku,16
broken beat → alternative rock,16
breakbeat → dancehall,16
britpop → rock,16
uk hardcore → electronic,16
trap edm → electronic,16
east coast hip hop → soul,16
abstract hip hop → hip hop,16
idm → experimental hip hop,16
dariacore → dance-pop,16
baroque pop → electro,16
industrial metal → industrial,16
avant-garde → ambient,16
singer-songwriter → neo soul,16
dream pop → rock,16
nightcore → electronic,16
ambient → ambient pop,15
electronic → noise rock,15
electronic → uk hardcore,15
electronic → ambient house,15
hip hop → cloud rap,15
hip hop → electro house,15
rock → post-hardcore,15
rock → j-pop,15
rock → j-rock,15
pop → pop rap,15
pop → electro house,15
disco → k-pop,15
house → soul,15
house → rock,15
electro → dark electro,15
j-pop → techno,15
dance → r&b,15
dance → synth-pop,15
dance → reggae,15
edm → future bass,15
club → dance,15
dubstep → downtempo,15
indie rock → folk pop,15
contemporary r&b → dance-pop,15
big beat → house,15
alternative rock → ambient,15
alternative rock → heavy metal,15
funk → disco,15
industrial → alternative metal,15
latin → hip hop,15
downtempo → breaks,15
heavy metal → power metal,15
heavy metal → hard rock,15
rock and roll → blues,15
rock and roll → rock,15
black metal → thrash metal,15
j-rock → j-pop,15
atmospheric drum and bass → acid techno,15
acid jazz → downtempo,15
synthwave → darksynth,15
halftime → electronic,15
aor → city pop,15
hardcore techno → electronic,15
speedcore → breakcore,15
ambient → techno,14
electronic → ambient techno,14
electronic → post-punk,14
electronic → britpop,14
electronic → bubblegum bass,14
hip hop → philly soul,14
hip hop → afrobeat,14
hip hop → dance-pop,14
hip hop → soft rock,14
hip hop → big band,14
hip hop → country,14
rock → psychedelic rock,14
rock → art rock,14
rock → rock and roll,14
drum and bass → disco,14
drum and bass → house,14
house → ebm,14
house → electro house,14
experimental → dance,14
experimental → nu metal,14
experimental → classical,14
experimental → pop rap,14
electro → drum and bass,14
electropop → hip hop,14
j-pop → alternative rock,14
j-pop → rock,14
dance → breakbeat,14
dance → club,14
breaks → funk,14
alternative r&b → r&b,14
techno → idm,14
emo → alternative rock,14
r&b → disco,14
dubstep → trap edm,14
alternative dance → indietronica,14
complextro → dubstep,14
contemporary r&b → neo soul,14
big beat → disco,14
big beat → techno,14
drone → ambient,14
alternative rock → alternative dance,14
alternative rock → dark wave,14
soul → funk,14
funk → rock,14
funk → jazz,14
trance → progressive house,14
trance → deep house,14
art rock → pop,14
progressive rock → art rock,14
trap → electronic,14
trap → pop,14
dancehall → contemporary r&b,14
coldwave → electronic,14
acid house → pop,14
kayōkyoku → pop,14
boom bap → electronic,14
breakbeat → belgian techno,14
art pop → j-pop,14
uk garage → pop,14
chillwave → downtempo,14
idm → downtempo,14
dariacore → alternative rock,14
deep techno → electronic,14
denpa → electronic,14
festival progressive house → electronic,14
bounce → hip hop,14
dixieland → jazz,14
mashcore → electronic,14
new orleans r&b → r&b,14
trip hop → pop,14
contemporary jazz → jazz,14
ambient → new age,13
ambient → darksynth,13
ambient → acid jazz,13
ambient → funk,13
ambient → chillout,13
ambient → chillwave,13
electronic → grunge,13
electronic → bass house,13
electronic → pop rap,13
electronic → post-hardcore,13
electronic → blues rock,13
electronic → non-music,13
hip hop → breakbeat,13
hip hop → heavy metal,13
hip hop → garage rock,13
rock → emo,13
rock → gothic rock,13
drum and bass → jazz,13
drum and bass → dub,13
drum and bass → club,13
disco → jazz,13
house → big room house,13
experimental → electropop,13
electro → dubstep,13
dance → ballad,13
dance → complextro,13
breaks → lo-fi,13
reggae → electronic,13
emo → post-hardcore,13
r&b → rock,13
dubstep → future bass,13
classical → dance,13
hard rock → pop,13
country → pop,13
death metal → progressive metal,13
deep house → rock,13
gangsta rap → pop,13
bass house → dubstep,13
k-pop → electronic,13
dub → folk rock,13
dub → j-pop,13
progressive house → downtempo,13
big beat → rock,13
funk → r&b,13
jazz → bebop,13
jazz → contemporary jazz,13
jazz → pop,13
jazz → easy listening,13
jazz → downtempo,13
alternative pop → electronic,13
breakcore → cybergrind,13
industrial → psychedelic rock,13
electronica → pop,13
downtempo → blues,13
downtempo → j-rock,13
downtempo → disco,13
dancehall → pop,13
progressive metal → metal,13
blues rock → blues,13
filmi → pop,13
breakbeat → conscious hip hop,13
alternative metal → nu metal,13
post-rock → ambient,13
trap edm → dance,13
east coast hip hop → disco,13
uk garage → electronic,13
lolicore → k-pop,13
lolicore → j-pop,13
future bass → deep house,13
dark wave → coldwave,13
christian hip hop → pop rock,13
garage rock → punk,13
glitch hop → electronic,13
sound collage → alternative rock,13
barber beats → jazz,13
hyperpop → pop,13
dream pop → electronic,13
future house → dance-pop,13
trip hop → hip hop,13
country rock → rock,13
tropical house → pop,13
ambient → electronica,12
ambient → dubstep,12
ambient → trance,12
ambient → chiptune,12
electronic → midtempo bass,12
electronic → big band,12
electronic → death metal,12
electronic → abstract hip hop,12
electronic → boogie,12
electronic → neurofunk,12
electronic → jungle,12
electronic → punk rock,12
electronic → city pop,12
electronic → metalcore,12
electronic → black metal,12
electronic → idol kayō,12
rock → jazz,12
drum and bass → downtempo,12
drum and bass → complextro,12
blues → contemporary r&b,12
pop → alternative r&b,12
pop → hyperpop,12
pop → gangsta rap,12
disco → dance-pop,12
house → new wave,12
electro → punk,12
electro → contemporary r&b,12
j-pop → trance,12
dance → melodic dubstep,12
dance → indie rock,12
breaks → rock,12
breaks → big beat,12
club → hip hop,12
electro house → alternative rock,12
electro house → hip hop,12
dubstep → acid jazz,12
new wave → alternative rock,12
country → classic rock,12
country → rock and roll,12
k-pop → contemporary r&b,12
progressive house → electropop,12
progressive house → ambient house,12
contemporary r&b → ballad,12
soul → hip hop,12
soul → blues,12
dance-pop → europop,12
dance-pop → electro,12
breakcore → punk,12
breakcore → dance,12
latin → bachata,12
latin → electronic,12
ballad → pop rock,12
ballad → gospel,12
electronica → dubstep,12
trance → electronica,12
trance → rock,12
folk → pop,12
downtempo → acoustic rock,12
downtempo → indie rock,12
heavy metal → thrash metal,12
coldwave → dark wave,12
g-funk → soul,12
synth-pop → new wave,12
pop rap → soul,12
boom bap → soul,12
boom bap → instrumental,12
boom bap → ambient,12
boom bap → funk,12
broken beat → jazz,12
breakbeat → breakcore,12
christmas music → pop,12
punk → alternative rock,12
acid techno → electronic,12
indie pop → dance-pop,12
lolicore → electronic,12
chillwave → hip hop,12
electronic rock → drum and bass,12
electronic rock → electro,12
conscious hip hop → funk,12
dariacore → contemporary r&b,12
europop → schlager,12
avant-garde → rock,12
italo-disco → electronic,12
drumstep → brostep,12
singer-songwriter → pop,12
glitch → classical,12
sound collage → math rock,12
synthwave → synth-pop,12
indie folk → indie rock,12
jazz rock → jazz,12
barber beats → downtempo,12
barber beats → chillwave,12
dream pop → indie rock,12
modern classical → classical,12
speedcore → electronic,12
cool jazz → contemporary folk,12
glam → hard rock,12
ambient → alternative pop,11
ambient → instrumental,11
electronic → ambient pop,11
electronic → cumbia,11
electronic → deconstructed club,11
electronic → festival progressive house,11
electronic → emo,11
electronic → thrash metal,11
electronic → garage rock,11
hip hop → experimental,11
hip hop → motown,11
hip hop → hard bop,11
hip hop → neo soul,11
hip hop → free jazz,11
hip hop → alternative r&b,11
rock → gothic metal,11
rock → progressive metal,11
drum and bass → liquid funk,11
drum and bass → breaks,11
drum and bass → jungle,11
drum and bass → barber beats,11
pop → dancehall,11
pop → art pop,11
house → alternative rock,11
experimental → jazz,11
experimental → hard rock,11
electro → alternative metal,11
electro → dance-pop,11
electropop → house,11
j-pop → house,11
dance → trap,11
dance → synthwave,11
dance → dancehall,11
dance → alternative r&b,11
breaks → ambient,11
breaks → j-pop,11
r&b → electronic,11
r&b → blues,11
edm → new age,11
edm → big room house,11
edm → deep house,11
edm → tech house,11
club → electro,11
electro house → synth-pop,11
classical → ambient,11
neue deutsche welle → new wave,11
country → bluegrass,11
bass house → bassline,11
dub → dubstep,11
progressive house → ambient,11
contemporary r&b → jazz,11
comedy → chiptune,11
alternative rock → contemporary r&b,11
alternative rock → electro,11
funk → reggae,11
classic rock → psychedelic rock,11
classic rock → blues,11
dance-pop → disco,11
dance-pop → r&b,11
dance-pop → indie pop,11
breakcore → speedcore,11
trance → electro house,11
trance → psytrance,11
folk → celtic,11
art rock → new wave,11
art rock → alternative rock,11
trap → dubstep,11
psychedelic rock → progressive rock,11
breakbeat → electronica,11
uk hardcore → dance,11
indie pop → synth-pop,11
progressive trance → downtempo,11
acid jazz → breakbeat,11
future bass → pop,11
bebop → jazz,11
acid rock → psychedelic rock,11
neurofunk → electronic,11
plunderphonics → house,11
balearic beat → electronic,11
mashcore → pop,11
melodic trance → electronic,11
melodic trance → trance,11
neo soul → disco,11
neo soul → soul,11
euro house → pop,11
trip hop → downtempo,11
christian rock → rock,11
swamp pop → rock,11
amapiano → acid jazz,11
deconstructed club → bubblegum bass,11
vaporwave → experimental,11
lo-fi hip hop → boom bap,11
outsider house → pop,11
cyber metal → industrial metal,11
ambient → breaks,10
ambient → acoustic rock,10
electronic → reggaeton,10
electronic → nu metal,10
electronic → goa trance,10
electronic → gothic rock,10
electronic → gabber,10
electronic → vaporwave,10
electronic → trap,10
electronic → j-core,10
electronic → children's music,10
hip hop → nu metal,10
hip hop → bossa nova,10
hip hop → jazz rock,10
hip hop → grime,10
rock → ballad,10
rock → funk,10
drum and bass → breakcore,10
drum and bass → brostep,10
pop rock → hard rock,10
pop rock → classic rock,10
pop → easy listening,10
pop → punk,10
house → club,10
house → downtempo,10
house → country,10
house → electronica,10
house → jazz,10
house → trance,10
experimental → indie rock,10
experimental → alternative metal,10
electro → aggrotech,10
electro → acid house,10
electro → acid techno,10
dance → trip hop,10
dance → k-pop,10
dance → blues,10
dance → vocal trance,10
techno → breakbeat,10
edm → electropop,10
club → disco,10
electro house → festival progressive house,10
electro house → big room house,10
dubstep → contemporary r&b,10
dubstep → jungle,10
classical → hip hop,10
country → contemporary country,10
death metal → gothic metal,10
deep house → hip hop,10
gangsta rap → electronic,10
bass house → tech house,10
k-pop → ballad,10
contemporary r&b → alternative rock,10
darksynth → acid house,10
big beat → ambient,10
big beat → jazz,10
alternative rock → j-pop,10
alternative rock → gothic metal,10
alternative rock → progressive rock,10
bossa nova → country,10
funk → contemporary r&b,10
alternative pop → indie pop,10
alternative pop → dance-pop,10
breakcore → hyperpop,10
breakcore → hardcore breaks,10
breakcore → cloud rap,10
ballad → kayōkyoku,10
electronica → hip hop,10
trance → festival progressive house,10
trance → big room trance,10
downtempo → soul,10
downtempo → electro,10
downtempo → trance,10
art rock → jazz,10
heavy metal → alternative metal,10
dub techno → deep house,10
synth-pop → electropop,10
psychedelic rock → rock,10
breakbeat → indie rock,10
breakbeat → reggae,10
dirty south → crunk,10
jungle → breakcore,10
idm → dubstep,10
acid jazz → easy listening,10
acid jazz → funk,10
future bass → electropop,10
electronic rock → experimental,10
metal → post-rock,10
metal → alternative rock,10
metal → rock,10
rockabilly → country,10
dariacore → nu metal,10
europop → dance-pop,10
easy listening → jazz,10
festival progressive house → electro house,10
avant-garde → electronic,10
instrumental → electronic,10
instrumental → blues,10
drumstep → electronic,10
plunderphonics → ambient,10
plunderphonics → electropop,10
plunderphonics → pop rock,10
plunderphonics → breaks,10
brostep → electronic,10
singer-songwriter → alternative rock,10
mashcore → speedcore,10
sound collage → indie rock,10
sound collage → experimental,10
indie folk → rock,10
barber beats → drum and bass,10
uptempo hardcore → electronic,10
euro house → dance,10
swamp pop → new orleans r&b,10
noise → pop,10
noise → electronic,10
noise → rock,10
deconstructed club → electronic,10
americana → funk,10
cumbia → pop,10
hard trance → electronic,10
nightcore → hip hop,10
chopped and screwed → hip hop,10
ambient → big beat,9
ambient → soul,9
ambient → electropop,9
ambient → dream pop,9
ambient → classical crossover,9
ambient → ballad,9
electronic → conscious hip hop,9
electronic → chanson française,9
electronic → synthwave,9
electronic → halftime,9
electronic → power metal,9
electronic → christian hip hop,9
electronic → soft rock,9
hip hop → synth-pop,9
hip hop → boogie,9
rock → arena rock,9
rock → ambient,9
rock → rockabilly,9
rock → avant-garde,9
drum and bass → electro house,9
drum and bass → new wave,9
drum and bass → atmospheric drum and bass,9
blues → soul,9
pop rock → j-rock,9
pop → ambient,9
pop → swamp pop,9
pop → bubblegum bass,9
pop → east coast hip hop,9
disco → ambient,9
disco → deep house,9
house → contemporary r&b,9
experimental → acid rock,9
experimental → hardcore hip hop,9
experimental → contemporary r&b,9
electro → funk,9
electro → breakbeat,9
eurobeat → ballad,9
eurobeat → electro house,9
dance → classical,9
dance → pop rap,9
dance → latin,9
dance → acid jazz,9
dance → alternative dance,9
breaks → comedy,9
breaks → soul,9
chanson française → indie pop,9
2-step → pop,9
alternative r&b → electronic,9
alternative r&b → pop rap,9
emo → math rock,9
electro house → electro-disco,9
electro house → deep house,9
electro house → rock,9
electro house → downtempo,9
dubstep → dancehall,9
classical → ballet,9
hard rock → blues rock,9
country → rockabilly,9
deep house → funk,9
alternative dance → pop,9
indie rock → synth-pop,9
indie rock → hip hop,9
contemporary r&b → new wave,9
comedy → dance-pop,9
comedy → house,9
comedy → punk,9
darksynth → experimental,9
alternative rock → britpop,9
alternative rock → metal,9
alternative rock → experimental,9
alternative rock → blues,9
alternative rock → funk metal,9
alternative rock → folk rock,9
ebm → edm,9
bossa nova → electronic,9
jazz → musical,9
jazz → contemporary folk,9
dance-pop → ballad,9
dance-pop → synth-pop,9
breakcore → ballad,9
industrial → rock,9
folk rock → pop rock,9
latin → latin pop,9
trance → dance-pop,9
trance → ambient,9
folk → indie pop,9
folk → alternative rock,9
downtempo → funk,9
progressive metal → rock,9
progressive metal → heavy metal,9
black metal → grindcore,9
pop punk → rock,9
synth-pop → alternative rock,9
acid house → disco,9
acid house → electro,9
idol kayō → electronic,9
krautrock → rock,9
boom bap → pop,9
non-music → pop,9
breakbeat → pop rock,9
breakbeat → deep house,9
breakbeat → boogie,9
breakbeat → jazz,9
breakbeat → techno,9
breakbeat → indie pop,9
atmospheric drum and bass → ambient,9
punk → pop rock,9
happy hardcore → dance,9
alternative metal → industrial,9
bassline → 2-step,9
bassline → dance,9
acid techno → chiptune,9
east coast hip hop → jazz,9
alternative hip hop → electronic,9
baltimore club → electronic,9
acid jazz → pop,9
metal → metalcore,9
metal → alternative metal,9
rap rock → alternative rock,9
dariacore → indie rock,9
nu metal → metal,9
gothic metal → death metal,9
gothic metal → rock,9
christian hip hop → contemporary christian,9
industrial rock → alternative rock,9
garage rock → classic rock,9
garage rock → pop,9
plunderphonics → nu metal,9
brostep → electro house,9
new age → electronic,9
sound collage → post-rock,9
funky house → electronic,9
power metal → metal,9
bachata → latin,9
dream pop → art pop,9
classical crossover → ambient,9
italo dance → electro,9
teen pop → pop,9
hard bop → jazz,9
city pop → electronic,9
nightcore → cloud rap,9
futurepop → electronic,9
progressive → hard rock,9
new jack swing → pop,9
footwork → electronic,9
trap latino → latin,9
jersey club → breakcore,9
ambient → atmospheric drum and bass,8
ambient → metalcore,8
electronic → alternative punk,8
electronic → alternative hip hop,8
electronic → acoustic rock,8
electronic → cinematic classical,8
electronic → boom bap,8
electronic → krautrock,8
electronic → drone,8
electronic → uk garage,8
electronic → acid techno,8
electronic → production music,8
hip hop → acid jazz,8
hip hop → non-music,8
rock → christian rock,8
rock → death metal,8
rock → indie pop,8
rock → nu metal,8
drum and bass → alternative metal,8
drum and bass → trance,8
blues → electronic,8
blues → blues rock,8
pop rock → punk,8
pop → contemporary christian,8
disco → alternative pop,8
disco → pop rock,8
disco → ballad,8
house → r&b,8
house → reggae,8
house → funk,8
experimental → breaks,8
experimental → pop rock,8
experimental → soul,8
experimental → breakcore,8
experimental → drone,8
experimental → new wave,8
experimental → dark ambient,8
experimental → comedy,8
experimental → folk,8
electro → shoegaze,8
electro → electropop,8
electro → metal,8
j-pop → pop rock,8
j-pop → dance-pop,8
dance → chillwave,8
dance → bitpop,8
dance → glitch hop,8
dance → pop rock,8
breaks → electro house,8
breaks → drumfunk,8
reggae → rock,8
reggae → dub,8
dancefloor drum and bass → electronic,8
chanson française → pop,8
techno → electro,8
techno → deep house,8
emo → pop,8
r&b → jazz,8
edm → acoustic rock,8
electro house → ambient,8
electro house → electropop,8
dubstep → industrial,8
country → ballad,8
deep house → dubstep,8
gangsta rap → rock,8
alternative dance → synth-pop,8
bass house → deep house,8
bass house → electro house,8
complextro → dance,8
dub → dancehall,8
progressive house → big room house,8
progressive house → melodic dubstep,8
contemporary r&b → rock,8
comedy → new wave,8
darksynth → electronic,8
hardstyle → dance,8
big beat → electro,8
big beat → alternative rock,8
big beat → funk,8
alternative rock → post-hardcore,8
alternative rock → dance-pop,8
alternative rock → j-rock,8
alternative rock → electropop,8
ebm → doom metal,8
jazz → classical,8
soft rock → pop,8
alternative pop → indie rock,8
dance-pop → reggaeton,8
dance-pop → dark electro,8
breakcore → j-rock,8
breakcore → dancehall,8
breakcore → electropop,8
breakcore → classical,8
big band → jazz,8
industrial → gothic rock,8
industrial → dark wave,8
latin → ballad,8
latin → dance,8
ballad → breakcore,8
trance → synthwave,8
folk → ballad,8
downtempo → easy listening,8
downtempo → chillwave,8
downtempo → emo,8
downtempo → deep house,8
gospel → pop rap,8
g-funk → funk,8
boom bap → electronica,8
broken beat → disco,8
breakbeat → nu metal,8
ambient pop → downtempo,8
alternative metal → hip hop,8
uk hardcore → happy hardcore,8
art pop → pop,8
indie pop → electropop,8
chillwave → contemporary r&b,8
progressive trance → psytrance,8
jungle → drum and bass,8
jungle → breakbeat,8
chiptune → alternative rock,8
progressive electronic → ambient house,8
orchestral → electronic,8
future bass → dance-pop,8
metal → electronic,8
emo rap → hip hop,8
aggrotech → ebm,8
instrumental → hip hop,8
instrumental → soul,8
instrumental → downtempo,8
instrumental → jazz,8
brostep → melodic dubstep,8
bounce → dancehall,8
synthwave → chillwave,8
indie folk → folk,8
barber beats → breaks,8
barber beats → vaporwave,8
barber beats → black metal,8
ambient techno → electronic,8
neo soul → contemporary r&b,8
post-punk → rock,8
trip hop → funk,8
trip hop → jazz,8
festival trap → hip hop,8
ska punk → alternative rock,8
chillout → pop,8
hardcore hip hop → jazz,8
crunk → dirty south,8
vocal trance → blues,8
vaporwave → ballad,8
vaporwave → pop,8
chamber pop → alternative rock,8
future funk → disco,8
funk metal → alternative rock,8
dance-punk → electronic,8
death industrial → ambient,8
ambient → production music,7
ambient → j-pop,7
ambient → breakcore,7
ambient → dark wave,7
ambient → disco,7
ambient → dance,7
ambient → ambient techno,7
ambient → contemporary r&b,7
ambient → pop rock,7
electronic → leftfield,7
electronic → illbient,7
electronic → acoustic blues,7
electronic → lo-fi,7
electronic → gothic metal,7
electronic → hard trance,7
electronic → kawaii future bass,7
electronic → big room house,7
electronic → future funk,7
electronic → avant-garde,7
electronic → cool jazz,7
hip hop → art rock,7
hip hop → alternative punk,7
hip hop → experimental hip hop,7
rock → downtempo,7
rock → britpop,7
rock → garage rock,7
rock → black metal,7
drum and bass → deep house,7
drum and bass → contemporary r&b,7
drum and bass → soul,7
blues → dixieland,7
pop rock → hip hop,7
pop rock → progressive rock,7
pop → trance,7
pop → reggae,7
pop → singer-songwriter,7
disco → afrobeat,7
disco → indie rock,7
disco → alternative rock,7
house → euro house,7
house → big beat,7
experimental → alternative pop,7
experimental → progressive rock,7
experimental → death metal,7
electro → experimental,7
electro → witch house,7
electro → grindcore,7
electropop → bubblegum bass,7
electropop → deep house,7
j-pop → jazz,7
eurobeat → pop,7
dance → tropical house,7
dance → chiptune,7
dance → neo soul,7
dance → electronica,7
dance → big beat,7
breaks → jazz,7
breaks → electro,7
breaks → disco,7
reggae → pop,7
reggae → disco,7
big room house → house,7
techno → house,7
r&b → dance,7
edm → breakbeat,7
edm → future rave,7
edm → alternative rock,7
edm → alternative pop,7
electro-industrial → ebm,7
electro house → dutch house,7
electro house → edm,7
dubstep → glitch hop,7
dubstep → chillstep,7
dubstep → 2-step,7
dubstep → alternative pop,7
dubstep → funk,7
dubstep → idm,7
dubstep → dub,7
dubstep → big room house,7
dubstep → folk rock,7
dubstep → boom bap,7
dubstep → drumstep,7
dubstep → reggae,7
death metal → grindcore,7
deep house → club,7
deep house → broken beat,7
deep house → afrobeat,7
deep house → progressive house,7
deep house → trap,7
deep house → techno,7
deep house → alternative rock,7
gangsta rap → r&b,7
bass house → house,7
bass house → hip hop,7
k-pop → hip hop,7
indie rock → post-punk,7
dub → jazz,7
dub → rock,7
dub → hip hop,7
progressive house → breaks,7
progressive house → trance,7
comedy → electropop,7
big beat → breaks,7
big beat → musical,7
big beat → soul,7
alternative rock → industrial metal,7
alternative rock → soul,7
soul → rock,7
funk → acid jazz,7
alternative pop → alternative rock,7
alternative pop → bedroom pop,7
alternative pop → folk,7
dance-pop → downtempo,7
dance-pop → latin,7
dance-pop → country,7
breakcore → alternative pop,7
breakcore → crossbreed,7
folk rock → j-pop,7
folk rock → country rock,7
latin → bolero,7
ballad → dark electro,7
ballad → hip hop,7
electronica → funk,7
electronica → alternative rock,7
trance → disco,7
trance → dubstep,7
trance → alternative rock,7
trance → techno,7
trance → house,7
downtempo → psychedelic rock,7
downtempo → avant-garde,7
downtempo → dance-pop,7
downtempo → chillout,7
downtempo → electronica,7
downtempo → pop rock,7
downtempo → alternative dance,7
downtempo → contemporary r&b,7
downtempo → new wave,7
progressive rock → alternative rock,7
heavy metal → alternative rock,7
heavy metal → death metal,7
acoustic rock → rock,7
coldwave → lo-fi,7
coldwave → post-punk,7
black metal → rock,7
black metal → heavy metal,7
latin pop → pop,7
reggaeton → electronic,7
g-funk → gangsta rap,7
acid house → dance,7
acid house → ebm,7
acid house → new wave,7
idol kayō → ballad,7
psychedelic rock → deep house,7
breakbeat → dub,7
breakbeat → bubblegum bass,7
atmospheric drum and bass → electronic,7
punk → new wave,7
alternative metal → industrial metal,7
trap edm → dubstep,7
trap edm → electropop,7
bassline → house,7
art pop → noise,7
psytrance → trance,7
east coast hip hop → rock,7
alternative hip hop → funk,7
alternative hip hop → jazz,7
contemporary christian → pop,7
afrobeat → hip hop,7
indie pop → electro,7
indie pop → alternative pop,7
chiptune → j-pop,7
juke → electronic,7
dutch house → pop,7
acid jazz → soul,7
dark wave → electro,7
dark wave → chillout,7
kawaii future bass → electronic,7
metal → nu metal,7
christian metal → alternative metal,7
rockabilly → blues,7
dariacore → alternative pop,7
grunge → alternative rock,7
christian hip hop → hip hop,7
festival progressive house → trance,7
industrial metal → alternative metal,7
instrumental → funk,7
indietronica → synth-pop,7
brostep → dance,7
metalcore → rock,7
dark ambient → industrial,7
glitch hop → downtempo,7
instrumental hip hop → punk,7
instrumental hip hop → anti-folk,7
instrumental hip hop → hip hop,7
glitch → indie rock,7
sound collage → ambient,7
synthwave → dark wave,7
halftime → neurofunk,7
halftime → slimepunk,7
hybrid trap → dance,7
hybrid trap → dubstep,7
barber beats → alternative rock,7
barber beats → breakbeat,7
aor → electronic,7
dream pop → dark wave,7
dream pop → indie pop,7
rap metal → alternative rock,7
post-punk → punk,7
festival trap → electronic,7
chillout → hip hop,7
horrorcore → hip hop,7
boogie → disco,7
swing → electro,7
vaporwave → soul,7
experimental hip hop → hip hop,7
nightcore → pop,7
noise rock → psychedelic rock,7
future funk → pop,7
oi → punk,7
riddim dubstep → dubstep,7
ambient → folk rock,6
ambient → blues,6
ambient → vaporwave,6
ambient → electro-industrial,6
ambient → alternative metal,6
ambient → psychedelic rock,6
ambient → new wave,6
electronic → orchestral,6
electronic → nu disco,6
electronic → experimental rock,6
electronic → celtic,6
electronic → melodic dubstep,6
electronic → jazz-funk,6
electronic → tech trance,6
electronic → italo dance,6
electronic → vocal trance,6
electronic → nu style gabber,6
electronic → christmas music,6
electronic → funktronica,6
hip hop → instrumental hip hop,6
hip hop → krautrock,6
hip hop → club,6
hip hop → dubstep,6
hip hop → doo-wop,6
hip hop → math rock,6
hip hop → emo rap,6
rock → soul,6
rock → new orleans r&b,6
rock → electro,6
rock → pop punk,6
rock → europop,6
drum and bass → big beat,6
drum and bass → electropop,6
drum and bass → electronica,6
drum and bass → hard rock,6
blues → children's music,6
pop rock → indie rock,6
pop → new romantic,6
pop → instrumental,6
pop → art rock,6
pop → dub,6
pop → trap edm,6
disco → classic rock,6
house → funky house,6
house → acid house,6
house → garage house,6
house → pop rock,6
experimental → instrumental,6
experimental → art pop,6
experimental → blues,6
experimental → doom metal,6
experimental → metal,6
experimental → dark wave,6
electro → hardstyle,6
electro → breaks,6
electropop → pop soul,6
electropop → alternative pop,6
electropop → electro,6
j-pop → electropop,6
j-pop → alternative metal,6
j-pop → k-pop,6
j-pop → disco,6
dance → drumstep,6
dance → bass house,6
dance → dub,6
dance → midtempo bass,6
dance → trap edm,6
dance → new wave,6
dance → eurodance,6
breaks → dub,6
reggae → hip hop,6
minimal techno → electronic,6
chanson française → blues,6
alternative r&b → ambient,6
emo → indie rock,6
r&b → j-pop,6
edm → instrumental hip hop,6
edm → complextro,6
edm → breaks,6
edm → disco,6
club → soul,6
club → dance-pop,6
club → indie pop,6
dubstep → industrial rock,6
dubstep → art pop,6
dubstep → new wave,6
dubstep → ebm,6
dubstep → heavy metal,6
dubstep → electronica,6
dubstep → club,6
dubstep → dancefloor drum and bass,6
classical → avant-garde,6
hard rock → garage rock,6
hard rock → alternative metal,6
hard rock → j-pop,6
hard rock → oi,6
new wave → punk,6
country → hip hop,6
death metal → black metal,6
deep house → trance,6
gangsta rap → electro,6
alternative dance → house,6
bass house → pop,6
bass house → funk,6
indie rock → funk,6
indie rock → art rock,6
indie rock → new wave,6
complextro → electro,6
dub → downtempo,6
dub → j-rock,6
dub → alternative rock,6
progressive house → brostep,6
progressive house → trip hop,6
progressive house → progressive trance,6
comedy → soul,6
comedy → funk,6
comedy → electro,6
comedy → classic rock,6
comedy → alternative metal,6
alternative rock → classical,6
alternative rock → piano rock,6
alternative rock → easy listening,6
alternative rock → comedy,6
alternative rock → nu metal,6
alternative rock → ebm,6
alternative rock → progressive metal,6
ebm → post-punk,6
soul → europop,6
soul → jazz,6
bossa nova → electro,6
bossa nova → jazz,6
jazz → jazz-funk,6
classic rock → blues rock,6
classic rock → folk rock,6
classic rock → soul,6
alternative pop → rock,6
dance-pop → soul,6
dance-pop → diva house,6
dance-pop → edm,6
dance-pop → eurobeat,6
breakcore → art pop,6
breakcore → hard rock,6
breakcore → chiptune,6
breakcore → reggae,6
breakcore → mashcore,6
breakcore → rock,6
breakcore → lolicore,6
breakcore → experimental,6
industrial → electro-industrial,6
folk rock → alternative rock,6
latin → salsa,6
ballad → euro-trance,6
ballad → soft rock,6
ballad → eurobeat,6
ballad → house,6
trance → melodic trance,6
trance → breaks,6
trance → modern classical,6
trance → vocal trance,6
trance → jazz,6
trance → big room house,6
downtempo → new age,6
downtempo → soft rock,6
downtempo → dance,6
downtempo → idm,6
downtempo → country,6
downtempo → classical,6
art rock → electronic,6
art rock → pop rock,6
art rock → dark ambient,6
progressive rock → psychedelic rock,6
progressive rock → interview,6
heavy metal → hip hop,6
progressive metal → metalcore,6
gospel → blues,6
black metal → doom metal,6
black metal → electronic,6
pop punk → punk,6
blues rock → classic rock,6
reggaeton → latin pop,6
j-rock → pop,6
j-rock → alternative rock,6
j-rock → rock,6
synth-pop → art pop,6
synth-pop → indie rock,6
acid house → house,6
krautrock → electronic,6
broken beat → hip hop,6
breakbeat → contemporary r&b,6
breakbeat → hybrid trap,6
breakbeat → dark ambient,6
breakbeat → post-hardcore,6
breakbeat → classical,6
breakbeat → dancefloor drum and bass,6
punk → hard rock,6
punk → electronic,6
punk → hip hop,6
happy hardcore → electronica,6
uk hardcore → breakbeat,6
post-rock → electronic,6
psytrance → dubstep,6
alternative hip hop → soul,6
chillwave → darksynth,6
chillwave → pop,6
abstract hip hop → alternative rock,6
chiptune → dance,6
future bass → deconstructed club,6
future bass → downtempo,6
electronic rock → electronic,6
kawaii future bass → funk,6
conscious hip hop → electronic,6
conscious hip hop → rock,6
conscious hip hop → soul,6
metal → power metal,6
metal → gothic metal,6
canterbury scene → pop rock,6
dariacore → cloud rap,6
dariacore → alternative r&b,6
dariacore → electropop,6
dariacore → bitpop,6
dariacore → k-pop,6
dariacore → indie pop,6
nu metal → industrial metal,6
gothic metal → doom metal,6
shoegaze → rock,6
christian hip hop → christian rock,6
free jazz → jazz,6
drumstep → dubstep,6
indietronica → electronic,6
indietronica → alternative pop,6
plunderphonics → dance-pop,6
plunderphonics → j-rock,6
plunderphonics → contemporary r&b,6
plunderphonics → hard rock,6
brostep → briddim,6
dark ambient → cool jazz,6
tech house → house,6
bounce → electro,6
instrumental hip hop → abstract hip hop,6
mashcore → alternative metal,6
sound collage → hip hop,6
sound collage → punk,6
halftime → dubstep,6
avant-garde metal → avant-garde,6
cantopop → pop,6
ambient techno → ambient,6
funky house → pop,6
power metal → heavy metal,6
euro house → house,6
euro house → eurodance,6
dream pop → synth-pop,6
doo-wop → pop,6
post-punk → indie rock,6
new orleans r&b → swamp pop,6
crunkcore → rock,6
country pop → pop,6
chillout → dance,6
mandopop → pop,6
eurodance → europop,6
experimental electronic → modern classical,6
ambient house → electronic,6
dance-rock → pop,6
noise → downtempo,6
gothic rock → dark electro,6
electro swing → jazz,6
melodic techno → dance,6
melodic house → deep house,6
tropical house → electronic,6
ambient americana → americana,6
nightcore → musical,6
nightcore → indie pop,6
cyberpunk → darksynth,6
folk metal → black metal,6
ambient trance → ambient,6
beat bolha → dutch house,6
bhajan → hip hop,6
jersey club → electronic,6
west coast hip hop → jazz,6
moombahcore → complextro,6
carnatic classical → jazz,6
ambient → country,5
ambient → progressive trance,5
ambient → latin,5
ambient → indie pop,5
ambient → deep techno,5
ambient → progressive rock,5
ambient → avant-garde metal,5
ambient → hard rock,5
ambient → easy listening,5
ambient → field recording,5
electronic → future garage,5
electronic → bitpop,5
electronic → progressive psytrance,5
electronic → aor,5
electronic → folk pop,5
electronic → cantopop,5
electronic → dance-punk,5
electronic → neofolk,5
electronic → hardcore hip hop,5
electronic → afro-cuban jazz,5
electronic → kayōkyoku,5
electronic → madchester,5
electronic → liquid funk,5
electronic → freestyle,5
electronic → hybrid trap,5
electronic → crunk,5
hip hop → indie pop,5
hip hop → bitpop,5
hip hop → vocal jazz,5
hip hop → children's music,5
hip hop → bluegrass,5
hip hop → art pop,5
hip hop → drum and bass,5
hip hop → grunge,5
hip hop → broken beat,5
rock → dance,5
rock → country rock,5
rock → instrumental rock,5
rock → disco,5
drum and bass → techstep,5
drum and bass → ballad,5
drum and bass → reggae,5
drum and bass → post-hardcore,5
drum and bass → broken beat,5
drum and bass → k-pop,5
blues → funk,5
blues → folk rock,5
pop rock → frat rock,5
pop rock → alternative pop,5
pop rock → ballad,5
pop → latin pop,5
pop → j-rock,5
pop → euro house,5
pop → baroque pop,5
pop → musical,5
pop → drum and bass,5
pop → grunge,5
pop → blues rock,5
disco → j-pop,5
disco → contemporary r&b,5
disco → city pop,5
house → latin,5
house → electropop,5
experimental → breakbeat,5
experimental → electroacoustic,5
experimental → country,5
experimental → abstract hip hop,5
experimental → funk,5
experimental → jump up,5
experimental → future funk,5
experimental → art rock,5
electro → indie pop,5
electro → electronica,5
j-pop → deep house,5
j-pop → kayōkyoku,5
dance → breaks,5
dance → techno,5
dance → tech house,5
dance → alternative pop,5
dance → art pop,5
dance → folk,5
dance → ebm,5
dance → bubblegum bass,5
dance → eurobeat,5
dance → city pop,5
dance → folk rock,5
dance → brazilian bass,5
breaks → new wave,5
breaks → latin,5
breaks → experimental,5
dancefloor drum and bass → drum and bass,5
briddim → brostep,5
briddim → dubstep,5
alternative r&b → downtempo,5
alternative r&b → bubblegum bass,5
techno → ebm,5
techno → metal,5
r&b → swamp pop,5
edm → hip hop,5
edm → j-pop,5
edm → trance,5
edm → electronica,5
edm → contemporary r&b,5
club → trance,5
club → downtempo,5
electro house → breaks,5
electro house → disco,5
dubstep → dance-pop,5
dubstep → deep house,5
dubstep → progressive rock,5
dubstep → soul,5
hard rock → hip hop,5
neue deutsche welle → rock,5
neue deutsche welle → pop rock,5
death metal → doom metal,5
deep house → chicago house,5
deep house → drum and bass,5
deep house → indie rock,5
gangsta rap → comedy,5
alternative dance → hip hop,5
alternative dance → dance,5
bass house → club,5
indie rock → j-rock,5
indie rock → britpop,5
indie rock → lounge,5
complextro → progressive house,5
progressive house → breakbeat,5
progressive house → bass house,5
progressive house → future garage,5
contemporary r&b → house,5
contemporary r&b → dance,5
contemporary r&b → electro,5
comedy → electro house,5
comedy → dance,5
big beat → crunk,5
big beat → new wave,5
big beat → downtempo,5
alternative rock → classic rock,5
alternative rock → house,5
alternative rock → electro-industrial,5
alternative rock → alternative pop,5
alternative rock → disco,5
ebm → industrial rock,5
ebm → acoustic blues,5
ebm → downtempo,5
soul → electronic,5
jazz → avant-garde jazz,5
jazz → hard bop,5
jazz → bossa nova,5
jazz → disco,5
jazz → hip hop,5
alternative pop → pop rock,5
alternative pop → hip hop,5
dance-pop → dubstep,5
dance-pop → club,5
dance-pop → hip house,5
dance-pop → indie rock,5
blue-eyed soul → pop,5
breakcore → drum and bass,5
breakcore → pop rock,5
breakcore → contemporary r&b,5
industrial → acid house,5
industrial → aggrotech,5
folk rock → arena rock,5
latin → jazz,5
ballad → disco,5
trance → j-rock,5
trance → speed garage,5
folk → alternative pop,5
downtempo → breakbeat,5
downtempo → big beat,5
downtempo → future bass,5
downtempo → punk,5
downtempo → industrial,5
field recording → non-music,5
progressive rock → jazz,5
heavy metal → gothic metal,5
heavy metal → progressive metal,5
trap → breakbeat,5
trap → electro,5
trap → dance,5
black metal → progressive metal,5
black metal → death metal,5
blues rock → folk rock,5
blues rock → pop,5
blues rock → hard rock,5
reggaeton → dancehall,5
reggaeton → pop,5
dub techno → dark ambient,5
synth-pop → rock,5
synth-pop → alternative dance,5
acid house → breakbeat,5
psychedelic rock → alternative rock,5
breakbeat → classic rock,5
breakbeat → acid jazz,5
breakbeat → club,5
breakbeat → soul,5
breakbeat → r&b,5
breakbeat → alternative metal,5
breakbeat → experimental,5
breakbeat → idm,5
happy hardcore → breakbeat,5
alternative metal → electronic,5
post-rock → rock,5
yakousei → j-pop,5
psytrance → breaks,5
east coast hip hop → pop,5
alternative hip hop → rock,5
uk garage → dance-pop,5
contemporary christian → hip hop,5
indie pop → hip hop,5
schranz → electronic,5
lolicore → denpa,5
progressive trance → ambient,5
progressive trance → vocal trance,5
doom metal → death metal,5
doom metal → heavy metal,5
abstract hip hop → experimental,5
idm → funk,5
idm → rock,5
idm → electro,5
idm → ambient,5
chiptune → bass house,5
dutch house → electronic,5
cloud rap → ambient,5
future bass → dancefloor drum and bass,5
dark wave → post-punk,5
metal → j-rock,5
dariacore → electro house,5
dariacore → dance,5
christian hip hop → pop,5
thrash metal → rock,5
garage rock → rock,5
garage rock → pop rock,5
folk pop → folk,5
easy listening → rock,5
festival progressive house → pop,5
avant-garde → experimental,5
post-hardcore → rock,5
instrumental → chiptune,5
drumstep → midtempo bass,5
plunderphonics → indie rock,5
brostep → hip hop,5
metalcore → alternative metal,5
tech house → electro house,5
glitch hop → hip hop,5
bounce → electronic,5
balearic beat → classical crossover,5
sound collage → death metal,5
sound collage → art rock,5
synthwave → big beat,5
indie folk → pop,5
indie folk → folk pop,5
indie folk → folk rock,5
indie folk → indie pop,5
electroclash → dream pop,5
afro house → electronic,5
barber beats → deep house,5
bubblegum bass → hyperpop,5
funky house → j-pop,5
melodic trance → progressive trance,5
grime → dubstep,5
neo soul → hip hop,5
neo soul → funk,5
brit funk → dance-rock,5
aor → hard rock,5
contemporary country → pop,5
dream pop → glitch pop,5
new orleans r&b → blues,5
festival trap → electro house,5
arena rock → rock,5
arena rock → electronic,5
chillout → rock,5
swamp pop → r&b,5
eurodance → electronic,5
j-core → electronic,5
cinematic classical → classical,5
hardcore hip hop → funk,5
amapiano → pop,5
ambient house → deep house,5
detroit techno → electronic,5
americana → ambient americana,5
cumbia → champeta,5
french house → electronic,5
french house → house,5
funktronica → dance-pop,5
vaporwave → ambient,5
tech trance → electronic,5
bubblegum dance → electronic,5
outsider house → dance-pop,5
chamber pop → pop,5
frenchcore → electronic,5
future funk → electronic,5
bubblegum pop → pop,5
jersey club → pop,5
merseybeat → rock,5
old school hip hop → ambient,5
louisiana blues → swamp pop,5
c-pop → ballad,5
dungeon synth → ambient,5
african blues → blues,5
ambient → dance-pop,4
ambient → ambient dub,4
ambient → metal,4
ambient → children's music,4
ambient → neofolk,4
ambient → cool jazz,4
ambient → alternative r&b,4
ambient → abstract hip hop,4
ambient → psytrance,4
ambient → cloud rap,4
electronic → briddim,4
electronic → minimal synth,4
electronic → big room trance,4
electronic → cyberpunk,4
electronic → chillstep,4
electronic → electro swing,4
electronic → schlager,4
electronic → afro rock,4
electronic → coldwave,4
electronic → electro-funk,4
electronic → baltimore club,4
electronic → skullstep,4
electronic → digital hardcore,4
electronic → progressive breaks,4
electronic → psychedelic,4
electronic → electroacoustic,4
electronic → electroclash,4
electronic → doom metal,4
electronic → funk metal,4
electronic → math rock,4
electronic → neo soul,4
electronic → funk brasileiro,4
hip hop → rock and roll,4
hip hop → bebop,4
hip hop → psychedelic,4
hip hop → filmi,4
hip hop → post-hardcore,4
hip hop → euro house,4
hip hop → contemporary christian,4
hip hop → horrorcore,4
hip hop → chanson française,4
hip hop → old school hip hop,4
hip hop → southern hip hop,4
hip hop → soul jazz,4
hip hop → new age,4
hip hop → alternative pop,4
rock → contemporary christian,4
rock → metalcore,4
rock → acoustic rock,4
rock → louisiana blues,4
rock → latin,4
rock → industrial metal,4
rock → classical,4
drum and bass → techno,4
drum and bass → death metal,4
drum and bass → r&b,4
drum and bass → indie rock,4
drum and bass → indie pop,4
drum and bass → heavy metal,4
drum and bass → idm,4
blues → hard rock,4
blues → classic rock,4
pop rock → blue-eyed soul,4
pop → progressive rock,4
pop → boogie,4
pop → alternative dance,4
pop → indie folk,4
pop → acid jazz,4
pop → children's music,4
pop → bossa nova,4
pop → folk pop,4
pop → comedy,4
pop → funky house,4
pop → filmi,4
pop → heavy metal,4
pop → new age,4
pop → breakbeat,4
pop → country pop,4
disco → electro house,4
disco → neue deutsche welle,4
disco → industrial,4
disco → trance,4
disco → folk,4
disco → hard rock,4
disco → complextro,4
house → k-pop,4
house → blues,4
house → synth-pop,4
house → tech house,4
house → melodic techno,4
house → boom bap,4
house → breakbeat,4
house → ballad,4
experimental → j-rock,4
experimental → plunderphonics,4
experimental → gangsta rap,4
experimental → experimental hip hop,4
experimental → dubstep,4
experimental → industrial,4
experimental → ska punk,4
experimental → children's music,4
experimental → blues rock,4
electro → r&b,4
electro → alternative dance,4
electro → dream pop,4
electro → alternative pop,4
electro → soul,4
electro → gothic,4
electro → doom metal,4
electro → big beat,4
electro → deep house,4
electro → complextro,4
electropop → psychedelic rock,4
electropop → singer-songwriter,4
electropop → soul,4
electropop → synth-pop,4
j-pop → indie rock,4
j-pop → funk,4
j-pop → acid jazz,4
j-pop → electro,4
j-pop → country,4
j-pop → japanese classical,4
j-pop → downtempo,4
j-pop → classical,4
eurobeat → italo-disco,4
eurobeat → dance-pop,4
dance → funky house,4
dance → post-rock,4
dance → boogie,4
dance → electro-disco,4
dance → hyperpop,4
dance → happy hardcore,4
dance → big room trance,4
dance → atmospheric drum and bass,4
dance → country pop,4
dance → soul,4
breaks → trance,4
breaks → contemporary r&b,4
breaks → jungle,4
reggae → ska,4
minimal techno → ambient,4
2-step → contemporary r&b,4
big room house → future house,4
techno → dance,4
techno → progressive electronic,4
techno → pop,4
techno → acid techno,4
emo → rock,4
r&b → alternative rock,4
r&b → synth-pop,4
edm → dancefloor drum and bass,4
edm → downtempo,4
edm → cantopop,4
edm → hybrid trap,4
edm → bubblegum bass,4
edm → trap edm,4
edm → synth-pop,4
edm → brostep,4
club → edm,4
club → dubstep,4
club → cloud rap,4
electro-industrial → rock,4
electro-industrial → industrial,4
electro house → trance,4
electro house → hybrid trap,4
electro house → big beat,4
electro house → latin,4
dubstep → breakcore,4
dubstep → j-core,4
dubstep → r&b,4
dubstep → trap,4
dubstep → midtempo bass,4
dubstep → halftime,4
dubstep → musical,4
dubstep → indie rock,4
dubstep → metal,4
bluegrass → contemporary r&b,4
classical → pop,4
classical → alternative rock,4
classical → acid jazz,4
hard rock → punk,4
hard rock → metal,4
country → ambient americana,4
death metal → metal,4
deep house → deconstructed club,4
deep house → ballad,4
deep house → breaks,4
deep house → contemporary r&b,4
deep house → acid house,4
deep house → blues,4
gangsta rap → east coast hip hop,4
alternative dance → electro,4
alternative dance → alternative r&b,4
bass house → hybrid trap,4
indie rock → garage rock,4
indie rock → punk,4
indie rock → dream pop,4
indie rock → art pop,4
complextro → edm,4
dub → trip hop,4
progressive house → acid house,4
progressive house → electro,4
progressive house → neurofunk,4
progressive house → future house,4
progressive house → tropical house,4
progressive house → 2-step,4
contemporary r&b → blues,4
contemporary r&b → east coast hip hop,4
contemporary r&b → conscious hip hop,4
contemporary r&b → gangsta rap,4
contemporary r&b → folk,4
comedy → classical,4
comedy → indie rock,4
comedy → j-pop,4
comedy → comedy rock,4
comedy → experimental,4
comedy → contemporary r&b,4
comedy → disco,4
comedy → emo,4
big beat → folk rock,4
big beat → trance,4
big beat → instrumental,4
big beat → easy listening,4
drone → dance,4
drone → doom metal,4
alternative rock → dance,4
alternative rock → downtempo,4
alternative rock → ballad,4
alternative rock → death metal,4
alternative rock → emo,4
alternative rock → acoustic rock,4
alternative rock → reggae,4
alternative rock → trip hop,4
alternative rock → christian rock,4
ebm → idm,4
ebm → cyberpunk,4
soul → contemporary r&b,4
soul → swamp pop,4
bossa nova → pop,4
funk → avant-garde,4
jazz → dance-rock,4
jazz → funk,4
jazz → soul,4
jazz → vocal jazz,4
jazz → art rock,4
nerdcore → rock,4
nerdcore → pop,4
dance-pop → pop rap,4
dance-pop → blues rock,4
dance-pop → garage house,4
dance-pop → alternative r&b,4
dance-pop → latin disco,4
dance-pop → tech house,4
breakcore → indie rock,4
breakcore → r&b,4
breakcore → k-pop,4
breakcore → alternative metal,4
breakcore → digital hardcore,4
breakcore → electro,4
breakcore → trap,4
industrial → folk,4
industrial → ambient,4
industrial → big beat,4
industrial → metal,4
industrial → cyberpunk,4
folk rock → folk metal,4
folk rock → indie rock,4
folk rock → contemporary folk,4
latin → rock,4
ballad → indie pop,4
ballad → heavy metal,4
ballad → europop,4
ballad → funk,4
ballad → blues,4
ballad → dance-pop,4
ballad → electro,4
electronica → ambient,4
electronica → drum and bass,4
electronica → contemporary r&b,4
electronica → downtempo,4
electronica → power metal,4
electronica → techno,4
trance → chillout,4
trance → melodic house,4
trance → electro,4
folk → electronic,4
folk → gospel,4
folk → filk,4
downtempo → electropop,4
downtempo → broken beat,4
downtempo → folk,4
downtempo → drum and bass,4
downtempo → ballad,4
downtempo → progressive rock,4
downtempo → acid jazz,4
field recording → hip hop,4
progressive rock → classic rock,4
heavy metal → drum and bass,4
dancehall → soul,4
dancehall → funk,4
coldwave → new wave,4
coldwave → dark ambient,4
progressive metal → progressive rock,4
black metal → industrial,4
black metal → gothic metal,4
latin pop → reggaeton,4
j-rock → electronic,4
synth-pop → house,4
merengue → latin pop,4
psychedelic rock → krautrock,4
pop rap → disco,4
pop rap → rock,4
pop rap → contemporary r&b,4
pop rap → deep house,4
boom bap → disco,4
boom bap → conscious hip hop,4
breakbeat → gangsta rap,4
breakbeat → industrial metal,4
breakbeat → gothic rock,4
breakbeat → trip hop,4
breakbeat → britcore,4
breakbeat → trance,4
breakbeat → vocal trance,4
breakbeat → future bass,4
breakbeat → dance-pop,4
breakbeat → new wave,4
breakbeat → blues,4
breakbeat → christmas music,4
atmospheric drum and bass → hip hop,4
punk → emo,4
happy hardcore → dubstep,4
alternative metal → grunge,4
alternative metal → experimental,4
alternative metal → idm,4
alternative metal → breakcore,4
britpop → pop,4
britpop → alternative rock,4
uk hardcore → dubstep,4
trap edm → electro house,4
trap edm → trap,4
trap edm → dance-pop,4
bassline → pop,4
experimental rock → pop,4
experimental rock → rock,4
experimental rock → progressive rock,4
acid techno → pop,4
acid techno → idm,4
acid techno → bubblegum bass,4
psytrance → downtempo,4
psytrance → progressive trance,4
east coast hip hop → electronic,4
east coast hip hop → electro,4
alternative hip hop → alternative rock,4
alternative hip hop → j-pop,4
alternative hip hop → hard rock,4
uk garage → soul,4
contemporary christian → christian hip hop,4
contemporary christian → ballad,4
contemporary christian → christian rock,4
afrobeat → funk,4
afrobeat → disco,4
indie pop → electronica,4
indie pop → hard rock,4
lolicore → dancehall,4
lolicore → breakbeat,4
doom metal → rock,4
doom metal → ambient,4
abstract hip hop → jazz,4
chiptune → rock,4
chiptune → symphonic metal,4
chiptune → classical,4
chiptune → digital fusion,4
dutch house → electro house,4
acid jazz → ballad,4
acid jazz → bossa nova,4
acid jazz → blues,4
cloud rap → pop,4
cloud rap → jazz,4
cloud rap → rock,4
future bass → electro,4
future bass → funk,4
electronic rock → alternative rock,4
dark wave → hardcore punk,4
dark wave → industrial,4
kawaii future bass → dance,4
conscious hip hop → classical,4
metal → post-metal,4
metal → dub,4
christian metal → death metal,4
liquid funk → drum and bass,4
acid rock → rock,4
rockabilly → blues rock,4
dariacore → pop rap,4
nu metal → hip hop,4
aggrotech → dark electro,4
europop → hip hop,4
thrash metal → hip hop,4
folk pop → pop,4
easy listening → pop,4
easy listening → ballad,4
baroque pop → pop,4
garage house → trip hop,4
avant-garde → industrial,4
avant-garde → classical,4
avant-garde → folk,4
instrumental → classic rock,4
instrumental → afrobeat,4
instrumental → pop,4
neurofunk → halftime,4
drumstep → festival progressive house,4
indietronica → pop,4
indietronica → bedroom pop,4
plunderphonics → soul,4
brostep → complextro,4
brostep → drum and bass,4
brostep → dance-pop,4
brostep → bass house,4
dark ambient → electro,4
tech house → dance-pop,4
tech house → dance,4
glitch hop → glitch,4
glitch hop → complextro,4
glitch hop → bassline,4
southern rock → rock,4
bounce → alternative rock,4
bounce → pop,4
bounce → dubstep,4
schlager → electronic,4
instrumental hip hop → folk punk,4
mashcore → alternative rock,4
sound collage → black metal,4
synthwave → midtempo bass,4
halftime → dance,4
halftime → hip hop,4
electroclash → synth-pop,4
jazz rock → rock,4
hybrid trap → future bass,4
cantopop → c-pop,4
barber beats → death metal,4
barber beats → big beat,4
barber beats → pop,4
bubblegum bass → electronic,4
uptempo hardcore → dance,4
brutal death metal → progressive metal,4
hyperpop → electronic,4
hyperpop → glitch pop,4
hyperpop → rock,4
production music → electronic,4
melodic death metal → heavy metal,4
hard techno → electronic,4
funky house → house,4
melodic trance → dance,4
melodic trance → electropop,4
euro house → dance-pop,4
bachata → reggaeton,4
dream pop → alternative rock,4
dream pop → pop,4
musical → pop,4
classical crossover → classical,4
new orleans r&b → rock,4
new orleans r&b → rock and roll,4
future house → house,4
crunkcore → electronic,4
country pop → synth-pop,4
country pop → country,4
chillout → dubstep,4
alpenrock → rock,4
motown → soul,4
swamp pop → blues,4
eurodance → euro-trance,4
eurodance → pop,4
cinematic classical → j-pop,4
ambient dub → ambient,4
gabber → breakbeat,4
city pop → pop,4
dance-rock → new wave,4
dance-rock → electronic,4
noise → hard rock,4
noise → ebm,4
mpb → bossa nova,4
deconstructed club → hip hop,4
deconstructed club → funk,4
americana → folk,4
country rock → blues,4
country rock → rock and roll,4
french house → disco,4
french house → funk,4
visual kei → ebm,4
vocal trance → trance,4
vaporwave → barber beats,4
vaporwave → alternative rock,4
vaporwave → hip hop,4
bhangra → reggaeton,4
lo-fi hip hop → alternative pop,4
outsider house → indie pop,4
outsider house → rock,4
outsider house → jazz,4
outsider house → country,4
melodic house → electronic,4
chamber pop → baroque,4
nightcore → vaporwave,4
frenchcore → speedcore,4
acoustic blues → electronic,4
spoken word → easy listening,4
moombahton → dance,4
new romantic → electronic,4
future rave → trance,4
afro-cuban jazz → jazz,4
future funk → hip hop,4
euro-disco → pop,4
soca → reggae,4
footwork → breakcore,4
speed metal → hip hop,4
digital hardcore → electronic,4
noise pop → funk,4
breakbeat hardcore → dance-pop,4
vaportrap → electronic,4
glam metal → glam,4
comedy rock → funk,4
riddim dubstep → electronic,4
hardwave → hip hop,4
glam → rock,4
avant-garde pop → electronic,4
string quartet → classical,4
louisiana blues → blues,4
louisiana blues → rock,4
p-funk → funk,4
melodic black metal → black metal,4
progressive folk → progressive rock,4
cape jazz → free jazz,4
slushwave → ambient,4
steampunk → gothic rock,4
hi-tech → dubstep,4
ambient → 2-step,3
ambient → big band,3
ambient → qawwali,3
ambient → chillsynth,3
ambient → psybient,3
ambient → comedy,3
ambient → conscious hip hop,3
ambient → glitch,3
ambient → future bass,3
ambient → ambient trance,3
ambient → acid house,3
ambient → dub techno,3
ambient → reggae,3
ambient → broken beat,3
ambient → synth-pop,3
ambient → contemporary classical,3
electronic → dancefloor drum and bass,3
electronic → baroque pop,3
electronic → garage house,3
electronic → calypso,3
electronic → new jack swing,3
electronic → free jazz,3
electronic → gospel,3
electronic → country rock,3
electronic → denpa,3
electronic → jazz fusion,3
electronic → frenchcore,3
electronic → singer-songwriter,3
electronic → nu jazz,3
electronic → progressive metal,3
electronic → ska,3
electronic → electronicore,3
electronic → contemporary christian,3
electronic → futurepop,3
electronic → glitch pop,3
electronic → raï,3
electronic → rock and roll,3
electronic → speed garage,3
electronic → rave,3
electronic → dark electro,3
electronic → jazz rock,3
electronic → vocal jazz,3
electronic → grindcore,3
electronic → salsa,3
electronic → trap edm,3
electronic → glitch hop,3
electronic → avant-garde jazz,3
electronic → glitch hop edm,3
electronic → darkstep,3
electronic → ambient noise wall,3
electronic → drumstep,3
electronic → contemporary jazz,3
hip hop → jazz fusion,3
hip hop → mpb,3
hip hop → avant-garde metal,3
hip hop → pop punk,3
hip hop → glam rock,3
hip hop → go-go,3
hip hop → southern rock,3
hip hop → pop soul,3
hip hop → cool jazz,3
hip hop → k-pop,3
hip hop → new jack swing,3
hip hop → alternative dance,3
hip hop → swing,3
hip hop → christmas music,3
hip hop → dixieland,3
hip hop → trance,3
hip hop → industrial,3
hip hop → post-rock,3
hip hop → electronica,3
hip hop → uk drill,3
hip hop → orchestral,3
hip hop → rap rock,3
hip hop → christian hip hop,3
hip hop → deep house,3
hip hop → jazz rap,3
rock → chanson française,3
rock → gangsta rap,3
rock → contemporary r&b,3
rock → alternative dance,3
rock → breaks,3
rock → house,3
rock → grunge,3
rock → dark wave,3
drum and bass → industrial metal,3
drum and bass → future garage,3
drum and bass → latin,3
drum and bass → pop rock,3
drum and bass → art pop,3
drum and bass → j-pop,3
drum and bass → eurobeat,3
drum and bass → bass house,3
drum and bass → dancehall,3
drum and bass → trap,3
drum and bass → trip hop,3
drum and bass → nu metal,3
blues → ambient,3
pop rock → art rock,3
pop rock → dance,3
pop rock → power pop,3
pop rock → nu metal,3
pop rock → folk rock,3
pop → breaks,3
pop → chiptune,3
pop → dream pop,3
pop → afrobeat,3
pop → chillstep,3
pop → kayōkyoku,3
pop → psychedelic rock,3
pop → lo-fi,3
pop → experimental,3
pop → crunk,3
pop → contemporary country,3
pop → christian rock,3
pop → nu metal,3
pop → chillout,3
pop → doo-wop,3
pop → neo soul,3
pop → dirty south,3
pop → dancefloor drum and bass,3
pop → big beat,3
electronicore → electronic,3
disco → ebm,3
disco → schlager,3
disco → downtempo,3
disco → psychedelic rock,3
disco → christmas music,3
disco → latin,3
disco → blues rock,3
disco → boogie,3
disco → classical,3
disco → synth-pop,3
house → edm,3
house → instrumental,3
house → indie rock,3
house → progressive breaks,3
house → breaks,3
house → funk carioca,3
house → garage rock,3
house → bass house,3
experimental → big band,3
experimental → idm,3
experimental → cinematic classical,3
experimental → trip hop,3
experimental → bedroom pop,3
experimental → bitpop,3
experimental → comedy hip hop,3
experimental → hyperpop,3
experimental → downtempo,3
experimental → eurodance,3
experimental → noise,3
experimental → punk,3
experimental → dirty south,3
experimental → broken transmission,3
experimental → trap,3
experimental → eurobeat,3
experimental → industrial rock,3
experimental → psychedelic rock,3
experimental → classic rock,3
electro → art pop,3
electro → gothic rock,3
electro → progressive house,3
electro → edm,3
electro → chiptune,3
electro → country,3
electro → classical,3
electro → art rock,3
electropop → ambient pop,3
electropop → k-pop,3
j-pop → city pop,3
j-pop → idol kayō,3
j-pop → folk rock,3
j-pop → bossa nova,3
j-pop → folk,3
dance → dutch house,3
dance → 2-step,3
dance → dream pop,3
dance → indietronica,3
dance → ambient house,3
dance → balearic trance,3
dance → future funk,3
dance → hard rock,3
dance → comedy,3
dance → britpop,3
dance → gangsta rap,3
dance → colour bass,3
dance → acid house,3
dance → hard trap,3
dance → hybrid trap,3
dance → country,3
dance → cyberpunk,3
dance → ambient techno,3
dance → uk garage,3
dance → miami bass,3
breaks → grime,3
breaks → hard rock,3
breaks → reggae,3
breaks → indie rock,3
breaks → progressive rock,3
reggae → soul,3
reggae → punk,3
reggae → latin,3
reggae → r&b,3
reggae → gangsta rap,3
dancefloor drum and bass → progressive house,3
dancefloor drum and bass → electro house,3
alternative r&b → synth-pop,3
alternative r&b → rock,3
big room house → dubstep,3
big room house → festival progressive house,3
big room house → progressive house,3
big room house → dance-pop,3
techno → drum and bass,3
techno → dubstep,3
emo → instrumental hip hop,3
r&b → gospel,3
edm → plunderphonics,3
edm → melodic techno,3
edm → hardstyle,3
edm → cyberpunk,3
edm → drum and bass,3
edm → city pop,3
edm → ballad,3
edm → nu metal,3
club → ambient pop,3
club → house,3
club → instrumental,3
club → funk,3
club → synth-pop,3
club → rock,3
club → electro house,3
club → contemporary r&b,3
electro-industrial → industrial metal,3
electro house → tech house,3
electro house → drum and bass,3
electro house → blues,3
electro house → moombahcore,3
dubstep → jazz,3
dubstep → big beat,3
dubstep → neo soul,3
dubstep → blues,3
dubstep → hard rock,3
dubstep → breaks,3
dubstep → conscious hip hop,3
dubstep → edm,3
dubstep → glitch,3
dubstep → classical,3
dubstep → grindcore,3
dubstep → indie pop,3
dubstep → glitch hop edm,3
dubstep → celtic,3
classical → disco,3
classical → alternative pop,3
classical → rock,3
classical → musical,3
classical → opera,3
classical → new age,3
classical → orchestral,3
hard rock → electronic,3
hard rock → black metal,3
new wave → indie pop,3
new wave → industrial,3
new wave → gothic rock,3
new wave → classical,3
new wave → electro,3
new wave → pop rock,3
new wave → disco,3
new wave → beat rock,3
country → country pop,3
death metal → heavy metal,3
death metal → folk metal,3
death metal → progressive rock,3
death metal → electronic,3
deep house → afro house,3
deep house → gospel,3
deep house → electro house,3
deep house → blues rock,3
deep house → hip house,3
deep house → alternative r&b,3
deep house → alternative pop,3
gangsta rap → new wave,3
alternative dance → new wave,3
alternative dance → jazz,3
bass house → electro,3
bass house → brostep,3
bass house → midtempo bass,3
k-pop → funk,3
indie rock → folk,3
indie rock → alternative pop,3
indie rock → classical,3
indie rock → indie folk,3
indie rock → dance-punk,3
indie rock → alternative dance,3
indie rock → j-pop,3
indie rock → soul,3
dub → heavy metal,3
dub → techno,3
dub → breaks,3
progressive house → future bass,3
progressive house → modern classical,3
progressive house → organic house,3
progressive house → dubstep,3
contemporary r&b → alternative pop,3
contemporary r&b → acid jazz,3
comedy → britpop,3
comedy → easy listening,3
comedy → heavy metal,3
comedy → christmas music,3
comedy → synth-pop,3
comedy → r&b,3
comedy → pop rock,3
comedy → dubstep,3
comedy → alternative hip hop,3
comedy → pop rap,3
comedy → nu metal,3
comedy → schlager,3
comedy → country,3
darksynth → new wave,3
darksynth → synth-pop,3
hardstyle → hybrid trap,3
hardstyle → nustyle,3
big beat → dance,3
big beat → classic rock,3
big beat → classical,3
drone → indie rock,3
drone → dance-pop,3
alternative rock → blues rock,3
alternative rock → gothic rock,3
alternative rock → synth-pop,3
alternative rock → techno,3
alternative rock → dubstep,3
alternative rock → go-go,3
alternative rock → aggrotech,3
alternative rock → drum and bass,3
alternative rock → art pop,3
ebm → indie rock,3
ebm → new wave,3
ebm → rock,3
ebm → pop,3
ebm → industrial metal,3
ebm → ambient,3
ebm → gothic rock,3
ebm → alternative rock,3
ebm → gothic,3
soul → ballad,3
funk → j-pop,3
funk → blues,3
funk → downtempo,3
funk → breakbeat,3
jazz → experimental rock,3
jazz → schlager,3
jazz → folk,3
nerdcore → alternative rock,3
nerdcore → indie rock,3
nerdcore → soul,3
nerdcore → electronica,3
classic rock → art rock,3
alternative pop → dance,3
alternative pop → lo-fi hip hop,3
dance-pop → sophisti-pop,3
dance-pop → schlager,3
dance-pop → alternative pop,3
dance-pop → dancehall,3
dance-pop → trance,3
dance-pop → ballroom house,3
dance-pop → gospel,3
dance-pop → future bass,3
dance-pop → progressive house,3
breakcore → hardcore techno,3
breakcore → christmas music,3
breakcore → black metal,3
breakcore → interview,3
breakcore → pop rap,3
breakcore → avant-garde,3
breakcore → breaks,3
breakcore → synth-pop,3
breakcore → eurodance,3
breakcore → jazz,3
breakcore → disco,3
breakcore → country,3
breakcore → instrumental,3
breakcore → idm,3
breakcore → edm,3
industrial → industrial rock,3
industrial → electro,3
industrial → hard rock,3
folk rock → jazz,3
latin → bossa nova,3
ballad → folk rock,3
ballad → ambient,3
ballad → chanson française,3
ballad → children's music,3
ballad → country,3
ballad → classical,3
ballad → big beat,3
electronica → dance,3
electronica → trap edm,3
electronica → dancehall,3
electronica → progressive house,3
electronica → breakbeat,3
electronica → jazz,3
electronica → k-pop,3
electronica → disco,3
electronica → deep house,3
trance → ballad,3
trance → blues,3
trance → hip hop,3
trance → hard trance,3
trance → edm,3
folk → contemporary folk,3
folk → indie rock,3
folk → acoustic rock,3
folk → jazz,3
downtempo → bossa nova,3
downtempo → dream pop,3
downtempo → post-hardcore,3
downtempo → ebm,3
downtempo → r&b,3
downtempo → synth-pop,3
downtempo → modern classical,3
downtempo → eurobeat,3
downtempo → celtic,3
downtempo → experimental,3
downtempo → nu jazz,3
art rock → ambient,3
art rock → experimental,3
progressive rock → pop rock,3
progressive rock → heavy metal,3
heavy metal → black metal,3
heavy metal → doom metal,3
heavy metal → reggae,3
heavy metal → pop,3
heavy metal → melodic death metal,3
acoustic rock → electronic,3
dancehall → dutch house,3
dancehall → glitch hop,3
coldwave → punk,3
gospel → hip hop,3
gospel → new age,3
gospel → christian hip hop,3
rock and roll → new orleans r&b,3
rock and roll → pop,3
black metal → aggrotech,3
black metal → experimental,3
pop punk → musical,3
latin pop → electronic,3
latin pop → dance-pop,3
reggaeton → electro house,3
dub techno → techno,3
g-funk → disco,3
smooth jazz → contemporary r&b,3
synth-pop → disco,3
synth-pop → downtempo,3
synth-pop → dark wave,3
acid house → bluegrass,3
acid house → hip hop,3
acid house → ambient,3
filmi → hindustani classical,3
pop rap → electronic,3
pop rap → alternative hip hop,3
boom bap → downtempo,3
boom bap → east coast hip hop,3
boom bap → chiptune,3
non-music → field recording,3
broken beat → art pop,3
broken beat → dub,3
breakbeat → noise pop,3
breakbeat → hard rock,3
breakbeat → deep techno,3
breakbeat → uk hardcore,3
breakbeat → ballad,3
breakbeat → pop rap,3
breakbeat → k-pop,3
breakbeat → electropop,3
breakbeat → comedy,3
breakbeat → boom bap,3
breakbeat → happy hardcore,3
breakbeat → non-music,3
breakbeat → progressive house,3
breakbeat → festival progressive house,3
breakbeat → folk,3
breakbeat → country,3
breakbeat → grime,3
breakbeat → chiptune,3
ambient pop → alternative rock,3
ambient pop → electro,3
christmas music → rock,3
atmospheric drum and bass → breakcore,3
punk → pop,3
punk → jazz,3
punk → futurepop,3
punk → heavy metal,3
alternative metal → funk metal,3
alternative metal → ambient,3
alternative metal → doom metal,3
dirty south → soul,3
britpop → electronic,3
post-rock → ambient pop,3
post-rock → classic rock,3
hardcore punk → rock,3
trap edm → brostep,3
trap edm → hybrid trap,3
trap edm → dancefloor drum and bass,3
trap edm → pop,3
bassline → electro house,3
bassline → uk garage,3
bassline → dance-pop,3
art pop → soul,3
art pop → jazz,3
art pop → art rock,3
acid techno → ambient,3
psytrance → breakbeat,3
east coast hip hop → gangsta rap,3
east coast hip hop → r&b,3
alternative hip hop → contemporary r&b,3
alternative hip hop → instrumental,3
alternative hip hop → ambient,3
alternative hip hop → industrial,3
alternative hip hop → orchestral,3
contemporary christian → gospel,3
afrobeat → electronic,3
afrobeat → dancehall,3
afrobeat → house,3
afrobeat → pop,3
afrobeat → afrobeats,3
indie pop → industrial,3
indie pop → pop rock,3
indie pop → disco,3
indie pop → folk,3
indie pop → experimental,3
lolicore → pop,3
chillwave → electropop,3
chillwave → disco,3
chillwave → house,3
jungle → r&b,3
jungle → dance,3
jungle → hip hop,3
idm → techno,3
baltimore club → trap,3
chiptune → house,3
chiptune → breaks,3
chiptune → edm,3
chiptune → disco,3
chiptune → dance-pop,3
chiptune → downtempo,3
chiptune → comedy,3
chiptune → funk,3
chiptune → electro house,3
acid jazz → disco,3
acid jazz → j-pop,3
acid jazz → hip hop,3
acid jazz → folk rock,3
orchestral → celtic,3
orchestral → classical,3
future bass → ambient,3
future bass → chillstep,3
future bass → hip hop,3
future bass → electro house,3
future bass → synth-pop,3
indian pop → pop,3
electronic rock → alternative pop,3
dark wave → gothic,3
dark wave → dark ambient,3
dark wave → gothic rock,3
dark wave → alternative pop,3
dark wave → gothic metal,3
kawaii future bass → electropop,3
conscious hip hop → pop,3
conscious hip hop → disco,3
metal → instrumental,3
metal → symphonic metal,3
metal → pop,3
metal → comedy,3
liquid funk → funk,3
rockabilly → rock and roll,3
stutter house → chillwave,3
dariacore → r&b,3
dariacore → breaks,3
dariacore → dubstep,3
dariacore → 2-step,3
groove metal → heavy metal,3
groove metal → metal,3
gothic metal → metal,3
shoegaze → dream pop,3
aggrotech → electro,3
europop → breakbeat,3
europop → rock,3
europop → ballad,3
europop → new wave,3
industrial rock → alternative metal,3
folk pop → alternative rock,3
easy listening → disco,3
baroque pop → alternative rock,3
baroque pop → rock,3
garage house → electronic,3
piano rock → rock,3
lo-fi → electro,3
lo-fi → hip hop,3
lo-fi → alternative rock,3
alternative punk → punk,3
festival progressive house → drum and bass,3
festival progressive house → dance,3
festival progressive house → children's music,3
festival progressive house → progressive house,3
jazz pop → deep house,3
avant-garde → pop,3
post-hardcore → electronic,3
post-hardcore → post-punk,3
instrumental → disco,3
instrumental → alternative rock,3
digicore → electronic,3
digicore → pop,3
digicore → dubstep,3
drumstep → electropop,3
drumstep → complextro,3
plunderphonics → fm synthesis,3
plunderphonics → gangsta rap,3
plunderphonics → pop rap,3
plunderphonics → new wave,3
plunderphonics → heavy metal,3
plunderphonics → alternative metal,3
bolero → latin,3
brostep → electropop,3
brostep → dancefloor drum and bass,3
metalcore → alternative rock,3
dark ambient → vaporwave,3
tech house → pop,3
tech house → electro,3
tech house → ambient,3
tech house → chiptune,3
singer-songwriter → rock,3
southern rock → classic rock,3
bounce → chillwave,3
nu disco → dance-pop,3
nu disco → electronic,3
schlager → disco,3
instrumental hip hop → funk,3
mashcore → indie rock,3
mashcore → dance,3
mashcore → reggae,3
euro-trance → dance-pop,3
new age → rock,3
sound collage → thrash metal,3
sound collage → heavy metal,3
sound collage → post-punk,3
synthwave → chillout,3
synthwave → art pop,3
halftime → midtempo bass,3
future garage → electronic,3
electroclash → electro,3
electroclash → electropop,3
hybrid trap → electronic,3
hybrid trap → trap,3
afro house → dance,3
afro house → dancehall,3
afro house → deep house,3
afro house → techno,3
memphis rap → hip hop,3
barber beats → acid jazz,3
barber beats → industrial metal,3
barber beats → contemporary jazz,3
barber beats → classical,3
barber beats → dream pop,3
barber beats → gothic,3
barber beats → depressive black metal,3
barber beats → doom metal,3
barber beats → trip hop,3
barber beats → drone,3
barber beats → experimental,3
leftfield → ambient,3
leftfield → art pop,3
hyperpop → indie rock,3
hyperpop → bubblegum pop,3
hyperpop → electro house,3
hyperpop → dance-pop,3
hyperpop → hip hop,3
hyperpop → classical,3
hyperpop → bubblegum bass,3
melodic death metal → metal,3
melodic trance → melodic dubstep,3
melodic trance → electro house,3
neo soul → pop,3
neo soul → jazz,3
neo soul → r&b,3
aor → kayōkyoku,3
aor → j-pop,3
aor → funk,3
euro house → rock,3
contemporary country → country,3
bachata → pop,3
dream pop → ambient,3
dream pop → downtempo,3
dream pop → dance-pop,3
dream pop → chamber pop,3
musical → classical,3
classical crossover → electronic,3
classical crossover → hip hop,3
glam rock → disco,3
italo dance → dance,3
italo dance → eurodance,3
post-punk → hip hop,3
post-punk → alternative rock,3
future bounce → electropop,3
future house → dance,3
future house → electronic,3
hardcore techno → breakcore,3
hardcore techno → pop,3
trip hop → ambient,3
trip hop → soul,3
trip hop → alternative rock,3
crunkcore → alternative rock,3
festival trap → dance,3
christian rock → contemporary christian,3
jazz-funk → electronic,3
chillout → jazz,3
chillout → alternative rock,3
chillout → soul,3
chillout → folk rock,3
mandopop → kayōkyoku,3
symphonic black metal → black metal,3
eurodance → dance-pop,3
j-core → dubstep,3
teen pop → electronic,3
hardcore hip hop → ballad,3
hardcore hip hop → abstract hip hop,3
extratone → splittercore,3
extratone → breakcore,3
experimental electronic → electronic,3
modern classical → ambient,3
city pop → classical,3
deconstructed club → contemporary r&b,3
dark electro → aggrotech,3
americana → drone,3
americana → blues,3
americana → ambient,3
cumbia → latin pop,3
country rock → pop,3
country rock → rockabilly,3
country rock → classic rock,3
dream trance → electronic,3
gothic rock → gothic metal,3
gothic rock → electronic,3
bitpop → electronic,3
math rock → rock,3
diva house → dance-pop,3
funktronica → disco,3
vaporwave → chiptune,3
lo-fi hip hop → alternative r&b,3
glitch pop → dark ambient,3
outsider house → electronic,3
psychedelic → electronic,3
tropical house → dance,3
ska → reggae,3
ska → pop,3
ska → alternative rock,3
ska → funk,3
ambient americana → rock,3
nightcore → dance,3
nightcore → ambient,3
nightcore → bubblegum bass,3
sketch comedy → alternative rock,3
comedy hip hop → pop,3
progressive → psychedelic rock,3
big room trance → electronic,3
cyberpunk → electro,3
djent → electronic,3
acoustic blues → ebm,3
power pop → alternative rock,3
euphoric hardstyle → electro house,3
future funk → funk,3
future funk → idol kayō,3
euro-disco → disco,3
salsa → latin,3
reggae-pop → reggae,3
footwork → drum and bass,3
rave → electronic,3
dance-punk → post-punk,3
speed metal → heavy metal,3
ambient trance → electronic,3
glam metal → hard rock,3
comedy rock → alternative rock,3
hardwave → electronic,3
glam → heavy metal,3
organic house → melodic techno,3
roots reggae → reggae,3
artcore → electronic,3
c-pop → mandopop,3
dansktop → pop,3
dembow → latin,3
full-on → electronic,3
speed garage → electronic,3
crossover thrash → hardcore punk,3
classical period → classical,3
kabarett → pop,3
british rhythm & blues → hip hop,3
hi-tech → breakcore,3
kuduro → electronic,3
d-beat → punk,3
boogaloo → latin,3
ambient → black metal,2
ambient → bubblegum bass,2
ambient → smooth soul,2
ambient → chillstep,2
ambient → baroque pop,2
ambient → noise,2
ambient → r&b,2
ambient → afrobeats,2
ambient → emo,2
ambient → happy hardcore,2
ambient → chanson française,2
ambient → alternative dance,2
ambient → space ambient,2
ambient → krautrock,2
ambient → post-metal,2
ambient → progressive electronic,2
ambient → classic rock,2
ambient → bassline,2
ambient → baroque,2
ambient → liquid funk,2
ambient → doom metal,2
ambient → drill and bass,2
electronic → techno kayō,2
electronic → ska punk,2
electronic → pop punk,2
electronic → shoegaze,2
electronic → britcore,2
electronic → sludge metal,2
electronic → french house,2
electronic → samba-jazz,2
electronic → latin pop,2
electronic → space rock,2
electronic → indie folk,2
electronic → moogsploitation,2
electronic → funk carioca,2
electronic → hardcore punk,2
electronic → bluegrass,2
electronic → neurohop,2
electronic → eccojams,2
electronic → smooth jazz,2
electronic → bebop,2
electronic → melodic metalcore,2
electronic → dark psytrance,2
electronic → g-house,2
electronic → folktronica,2
electronic → sophisti-pop,2
electronic → post-industrial,2
electronic → atmospheric drum and bass,2
electronic → lounge,2
electronic → beat rock,2
electronic → deep drum and bass,2
electronic → digital fusion,2
electronic → euphoric hardstyle,2
electronic → comedy rock,2
electronic → bubblegum dance,2
electronic → hi-nrg,2
electronic → vaportrap,2
electronic → melodic hardcore,2
electronic → acid trance,2
electronic → hip house,2
electronic → chicago house,2
electronic → experimental hip hop,2
electronic → symphonic metal,2
electronic → field recording,2
electronic → psychobilly,2
hip hop → acid rock,2
hip hop → europop,2
hip hop → smooth soul,2
hip hop → phonk,2
hip hop → emo,2
hip hop → sophisti-pop,2
hip hop → indietronica,2
hip hop → electric blues,2
hip hop → synthwave,2
hip hop → political hip hop,2
hip hop → alternative country,2
hip hop → hyperpop,2
hip hop → baroque pop,2
hip hop → standup comedy,2
hip hop → modern classical,2
hip hop → singer-songwriter,2
hip hop → afrobeats,2
hip hop → italo-disco,2
hip hop → baltimore club,2
hip hop → avant-garde,2
hip hop → sunshine pop,2
hip hop → trip hop,2
hip hop → hardcore punk,2
hip hop → punk rock,2
hip hop → comedy hip hop,2
hip hop → psychedelic soul,2
hip hop → nerdcore,2
hip hop → chillout,2
hip hop → country rock,2
hip hop → folktronica,2
hip hop → smooth jazz,2
hip hop → abstract hip hop,2
hip hop → edm,2
hip hop → blue-eyed soul,2
hip hop → progressive house,2
hip hop → spoken word,2
hip hop → thrash metal,2
hip hop → brostep,2
hip hop → drill,2
hip hop → idm,2
rock → post-punk revival,2
rock → instrumental,2
rock → alternative country,2
rock → gospel,2
rock → comedy rock,2
rock → power metal,2
rock → punk rock,2
rock → comedy,2
rock → schlager,2
rock → doom metal,2
rock → groove metal,2
rock → dubstep,2
rock → celtic,2
rock → trip hop,2
rock → glam,2
rock → afrobeat,2
rock → reggae,2
rock → experimental rock,2
rock → noise pop,2
rock → jazz rock,2
rock → baroque pop,2
rock → dark ambient,2
drum and bass → folk,2
drum and bass → afro house,2
drum and bass → acid house,2
drum and bass → progressive house,2
drum and bass → classical,2
drum and bass → synth-pop,2
drum and bass → drumfunk,2
drum and bass → euro house,2
drum and bass → gangsta rap,2
drum and bass → big room house,2
drum and bass → industrial,2
drum and bass → blues,2
drum and bass → boom bap,2
drum and bass → chillwave,2
drum and bass → chanson française,2
drum and bass → breakbeat hardcore,2
drum and bass → alternative pop,2
drum and bass → alternative r&b,2
drum and bass → new age,2
drum and bass → dance-pop,2
drum and bass → metal,2
drum and bass → midtempo bass,2
drum and bass → chillout,2
drum and bass → easy listening,2
drum and bass → punk,2
drum and bass → free jazz,2
drum and bass → minimal drum and bass,2
drum and bass → progressive rock,2
drum and bass → instrumental,2
blues → downtempo,2
blues → hip hop,2
blues → new orleans r&b,2
blues → gospel,2
blues → ballad,2
blues → instrumental,2
blues → doo-wop,2
blues → folk,2
pop rock → latin,2
pop rock → soul,2
pop rock → sunshine pop,2
pop rock → indie pop,2
pop rock → jazz,2
pop rock → europop,2
pop rock → funk,2
pop rock → folk pop,2
pop rock → chiptune,2
pop rock → comedy,2
pop → donk,2
pop → alternative metal,2
pop → edm,2
pop → instrumental hip hop,2
pop → baroque,2
pop → punk rock,2
pop → big band,2
pop → country rock,2
pop → non-music,2
pop → pop punk,2
pop → chamber pop,2
pop → future house,2
pop → 2-step,2
pop → reggaeton,2
pop → bedroom pop,2
pop → hardcore hip hop,2
pop → motown,2
pop → melodic dubstep,2
pop → idol kayō,2
pop → baltimore club,2
electronicore → metal,2
disco → comedy,2
disco → mainstream rock,2
disco → ska,2
disco → dance-punk,2
disco → vocal jazz,2
disco → italo-disco,2
disco → blues,2
disco → club,2
disco → alternative dance,2
disco → reggae,2
disco → jazz-funk,2
disco → big beat,2
disco → breakbeat,2
disco → philly soul,2
disco → northern soul,2
house → art rock,2
house → boogie,2
house → bachata,2
house → techno,2
house → dubstep,2
house → hip house,2
house → 2-step,2
house → progressive rock,2
house → alternative r&b,2
house → dark disco,2
house → classical,2
house → complextro,2
house → art pop,2
house → noise rock,2
house → hard rock,2
house → tribal house,2
house → trip hop,2
house → eurodance,2
house → acid jazz,2
experimental → production music,2
experimental → geek rock,2
experimental → alternative r&b,2
experimental → electronica,2
experimental → cloud rap,2
experimental → chanson française,2
experimental → glitch,2
experimental → drum and bass,2
experimental → synth-pop,2
experimental → emo,2
experimental → reggae,2
experimental → r&b,2
experimental → avant-garde,2
experimental → bluegrass,2
experimental → post-rock,2
experimental → mathcore,2
experimental → indie pop,2
experimental → country rock,2
experimental → reggaeton,2
experimental → jersey club rap,2
experimental → trap edm,2
experimental → neo-psychedelia,2
experimental → symphonic metal,2
experimental → synthwave,2
experimental → garage rock,2
experimental → latin,2
experimental → electro house,2
experimental → aor,2
experimental → bubblegum bass,2
experimental → techno,2
experimental → easy listening,2
experimental → g-house,2
experimental → cyber metal,2
electro → acoustic rock,2
electro → bubblegum bass,2
electro → afrobeat,2
electro → pop rap,2
electro → progressive electronic,2
electro → dark ambient,2
electro → idm,2
electro → grunge,2
electro → grime,2
electro → broken beat,2
electro → dancehall,2
electro → heavy metal,2
electro → noise rock,2
electro → chillout,2
electro → ambient techno,2
electro → festival progressive house,2
electro → synthwave,2
electro → jazz,2
electro → dub techno,2
electropop → dutch house,2
electropop → indie pop,2
electropop → dubstep,2
electropop → ebm,2
electropop → ambient,2
electropop → disco,2
j-pop → arena rock,2
j-pop → dutch house,2
j-pop → dubstep,2
j-pop → blues,2
j-pop → chiptune,2
j-pop → synth-pop,2
j-pop → dark wave,2
j-pop → ambient,2
j-pop → alternative r&b,2
j-pop → vocal trance,2
j-pop → electro house,2
dance → big band,2
dance → idm,2
dance → acoustic rock,2
dance → experimental,2
dance → shoegaze,2
dance → alternative hip hop,2
dance → uk funky,2
dance → cloud rap,2
dance → abstract hip hop,2
dance → punk,2
dance → hardstyle,2
dance → grunge,2
dance → melodic house,2
dance → organic house,2
dance → funk carioca,2
dance → dark wave,2
dance → speed garage,2
dance → chillsynth,2
dance → french house,2
dance → chillout,2
breaks → neo soul,2
breaks → dance-pop,2
breaks → gothic rock,2
breaks → easy listening,2
breaks → club,2
breaks → classical,2
breaks → bounce,2
breaks → folk,2
breaks → industrial rock,2
breaks → nu metal,2
breaks → doo-wop,2
breaks → brostep,2
breaks → trip hop,2
breaks → musical,2
breaks → edm,2
reggae → jazz,2
reggae → afrobeat,2
reggae → hard rock,2
dancefloor drum and bass → uk hardcore,2
dancefloor drum and bass → brostep,2
briddim → electronic,2
briddim → hybrid trap,2
minimal techno → progressive house,2
minimal techno → tech house,2
chanson française → bossa nova,2
chanson française → electronic,2
chanson française → classical,2
2-step → electronic,2
alternative r&b → alternative rock,2
alternative r&b → ambient pop,2
alternative r&b → neo soul,2
alternative r&b → jazz,2
alternative r&b → indie pop,2
big room house → edm,2
big room house → eurodance,2
big room house → punk rock,2
big room house → complextro,2
big room house → pop,2
techno → bubblegum bass,2
techno → electronica,2
techno → funk,2
techno → progressive house,2
techno → alternative rock,2
techno → field recording,2
emo → pop punk,2
emo → alternative pop,2
emo → alternative punk,2
r&b → neo soul,2
r&b → alternative r&b,2
r&b → dance-pop,2
r&b → pop rap,2
r&b → new wave,2
r&b → latin,2
edm → beat music,2
edm → minimal techno,2
edm → brazilian bass,2
edm → progressive trance,2
edm → italo-disco,2
edm → festival progressive house,2
edm → drumstep,2
edm → melodic trance,2
edm → alternative metal,2
edm → alternative dance,2
edm → new wave,2
edm → ambient,2
edm → alternative r&b,2
edm → trap,2
club → hyperpop,2
club → alternative rock,2
club → ballad,2
club → breakbeat,2
club → punk,2
club → country,2
club → r&b,2
club → ambient,2
club → teen pop,2
electro-industrial → alternative rock,2
electro-industrial → downtempo,2
electro house → future core,2
electro house → alternative r&b,2
electro house → progressive trance,2
electro house → k-pop,2
electro house → chiptune,2
electro house → club,2
electro house → trap,2
electro house → brostep,2
electro house → new wave,2
electro house → funk,2
electro house → garage house,2
dubstep → emo rap,2
dubstep → dark ambient,2
dubstep → deathstep,2
dubstep → synth-pop,2
dubstep → avant-garde metal,2
dubstep → riddim dubstep,2
dubstep → pop rock,2
dubstep → indietronica,2
dubstep → post-industrial,2
dubstep → moombahcore,2
dubstep → festival progressive house,2
dubstep → east coast hip hop,2
dubstep → crunk,2
dubstep → neurofunk,2
dubstep → chiptune,2
dubstep → psytrance,2
dubstep → alternative r&b,2
dubstep → nu metal,2
dubstep → ballad,2
dubstep → colour bass,2
dubstep → denpa,2
dubstep → hardcore hip hop,2
dubstep → modern classical,2
dubstep → melodic metalcore,2
dubstep → acid rock,2
dubstep → fidget house,2
dubstep → folk,2
bluegrass → k-pop,2
bluegrass → folk,2
classical → ballad,2
classical → heavy metal,2
classical → minimalism,2
classical → chillout,2
classical → instrumental,2
classical → filmi,2
classical → contemporary classical,2
hard rock → progressive rock,2
hard rock → glam rock,2
hard rock → pop rock,2
hard rock → nu metal,2
hard rock → grunge,2
hard rock → power metal,2
hard rock → doom metal,2
hard rock → industrial metal,2
hard rock → folk metal,2
hard rock → thrash metal,2
neue deutsche welle → dance-pop,2
neue deutsche welle → synth-pop,2
new wave → dream pop,2
new wave → neue deutsche welle,2
new wave → post-punk,2
new wave → synthwave,2
new wave → dance-pop,2
new wave → dark wave,2
country → country blues,2
country → folk,2
country → classic country,2
death metal → rock,2
death metal → industrial metal,2
death metal → mathcore,2
death metal → traditional pop,2
deep house → breakbeat,2
deep house → indie pop,2
deep house → chillout,2
deep house → synth-pop,2
deep house → acid jazz,2
deep house → latin,2
deep house → easy listening,2
deep house → r&b,2
deep house → art rock,2
deep house → folk,2
deep house → edm,2
deep house → instrumental,2
deep house → ambient house,2
deep house → art pop,2
deep house → melodic house,2
deep house → electropop,2
gangsta rap → conscious hip hop,2
gangsta rap → standup comedy,2
gangsta rap → blues,2
gangsta rap → g-funk,2
gangsta rap → breaks,2
gangsta rap → motown,2
gangsta rap → progressive rock,2
gangsta rap → contemporary r&b,2
gangsta rap → latin,2
gangsta rap → pop rock,2
alternative dance → soul,2
alternative dance → ambient,2
alternative dance → indie rock,2
alternative dance → psychedelic rock,2
alternative dance → electropop,2
alternative dance → melodic house,2
alternative dance → funky house,2
alternative dance → progressive breaks,2
alternative dance → downtempo,2
bass house → electropop,2
bass house → future bass,2
bass house → drum and bass,2
bass house → glitch hop,2
bass house → disco,2
bass house → edm,2
bass house → big room house,2
bass house → trap,2
bass house → breaks,2
bass house → modern classical,2
k-pop → experimental hip hop,2
k-pop → disco,2
k-pop → christmas music,2
indie rock → ethio-jazz,2
indie rock → psychedelic rock,2
indie rock → christmas music,2
indie rock → ambient,2
indie rock → country,2
indie rock → post-hardcore,2
indie rock → electropop,2
indie rock → piano rock,2
indie rock → pop rock,2
indie rock → electro,2
indie rock → blues rock,2
indie rock → experimental,2
complextro → j-pop,2
complextro → chiptune,2
complextro → ambient,2
complextro → disco,2
complextro → pop,2
dub → punk,2
dub → pop rock,2
dub → new wave,2
dub → dance,2
dub → r&b,2
progressive house → nu jazz,2
progressive house → synth-pop,2
progressive house → chillwave,2
progressive house → deep house,2
progressive house → contemporary r&b,2
progressive house → festival progressive house,2
progressive house → drum and bass,2
progressive house → peak time techno,2
progressive house → melodic techno,2
progressive house → disco,2
progressive house → acid techno,2
progressive house → idm,2
progressive house → alternative dance,2
nu jazz → jazz,2
contemporary r&b → ambient,2
contemporary r&b → jazz-funk,2
contemporary r&b → electro house,2
contemporary r&b → swamp pop,2
contemporary r&b → reggae,2
contemporary r&b → synth-pop,2
contemporary r&b → k-pop,2
contemporary r&b → alternative r&b,2
contemporary r&b → trap,2
contemporary r&b → easy listening,2
contemporary r&b → afrobeat,2
contemporary r&b → club,2
contemporary r&b → new jack swing,2
comedy → idm,2
comedy → post-grunge,2
comedy → alternative pop,2
comedy → folk,2
comedy → glitch,2
comedy → crunk,2
comedy → power pop,2
comedy → drum and bass,2
comedy → glitch hop edm,2
comedy → j-rock,2
comedy → dirty south,2
comedy → breaks,2
comedy → blues rock,2
comedy → folk rock,2
comedy → eurodance,2
comedy → ballad,2
comedy → industrial,2
comedy → jazz,2
comedy → k-pop,2
comedy → breakbeat,2
comedy → grunge,2
comedy → noise rock,2
comedy → ambient,2
darksynth → chiptune,2
darksynth → midtempo bass,2
hardstyle → edm,2
hardstyle → euphoric hardstyle,2
hardstyle → pop,2
big beat → indie rock,2
big beat → punk,2
big beat → chiptune,2
big beat → pop rap,2
big beat → electronica,2
big beat → experimental,2
big beat → glam,2
big beat → italo-disco,2
big beat → acid house,2
big beat → drum and bass,2
big beat → hard rock,2
big beat → non-music,2
big beat → northern soul,2
big beat → dub,2
drone → neo-psychedelia,2
drone → rock,2
drone → contemporary r&b,2
drone → folk,2
alternative rock → folk pop,2
alternative rock → noise,2
alternative rock → instrumental,2
alternative rock → musical,2
alternative rock → progressive electronic,2
alternative rock → post-punk,2
alternative rock → doom metal,2
alternative rock → neo soul,2
alternative rock → ambient pop,2
alternative rock → country rock,2
alternative rock → electronica,2
alternative rock → power pop,2
alternative rock → abstract hip hop,2
alternative rock → r&b,2
alternative rock → soft rock,2
alternative rock → shoegaze,2
alternative rock → alternative hip hop,2
alternative rock → contemporary christian,2
alternative rock → black metal,2
alternative rock → new age,2
alternative rock → free jazz,2
alternative rock → country,2
alternative rock → psychedelic rock,2
alternative rock → dance-rock,2
alternative rock → dub,2
alternative rock → dancehall,2
alternative rock → children's music,2
alternative rock → ska,2
ebm → dubstep,2
ebm → synth-pop,2
ebm → dark ambient,2
ebm → industrial techno,2
ebm → heavy metal,2
ebm → gothic metal,2
ebm → deep house,2
soul → contemporary gospel,2
soul → pop rock,2
soul → alternative rock,2
soul → psychedelic rock,2
soul → house,2
soul → dance-pop,2
soul → alternative r&b,2
soul → reggae,2
bossa nova → ballad,2
bossa nova → chanson française,2
bossa nova → ambient,2
bossa nova → latin,2
funk → ballad,2
funk → idm,2
funk → house,2
funk → blues rock,2
funk → dancehall,2
funk → alternative rock,2
jazz → free jazz,2
jazz → ballad,2
jazz → experimental,2
jazz → brit funk,2
jazz → latin,2
jazz → electro,2
soft rock → pop rock,2
nerdcore → ambient,2
nerdcore → jazz,2
nerdcore → contemporary r&b,2
classic rock → baroque pop,2
classic rock → glam rock,2
classic rock → electronic,2
classic rock → funk,2
classic rock → folk,2
classic rock → alternative rock,2
alternative pop → funk,2
alternative pop → pop punk,2
alternative pop → synth-pop,2
alternative pop → ambient,2
alternative pop → glitch pop,2
dance-pop → reggae,2
dance-pop → euro house,2
dance-pop → k-pop,2
dance-pop → alternative country,2
dance-pop → hard rock,2
dance-pop → neue deutsche welle,2
dance-pop → alternative dance,2
dance-pop → funk,2
dance-pop → musical,2
dance-pop → techno,2
dance-pop → trap,2
dance-pop → children's music,2
dance-pop → nu metal,2
dance-pop → power pop,2
dance-pop → donk,2
brass band → blue-eyed soul,2
brass band → pop,2
breakcore → dub,2
breakcore → boom bap,2
breakcore → country pop,2
breakcore → bubblegum bass,2
breakcore → britpop,2
breakcore → ska punk,2
breakcore → gangsta rap,2
breakcore → electro swing,2
breakcore → hardcore hip hop,2
breakcore → downtempo,2
breakcore → chamber pop,2
breakcore → noise,2
breakcore → trance,2
breakcore → happy hardcore,2
breakcore → glitch hop edm,2
breakcore → emo,2
breakcore → euro house,2
breakcore → electro house,2
breakcore → artcore,2
big band → j-pop,2
big band → reggae,2
industrial → dark electro,2
industrial → techno,2
industrial → hip hop,2
industrial → experimental,2
industrial → downtempo,2
industrial → futurepop,2
industrial → j-rock,2
industrial → funk,2
folk rock → blue-eyed soul,2
folk rock → blues,2
folk rock → baroque pop,2
latin → soul,2
latin → champeta,2
latin → reggae,2
latin → alternative rock,2
latin → tropical house,2
latin → dance-pop,2
ballad → latin,2
ballad → reggae,2
ballad → jazz,2
ballad → synth-pop,2
ballad → alternative rock,2
ballad → downtempo,2
ballad → hard rock,2
ballad → breaks,2
ballad → trance,2
ballad → acoustic rock,2
ballad → r&b,2
ballad → k-pop,2
ballad → country rock,2
ballad → j-rock,2
ballad → mandopop,2
ballad → new wave,2
ballad → soul,2
electronica → hybrid trap,2
electronica → halftime,2
electronica → blues,2
electronica → indie pop,2
electronica → art pop,2
electronica → tech house,2
electronica → chillstep,2
electronica → house,2
electronica → soul,2
midtempo bass → melodic trance,2
midtempo bass → complextro,2
midtempo bass → electronic,2
trance → brostep,2
trance → club,2
trance → funk,2
trance → trip hop,2
trance → folk,2
trance → new wave,2
trance → drum and bass,2
trance → dub,2
trance → future rave,2
trance → eurodance,2
folk → classical,2
folk → easy listening,2
folk → ambient,2
folk → hip hop,2
folk → country,2
downtempo → hard rock,2
downtempo → metal,2
downtempo → ethereal wave,2
downtempo → ambient house,2
downtempo → krautrock,2
downtempo → festival progressive house,2
downtempo → boom bap,2
downtempo → lo-fi,2
downtempo → ambient pop,2
downtempo → instrumental,2
downtempo → latin,2
downtempo → art pop,2
art rock → instrumental,2
art rock → alternative dance,2
progressive rock → electronic,2
progressive rock → ambient,2
progressive rock → blues,2
progressive rock → pop,2
heavy metal → industrial,2
heavy metal → j-rock,2
heavy metal → pop rock,2
heavy metal → aor,2
heavy metal → groove metal,2
acoustic rock → alternative metal,2
acoustic rock → folk rock,2
acoustic rock → alternative rock,2
acoustic rock → heavy metal,2
trap → rock,2
trap → progressive house,2
trap → children's music,2
dancehall → jazz,2
dancehall → electro,2
dancehall → disco,2
dancehall → dubstep,2
dancehall → dance,2
dancehall → house,2
dancehall → rock,2
progressive metal → hard rock,2
gospel → rock and roll,2
gospel → pop,2
gospel → electronic,2
gospel → r&b,2
gospel → j-pop,2
gospel → country,2
gospel → ballad,2
rock and roll → schlager,2
rock and roll → surf rock,2
black metal → avant-garde,2
black metal → melodic black metal,2
black metal → classical,2
black metal → atmospheric black metal,2
pop punk → christian rock,2
latin pop → pop rock,2
blues rock → avant-garde,2
blues rock → swamp pop,2
reggaeton → dance,2
reggaeton → reggae,2
reggaeton → bachata,2
reggaeton → trap latino,2
dub techno → dubstep,2
dub techno → rock,2
dub techno → dub,2
g-funk → pop,2
j-rock → indie rock,2
j-rock → alternative metal,2
smooth jazz → r&b,2
smooth jazz → jazz,2
smooth jazz → smooth soul,2
synth-pop → hip hop,2
synth-pop → electro,2
synth-pop → ebm,2
synth-pop → neue deutsche welle,2
synth-pop → contemporary r&b,2
synth-pop → baroque pop,2
merengue → latin,2
acid house → downtempo,2
acid house → bossa nova,2
acid house → punk,2
acid house → deep house,2
acid house → tech house,2
acid house → art pop,2
filmi → folk,2
idol kayō → classical,2
psychedelic rock → classic rock,2
psychedelic rock → neo-psychedelia,2
psychedelic rock → easy listening,2
psychedelic rock → jazz,2
psychedelic rock → pop,2
pop rap → new wave,2
pop rap → indie rock,2
pop rap → hard rock,2
kayōkyoku → idol kayō,2
boom bap → bossa nova,2
boom bap → hard rock,2
boom bap → hardcore hip hop,2
boom bap → rock,2
boom bap → contemporary r&b,2
boom bap → classic rock,2
boom bap → psychedelic rock,2
boom bap → easy listening,2
broken beat → metal,2
broken beat → funk,2
broken beat → electro,2
broken beat → deep house,2
broken beat → drum and bass,2
broken beat → rock,2
broken beat → acid jazz,2
broken beat → dubstep,2
breakbeat → glitch,2
breakbeat → j-rock,2
breakbeat → broken beat,2
breakbeat → europop,2
breakbeat → ska,2
breakbeat → schlager,2
breakbeat → heavy metal,2
breakbeat → future garage,2
breakbeat → acid house,2
breakbeat → instrumental,2
breakbeat → psychedelic rock,2
breakbeat → christian rock,2
breakbeat → hyperpop,2
breakbeat → kayōkyoku,2
breakbeat → midtempo bass,2
breakbeat → alternative hip hop,2
breakbeat → punk,2
breakbeat → progressive rock,2
breakbeat → post-rock,2
ambient pop → alternative r&b,2
ambient pop → breakcore,2
ambient pop → progressive rock,2
ambient pop → art pop,2
christmas music → alternative rock,2
christmas music → chiptune,2
christmas music → dance-pop,2
christmas music → disco,2
christmas music → classic rock,2
christmas music → new wave,2
christmas music → production music,2
atmospheric drum and bass → funk,2
atmospheric drum and bass → drum and bass,2
atmospheric drum and bass → alternative rock,2
melodic dubstep → dance,2
melodic dubstep → festival progressive house,2
melodic dubstep → electro house,2
melodic dubstep → electronic,2
melodic dubstep → brostep,2
punk → non-music,2
punk → thrash metal,2
happy hardcore → dance-pop,2
happy hardcore → pop,2
happy hardcore → hip hop,2
happy hardcore → drum and bass,2
happy hardcore → electro,2
happy hardcore → funk,2
happy hardcore → edm,2
happy hardcore → j-pop,2
happy hardcore → indietronica,2
alternative metal → hard rock,2
alternative metal → comedy,2
alternative metal → j-pop,2
alternative metal → rap rock,2
alternative metal → alternative pop,2
dirty south → gangsta rap,2
britpop → folk,2
uk hardcore → drum and bass,2
uk hardcore → pop,2
post-rock → doom metal,2
post-rock → pop,2
post-rock → indie rock,2
hardcore punk → hip hop,2
punk rock → hardcore punk,2
punk rock → indie rock,2
trap edm → electro,2
trap edm → house,2
trap edm → future bass,2
bassline → bass house,2
bassline → dubstep,2
bassline → future bass,2
bassline → brostep,2
bassline → downtempo,2
experimental rock → art pop,2
experimental rock → alternative rock,2
art pop → alternative pop,2
art pop → instrumental,2
art pop → alternative rock,2
art pop → new wave,2
art pop → ambient,2
acid techno → house,2
psytrance → ambient,2
psytrance → goa trance,2
psytrance → dance-pop,2
psytrance → drum and bass,2
east coast hip hop → psychedelic,2
east coast hip hop → classic rock,2
alternative hip hop → dance-pop,2
alternative hip hop → easy listening,2
alternative hip hop → electroacoustic,2
alternative hip hop → dance,2
alternative hip hop → indie rock,2
alternative hip hop → folk rock,2
alternative hip hop → big band,2
alternative hip hop → dancehall,2
uk garage → rock,2
uk garage → hip hop,2
uk garage → neo soul,2
contemporary christian → electronic,2
contemporary christian → eurodance,2
afrobeat → worldbeat,2
afrobeat → r&b,2
afrobeat → reggae,2
indie pop → ambient,2
indie pop → acoustic rock,2
indie pop → r&b,2
indie pop → pop punk,2
indie pop → contemporary r&b,2
indie pop → soul,2
lolicore → art pop,2
chillwave → deep house,2
chillwave → midtempo bass,2
chillwave → dance-pop,2
chillwave → dance,2
progressive trance → progressive house,2
progressive trance → dance-pop,2
progressive trance → melodic house,2
progressive trance → complextro,2
progressive trance → electro,2
progressive trance → breaks,2
doom metal → power metal,2
doom metal → gothic metal,2
stoner rock → alternative metal,2
abstract hip hop → contemporary r&b,2
abstract hip hop → west coast hip hop,2
abstract hip hop → pop,2
abstract hip hop → electronic,2
abstract hip hop → free improvisation,2
jungle → electronica,2
jungle → downtempo,2
idm → drill and bass,2
idm → halftime,2
idm → industrial,2
idm → progressive electronic,2
baltimore club → funk,2
chiptune → future bass,2
chiptune → progressive rock,2
chiptune → orchestral,2
chiptune → big band,2
chiptune → dirty south,2
chiptune → j-rock,2
chiptune → progressive house,2
chiptune → metal,2
chiptune → art pop,2
chiptune → techno,2
chiptune → grime,2
chiptune → deep house,2
chiptune → pop rock,2
juke → electropop,2
juke → drum and bass,2
dutch house → j-pop,2
dutch house → pop rock,2
dutch house → big room house,2
dutch house → house,2
acid jazz → smooth jazz,2
acid jazz → electro,2
acid jazz → trip hop,2
acid jazz → latin,2
acid jazz → alternative rock,2
acid jazz → ambient,2
progressive electronic → ambient,2
progressive electronic → electronic,2
orchestral → ambient,2
orchestral → symphonic metal,2
orchestral → drum and bass,2
orchestral → symphonic rock,2
cloud rap → r&b,2
cloud rap → dance-pop,2
cloud rap → acid house,2
cloud rap → edm,2
cloud rap → funk,2
cloud rap → indie rock,2
cloud rap → soul,2
cloud rap → disco,2
cloud rap → classical,2
future bass → melodic dubstep,2
future bass → brostep,2
future bass → drum and bass,2
future bass → edm,2
indian pop → filmi,2
dark wave → rock,2
dark wave → dub,2
dark wave → alternative rock,2
dark wave → dance,2
dark wave → ambient,2
dark wave → synthwave,2
kawaii future bass → future bass,2
conscious hip hop → gangsta rap,2
conscious hip hop → contemporary r&b,2
metal → black metal,2
metal → melodic death metal,2
metal → progressive metal,2
metal → hard rock,2
metal → electronicore,2
metal → speed metal,2
metal → stoner rock,2
rap rock → hip hop,2
rap rock → heavy metal,2
emo rap → experimental hip hop,2
liquid funk → alternative r&b,2
acid rock → classic rock,2
acid rock → alternative rock,2
dariacore → art pop,2
dariacore → edm,2
dariacore → alternative metal,2
dariacore → progressive house,2
dariacore → house,2
dariacore → funk,2
dariacore → j-rock,2
dariacore → atmospheric drum and bass,2
dariacore → emo pop,2
dariacore → punk,2
dariacore → bubblegum bass,2
dariacore → nightcore,2
dariacore → shoegaze,2
dariacore → indietronica,2
nu metal → heavy metal,2
gothic metal → heavy metal,2
shoegaze → krautrock,2
shoegaze → ambient,2
europop → neue deutsche welle,2
europop → dance,2
industrial rock → j-rock,2
industrial rock → rock,2
garage rock → psychedelic rock,2
folk pop → j-pop,2
easy listening → electronic,2
baroque pop → electronic,2
baroque pop → art rock,2
garage house → pop,2
garage house → house,2
garage house → edm,2
piano rock → pop,2
piano rock → alternative rock,2
denpa → j-pop,2
lo-fi → electronic,2
lo-fi → instrumental,2
lo-fi → comedy,2
alternative punk → pop punk,2
festival progressive house → complextro,2
festival progressive house → house,2
festival progressive house → downtempo,2
industrial metal → rock,2
industrial metal → ebm,2
industrial metal → ambient,2
industrial metal → metal,2
avant-garde → art rock,2
avant-garde → new wave,2
avant-garde → progressive rock,2
avant-garde → black metal,2
avant-garde → metal,2
avant-garde → gothic,2
avant-garde → electro,2
instrumental → digital fusion,2
instrumental → rock,2
instrumental → electropop,2
instrumental → dubstep,2
neurofunk → breakbeat,2
neurofunk → ambient,2
digicore → plunderphonics,2
digicore → hyperpop,2
digicore → hip hop,2
drumstep → drum and bass,2
drumstep → dancefloor drum and bass,2
drumstep → industrial metal,2
plunderphonics → indie pop,2
plunderphonics → classical,2
plunderphonics → disco,2
plunderphonics → country,2
plunderphonics → dubstep,2
plunderphonics → pop punk,2
plunderphonics → reggae,2
plunderphonics → progressive rock,2
plunderphonics → donk,2
plunderphonics → classic rock,2
plunderphonics → orchestral,2
plunderphonics → musical,2
plunderphonics → comedy,2
plunderphonics → crunk,2
plunderphonics → industrial metal,2
plunderphonics → dance,2
plunderphonics → electro house,2
plunderphonics → breakbeat,2
avant-garde jazz → free improvisation,2
brostep → halftime,2
brostep → hybrid trap,2
brostep → j-pop,2
metalcore → heavy metal,2
dark ambient → doom metal,2
dark ambient → classical crossover,2
dark ambient → ambient pop,2
dark ambient → sludge metal,2
dark ambient → techno,2
tech house → deep house,2
tech house → hip hop,2
tech house → complextro,2
tech house → minimal techno,2
tech house → ballad,2
tech house → microhouse,2
singer-songwriter → indie rock,2
singer-songwriter → blues,2
singer-songwriter → art pop,2
glitch hop → dubstep,2
bounce → blues,2
bounce → j-pop,2
bounce → disco,2
balearic beat → synth-pop,2
balearic beat → deep house,2
horror punk → punk,2
schlager → rock,2
instrumental hip hop → hardcore hip hop,2
instrumental hip hop → electronic,2
instrumental hip hop → folk,2
mashcore → happy hardcore,2
mashcore → funk,2
mashcore → nu metal,2
mashcore → hip hop,2
mashcore → j-core,2
mashcore → breakbeat,2
mashcore → audio drama,2
euro-trance → pop,2
glitch → pop,2
glitch → post-rock,2
glitch → electro,2
new age → production music,2
new age → hard rock,2
new age → progressive rock,2
sound collage → shoegaze,2
sound collage → folk,2
sound collage → new wave,2
sound collage → industrial,2
sound collage → avant-garde,2
sound collage → noise rock,2
sound collage → dubstep,2
sound collage → digital hardcore,2
synthwave → french electro,2
synthwave → dance,2
synthwave → alternative rock,2
halftime → brostep,2
halftime → future bass,2
indie folk → trap,2
future garage → electro house,2
electroclash → new wave,2
avant-garde metal → black metal,2
hybrid trap → bass house,2
hybrid trap → halftime,2
hybrid trap → hip hop,2
cantopop → baroque,2
afro house → electronica,2
barber beats → pop rock,2
barber beats → house,2
barber beats → trance,2
barber beats → chillout,2
barber beats → jazzstep,2
barber beats → indie rock,2
barber beats → dubstep,2
bubblegum bass → electropop,2
bubblegum bass → dance-pop,2
bubblegum bass → electro,2
bubblegum bass → pop,2
leftfield → techno,2
leftfield → rock,2
hyperpop → electropop,2
hyperpop → edm,2
hyperpop → bass house,2
hyperpop → emo rap,2
hyperpop → deconstructed club,2
hyperpop → alternative pop,2
hyperpop → dance,2
hyperpop → indie pop,2
hyperpop → experimental,2
hyperpop → alternative rock,2
hyperpop → heavy metal,2
hyperpop → hardcore hip hop,2
ambient techno → melodic house,2
ambient techno → drum and bass,2
hi-nrg → pop,2
hi-nrg → dance-pop,2
production music → latin,2
production music → instrumental,2
bedroom pop → electropop,2
funky house → j-rock,2
funky house → hip hop,2
funky house → nu metal,2
funky house → alternative metal,2
funky house → chiptune,2
funky house → soul,2
melodic trance → downtempo,2
melodic trance → festival progressive house,2
melodic trance → alternative dance,2
melodic trance → vocal trance,2
grime → pop,2
grime → blues,2
grime → dance,2
power metal → melodic death metal,2
power metal → folk rock,2
children's music → pop,2
children's music → dance-pop,2
neo soul → alternative r&b,2
euro house → disco,2
euro house → j-rock,2
euro house → hip hop,2
euro house → new wave,2
dream pop → chillout,2
dream pop → folk,2
dream pop → funk,2
dream pop → house,2
dream pop → indietronica,2
dream pop → alternative pop,2
dream pop → post-rock,2
doo-wop → blues,2
classical crossover → rock,2
classical crossover → chiptune,2
glam rock → rock,2
glam rock → glam,2
post-punk → electronic,2
post-punk → dark wave,2
future bounce → complextro,2
new orleans r&b → pop,2
deep drum and bass → drum and bass,2
future house → pop,2
future house → electro house,2
future house → electropop,2
future house → festival progressive house,2
future house → melodic dubstep,2
future house → j-pop,2
future house → soul,2
hardcore techno → hip hop,2
trip hop → electronica,2
trip hop → dance-pop,2
trip hop → electro,2
trip hop → art pop,2
trip hop → eurobeat,2
crunkcore → trap,2
freak folk → electronic,2
festival trap → pop,2
post-punk revival → indie rock,2
arena rock → pop,2
arena rock → glam rock,2
christian rock → hard rock,2
jazz-funk → hip hop,2
jazz-funk → funk,2
chillout → drum and bass,2
chillout → easy listening,2
chillout → new age,2
chillout → disco,2
chillout → art pop,2
chillout → instrumental,2
mangue beat → latin,2
mangue beat → afrobeat,2
eurodance → indie rock,2
eurodance → euro house,2
latin jazz → afro-cuban jazz,2
latin jazz → electronic,2
cinematic classical → disco,2
hardcore hip hop → soul,2
hardcore hip hop → conscious hip hop,2
hardcore hip hop → disco,2
hardcore hip hop → pop,2
hardcore hip hop → alternative rock,2
folktronica → pop,2
folktronica → downtempo,2
folktronica → ambient,2
crunk → electro,2
crunk → disco,2
crunk → pop,2
crunk → thrash metal,2
crunk → classical,2
footwork jungle → alternative r&b,2
extratone → terrorcore,2
contemporary jazz → hip hop,2
amapiano → k-pop,2
boogie → jazz,2
boogie → j-pop,2
ambient dub → detroit techno,2
city pop → boogie,2
city pop → future funk,2
city pop → funk,2
noise → classic rock,2
noise → krautrock,2
noise → alternative rock,2
deconstructed club → ambient,2
deconstructed club → idm,2
detroit techno → garage house,2
detroit techno → ambient techno,2
detroit techno → house,2
symphonic metal → metal,2
symphonic metal → gothic metal,2
symphonic metal → death metal,2
americana → indie rock,2
americana → pop,2
cumbia → dancehall,2
cumbia → disco,2
cumbia → folk,2
persian pop → pop,2
country rock → folk,2
country rock → disco,2
country rock → electronic,2
southern hip hop → crunk,2
progressive psytrance → progressive trance,2
contemporary gospel → gospel,2
gothic rock → rock,2
gothic rock → alternative rock,2
gothic rock → dark wave,2
bitpop → hip hop,2
bitpop → pop,2
bitpop → alternative rock,2
pop soul → ballad,2
pop soul → pop,2
math rock → post-rock,2
math rock → punk,2
french house → pop,2
french house → soul,2
french house → jazz,2
diva house → pop,2
electro swing → pop,2
vocal trance → pop,2
vocal trance → electropop,2
vaporwave → city pop,2
vaporwave → new age,2
vaporwave → funk,2
vaporwave → chillwave,2
vaporwave → indie rock,2
vaporwave → dance-pop,2
post-grunge → alternative rock,2
experimental hip hop → trap,2
experimental hip hop → soul,2
experimental hip hop → funk,2
experimental hip hop → alternative pop,2
tech trance → electro,2
bhangra → latin,2
bhangra → hip hop,2
lo-fi hip hop → hip hop,2
lo-fi hip hop → downtempo,2
bubblegum dance → pop,2
chopper → drum and bass,2
hard trance → dance,2
outsider house → pop rock,2
outsider house → house,2
outsider house → indie rock,2
dark psytrance → electronic,2
melodic house → acid house,2
melodic house → art rock,2
chicago house → house,2
contemporary folk → folk rock,2
contemporary folk → schlager,2
speedcore → drum and bass,2
tropical house → alternative rock,2
tropical house → indie rock,2
ska → punk,2
novo dub → dub,2
post-industrial → electronic,2
chamber pop → singer-songwriter,2
nightcore → k-pop,2
nightcore → dance-pop,2
nightcore → alternative rock,2
nightcore → indie rock,2
nightcore → emo rap,2
neo-psychedelia → indie rock,2
neo-psychedelia → dub,2
cool jazz → ballad,2
comedy hip hop → r&b,2
comedy hip hop → gangsta rap,2
comedy hip hop → rock,2
ballroom house → dubstep,2
big room trance → electro house,2
big room trance → progressive trance,2
cyberpunk → synthwave,2
cyberpunk → new wave,2
cyberpunk → pop,2
cyberpunk → midtempo bass,2
djent → speedcore,2
harsh noise → death metal,2
spoken word → dance,2
spoken word → pop,2
power pop → rock,2
noise rock → post-punk,2
euphoric hardstyle → edm,2
britcore → r&b,2
future funk → ambient,2
future funk → boogie,2
lounge → electronic,2
lounge → pop,2
funk metal → industrial metal,2
funk metal → hip hop,2
funk metal → disco,2
funk metal → gangsta rap,2
new jack swing → r&b,2
folk metal → melodic death metal,2
colour bass → melodic dubstep,2
colour bass → dubstep,2
footwork → breakbeat,2
footwork → liquid funk,2
footwork → j-pop,2
jump up → drum and bass,2
jump up → neurofunk,2
crossbreed → drum and bass,2
industrial hip hop → hip hop,2
digital hardcore → punk rock,2
mainstream rock → rock,2
chopped and screwed → jazz rap,2
chopped and screwed → cloud rap,2
chopped and screwed → pop rap,2
noise pop → alternative rock,2
oi → hard rock,2
drone metal → doom metal,2
breakbeat hardcore → breakbeat,2
breakbeat hardcore → pop,2
breakbeat hardcore → electronic,2
jungle terror → dubstep,2
jam band → electronic,2
vaportrap → k-pop,2
glam metal → funk metal,2
séga → jazz rap,2
séga → instrumental,2
jersey club → funk,2
electric blues → blues,2
electric blues → blues rock,2
chicano rap → pop,2
instrumental rock → post-rock,2
beat music → rock,2
comedy rock → electronic,2
riddim dubstep → melodic dubstep,2
riddim dubstep → drum and bass,2
hardwave → alternative rock,2
hardwave → cloud rap,2
crust punk → punk,2
afrobeats → hip hop,2
afrobeats → pop,2
opm → pop,2
romanian popcorn → pop,2
turntablism → rock,2
cyber metal → chiptune,2
drill and bass → funk,2
neo-progressive rock → pop rock,2
neo-progressive rock → art rock,2
west coast hip hop → funk,2
west coast hip hop → hip hop,2
turbo-folk → pop,2
slimepunk → dubstep,2
praise & worship → contemporary christian,2
skullstep → drum and bass,2
epic doom metal → doom metal,2
dabke → electronic,2
funk carioca → electronic,2
new beat → disco,2
underground hip hop → industrial hip hop,2
darkstep → skullstep,2
darkstep → electronic,2
acid trance → rock,2
electrotango → downtempo,2
ethereal wave → alternative rock,2
hardcore breaks → electronic,2
british folk rock → folk rock,2
anti-folk → crust punk,2
microfunk → electronic,2
berlin school → dungeon synth,2
cabaret → musical,2
speed garage → pop,2
opera → classical,2
raggacore → electronic,2
moombahcore → dance,2
moombahcore → brostep,2
doomcore → electronic,2
steampunk → electronic,2
tribal guarachero → latin,2
estrada → pop,2
broken transmission → electronic,2
jazz house → house,2
blackened death metal → death metal,2
british rhythm & blues → dubstep,2
ytpmv → electro,2
ytpmv → house,2
beat rock → new wave,2
hi-tech → j-core,2
hi-tech → bass house,2
rawphoric → big room house,2
western classical → concerto,2
volkstümliche musik → pop,2
cuddlecore → indie pop,2
avant-prog → electronic,2
changa tuki → electroclash,2
soft visual → j-rock,2
audio documentary → ambient,2
noisecore → grindcore,2
ambient → heavy metal,1
ambient → doo-wop,1
ambient → brass band,1
ambient → punk,1
ambient → grindcore,1
ambient → trap,1
ambient → k-pop,1
ambient → g-funk,1
ambient → math rock,1
ambient → big room trance,1
ambient → illbient,1
ambient → grunge,1
ambient → festival progressive house,1
ambient → neo-psychedelia,1
ambient → alternative hip hop,1
ambient → future garage,1
ambient → alternative country,1
ambient → britpop,1
ambient → luk thung,1
ambient → shoegaze,1
ambient → medieval,1
ambient → christmas music,1
ambient → vaportrap,1
ambient → club,1
ambient → hardcore breaks,1
ambient → boogie,1
ambient → avant-garde jazz,1
ambient → bossa nova,1
ambient → chacarera,1
ambient → goa trance,1
ambient → gothic metal,1
ambient → neo soul,1
ambient → hardcore hip hop,1
ambient → east coast hip hop,1
ambient → italo-disco,1
ambient → christian rock,1
ambient → irish folk,1
ambient → j-rock,1
ambient → space rock,1
ambient → future riddim,1
ambient → noise pop,1
ambient → lounge,1
ambient → arena rock,1
ambient → euro house,1
ambient → indie folk,1
ambient → progressive house,1
ambient → soft rock,1
ambient → jazz poetry,1
ambient → garage rock,1
ambient → jungle,1
ambient → americana,1
ambient → new jack swing,1
ambient → avant-folk,1
ambient → celtic,1
ambient → indietronica,1
ambient → ambient house,1
ambient → acid techno,1
ambient → electro house,1
ambient → speedcore,1
ambient → britcore,1
ambient → afro-cuban jazz,1
ambient → wonky,1
ambient → bluegrass,1
ambient → post-punk,1
ambient → melodic trance,1
ambient → free improvisation,1
ambient → balearic trance,1
ambient → folk pop,1
ambient → breakbeat hardcore,1
ambient → noise rock,1
ambient → acid rock,1
ambient → lo-fi,1
ambient → non-music,1
electronic → piano rock,1
electronic → brit funk,1
electronic → latin jazz,1
electronic → winter synth,1
electronic → experimental electronic,1
electronic → tango,1
electronic → rap rock,1
electronic → stoner rock,1
electronic → bubbling,1
electronic → dance-punk revival,1
electronic → bhangra,1
electronic → worldbeat,1
electronic → breakstep,1
electronic → power pop,1
electronic → southern rock,1
electronic → electronic rock,1
electronic → future riddim,1
electronic → neo-psychedelia,1
electronic → plunderphonics,1
electronic → dabke,1
electronic → mainstream rock,1
electronic → emo rap,1
electronic → delta blues,1
electronic → country blues,1
electronic → ghetto house,1
electronic → teen pop,1
electronic → berlin school,1
electronic → witch house,1
electronic → breakbeat hardcore,1
electronic → artcore,1
electronic → americana,1
electronic → geek rock,1
electronic → baroque,1
electronic → highlife,1
electronic → heaven trap,1
electronic → bedroom pop,1
electronic → blackgaze,1
electronic → country pop,1
electronic → ethereal wave,1
electronic → bubblegum pop,1
electronic → folk metal,1
electronic → philly soul,1
electronic → synth funk,1
electronic → impressionism,1
electronic → renaissance,1
electronic → jump up,1
electronic → deep soul,1
electronic → christian rock,1
electronic → minimal wave,1
electronic → arena rock,1
electronic → motown,1
electronic → jazz rap,1
electronic → brass band,1
electronic → mathcore,1
electronic → kirtan,1
electronic → minimal techno,1
electronic → digicore,1
electronic → southern hip hop,1
electronic → neo-medieval folk,1
electronic → melodic house,1
electronic → fm synthesis,1
electronic → tropical house,1
electronic → samba,1
electronic → future house,1
electronic → organic house,1
electronic → spoken word,1
electronic → world fusion,1
electronic → seapunk,1
electronic → filmi,1
electronic → funky house,1
electronic → contemporary country,1
electronic → african blues,1
electronic → g-funk,1
electronic → freakbeat,1
electronic → filk,1
electronic → miami bass,1
electronic → bachata,1
electronic → art punk,1
electronic → industrial techno,1
electronic → cyber metal,1
electronic → ragga,1
electronic → belgian techno,1
electronic → twerk,1
electronic → doina,1
electronic → doo-wop,1
electronic → afrobeats,1
electronic → northern soul,1
electronic → rockabilly,1
electronic → french electro,1
electronic → future core,1
electronic → beat poetry,1
electronic → wave,1
electronic → broken transmission,1
electronic → ghettotech,1
electronic → new orleans r&b,1
electronic → acid rock,1
electronic → glam,1
electronic → melodic trance,1
hip hop → bass house,1
hip hop → latin pop,1
hip hop → indian classical,1
hip hop → freestyle,1
hip hop → avant-garde jazz,1
hip hop → emo pop,1
hip hop → moogsploitation,1
hip hop → coke rap,1
hip hop → quiet storm,1
hip hop → tech house,1
hip hop → rocksteady,1
hip hop → crossover jazz,1
hip hop → luk thung,1
hip hop → production music,1
hip hop → instrumental rock,1
hip hop → latin jazz,1
hip hop → samba,1
hip hop → traditional country,1
hip hop → bhangra,1
hip hop → gabber,1
hip hop → death metal,1
hip hop → deep soul,1
hip hop → big beat,1
hip hop → west coast hip hop,1
hip hop → britpop,1
hip hop → funk metal,1
hip hop → bounce,1
hip hop → uk garage,1
hip hop → acid house,1
hip hop → beatboxing,1
hip hop → afroswing,1
hip hop → techno,1
hip hop → gothic metal,1
hip hop → celtic,1
hip hop → neo-psychedelia,1
hip hop → black metal,1
hip hop → eurodance,1
hip hop → lounge,1
hip hop → electro-funk,1
hip hop → persian pop,1
hip hop → shoegaze,1
hip hop → arabesk,1
hip hop → chopper,1
hip hop → comedy rock,1
hip hop → chillwave,1
hip hop → brill building,1
hip hop → chamber pop,1
hip hop → aor,1
hip hop → bachata,1
hip hop → hyphy,1
hip hop → power pop,1
hip hop → digicore,1
hip hop → cinematic classical,1
hip hop → symphonic metal,1
hip hop → folk pop,1
hip hop → symphonic rock,1
hip hop → free improvisation,1
hip hop → calypso,1
hip hop → jazz pop,1
hip hop → britcore,1
hip hop → sound effects,1
hip hop → nightcore,1
hip hop → noise,1
hip hop → chopped and screwed,1
hip hop → afro-cuban jazz,1
hip hop → flamenco,1
hip hop → j-rock,1
hip hop → rap metal,1
hip hop → bubblegum bass,1
hip hop → classical crossover,1
hip hop → latin ballad,1
hip hop → festival progressive house,1
hip hop → p-funk,1
hip hop → mandopop,1
hip hop → roots reggae,1
hip hop → hypnagogic pop,1
hip hop → jungle,1
hip hop → detroit techno,1
hip hop → arena rock,1
hip hop → electropop,1
hip hop → qawwali,1
rock → musical,1
rock → poetry,1
rock → non-music,1
rock → future house,1
rock → breakbeat,1
rock → roots reggae,1
rock → space rock,1
rock → power pop,1
rock → chillstep,1
rock → children's music,1
rock → big beat,1
rock → doo-wop,1
rock → piano rock,1
rock → conscious hip hop,1
rock → big band,1
rock → glam rock,1
rock → production music,1
rock → leftfield,1
rock → complextro,1
rock → dancehall,1
rock → dream pop,1
rock → folk metal,1
rock → bluegrass,1
rock → swamp blues,1
rock → club,1
rock → east coast hip hop,1
rock → neo-progressive rock,1
rock → dub,1
rock → cool jazz,1
rock → chanson québécoise,1
rock → symphonic rock,1
rock → math rock,1
rock → soft rock,1
rock → synth-pop,1
rock → honky tonk,1
rock → drum and bass,1
rock → art pop,1
rock → melodic metalcore,1
rock → psychobilly,1
rock → ska,1
rock → orchestral,1
rock → hardcore punk,1
rock → latin rock,1
rock → melodic death metal,1
rock → krautrock,1
rock → alternative pop,1
rock → mpb,1
rock → funk rock,1
rock → southern rock,1
rock → reggaeton,1
rock → madchester,1
rock → modern classical,1
rock → post-rock,1
rock → deep house,1
rock → gothic,1
rock → symphonic metal,1
rock → free improvisation,1
rock → christmas music,1
rock → chamber pop,1
drum and bass → hard trance,1
drum and bass → yakousei,1
drum and bass → bossa nova,1
drum and bass → indietronica,1
drum and bass → big band,1
drum and bass → drill and bass,1
drum and bass → ragga jungle,1
drum and bass → ska,1
drum and bass → smooth jazz,1
drum and bass → city pop,1
drum and bass → jump up,1
drum and bass → chiptune,1
drum and bass → math rock,1
drum and bass → drumstep,1
drum and bass → chicago house,1
drum and bass → non-music,1
drum and bass → cool jazz,1
drum and bass → post-punk,1
drum and bass → progressive metal,1
drum and bass → progressive breaks,1
drum and bass → alternative hip hop,1
drum and bass → acid jazz,1
drum and bass → hip house,1
drum and bass → filmi,1
drum and bass → grime,1
drum and bass → future bounce,1
drum and bass → tech house,1
drum and bass → musical,1
drum and bass → children's music,1
drum and bass → east coast hip hop,1
drum and bass → comedy,1
drum and bass → vocal trance,1
drum and bass → trap edm,1
drum and bass → contemporary folk,1
drum and bass → neo-psychedelia,1
drum and bass → philly soul,1
drum and bass → grunge,1
drum and bass → madchester,1
drum and bass → deep techno,1
drum and bass → experimental hip hop,1
drum and bass → technoid,1
drum and bass → bounce,1
drum and bass → thrash metal,1
drum and bass → bassline,1
drum and bass → hardcore hip hop,1
drum and bass → hardcore punk,1
drum and bass → contemporary jazz,1
drum and bass → happy hardcore,1
drum and bass → pop punk,1
drum and bass → modern classical,1
drum and bass → neo soul,1
drum and bass → cloud rap,1
drum and bass → avant-garde,1
drum and bass → motown,1
drum and bass → orchestral,1
drum and bass → briddim,1
drum and bass → classic rock,1
drum and bass → conscious hip hop,1
drum and bass → singer-songwriter,1
drum and bass → art rock,1
drum and bass → 2-step,1
drum and bass → minimal synth,1
drum and bass → southern rock,1
drum and bass → future bass,1
drum and bass → jazz rock,1
drum and bass → lo-fi,1
drum and bass → boogie,1
blues → europop,1
blues → classical,1
blues → rockabilly,1
blues → alternative rock,1
blues → art rock,1
blues → trip hop,1
blues → southern rock,1
blues → rave,1
blues → louisiana blues,1
blues → soul jazz,1
blues → acoustic blues,1
blues → club,1
blues → pop rock,1
blues → filmi,1
blues → contemporary jazz,1
blues → italo-disco,1
blues → heavy metal,1
blues → drum and bass,1
blues → electro,1
blues → dance,1
blues → boogie-woogie,1
pop rock → chanson française,1
pop rock → neue deutsche welle,1
pop rock → jangle pop,1
pop rock → psychedelic pop,1
pop rock → eurodance,1
pop rock → alternative metal,1
pop rock → dance-pop,1
pop rock → alternative folk,1
pop rock → disco,1
pop rock → synth-pop,1
pop rock → country,1
pop rock → contemporary r&b,1
pop rock → eurobeat,1
pop rock → blues rock,1
pop rock → downtempo,1
pop rock → christian hip hop,1
pop rock → aor,1
pop rock → electropop,1
pop rock → soft rock,1
pop rock → singer-songwriter,1
pop rock → mainstream rock,1
pop rock → dub,1
pop rock → horror synth,1
pop rock → celtic,1
pop rock → trip hop,1
pop rock → heavy metal,1
pop rock → psychedelic rock,1
pop → gospel,1
pop → southern rock,1
pop → urban cowboy,1
pop → broken beat,1
pop → cool jazz,1
pop → industrial metal,1
pop → deep house,1
pop → trip hop,1
pop → power metal,1
pop → cajun,1
pop → brit funk,1
pop → power pop,1
pop → synth funk,1
pop → cantopop,1
pop → city pop,1
pop → pop soul,1
pop → funktronica,1
pop → techno,1
pop → trap,1
pop → garage house,1
pop → acid house,1
pop → arena rock,1
pop → new orleans r&b,1
pop → psychedelic soul,1
pop → lounge,1
pop → metal,1
pop → new jack swing,1
pop → shidaiqu,1
pop → ebm,1
pop → dance-punk,1
pop → conscious hip hop,1
pop → psychobilly,1
pop → uk garage,1
pop → neoperreo,1
pop → deconstructed club,1
pop → swing,1
pop → alternative punk,1
pop → glam,1
pop → corrido,1
pop → drill,1
pop → chanson québécoise,1
pop → persian pop,1
pop → eletrofunk,1
pop → rock and roll,1
pop → calypso,1
pop → dubstep,1
pop → jungle,1
pop → alternative hip hop,1
pop → snap,1
pop → freestyle,1
pop → march,1
pop → mainstream rock,1
pop → britpop,1
pop → balearic beat,1
pop → acoustic rock,1
pop → progressive house,1
pop → yacht rock,1
pop → emo,1
pop → jazz-funk,1
pop → gypsy jazz,1
pop → g-funk,1
pop → happy hardcore,1
pop → mandopop,1
pop → dark electro,1
pop → dutch house,1
pop → teen pop,1
pop → garage rock,1
pop → breakcore,1
pop → rave,1
pop → bassline,1
pop → big room house,1
pop → audio drama,1
pop → industrial,1
pop → italo-disco,1
pop → grime,1
pop → neo-psychedelia,1
disco → dancefloor drum and bass,1
disco → dancehall,1
disco → krautrock,1
disco → afro-funk,1
disco → uk garage,1
disco → easy listening,1
disco → dubstep,1
disco → crunk,1
disco → techno,1
disco → euro house,1
disco → jazz fusion,1
disco → rock and roll,1
disco → heavy metal,1
disco → folk rock,1
disco → funky house,1
disco → zouk,1
disco → j-rock,1
disco → hi-nrg,1
disco → big room house,1
disco → griot,1
disco → italo dance,1
disco → dub,1
disco → neo soul,1
disco → filmi,1
disco → europop,1
disco → eurobeat,1
disco → aor,1
disco → tech house,1
disco → children's music,1
disco → edm,1
disco → dance-rock,1
disco → country,1
disco → kuduro,1
disco → breaks,1
disco → bachata,1
disco → glam rock,1
disco → garage house,1
disco → big band,1
disco → berlin school,1
house → afro house,1
house → afrobeat,1
house → folk rock,1
house → organic house,1
house → italo-disco,1
house → metalcore,1
house → dutch house,1
house → contemporary country,1
house → broken beat,1
house → blues rock,1
house → uk garage,1
house → modern classical,1
house → folk,1
house → melodic dubstep,1
house → alternative dance,1
house → glitch hop,1
house → alternative pop,1
house → drum and bass,1
house → neue deutsche welle,1
house → metal,1
house → dream pop,1
house → gospel,1
house → dancehall,1
house → electro-disco,1
house → europop,1
house → soft rock,1
house → britcore,1
house → indie pop,1
house → samba,1
house → reggaeton,1
house → jazz rock,1
house → northern soul,1
house → new age,1
house → chamber pop,1
house → gothic rock,1
experimental → freak folk,1
experimental → blackgaze,1
experimental → dancehall,1
experimental → hardcore punk,1
experimental → halftime,1
experimental → emo rap,1
experimental → contemporary gospel,1
experimental → vaporwave,1
experimental → contemporary folk,1
experimental → techno kayō,1
experimental → complextro,1
experimental → traditional pop,1
experimental → instrumental hip hop,1
experimental → baroque pop,1
experimental → chicago soul,1
experimental → dub,1
experimental → west coast hip hop,1
experimental → folk rock,1
experimental → digital fusion,1
experimental → power metal,1
experimental → brostep,1
experimental → alternative punk,1
experimental → kawaii future bass,1
experimental → blue-eyed soul,1
experimental → alternative hip hop,1
experimental → indietronica,1
experimental → pop punk,1
experimental → berlin school,1
experimental → grunge,1
experimental → dancefloor drum and bass,1
experimental → experimental rock,1
experimental → alternative dance,1
experimental → contemporary christian,1
experimental → arena rock,1
experimental → noise pop,1
experimental → big room house,1
experimental → ballad,1
experimental → chamber pop,1
experimental → pop soul,1
experimental → progressive house,1
experimental → heavy metal,1
experimental → electro swing,1
experimental → swing,1
experimental → acid jazz,1
experimental → modern classical,1
experimental → glitch hop edm,1
experimental → non-music,1
experimental → orchestral,1
experimental → forró,1
experimental → lo-fi hip hop,1
experimental → conscious hip hop,1
experimental → folk punk,1
experimental → funk rock,1
experimental → club,1
experimental → emo pop,1
experimental → christmas music,1
experimental → crunk,1
experimental → drumless hip hop,1
experimental → dream pop,1
experimental → sound effects,1
experimental → trance,1
experimental → aggrotech,1
experimental → hypnagogic pop,1
experimental → field recording,1
experimental → ebm,1
experimental → electroclash,1
experimental → progressive metal,1
experimental → g-funk,1
experimental → deep house,1
experimental → rave,1
experimental → chillout,1
electro → denpa,1
electro → blues rock,1
electro → post-rock,1
electro → dub,1
electro → electro swing,1
electro → deathcore,1
electro → kayōkyoku,1
electro → gothic metal,1
electro → vaporwave,1
electro → ambient pop,1
electro → alternative hip hop,1
electro → glitch pop,1
electro → reggae,1
electro → hyperpop,1
electro → synth funk,1
electro → latin pop,1
electro → eurodance,1
electro → east coast hip hop,1
electro → pop rock,1
electro → experimental electronic,1
electro → swing,1
electro → ballad,1
electro → acid jazz,1
electro → ambient house,1
electro → space rock,1
electro → folk,1
electro → new age,1
electro → celtic,1
electro → latin,1
electro → baroque,1
electro → arena rock,1
electro → miami bass,1
electropop → jazz-funk,1
electropop → pop rap,1
electropop → new wave,1
electropop → electronica,1
electropop → eurobeat,1
electropop → dancefloor drum and bass,1
electropop → classic rock,1
electropop → r&b,1
electropop → alternative r&b,1
electropop → trancestep,1
electropop → diva house,1
electropop → synthwave,1
electropop → trance,1
electropop → progressive house,1
electropop → electroclash,1
electropop → j-rock,1
electropop → art pop,1
electropop → electro house,1
electropop → rock,1
electropop → deconstructed club,1
electropop → contemporary r&b,1
electropop → gothic metal,1
electropop → industrial,1
electropop → alternative rock,1
electropop → bitpop,1
electropop → indie rock,1
j-pop → future bass,1
j-pop → soul,1
j-pop → hard rock,1
j-pop → akishibu-kei,1
j-pop → chillout,1
j-pop → gothic metal,1
j-pop → experimental,1
j-pop → jazz-funk,1
j-pop → r&b,1
j-pop → metal,1
j-pop → breaks,1
j-pop → broken beat,1
j-pop → dirty south,1
j-pop → complextro,1
j-pop → denpa,1
j-pop → aor,1
j-pop → acid trance,1
eurobeat → big beat,1
eurobeat → synth-pop,1
eurobeat → heavy metal,1
eurobeat → alternative rock,1
eurobeat → pop rock,1
eurobeat → breaks,1
eurobeat → christmas music,1
eurobeat → folk pop,1
eurobeat → electropop,1
eurobeat → denpa,1
eurobeat → hip hop,1
eurobeat → pop rap,1
eurobeat → electronicore,1
eurobeat → j-rock,1
eurobeat → bubblegum dance,1
eurobeat → ska punk,1
dance → italo dance,1
dance → ragga jungle,1
dance → pop punk,1
dance → donk,1
dance → afro house,1
dance → neurofunk,1
dance → pluggnb,1
dance → contemporary jazz,1
dance → vaporwave,1
dance → reggaeton,1
dance → melodic trance,1
dance → comedy hip hop,1
dance → dariacore,1
dance → melodic metalcore,1
dance → digicore,1
dance → alternative folk,1
dance → hands up,1
dance → uk hardcore,1
dance → schlager,1
dance → garage rock,1
dance → psytrance,1
dance → contemporary classical,1
dance → americana,1
dance → orchestral,1
dance → experimental hip hop,1
dance → glitch,1
dance → industrial metal,1
dance → new age,1
dance → afrobeat,1
dance → rave,1
dance → jazz rock,1
dance → new jack swing,1
dance → kuduro,1
dance → andean new age,1
dance → future garage,1
dance → dance-rock,1
dance → progressive trance,1
dance → modern classical,1
dance → corrido,1
dance → hip house,1
dance → post-punk,1
dance → christmas music,1
dance → acid techno,1
dance → emo,1
dance → soft rock,1
dance → dance-punk,1
dance → production music,1
dance → baltimore club,1
dance → mandopop,1
dance → east coast hip hop,1
dance → blue-eyed soul,1
dance → conscious hip hop,1
dance → children's music,1
dance → canzone napoletana,1
breaks → industrial,1
breaks → blues,1
breaks → alternative dance,1
breaks → breakcore,1
breaks → briddim,1
breaks → atmospheric drum and bass,1
breaks → country,1
breaks → house,1
breaks → alternative hip hop,1
breaks → alternative metal,1
breaks → dirty south,1
breaks → electrotango,1
breaks → acid house,1
breaks → punk,1
breaks → indie pop,1
breaks → leftfield,1
breaks → halftime,1
breaks → electro-funk,1
breaks → bass house,1
breaks → hybrid trap,1
breaks → east coast hip hop,1
breaks → post-punk,1
breaks → classic rock,1
breaks → pop rap,1
breaks → ballad,1
breaks → hardcore breaks,1
breaks → progressive house,1
breaks → blues rock,1
breaks → glitch hop,1
breaks → synth-pop,1
breaks → electronica,1
breaks → gothic metal,1
breaks → r&b,1
breaks → industrial techno,1
breaks → non-music,1
breaks → gospel,1
breaks → dancehall,1
breaks → glam,1
breaks → psytrance,1
reggae → classic rock,1
reggae → folk,1
reggae → batucada,1
reggae → jazz fusion,1
reggae → new wave,1
reggae → afro-cuban jazz,1
reggae → dubstep,1
reggae → sophisti-pop,1
reggae → lovers rock,1
reggae → garage rock,1
reggae → children's music,1
reggae → alternative rock,1
dancefloor drum and bass → alternative rock,1
dancefloor drum and bass → liquid funk,1
dancefloor drum and bass → bass house,1
dancefloor drum and bass → hardstyle,1
dancefloor drum and bass → classical,1
dancefloor drum and bass → complextro,1
dancefloor drum and bass → dance,1
dancefloor drum and bass → pop rock,1
dancefloor drum and bass → filmi,1
dancefloor drum and bass → heavy metal,1
dancefloor drum and bass → soul,1
dancefloor drum and bass → club,1
dancefloor drum and bass → hip hop,1
dancefloor drum and bass → drumstep,1
dancefloor drum and bass → electropop,1
dancefloor drum and bass → future bass,1
briddim → chillstep,1
briddim → bass house,1
briddim → rawstyle,1
briddim → jazz-funk,1
briddim → boom bap,1
minimal techno → melodic techno,1
minimal techno → electro,1
minimal techno → cool jazz,1
minimal techno → trance,1
minimal techno → ambient pop,1
minimal techno → ambient techno,1
minimal techno → ebm,1
chanson française → pop rock,1
chanson française → alternative rock,1
chanson française → experimental,1
chanson française → chamber folk,1
chanson française → indie rock,1
chanson française → country rock,1
chanson française → classic rock,1
2-step → alternative r&b,1
2-step → brostep,1
2-step → dance-pop,1
2-step → r&b,1
2-step → ambient,1
2-step → electro house,1
2-step → j-pop,1
2-step → bass house,1
2-step → dubstep,1
alternative r&b → afrobeat,1
alternative r&b → disco,1
alternative r&b → new jack swing,1
alternative r&b → dance-pop,1
alternative r&b → dance,1
alternative r&b → art pop,1
alternative r&b → experimental,1
alternative r&b → vaporwave,1
alternative r&b → indie rock,1
alternative r&b → electropop,1
alternative r&b → 2-step,1
alternative r&b → dirty south,1
alternative r&b → j-pop,1
alternative r&b → soul,1
alternative r&b → cloud rap,1
big room house → hip hop,1
big room house → electropop,1
big room house → hybrid trap,1
big room house → electro,1
big room house → drumstep,1
big room house → drum and bass,1
big room house → new wave,1
big room house → k-pop,1
big room house → ambient,1
big room house → synth-pop,1
big room house → classic rock,1
big room house → alternative dance,1
techno → deconstructed club,1
techno → post-punk,1
techno → soul,1
techno → ghetto house,1
techno → dark wave,1
techno → big beat,1
techno → tech house,1
techno → electro house,1
techno → acid jazz,1
techno → peak time techno,1
techno → experimental hip hop,1
techno → hip hop,1
techno → uk hardcore,1
techno → dance-pop,1
techno → industrial,1
techno → trance,1
techno → new wave,1
techno → r&b,1
techno → art pop,1
techno → soft rock,1
techno → midtempo bass,1
techno → folk,1
techno → jazz,1
techno → grunge,1
techno → neurofunk,1
techno → rock,1
techno → speed garage,1
techno → complextro,1
emo → non-music,1
emo → electropop,1
emo → indie pop,1
emo → alternative metal,1
emo → synth-pop,1
emo → jazz,1
emo → j-pop,1
emo → punk,1
emo → acoustic rock,1
emo → midwest emo,1
emo → electronic,1
emo → post-rock,1
emo → punk rock,1
emo → hardcore punk,1
emo → techno,1
r&b → alternative dance,1
r&b → boogie-woogie,1
r&b → ballroom house,1
r&b → deep house,1
r&b → new age,1
r&b → crunk,1
r&b → electro,1
r&b → classic rock,1
r&b → afrobeat,1
r&b → country,1
r&b → new orleans r&b,1
r&b → motown,1
r&b → metal,1
r&b → ambient,1
r&b → hard rock,1
r&b → folk,1
r&b → indie rock,1
r&b → electro-disco,1
r&b → classical,1
r&b → funk rock,1
r&b → garage rock,1
r&b → reggae,1
r&b → reggaeton,1
edm → trip hop,1
edm → liquid funk,1
edm → idm,1
edm → chillwave,1
edm → indietronica,1
edm → j-core,1
edm → indie pop,1
edm → future garage,1
edm → eurobeat,1
edm → indie rock,1
edm → club,1
edm → coldwave,1
edm → melbourne bounce,1
edm → riddim dubstep,1
edm → midtempo bass,1
edm → country,1
edm → cinematic classical,1
edm → rock,1
edm → bass house,1
edm → techno,1
edm → j-rock,1
edm → neo soul,1
edm → k-pop,1
edm → briddim,1
edm → pop rap,1
edm → hard trance,1
edm → jazz poetry,1
edm → pop rock,1
edm → future funk,1
edm → lo-fi,1
edm → soul,1
edm → modern classical,1
edm → 2-step,1
edm → power metal,1
edm → jersey club,1
edm → classical,1
club → pop rap,1
club → garage rock,1
club → euro-trance,1
club → dub,1
club → nu metal,1
club → jazz,1
club → eurodance,1
club → britpop,1
club → neo soul,1
club → blues rock,1
club → dancehall,1
club → electropop,1
club → progressive house,1
club → alternative dance,1
club → deep house,1
club → new wave,1
club → mainstream rock,1
club → acid jazz,1
club → classical,1
club → uk drill,1
club → folk,1
club → pop rock,1
club → blues,1
club → techno,1
club → big beat,1
club → vocal jazz,1
electro-industrial → hyperpop,1
electro-industrial → industrial rock,1
electro-industrial → alternative metal,1
electro-industrial → dark ambient,1
electro house → glitch hop edm,1
electro house → midtempo bass,1
electro house → classical,1
electro house → breakbeat,1
electro house → jazz,1
electro house → indie pop,1
electro house → reggae,1
electro house → drumstep,1
electro house → post-punk,1
electro house → punk,1
electro house → blues rock,1
electro house → ballad,1
electro house → j-rock,1
electro house → progressive rock,1
electro house → future bass,1
electro house → synthwave,1
electro house → future house,1
electro house → punk rock,1
electro house → italo-disco,1
electro house → metal,1
electro house → happy hardcore,1
electro house → europop,1
electro house → hard trance,1
electro house → industrial rock,1
electro house → french house,1
electro house → dancefloor drum and bass,1
electro house → donk,1
electro house → alternative pop,1
electro house → eurobeat,1
electro house → hard rock,1
electro house → euro house,1
electro house → comedy hip hop,1
dubstep → latin,1
dubstep → tropical house,1
dubstep → future rave,1
dubstep → post-rock,1
dubstep → dream pop,1
dubstep → bitpop,1
dubstep → uk garage,1
dubstep → gothic metal,1
dubstep → chamber pop,1
dubstep → dark cabaret,1
dubstep → dub techno,1
dubstep → noise,1
dubstep → metalcore,1
dubstep → emo,1
dubstep → instrumental,1
dubstep → grunge,1
dubstep → death metal,1
dubstep → pop rap,1
dubstep → moombahton,1
dubstep → southern rock,1
dubstep → soft rock,1
dubstep → psychedelic rock,1
dubstep → bossa nova,1
dubstep → gospel,1
dubstep → alternative metal,1
dubstep → easy listening,1
dubstep → chillwave,1
dubstep → heaven trap,1
dubstep → peak time techno,1
dubstep → arena rock,1
dubstep → disco,1
dubstep → bedroom pop,1
dubstep → hardcore punk,1
dubstep → hardstyle,1
dubstep → funk metal,1
dubstep → lo-fi hip hop,1
dubstep → acoustic rock,1
dubstep → industrial metal,1
dubstep → j-rock,1
dubstep → electro-industrial,1
dubstep → tech house,1
dubstep → happy hardcore,1
dubstep → folk pop,1
dubstep → dubstyle,1
dubstep → gangsta rap,1
dubstep → chanson française,1
dubstep → new age,1
dubstep → pop punk,1
dubstep → vocal trance,1
dubstep → euro house,1
dubstep → k-pop,1
dubstep → broken beat,1
dubstep → darkstep,1
dubstep → nederpop,1
dubstep → cumbia,1
dubstep → experimental hip hop,1
dubstep → hyperpop,1
dubstep → pumpcore,1
dubstep → bassline,1
dubstep → detroit techno,1
dubstep → classical crossover,1
dubstep → hands up,1
dubstep → deathcore,1
dubstep → boogie,1
dubstep → classic rock,1
dubstep → comedy,1
bluegrass → hip hop,1
bluegrass → country,1
bluegrass → funk,1
bluegrass → psychedelic rock,1
bluegrass → classical,1
bluegrass → pop rap,1
classical → post-punk revival,1
classical → contemporary r&b,1
classical → dark wave,1
classical → gothic,1
classical → psychedelic rock,1
classical → dubstep,1
classical → black metal,1
classical → big beat,1
classical → gospel,1
classical → easy listening,1
classical → house,1
classical → dance-pop,1
classical → deep house,1
classical → post-industrial,1
classical → electro house,1
classical → industrial metal,1
classical → g-funk,1
classical → folk rock,1
classical → dark ambient,1
classical → big band,1
classical → drum and bass,1
classical → classic jazz,1
classical → blues rock,1
classical → classical crossover,1
classical → production music,1
classical → gothic metal,1
classical → progressive rock,1
classical → electro,1
classical → vocal jazz,1
hard rock → jazz,1
hard rock → art rock,1
hard rock → groove metal,1
hard rock → post-punk,1
hard rock → children's music,1
hard rock → electro house,1
hard rock → neofolk,1
hard rock → blues,1
hard rock → gothic metal,1
hard rock → experimental,1
hard rock → psychedelic rock,1
hard rock → rap rock,1
hard rock → death metal,1
hard rock → ballad,1
hard rock → disco,1
hard rock → free improvisation,1
neue deutsche welle → country rock,1
neue deutsche welle → ballad,1
new wave → dubstep,1
new wave → edm,1
new wave → j-pop,1
new wave → symphony,1
new wave → alternative metal,1
new wave → dance,1
new wave → metal,1
new wave → drum and bass,1
new wave → children's music,1
new wave → electropop,1
new wave → blues,1
new wave → funk,1
new wave → alternative dance,1
new wave → synth-pop,1
new wave → art rock,1
new wave → hard rock,1
new wave → country,1
new wave → britpop,1
new wave → eurobeat,1
country → folk pop,1
country → gospel,1
country → ambient,1
country → funk,1
country → classical,1
country → alternative rock,1
country → americana,1
country → electropop,1
country → country rock,1
country → latin pop,1
country → alternative country,1
country → house,1
death metal → gothic,1
death metal → technical death metal,1
death metal → ebm,1
death metal → jazz,1
death metal → experimental,1
death metal → metalcore,1
death metal → goregrind,1
death metal → alternative metal,1
death metal → nu metal,1
death metal → drum and bass,1
death metal → filk,1
death metal → chiptune,1
death metal → aggrotech,1
death metal → avant-garde,1
deep house → dark wave,1
deep house → free jazz,1
deep house → neo soul,1
deep house → complextro,1
deep house → 2-step,1
deep house → boogie,1
deep house → big room house,1
deep house → punk,1
deep house → dream pop,1
deep house → metal,1
deep house → classic rock,1
deep house → new wave,1
deep house → lounge,1
deep house → j-pop,1
deep house → drumstep,1
deep house → french house,1
deep house → doo-wop,1
deep house → classical,1
deep house → reggae,1
deep house → electro swing,1
deep house → dub,1
deep house → dub poetry,1
deep house → vocal jazz,1
deep house → europop,1
deep house → big beat,1
deep house → psychedelic,1
deep house → classical crossover,1
deep house → festival progressive house,1
deep house → jazz-funk,1
deep house → chillstep,1
deep house → tech house,1
deep house → dancehall,1
deep house → soft rock,1
deep house → reggaeton,1
deep house → descarga,1
deep house → brit funk,1
gangsta rap → soft rock,1
gangsta rap → funk metal,1
gangsta rap → bebop,1
gangsta rap → heavy metal,1
gangsta rap → alternative rock,1
gangsta rap → philly soul,1
gangsta rap → new jack swing,1
gangsta rap → reggae,1
gangsta rap → art rock,1
gangsta rap → ballad,1
gangsta rap → acid jazz,1
gangsta rap → chanson française,1
gangsta rap → trance,1
gangsta rap → country,1
gangsta rap → breakbeat,1
gangsta rap → easy listening,1
gangsta rap → battle rap,1
gangsta rap → ambient,1
gangsta rap → deep house,1
gangsta rap → hard rock,1
gangsta rap → rock opera,1
gangsta rap → experimental,1
gangsta rap → comedy hip hop,1
gangsta rap → dirty south,1
gangsta rap → boogie,1
alternative dance → deep house,1
alternative dance → ambient pop,1
alternative dance → progressive house,1
alternative dance → celtic,1
alternative dance → electro house,1
alternative dance → heavy metal,1
alternative dance → idm,1
alternative dance → contemporary r&b,1
alternative dance → post-punk revival,1
alternative dance → grunge,1
alternative dance → avant-garde,1
alternative dance → indie pop,1
alternative dance → art pop,1
bass house → funk metal,1
bass house → acid trance,1
bass house → musical,1
bass house → big beat,1
bass house → 2-step,1
bass house → progressive house,1
bass house → techno,1
bass house → chillout,1
bass house → hi-tech full-on,1
bass house → future riddim,1
bass house → melodic dubstep,1
bass house → dutch house,1
bass house → symphonic metal,1
bass house → speed house,1
bass house → alternative rock,1
bass house → dance-pop,1
bass house → halftime,1
bass house → soul,1
bass house → east coast hip hop,1
bass house → jersey club,1
bass house → happy hardcore,1
bass house → jungle,1
k-pop → alternative pop,1
k-pop → symphonic rock,1
k-pop → dance,1
k-pop → house,1
k-pop → electropop,1
k-pop → city pop,1
k-pop → j-rock,1
k-pop → psychedelic rock,1
k-pop → 2-step,1
k-pop → electro house,1
k-pop → chiptune,1
k-pop → classic rock,1
k-pop → dubstep,1
k-pop → pop rock,1
k-pop → electro,1
k-pop → musical,1
k-pop → instrumental,1
k-pop → classical,1
k-pop → idm,1
k-pop → ambient,1
indie rock → roots rock,1
indie rock → club,1
indie rock → afrobeat,1
indie rock → neo-psychedelia,1
indie rock → comedy,1
indie rock → calypso,1
indie rock → gregorian chant,1
indie rock → easy listening,1
indie rock → atmospheric black metal,1
indie rock → r&b,1
indie rock → jazz,1
indie rock → folk rock,1
indie rock → reggaeton,1
indie rock → indietronica,1
indie rock → post-rock,1
indie rock → shoegaze,1
indie rock → highlife,1
indie rock → soft rock,1
indie rock → power pop,1
indie rock → reggae,1
indie rock → disco,1
indie rock → dub,1
indie rock → psychedelic pop,1
indie rock → avant-garde,1
indie rock → country blues,1
complextro → industrial metal,1
complextro → gangsta rap,1
complextro → big room house,1
complextro → drumstep,1
complextro → ambient house,1
complextro → glitch hop,1
complextro → progressive trance,1
complextro → dance-pop,1
complextro → nu disco,1
complextro → club,1
complextro → breakbeat,1
complextro → brostep,1
complextro → contemporary r&b,1
complextro → alternative rock,1
complextro → house,1
complextro → rock,1
complextro → trance,1
complextro → boogie,1
dub → crossover jazz,1
dub → folktronica,1
dub → comedy,1
dub → ragga,1
dub → stoner rock,1
dub → soul,1
dub → electro swing,1
dub → electronic rock,1
dub → dark wave,1
dub → breakcore,1
dub → symphonic rock,1
dub → folk,1
dub → bossa nova,1
dub → electro house,1
dub → dub techno,1
dub → post-punk,1
dub → lovers rock,1
dub → rock and roll,1
dub → deep house,1
progressive house → alternative pop,1
progressive house → vocal trance,1
progressive house → future rave,1
progressive house → thrash metal,1
progressive house → progressive breaks,1
progressive house → country,1
progressive house → melodic house,1
progressive house → folk,1
progressive house → french electro,1
progressive house → electronica,1
progressive house → hip hop,1
progressive house → new wave,1
progressive house → glitch hop,1
progressive house → deconstructed club,1
progressive house → big beat,1
progressive house → edm,1
progressive house → microhouse,1
progressive house → chiptune,1
progressive house → club,1
progressive house → rock,1
progressive house → funk,1
progressive house → ambient techno,1
progressive house → halftime,1
progressive house → slap house,1
progressive house → nu disco,1
progressive house → glitch pop,1
nu jazz → afro-cuban jazz,1
contemporary r&b → eurobeat,1
contemporary r&b → filmi,1
contemporary r&b → electropop,1
contemporary r&b → chiptune,1
contemporary r&b → bounce,1
contemporary r&b → new orleans r&b,1
contemporary r&b → crunk,1
contemporary r&b → dub,1
contemporary r&b → downtempo,1
contemporary r&b → edm,1
contemporary r&b → classic rock,1
contemporary r&b → dirty south,1
contemporary r&b → philly soul,1
contemporary r&b → diva house,1
contemporary r&b → g-funk,1
contemporary r&b → big beat,1
contemporary r&b → tropical house,1
contemporary r&b → art pop,1
contemporary r&b → deep house,1
contemporary r&b → city pop,1
contemporary r&b → instrumental,1
contemporary r&b → chillout,1
contemporary r&b → pop rap,1
contemporary r&b → freestyle,1
contemporary r&b → gospel,1
comedy → bubblegum bass,1
comedy → rock and roll,1
comedy → non-music,1
comedy → thrash metal,1
comedy → latin,1
comedy → reggae,1
comedy → dream pop,1
comedy → hyperpop,1
comedy → instrumental,1
comedy → hardcore hip hop,1
comedy → art pop,1
comedy → bubblegum pop,1
comedy → baroque pop,1
comedy → techno,1
comedy → alternative r&b,1
comedy → trip hop,1
comedy → post-hardcore,1
comedy → blues,1
comedy → power metal,1
comedy → punk rock,1
comedy → progressive rock,1
comedy → chanson française,1
comedy → country rock,1
comedy → west coast hip hop,1
comedy → indie pop,1
comedy → conscious hip hop,1
comedy → atmospheric drum and bass,1
comedy → bitpop,1
comedy → gangsta rap,1
comedy → synthwave,1
comedy → musical,1
comedy → bedroom pop,1
comedy → latin pop,1
comedy → trap edm,1
comedy → children's music,1
comedy → modern classical,1
comedy → noise,1
comedy → denpa,1
comedy → big band,1
comedy → cyber metal,1
comedy → broken beat,1
comedy → breakcore,1
comedy → moogsploitation,1
comedy → psychedelic rock,1
comedy → electronica,1
comedy → rave,1
comedy → big room house,1
comedy → post-punk,1
comedy → eurobeat,1
comedy → happy hardcore,1
comedy → lo-fi,1
darksynth → ambient,1
darksynth → french electro,1
darksynth → pop,1
darksynth → electronica,1
darksynth → blues,1
darksynth → electro,1
darksynth → hard rock,1
darksynth → rock,1
darksynth → pop rock,1
darksynth → drum and bass,1
darksynth → orchestral,1
hardstyle → tech house,1
hardstyle → industrial metal,1
hardstyle → electro-industrial,1
hardstyle → house,1
hardstyle → christmas music,1
hardstyle → moombahcore,1
hardstyle → chiptune,1
hardstyle → k-pop,1
hardstyle → pop rap,1
hardstyle → modern classical,1
big beat → children's music,1
big beat → doo-wop,1
big beat → britcore,1
big beat → acoustic rock,1
big beat → grunge,1
big beat → filmi,1
big beat → garage rock,1
big beat → bebop,1
big beat → alternative metal,1
big beat → post-hardcore,1
big beat → afrobeat,1
big beat → boom bap,1
big beat → digital hardcore,1
big beat → r&b,1
big beat → persian pop,1
big beat → gothic rock,1
big beat → synth-pop,1
big beat → pop rock,1
big beat → renaissance,1
big beat → blues,1
big beat → alternative dance,1
big beat → rave,1
big beat → bossa nova,1
big beat → acid jazz,1
big beat → indie pop,1
big beat → spoken word,1
big beat → progressive rock,1
big beat → miami bass,1
big beat → arena rock,1
big beat → blues rock,1
big beat → cool jazz,1
big beat → reggae,1
big beat → progressive house,1
big beat → art rock,1
drone → alternative rock,1
drone → experimental,1
drone → krautrock,1
drone → techno,1
drone → avant-garde,1
drone → dark wave,1
drone → breakcore,1
drone → modern classical,1
drone → alternative r&b,1
drone → digicore,1
drone → comedy,1
drone → chopped and screwed,1
drone → pop,1
drone → dark ambient,1
alternative rock → smooth jazz,1
alternative rock → east coast hip hop,1
alternative rock → gangsta rap,1
alternative rock → production music,1
alternative rock → breakbeat,1
alternative rock → euro house,1
alternative rock → garage rock,1
alternative rock → dutch house,1
alternative rock → southern rock,1
alternative rock → alternative punk,1
alternative rock → avant-garde metal,1
alternative rock → folk metal,1
alternative rock → dark electro,1
alternative rock → breaks,1
alternative rock → electronic rock,1
alternative rock → conscious hip hop,1
alternative rock → alternative country,1
alternative rock → hyperpop,1
alternative rock → glam rock,1
alternative rock → stoner rock,1
alternative rock → electro house,1
alternative rock → europop,1
alternative rock → baroque,1
alternative rock → groove metal,1
alternative rock → jazz rock,1
alternative rock → denpa,1
alternative rock → glitch,1
alternative rock → metalcore,1
alternative rock → pop punk,1
alternative rock → leftfield,1
alternative rock → afrobeat,1
alternative rock → broken beat,1
alternative rock → math rock,1
alternative rock → opera,1
alternative rock → space rock,1
alternative rock → minimal synth,1
alternative rock → big beat,1
alternative rock → complextro,1
alternative rock → slowcore,1
alternative rock → big band,1
alternative rock → no wave,1
alternative rock → beat poetry,1
alternative rock → punk rock,1
alternative rock → spoken word,1
alternative rock → post-grunge,1
alternative rock → baroque pop,1
alternative rock → post-rock,1
alternative rock → acid jazz,1
alternative rock → symphonic rock,1
alternative rock → hyphy,1
alternative rock → chiptune,1
alternative rock → cumbia,1
alternative rock → ska punk,1
ebm → electropop,1
ebm → alternative pop,1
ebm → hard rock,1
ebm → k-pop,1
ebm → coldwave,1
ebm → chillout,1
ebm → black metal,1
ebm → drum and bass,1
ebm → garage rock,1
ebm → alternative dance,1
ebm → metal,1
ebm → punk,1
ebm → grindcore,1
ebm → futurepop,1
ebm → dance-pop,1
soul → downtempo,1
soul → northern soul,1
soul → blue-eyed soul,1
soul → instrumental,1
soul → abstract hip hop,1
soul → deep house,1
soul → vocal jazz,1
soul → smooth jazz,1
soul → philly soul,1
soul → gospel,1
soul → gangsta rap,1
soul → motown,1
soul → rock and roll,1
soul → easy listening,1
soul → art pop,1
soul → boogie,1
soul → avant-prog,1
soul → dance,1
bossa nova → latin jazz,1
bossa nova → k-pop,1
bossa nova → avant-garde jazz,1
bossa nova → indie pop,1
funk → electro,1
funk → rockabilly,1
funk → k-pop,1
funk → club,1
funk → ambient,1
funk → deep house,1
funk → dance-pop,1
funk → industrial,1
funk → funk metal,1
funk → latin,1
funk → country,1
funk → dub,1
funk → g-funk,1
funk → new wave,1
funk → jazz-funk,1
funk → breaks,1
funk → dance,1
funk → trip hop,1
funk → pop rock,1
funk → dance-rock,1
jazz → new orleans r&b,1
jazz → acoustic blues,1
jazz → neo soul,1
jazz → free improvisation,1
jazz → lo-fi,1
jazz → afrobeat,1
jazz → classic jazz,1
jazz → swing,1
jazz → rock and roll,1
jazz → trip hop,1
jazz → ethio-jazz,1
jazz → new wave,1
jazz → dubstep,1
jazz → christmas music,1
jazz → cool jazz,1
jazz → broken beat,1
jazz → instrumental jazz,1
jazz → gospel,1
jazz → dixieland,1
jazz → breakbeat,1
jazz → ambient,1
jazz → afro-cuban jazz,1
jazz → soul jazz,1
jazz → chillout,1
jazz → dub,1
jazz → gamelan,1
soft rock → electro,1
soft rock → alternative rock,1
soft rock → piano rock,1
soft rock → soul,1
nerdcore → heavy metal,1
nerdcore → chiptune,1
nerdcore → lo-fi,1
nerdcore → dance,1
nerdcore → r&b,1
nerdcore → electronic,1
nerdcore → nu metal,1
nerdcore → pop rock,1
nerdcore → disco,1
nerdcore → dark wave,1
nerdcore → synth-pop,1
nerdcore → alternative hip hop,1
nerdcore → edm,1
nerdcore → funk,1
classic rock → heavy metal,1
classic rock → psychedelic,1
classic rock → death metal,1
classic rock → jangle pop,1
classic rock → musical,1
classic rock → country rock,1
classic rock → thrash metal,1
classic rock → reggae,1
classic rock → pop rock,1
classic rock → dance-pop,1
classic rock → dance,1
classic rock → celtic,1
classic rock → industrial,1
classic rock → grunge,1
classic rock → southern rock,1
classic rock → jazz,1
classic rock → pop rap,1
classic rock → alternative dance,1
classic rock → melodic death metal,1
classic rock → neue deutsche welle,1
classic rock → blue-eyed soul,1
classic rock → progressive metal,1
classic rock → arena rock,1
alternative pop → comedy,1
alternative pop → contemporary r&b,1
alternative pop → post-rock,1
alternative pop → filmi,1
alternative pop → northern soul,1
alternative pop → east coast hip hop,1
alternative pop → alternative folk,1
alternative pop → bubblegum bass,1
alternative pop → classical,1
alternative pop → indietronica,1
alternative pop → chamber pop,1
alternative pop → ballad,1
alternative pop → folk pop,1
alternative pop → soul,1
alternative pop → 2-step,1
alternative pop → dream pop,1
alternative pop → alternative r&b,1
alternative pop → ballet,1
alternative pop → afrobeat,1
alternative pop → electropop,1
alternative pop → hip house,1
alternative pop → gospel,1
dance-pop → glitch hop,1
dance-pop → italo-disco,1
dance-pop → dirty south,1
dance-pop → chillout,1
dance-pop → dub,1
dance-pop → chiptune,1
dance-pop → gothic metal,1
dance-pop → britpop,1
dance-pop → pop punk,1
dance-pop → bubblegum bass,1
dance-pop → comedy,1
dance-pop → art rock,1
dance-pop → jazz,1
dance-pop → big room house,1
dance-pop → acid house,1
dance-pop → 2-step,1
dance-pop → nederpop,1
dance-pop → samba,1
dance-pop → bassline,1
dance-pop → punk rock,1
dance-pop → complextro,1
dance-pop → brostep,1
dance-pop → deep house,1
dance-pop → hyperpop,1
dance-pop → progressive rock,1
dance-pop → southern rock,1
dance-pop → gangsta rap,1
dance-pop → neo soul,1
dance-pop → alternative metal,1
dance-pop → punk,1
dance-pop → crunk,1
dance-pop → bro-country,1
dance-pop → tropical house,1
dance-pop → pop soul,1
dance-pop → new age,1
dance-pop → latin pop,1
dance-pop → instrumental,1
dance-pop → industrial,1
dance-pop → bounce,1
dance-pop → j-rock,1
dance-pop → nu disco,1
dance-pop → kayōkyoku,1
dance-pop → math rock,1
dance-pop → folk,1
dance-pop → chillwave,1
dance-pop → art pop,1
dance-pop → breakbeat,1
dance-pop → emo rap,1
dance-pop → conscious hip hop,1
dance-pop → future garage,1
dance-pop → afrobeats,1
dance-pop → cyberpunk,1
dance-pop → grunge,1
dance-pop → midtempo bass,1
dance-pop → doo-wop,1
dance-pop → bitpop,1
dance-pop → big beat,1
dance-pop → breaks,1
dance-pop → soft rock,1
brass band → downtempo,1
brass band → electronic,1
brass band → dance,1
blue-eyed soul → electronic,1
blue-eyed soul → dance-pop,1
blue-eyed soul → downtempo,1
blue-eyed soul → rock,1
breakcore → hardcore punk,1
breakcore → folk pop,1
breakcore → blue-eyed soul,1
breakcore → alternative hip hop,1
breakcore → singer-songwriter,1
breakcore → death metal,1
breakcore → glitch hop,1
breakcore → ambient pop,1
breakcore → jump up,1
breakcore → gabber,1
breakcore → trip hop,1
breakcore → math rock,1
breakcore → dariacore,1
breakcore → big beat,1
breakcore → future bounce,1
breakcore → trap edm,1
breakcore → aggrotech,1
breakcore → raggacore,1
breakcore → broken beat,1
breakcore → jungle,1
breakcore → funktronica,1
breakcore → modern classical,1
breakcore → bossa nova,1
breakcore → nerdcore,1
breakcore → art rock,1
breakcore → denpa,1
breakcore → industrial metal,1
breakcore → folk,1
breakcore → dream pop,1
breakcore → midtempo bass,1
breakcore → deathstep,1
breakcore → blackgaze,1
breakcore → atmospheric drum and bass,1
breakcore → metal,1
breakcore → house,1
breakcore → harsh noise,1
breakcore → j-core,1
breakcore → vocal trance,1
breakcore → celtic electronica,1
breakcore → indie pop,1
breakcore → briddim,1
breakcore → deep house,1
breakcore → bass house,1
breakcore → hybrid trap,1
breakcore → brostep,1
breakcore → folktronica,1
breakcore → nu disco,1
breakcore → children's music,1
breakcore → orchestral,1
breakcore → digicore,1
breakcore → pop punk,1
breakcore → field recording,1
breakcore → electronica,1
breakcore → drill,1
breakcore → tropical house,1
breakcore → big band,1
breakcore → bassline,1
breakcore → comedy,1
breakcore → drumstep,1
big band → ska,1
big band → breaks,1
industrial → thrash metal,1
industrial → art pop,1
industrial → honky tonk,1
industrial → post-punk,1
industrial → blues rock,1
industrial → dream pop,1
industrial → classical,1
industrial → pop,1
industrial → jazz,1
industrial → dance-rock,1
industrial → electronica,1
industrial → disco,1
industrial → instrumental,1
industrial → darksynth,1
industrial → pop rock,1
folk rock → art rock,1
folk rock → blues rock,1
folk rock → celtic,1
folk rock → british folk rock,1
folk rock → singer-songwriter,1
folk rock → néo-trad,1
folk rock → r&b,1
folk rock → hard rock,1
folk rock → alternative pop,1
folk rock → electro house,1
folk rock → indie folk,1
folk rock → alternative folk,1
folk rock → roots rock,1
folk rock → nature sounds,1
folk rock → classical,1
folk rock → disco,1
folk rock → contemporary christian,1
folk rock → soft rock,1
folk rock → psychedelic rock,1
latin → tango,1
latin → house,1
latin → folk,1
latin → vallenato,1
latin → electro house,1
latin → club,1
latin → europop,1
latin → drum and bass,1
latin → latin rock,1
latin → folk rock,1
latin → pop rap,1
latin → downtempo,1
latin → blues,1
latin → funk,1
latin → avant-garde,1
latin → brostep,1
latin → euro house,1
latin → merengue,1
latin → acoustic rock,1
latin → afro-cuban jazz,1
latin → trap latino,1
latin → contemporary r&b,1
ballad → boogie,1
ballad → vocal trance,1
ballad → folk,1
ballad → contemporary r&b,1
ballad → folktronica,1
ballad → city pop,1
ballad → contemporary country,1
ballad → praise & worship,1
ballad → garage rock,1
ballad → dance,1
ballad → acid jazz,1
ballad → edm,1
ballad → bossa nova,1
ballad → musical,1
ballad → folk pop,1
ballad → breakbeat,1
ballad → cantopop,1
ballad → alternative dance,1
ballad → neo soul,1
ballad → punk,1
ballad → drum and bass,1
ballad → cinematic classical,1
ballad → raï,1
ballad → christmas music,1
ballad → avant-garde metal,1
ballad → deep house,1
electronica → britpop,1
electronica → folk,1
electronica → indietronica,1
electronica → classical,1
electronica → easy listening,1
electronica → new wave,1
electronica → eurobeat,1
electronica → folk rock,1
electronica → rock,1
electronica → new age,1
electronica → future garage,1
electronica → progressive electronic,1
electronica → electropop,1
electronica → colour bass,1
electronica → garage punk,1
electronica → alternative pop,1
electronica → psytrance,1
electronica → experimental,1
electronica → glitch hop,1
electronica → trap,1
electronica → blues rock,1
electronica → soft rock,1
electronica → dancefloor drum and bass,1
electronica → progressive rock,1
electronica → brostep,1
electronica → contemporary jazz,1
electronica → psychedelic rock,1
electronica → reggae,1
midtempo bass → electropop,1
midtempo bass → electro house,1
midtempo bass → deconstructed club,1
midtempo bass → breakbeat,1
trance → cinematic classical,1
trance → irish folk,1
trance → art pop,1
trance → progressive rock,1
trance → complextro,1
trance → goa trance,1
trance → electropop,1
trance → slap house,1
trance → indietronica,1
trance → drumstep,1
trance → classical,1
trance → psychedelic rock,1
trance → punk,1
trance → contemporary r&b,1
trance → reggae,1
trance → pop rock,1
trance → soul,1
trance → metal,1
trance → dark wave,1
trance → alternative dance,1
trance → grunge,1
trance → breakbeat,1
folk → kayōkyoku,1
folk → electro,1
folk → blues,1
folk → freak folk,1
folk → instrumental,1
folk → british folk rock,1
folk → singer-songwriter,1
folk → alternative country,1
folk → schlager,1
folk → steampunk,1
folk → indie folk,1
folk → pop rock,1
folk → gypsy jazz,1
folk → alternative hip hop,1
folk → dance-pop,1
folk → sound collage,1
folk → drone,1
folk → alternative folk,1
folk → club,1
folk → punk,1
folk → field recording,1
downtempo → dark electro,1
downtempo → bluegrass,1
downtempo → uk hardcore,1
downtempo → psytrance,1
downtempo → art rock,1
downtempo → east coast hip hop,1
downtempo → folk rock,1
downtempo → bass house,1
downtempo → jazz rock,1
downtempo → country rock,1
downtempo → neo soul,1
downtempo → minimal techno,1
downtempo → chanson française,1
downtempo → psybient,1
downtempo → contemporary jazz,1
downtempo → progressive trance,1
downtempo → neurofunk,1
downtempo → glitch hop,1
downtempo → metalcore,1
downtempo → heavy metal,1
downtempo → big band,1
downtempo → baroque pop,1
downtempo → glitch,1
downtempo → alternative metal,1
downtempo → europop,1
downtempo → ambient techno,1
downtempo → tech house,1
downtempo → afro house,1
downtempo → instrumental rock,1
downtempo → dancehall,1
downtempo → vaportrap,1
downtempo → acid house,1
downtempo → bolero,1
downtempo → euro house,1
downtempo → folk pop,1
downtempo → non-music,1
downtempo → worldbeat,1
downtempo → vocal jazz,1
downtempo → reggae,1
downtempo → indie pop,1
downtempo → dub techno,1
downtempo → future garage,1
downtempo → progressive house,1
downtempo → tango,1
downtempo → chiptune,1
downtempo → indietronica,1
downtempo → psychedelic,1
downtempo → turntablism,1
downtempo → lounge,1
downtempo → comedy,1
field recording → experimental,1
field recording → breakcore,1
art rock → lo-fi,1
art rock → doom metal,1
art rock → contemporary jazz,1
art rock → crossover prog,1
art rock → singer-songwriter,1
art rock → art pop,1
art rock → art punk,1
art rock → alternative pop,1
art rock → blues,1
art rock → techno,1
art rock → punk,1
art rock → progressive metal,1
art rock → dubstep,1
progressive rock → j-pop,1
progressive rock → dark wave,1
progressive rock → progressive metal,1
progressive rock → metal,1
progressive rock → blues rock,1
progressive rock → electronic rock,1
progressive rock → folk metal,1
progressive rock → indie rock,1
progressive rock → gothic,1
progressive rock → medieval,1
progressive rock → arena rock,1
progressive rock → death metal,1
heavy metal → metalcore,1
heavy metal → free jazz,1
heavy metal → disco,1
heavy metal → progressive rock,1
heavy metal → electronic,1
heavy metal → industrial metal,1
heavy metal → speed metal,1
heavy metal → technical death metal,1
heavy metal → breaks,1
heavy metal → instrumental rock,1
heavy metal → christmas music,1
heavy metal → nu metal,1
heavy metal → gothic rock,1
heavy metal → symphonic metal,1
heavy metal → funk,1
heavy metal → classic rock,1
philly soul → soul,1
philly soul → disco,1
acoustic rock → hip hop,1
acoustic rock → funk,1
acoustic rock → country,1
acoustic rock → j-rock,1
acoustic rock → metal,1
acoustic rock → pop,1
acoustic rock → classical,1
acoustic rock → ambient,1
acoustic rock → progressive rock,1
trap → trap edm,1
trap → contemporary r&b,1
trap → indie pop,1
trap → techno,1
trap → drum and bass,1
trap → east coast hip hop,1
trap → house,1
trap → gangsta rap,1
trap → electro house,1
trap → power metal,1
trap → glitch hop edm,1
trap → comedy,1
trap → alternative hip hop,1
trap → r&b,1
trap → grime,1
trap → brostep,1
trap → dancehall,1
trap → acid house,1
trap → j-pop,1
trap → complextro,1
trap → emo rap,1
trap → neurofunk,1
trap → ambient,1
trap → hard bop,1
trap → ambient house,1
trap → disco,1
trap → pop rap,1
trap → progressive rock,1
trap → blues,1
dancehall → drum and bass,1
dancehall → dub,1
dancehall → latin,1
dancehall → crunk,1
dancehall → alternative rock,1
dancehall → deep house,1
dancehall → hard rock,1
dancehall → experimental,1
dancehall → reggaeton,1
dancehall → acid house,1
dancehall → ragga,1
dancehall → j-pop,1
dancehall → new age,1
coldwave → blues rock,1
coldwave → ebm,1
coldwave → disco,1
coldwave → alternative rock,1
progressive metal → classic rock,1
progressive metal → alternative metal,1
progressive metal → art rock,1
progressive metal → djent,1
gospel → contemporary r&b,1
gospel → christian rock,1
gospel → christmas music,1
gospel → contemporary christian,1
gospel → pop rock,1
gospel → bounce,1
rock and roll → swamp pop,1
rock and roll → doo-wop,1
rock and roll → hard rock,1
rock and roll → pop rock,1
rock and roll → blues rock,1
rock and roll → ballad,1
black metal → hard rock,1
black metal → ebm,1
black metal → viking metal,1
black metal → punk,1
black metal → groove metal,1
black metal → big band,1
black metal → hardcore punk,1
black metal → melodic death metal,1
black metal → shoegaze,1
black metal → pagan black metal,1
black metal → deathcore,1
black metal → jazz,1
black metal → pop,1
black metal → folk metal,1
pop punk → punk rock,1
pop punk → hip hop,1
pop punk → non-music,1
pop punk → electronic,1
pop punk → acoustic rock,1
pop punk → alternative punk,1
pop punk → ballad,1
pop punk → emo,1
pop punk → blues,1
pop punk → alternative pop,1
pop punk → country blues,1
pop punk → comedy,1
latin pop → latin ballad,1
latin pop → calypso,1
latin pop → contemporary r&b,1
blues rock → electro,1
blues rock → alternative rock,1
blues rock → country,1
blues rock → ballad,1
blues rock → psychedelic rock,1
blues rock → southern rock,1
blues rock → brostep,1
blues rock → idm,1
blues rock → punk,1
reggaeton → contemporary r&b,1
reggaeton → bolero,1
reggaeton → calypso,1
reggaeton → pop rap,1
reggaeton → house,1
reggaeton → neo soul,1
dub techno → midtempo bass,1
dub techno → idm,1
dub techno → math rock,1
g-funk → jazz,1
g-funk → freestyle,1
g-funk → rock,1
g-funk → electronic,1
g-funk → dance-pop,1
g-funk → electro,1
j-rock → pop rock,1
j-rock → punk,1
j-rock → hip hop,1
j-rock → asian rock,1
j-rock → ebm,1
smooth jazz → disco,1
smooth jazz → soul,1
smooth jazz → sophisti-pop,1
smooth jazz → alternative r&b,1
synth-pop → industrial metal,1
synth-pop → alternative r&b,1
synth-pop → classical,1
synth-pop → children's music,1
synth-pop → new age,1
synth-pop → soul,1
synth-pop → r&b,1
synth-pop → big band,1
synth-pop → italo-disco,1
synth-pop → alternative pop,1
synth-pop → dub,1
synth-pop → trance,1
synth-pop → country,1
synth-pop → j-rock,1
synth-pop → indie pop,1
synth-pop → psychedelic rock,1
synth-pop → jazz,1
synth-pop → funk,1
synth-pop → dance,1
synth-pop → electro house,1
synth-pop → bossa nova,1
merengue → hip hop,1
merengue → reggaeton,1
acid house → funk,1
acid house → soul,1
acid house → rock,1
acid house → jazz,1
acid house → techno,1
acid house → boogie,1
acid house → folk,1
acid house → dance-pop,1
acid house → jazz-funk,1
acid house → big beat,1
acid house → contemporary jazz,1
acid house → r&b,1
acid house → latin,1
acid house → electro house,1
acid house → alternative dance,1
acid house → breaks,1
acid house → contemporary r&b,1
acid house → comedy,1
filmi → rock,1
filmi → bhavageethe,1
filmi → dance,1
filmi → ghazal,1
filmi → reggae,1
filmi → qawwali,1
filmi → bhajan,1
idol kayō → dance-pop,1
idol kayō → boogie,1
idol kayō → synth-pop,1
idol kayō → enka,1
psychedelic rock → psychedelic pop,1
psychedelic rock → drone,1
psychedelic rock → soul,1
psychedelic rock → garage rock,1
psychedelic rock → post-rock,1
psychedelic rock → art rock,1
psychedelic rock → funk,1
psychedelic rock → blues,1
pop rap → chanson française,1
pop rap → latin,1
pop rap → r&b,1
pop rap → reggae,1
pop rap → j-rock,1
pop rap → indie pop,1
pop rap → dance-pop,1
pop rap → europop,1
pop rap → k-pop,1
pop rap → motown,1
pop rap → punk rock,1
pop rap → cloud rap,1
pop rap → filmi,1
pop rap → pop rock,1
pop rap → j-pop,1
pop rap → trap,1
pop rap → electro,1
pop rap → smooth soul,1
pop rap → electropop,1
pop rap → comedy,1
pop rap → hardcore hip hop,1
pop rap → art pop,1
pop rap → jazz,1
pop rap → dancehall,1
pop rap → classical,1
pop rap → eurobeat,1
pop rap → alternative rock,1
pop rap → funk,1
pop rap → acoustic rock,1
pop rap → brostep,1
krautrock → pop,1
krautrock → ambient,1
krautrock → indie pop,1
krautrock → pop rock,1
kayōkyoku → j-pop,1
kayōkyoku → aor,1
boom bap → smooth jazz,1
boom bap → electropop,1
boom bap → dance,1
boom bap → blues,1
boom bap → christmas music,1
boom bap → chillwave,1
boom bap → electro,1
boom bap → gangsta rap,1
boom bap → jazz-funk,1
boom bap → dancehall,1
boom bap → classical,1
boom bap → comedy hip hop,1
boom bap → underground hip hop,1
boom bap → ballad,1
boom bap → progressive rock,1
boom bap → neo soul,1
boom bap → breaks,1
boom bap → pop rap,1
boom bap → chicago soul,1
boom bap → abstract hip hop,1
non-music → rock,1
electropunk → electronic,1
electropunk → pop,1
broken beat → chiptune,1
broken beat → country,1
broken beat → grime,1
broken beat → piano rock,1
broken beat → bossa nova,1
broken beat → reggaeton,1
broken beat → trance,1
broken beat → contemporary jazz,1
broken beat → breakbeat,1
broken beat → boogie,1
broken beat → breaks,1
broken beat → smooth jazz,1
breakbeat → brostep,1
breakbeat → atmospheric drum and bass,1
breakbeat → dark wave,1
breakbeat → electro house,1
breakbeat → musical,1
breakbeat → electroclash,1
breakbeat → lolicore,1
breakbeat → trap edm,1
breakbeat → liquid funk,1
breakbeat → bounce,1
breakbeat → uk garage,1
breakbeat → singer-songwriter,1
breakbeat → britpop,1
breakbeat → idol kayō,1
breakbeat → dance-rock,1
breakbeat → ragga,1
breakbeat → death metal,1
breakbeat → post-industrial,1
breakbeat → easy listening,1
breakbeat → bass house,1
breakbeat → halftime,1
breakbeat → trap,1
breakbeat → cumbia,1
breakbeat → contemporary christian,1
breakbeat → hardcore hip hop,1
breakbeat → big band,1
breakbeat → euro house,1
breakbeat → bossa nova,1
breakbeat → avant-garde,1
breakbeat → metal,1
breakbeat → abstract hip hop,1
breakbeat → denpa,1
breakbeat → folk rock,1
breakbeat → electro-industrial,1
breakbeat → eurodance,1
breakbeat → garage rock,1
breakbeat → acid breaks,1
breakbeat → briddim,1
breakbeat → psytrance,1
breakbeat → dream pop,1
breakbeat → punk rock,1
breakbeat → east coast hip hop,1
breakbeat → ragga jungle,1
breakbeat → hardcore punk,1
breakbeat → art rock,1
breakbeat → experimental hip hop,1
breakbeat → pop punk,1
breakbeat → cool jazz,1
ambient pop → dance-pop,1
ambient pop → pop,1
ambient pop → jazz,1
ambient pop → synth-pop,1
ambient pop → sunshine pop,1
ambient pop → acid house,1
ambient pop → r&b,1
ambient pop → psychedelic rock,1
ambient pop → house,1
ambient pop → instrumental,1
ambient pop → grindcore,1
ambient pop → latin,1
ambient pop → dance,1
ambient pop → edm,1
christmas music → easy listening,1
christmas music → symphonic metal,1
christmas music → synth-pop,1
christmas music → children's music,1
christmas music → electro,1
christmas music → indie rock,1
christmas music → contemporary christian,1
christmas music → electronic,1
christmas music → digital fusion,1
christmas music → breakcore,1
christmas music → r&b,1
christmas music → rock and roll,1
christmas music → blues,1
christmas music → hip hop,1
christmas music → jazz,1
atmospheric drum and bass → 2 tone,1
atmospheric drum and bass → pop,1
atmospheric drum and bass → experimental hip hop,1
atmospheric drum and bass → j-pop,1
atmospheric drum and bass → children's music,1
future riddim → melodic dubstep,1
future riddim → electronic,1
future riddim → ballad,1
melodic dubstep → future bass,1
melodic dubstep → downtempo,1
melodic dubstep → indietronica,1
melodic dubstep → future rave,1
melodic dubstep → dubstep,1
melodic dubstep → ambient,1
melodic dubstep → psytrance,1
melodic dubstep → pop,1
anarcho-punk → pop,1
anarcho-punk → deathrock,1
anarcho-punk → alternative rock,1
punk → math rock,1
punk → post-punk,1
punk → spoken word,1
punk → experimental,1
punk → crust punk,1
punk → mod,1
punk → electro,1
punk → eurodance,1
punk → indie rock,1
punk → avant-garde,1
punk → crack rock steady,1
punk → alternative punk,1
punk → post-hardcore,1
punk → garage rock,1
punk → funk,1
punk → grunge,1
punk → gangsta rap,1
punk → reggae,1
punk → noise pop,1
punk → ska,1
punk → punk rock,1
happy hardcore → soul,1
happy hardcore → donk,1
happy hardcore → j-core,1
happy hardcore → alternative rock,1
happy hardcore → ytpmv,1
happy hardcore → breaks,1
happy hardcore → bassline,1
happy hardcore → gabber,1
happy hardcore → alternative dance,1
happy hardcore → rock,1
happy hardcore → electropop,1
happy hardcore → mad,1
alternative metal → hardcore punk,1
alternative metal → drum and bass,1
alternative metal → pop,1
alternative metal → seapunk,1
alternative metal → disco,1
alternative metal → art pop,1
alternative metal → east coast hip hop,1
alternative metal → space rock,1
alternative metal → death metal,1
alternative metal → melodic death metal,1
alternative metal → classic rock,1
alternative metal → vaportrap,1
alternative metal → gothic rock,1
alternative metal → dance-pop,1
alternative metal → post-grunge,1
alternative metal → pop rock,1
alternative metal → avant-garde metal,1
alternative metal → colour bass,1
dirty south → disco,1
dirty south → dance,1
dirty south → pop,1
dirty south → g-funk,1
dirty south → funk,1
dirty south → electronic,1
dirty south → blues,1
dirty south → hardcore hip hop,1
dirty south → modern classical,1
britpop → blues,1
britpop → indian classical,1
britpop → hip hop,1
britpop → easy listening,1
britpop → nu metal,1
britpop → brill building,1
britpop → indie rock,1
uk hardcore → big room house,1
uk hardcore → festival progressive house,1
uk hardcore → melodic trance,1
uk hardcore → euphoric hardstyle,1
uk hardcore → brostep,1
uk hardcore → alternative rock,1
uk hardcore → j-core,1
uk hardcore → synthwave,1
uk hardcore → drumstep,1
uk hardcore → future bass,1
uk hardcore → hip hop,1
uk hardcore → electronica,1
uk hardcore → eurobeat,1
post-rock → hip hop,1
post-rock → downtempo,1
post-rock → mod,1
post-rock → psychedelic rock,1
post-rock → glitch,1
post-rock → pop rock,1
post-rock → instrumental,1
post-rock → dream pop,1
hardcore punk → alternative rock,1
hardcore punk → funk metal,1
hardcore punk → deathstep,1
hardcore punk → punk rock,1
hardcore punk → electronic,1
yakousei → electronic,1
punk rock → folk,1
punk rock → funk,1
punk rock → hard rock,1
punk rock → contemporary r&b,1
punk rock → alternative rock,1
punk rock → post-punk,1
punk rock → digital hardcore,1
audio drama → production music,1
trap edm → synth-pop,1
trap edm → downtempo,1
trap edm → bass house,1
trap edm → idm,1
trap edm → big beat,1
trap edm → euphoric hardstyle,1
trap edm → alternative rock,1
trap edm → pop rock,1
trap edm → slimepunk,1
trap edm → k-pop,1
trap edm → progressive house,1
trap edm → breakcore,1
trap edm → hardwave,1
bassline → hardcore breaks,1
bassline → hip house,1
bassline → donk,1
bassline → tech house,1
bassline → rock,1
bassline → alternative metal,1
bassline → alternative hip hop,1
bassline → bubblegum bass,1
bassline → alternative pop,1
bassline → chillstep,1
bassline → alternative r&b,1
bassline → glitch hop edm,1
bassline → breakcore,1
bassline → breakbeat,1
bassline → trap,1
bassline → hip hop,1
experimental rock → heavy metal,1
experimental rock → progressive metal,1
experimental rock → experimental,1
experimental rock → avant-garde,1
experimental rock → krautrock,1
experimental rock → hard rock,1
experimental rock → art rock,1
art pop → gospel,1
art pop → experimental,1
art pop → alternative folk,1
art pop → gangsta rap,1
art pop → classical,1
art pop → dark wave,1
art pop → country,1
art pop → electro,1
art pop → alternative r&b,1
art pop → indie rock,1
art pop → bossa nova,1
art pop → dance,1
art pop → singer-songwriter,1
art pop → pop rock,1
art pop → dark cabaret,1
art pop → folktronica,1
art pop → rock,1
art pop → synth-pop,1
art pop → progressive electronic,1
acid techno → hip hop,1
acid techno → electro,1
acid techno → dance,1
acid techno → classical,1
acid techno → hard techno,1
acid techno → electro house,1
psytrance → indie pop,1
psytrance → contemporary country,1
psytrance → alternative rock,1
psytrance → electro house,1
psytrance → grunge,1
psytrance → electro,1
psytrance → dance,1
psytrance → brostep,1
psytrance → classical,1
psytrance → pop,1
psytrance → progressive house,1
psytrance → deep house,1
psytrance → chillout,1
east coast hip hop → uk garage,1
east coast hip hop → folk rock,1
east coast hip hop → blues,1
east coast hip hop → smooth jazz,1
east coast hip hop → crunk,1
east coast hip hop → hard bop,1
east coast hip hop → hard rock,1
east coast hip hop → boom bap,1
east coast hip hop → boogie,1
east coast hip hop → reggae,1
east coast hip hop → synth-pop,1
east coast hip hop → musical,1
east coast hip hop → blue-eyed soul,1
east coast hip hop → j-rock,1
east coast hip hop → easy listening,1
east coast hip hop → alternative hip hop,1
east coast hip hop → philly soul,1
east coast hip hop → dance-punk,1
east coast hip hop → hardcore hip hop,1
east coast hip hop → cloud rap,1
east coast hip hop → abstract hip hop,1
east coast hip hop → country,1
alternative hip hop → afrobeat,1
alternative hip hop → experimental,1
alternative hip hop → krautrock,1
alternative hip hop → neo-psychedelia,1
alternative hip hop → alternative pop,1
alternative hip hop → progressive rock,1
alternative hip hop → avant-garde,1
alternative hip hop → new wave,1
alternative hip hop → europop,1
alternative hip hop → alternative r&b,1
alternative hip hop → persian pop,1
alternative hip hop → berlin school,1
alternative hip hop → production music,1
uk garage → contemporary r&b,1
uk garage → drum and bass,1
uk garage → alternative r&b,1
uk garage → indietronica,1
uk garage → disco,1
contemporary christian → bubblegum pop,1
contemporary christian → contemporary gospel,1
contemporary christian → electro,1
contemporary christian → rock,1
contemporary christian → pop rap,1
contemporary christian → dubstep,1
contemporary christian → country,1
contemporary christian → soul,1
afrobeat → folk,1
afrobeat → footwork,1
afrobeat → soul,1
afrobeat → jazz,1
afrobeat → comedy hip hop,1
afrobeat → raï,1
afrobeat → deep house,1
afrobeat → southern hip hop,1
afrobeat → classic rock,1
afrobeat → coupé-décalé,1
afrobeat → néo-trad,1
indie pop → ballad,1
indie pop → progressive house,1
indie pop → ambient pop,1
indie pop → bass house,1
indie pop → grunge,1
indie pop → jazz,1
indie pop → dream pop,1
indie pop → industrial metal,1
indie pop → medieval,1
indie pop → art pop,1
indie pop → stoner rock,1
indie pop → chillwave,1
indie pop → alternative metal,1
indie pop → alternative dance,1
indie pop → chiptune,1
indie pop → emo,1
indie pop → electro-disco,1
indie pop → bubblegum bass,1
indie pop → avant-garde,1
indie pop → soft rock,1
indie pop → latin,1
indie pop → dance,1
indie pop → brostep,1
indie pop → shoegaze,1
indie pop → psychedelic rock,1
indie pop → downtempo,1
indie pop → house,1
indie pop → chanson française,1
indie pop → indietronica,1
indie pop → hyperpop,1
lolicore → hip hop,1
lolicore → electropop,1
lolicore → asian rock,1
lolicore → metalcore,1
lolicore → indie rock,1
lolicore → vocal trance,1
lolicore → post-punk,1
lolicore → electro house,1
lolicore → cyberpunk,1
lolicore → kawaii future bass,1
chillwave → experimental,1
chillwave → future bass,1
chillwave → boogie,1
chillwave → shoegaze,1
chillwave → barber beats,1
chillwave → j-pop,1
chillwave → big beat,1
chillwave → funk,1
chillwave → ballad,1
chillwave → classic rock,1
chillwave → blues,1
chillwave → psychedelic soul,1
chillwave → r&b,1
chillwave → art pop,1
chillwave → instrumental,1
chillwave → new wave,1
chillwave → dream pop,1
chillwave → trip hop,1
chillwave → fm synthesis,1
chillwave → soul,1
chillwave → ambient,1
chillwave → synth-pop,1
chillwave → chillsynth,1
chillwave → eurodance,1
chillwave → persian pop,1
chillwave → metal,1
progressive trance → rock,1
progressive trance → melodic dubstep,1
progressive trance → psybient,1
progressive trance → house,1
progressive trance → melodic trance,1
progressive trance → festival progressive house,1
progressive trance → dance,1
progressive trance → diva house,1
progressive trance → big room trance,1
progressive trance → electro house,1
doom metal → folk metal,1
doom metal → art rock,1
doom metal → electronic,1
doom metal → hard rock,1
doom metal → industrial,1
doom metal → funeral doom metal,1
doom metal → black metal,1
doom metal → metal,1
doom metal → alternative metal,1
stoner rock → electronic,1
abstract hip hop → breakbeat,1
abstract hip hop → indie pop,1
abstract hip hop → psychedelic rock,1
abstract hip hop → disco,1
abstract hip hop → blues rock,1
abstract hip hop → comedy,1
abstract hip hop → easy listening,1
abstract hip hop → children's music,1
abstract hip hop → latin,1
abstract hip hop → downtempo,1
abstract hip hop → folk rock,1
abstract hip hop → rock,1
abstract hip hop → avant-garde,1
abstract hip hop → grunge,1
abstract hip hop → idm,1
country blues → rock,1
country blues → folk,1
country blues → blues,1
jungle → afro house,1
jungle → contemporary r&b,1
jungle → pop,1
jungle → hardcore breaks,1
jungle → j-rock,1
jungle → gangsta rap,1
jungle → chiptune,1
jungle → reggae,1
jungle → boom bap,1
jungle → future garage,1
jungle → deep house,1
idm → drum and bass,1
idm → ambient dub,1
idm → chillwave,1
idm → post-rock,1
idm → philly soul,1
idm → liquid funk,1
idm → j-rock,1
idm → glitch,1
idm → electropop,1
idm → darkstep,1
idm → new wave,1
idm → atmospheric drum and bass,1
idm → trip hop,1
idm → progressive house,1
idm → alternative metal,1
idm → art pop,1
idm → folk,1
idm → alternative rock,1
idm → ambient techno,1
idm → classical,1
baltimore club → hip hop,1
baltimore club → r&b,1
chiptune → jazz,1
chiptune → midtempo bass,1
chiptune → experimental electronic,1
chiptune → latin,1
chiptune → indie rock,1
chiptune → classic rock,1
chiptune → breakbeat hardcore,1
chiptune → batucada,1
chiptune → acid jazz,1
chiptune → drill and bass,1
chiptune → artcore,1
chiptune → eurobeat,1
chiptune → experimental,1
chiptune → breakcore,1
chiptune → cinematic classical,1
chiptune → synth-pop,1
chiptune → melodic death metal,1
chiptune → breakbeat,1
chiptune → musical,1
chiptune → east coast hip hop,1
chiptune → alternative metal,1
chiptune → new wave,1
chiptune → vocal jazz,1
chiptune → idm,1
chiptune → children's music,1
chiptune → electropop,1
chiptune → gangsta rap,1
chiptune → instrumental,1
chiptune → speed garage,1
chiptune → drum and bass,1
chiptune → pop punk,1
chiptune → contemporary r&b,1
chiptune → blues rock,1
chiptune → britpop,1
chiptune → atmospheric drum and bass,1
chiptune → nu metal,1
chiptune → dark wave,1
chiptune → flamenco,1
chiptune → pop rap,1
chiptune → chillwave,1
chiptune → abstract hip hop,1
chiptune → bluegrass,1
chiptune → comedy rock,1
chiptune → happy hardcore,1
chiptune → emo,1
vocal house → dance,1
vocal house → electronic,1
juke → house,1
juke → ambient,1
dutch house → east coast hip hop,1
dutch house → dancehall,1
dutch house → midtempo bass,1
dutch house → disco,1
dutch house → electropop,1
dutch house → dance-pop,1
acid jazz → pop rock,1
acid jazz → breaks,1
acid jazz → neo soul,1
acid jazz → indie rock,1
acid jazz → contemporary jazz,1
acid jazz → cajun,1
acid jazz → bolero,1
acid jazz → country,1
acid jazz → big beat,1
acid jazz → garage rock,1
acid jazz → classical,1
acid jazz → punk,1
acid jazz → dance-pop,1
acid jazz → jazz-funk,1
progressive electronic → contemporary jazz,1
progressive electronic → freak folk,1
orchestral → instrumental,1
orchestral → cinematic classical,1
orchestral → electropop,1
orchestral → electro house,1
orchestral → j-rock,1
cloud rap → neo-psychedelia,1
cloud rap → alternative rock,1
cloud rap → emo,1
cloud rap → witch house,1
cloud rap → dirty south,1
cloud rap → neo soul,1
cloud rap → free jazz,1
cloud rap → chillwave,1
cloud rap → hardcore punk,1
cloud rap → trance,1
cloud rap → contemporary r&b,1
cloud rap → modern classical,1
cloud rap → vocal trance,1
cloud rap → black metal,1
cloud rap → experimental,1
cloud rap → synthwave,1
cloud rap → jazz-funk,1
cloud rap → chiptune,1
cloud rap → g-funk,1
cloud rap → dance,1
cloud rap → idm,1
cloud rap → alternative r&b,1
cloud rap → europop,1
cloud rap → punk,1
cloud rap → thrash metal,1
cloud rap → trip hop,1
cloud rap → britpop,1
cloud rap → psychedelic rock,1
cloud rap → acid jazz,1
cloud rap → new age,1
future bass → liquid funk,1
future bass → breakbeat,1
future bass → trancestep,1
future bass → festival trap,1
future bass → r&b,1
future bass → kawaii future bass,1
future bass → symphonic metal,1
future bass → uk hardcore,1
future bass → progressive house,1
future bass → melodic trance,1
future bass → art pop,1
future bass → soul,1
future bass → chillwave,1
future bass → easy listening,1
future bass → alternative r&b,1
future bass → k-pop,1
future bass → j-pop,1
indian pop → funk,1
electronic rock → thrash metal,1
electronic rock → rock,1
electronic rock → alternative metal,1
electronic rock → j-pop,1
electronic rock → electropop,1
electronic rock → breaks,1
dark wave → aggrotech,1
dark wave → classical,1
dark wave → trance,1
dark wave → cyberpunk,1
dark wave → pop,1
dark wave → synth-pop,1
dark wave → house,1
dark wave → big beat,1
dark wave → electro-industrial,1
dark wave → heavy metal,1
kawaii future bass → future house,1
kawaii future bass → industrial,1
kawaii future bass → bubblegum bass,1
kawaii future bass → j-pop,1
kawaii future bass → bassline,1
kawaii future bass → breakbeat,1
kawaii future bass → drum and bass,1
kawaii future bass → chillout,1
kawaii future bass → breakcore,1
conscious hip hop → alternative rock,1
conscious hip hop → drum and bass,1
conscious hip hop → pop rock,1
conscious hip hop → jazz-funk,1
conscious hip hop → downtempo,1
conscious hip hop → underground hip hop,1
conscious hip hop → country,1
conscious hip hop → progressive house,1
conscious hip hop → blues,1
conscious hip hop → jazz,1
conscious hip hop → thrash metal,1
conscious hip hop → r&b,1
conscious hip hop → reggae,1
conscious hip hop → west coast hip hop,1
conscious hip hop → afrobeat,1
conscious hip hop → boom bap,1
conscious hip hop → contemporary jazz,1
conscious hip hop → jazz fusion,1
conscious hip hop → neo soul,1
conscious hip hop → electro house,1
conscious hip hop → art rock,1
conscious hip hop → ambient,1
conscious hip hop → folk rock,1
metal → death metal,1
metal → noise,1
metal → hardcore punk,1
metal → experimental,1
metal → r&b,1
metal → k-pop,1
metal → trap,1
metal → electronica,1
metal → thrash metal,1
metal → big band,1
metal → industrial metal,1
metal → downtempo,1
metal → art pop,1
metal → doom metal,1
metal → hardcore hip hop,1
metal → chiptune,1
metal → reggae,1
metal → drum and bass,1
metal → avant-garde,1
metal → rave,1
metal → folk,1
rap rock → industrial,1
rap rock → ambient,1
rap rock → thrash metal,1
emo rap → hyperpop,1
emo rap → alternative rock,1
emo rap → indie rock,1
emo rap → cloud rap,1
emo rap → sound collage,1
emo rap → pop,1
emo rap → new age,1
christian metal → electronic,1
christian metal → christian rock,1
bebop → big band,1
bebop → alternative metal,1
canterbury scene → alternative rock,1
canterbury scene → jazz,1
liquid funk → dance-pop,1
liquid funk → bassline,1
liquid funk → ambient,1
liquid funk → pop soul,1
liquid funk → progressive house,1
liquid funk → speed garage,1
liquid funk → dance,1
liquid funk → east coast hip hop,1
liquid funk → electronic,1
rockabilly → funk,1
rockabilly → gospel,1
rockabilly → classic rock,1
stutter house → downtempo,1
dariacore → new romantic,1
dariacore → dirty south,1
dariacore → synth-pop,1
dariacore → americana,1
dariacore → future funk,1
dariacore → hybrid trap,1
dariacore → j-pop,1
dariacore → electroclash,1
dariacore → experimental hip hop,1
dariacore → drill,1
dariacore → conscious hip hop,1
dariacore → trance,1
dariacore → hard trance,1
dariacore → hardstyle,1
dariacore → pop punk,1
dariacore → emo rap,1
dariacore → downtempo,1
dariacore → speed garage,1
dariacore → eurobeat,1
dariacore → east coast hip hop,1
dariacore → breakcore,1
dariacore → acoustic rock,1
dariacore → experimental,1
dariacore → grunge,1
dariacore → ambient,1
dariacore → instrumental,1
dariacore → complextro,1
dariacore → denpa,1
nu metal → soul,1
nu metal → classical,1
nu metal → j-rock,1
nu metal → electro,1
nu metal → electronic,1
nu metal → industrial,1
nu metal → ambient pop,1
nu metal → cyber metal,1
nu metal → hard rock,1
nu metal → production music,1
microhouse → house,1
microhouse → electronic,1
microhouse → progressive house,1
microhouse → ambient techno,1
microhouse → tech house,1
groove metal → thrash metal,1
groove metal → alternative metal,1
gothic metal → electronic,1
gothic metal → gothic rock,1
gothic metal → alternative rock,1
gothic metal → electro,1
shoegaze → indie pop,1
shoegaze → alternative rock,1
shoegaze → psychedelic rock,1
shoegaze → britpop,1
shoegaze → punk,1
shoegaze → alternative dance,1
aggrotech → rock,1
aggrotech → industrial metal,1
grunge → alternative metal,1
grunge → rock,1
grunge → children's music,1
christian hip hop → praise & worship,1
christian hip hop → soul,1
christian hip hop → gospel,1
christian hip hop → rock,1
christian hip hop → conscious hip hop,1
christian hip hop → gangsta rap,1
christian hip hop → electronic,1
christian hip hop → alternative rock,1
christian hip hop → electro,1
europop → blues,1
europop → indie pop,1
europop → funk,1
europop → disco,1
europop → gangsta rap,1
europop → alternative rock,1
europop → contemporary r&b,1
europop → euro house,1
europop → drum and bass,1
europop → jazz,1
industrial rock → dub techno,1
industrial rock → thrash metal,1
industrial rock → techno,1
industrial rock → electronic,1
industrial rock → hyperpop,1
industrial rock → j-pop,1
industrial rock → ambient,1
free jazz → avant-garde,1
thrash metal → hardcore hip hop,1
thrash metal → comedy,1
thrash metal → classical,1
thrash metal → metalcore,1
garage rock → free improvisation,1
garage rock → alternative rock,1
garage rock → garage rock revival,1
garage rock → breakbeat,1
garage rock → indie rock,1
garage rock → blues rock,1
garage rock → j-pop,1
garage rock → blues,1
garage rock → gospel,1
folk pop → rock,1
folk pop → hard rock,1
folk pop → r&b,1
folk pop → chamber pop,1
folk pop → indie folk,1
folk pop → indie pop,1
folk pop → hip hop,1
deep techno → hip hop,1
deep techno → progressive house,1
crossover jazz → free jazz,1
crossover jazz → blues,1
easy listening → classical,1
easy listening → swing,1
easy listening → progressive rock,1
easy listening → arena rock,1
easy listening → baltimore club,1
baroque pop → ambient,1
baroque pop → speech,1
baroque pop → folk pop,1
baroque pop → children's music,1
garage house → disco,1
garage house → contemporary r&b,1
garage house → alternative pop,1
garage house → dance-pop,1
garage house → dance,1
garage house → hip hop,1
piano rock → alternative metal,1
piano rock → ballad,1
piano rock → indie pop,1
piano rock → hard rock,1
denpa → alternative rock,1
denpa → bass house,1
denpa → electro house,1
lo-fi → dance,1
lo-fi → soul,1
lo-fi → funk,1
lo-fi → pop,1
lo-fi → disco,1
lo-fi → jazz fusion,1
lo-fi → j-rock,1
alternative punk → alternative rock,1
alternative punk → nu metal,1
alternative punk → reggae,1
alternative punk → rock,1
festival progressive house → ambient house,1
festival progressive house → progressive rock,1
festival progressive house → electronica,1
festival progressive house → reggae,1
festival progressive house → club,1
festival progressive house → hip hop,1
festival progressive house → electropop,1
festival progressive house → edm,1
future core → dubstep,1
future core → edm,1
future core → kawaii future bass,1
future core → electro,1
future core → electronic,1
jazz pop → hip hop,1
jazz pop → musical,1
jazz pop → breakbeat,1
jazz pop → ambient,1
jazz pop → disco,1
jazz pop → acid jazz,1
industrial metal → electro-industrial,1
industrial metal → death metal,1
industrial metal → heavy metal,1
industrial metal → classical,1
avant-garde → free improvisation,1
avant-garde → noise rock,1
avant-garde → comedy,1
avant-garde → experimental rock,1
avant-garde → brostep,1
avant-garde → alternative metal,1
avant-garde → punk,1
avant-garde → drum and bass,1
avant-garde → dark wave,1
avant-garde → trance,1
avant-garde → chiptune,1
avant-garde → ethereal wave,1
avant-garde → doom metal,1
avant-garde → emo,1
avant-garde → digital hardcore,1
avant-garde → death metal,1
avant-garde → nu metal,1
avant-garde → hip hop,1
avant-garde → alternative rock,1
avant-garde → dubstep,1
avant-garde → downtempo,1
avant-garde → jazz,1
avant-garde → blues,1
avant-garde → heavy metal,1
avant-garde → trip hop,1
avant-garde → rock and roll,1
avant-garde → grime,1
post-hardcore → hardcore punk,1
post-hardcore → metal,1
post-hardcore → blues,1
instrumental → chanson française,1
instrumental → flamenco,1
instrumental → symphonic metal,1
instrumental → electro,1
instrumental → art pop,1
instrumental → jazz fusion,1
instrumental → orchestral,1
instrumental → post-rock,1
instrumental → r&b,1
instrumental → easy listening,1
instrumental → trip hop,1
instrumental → classical,1
instrumental → new wave,1
instrumental → sophisti-pop,1
instrumental → power metal,1
instrumental → ambient,1
instrumental → avant-garde,1
electro-disco → italo-disco,1
electro-disco → electro,1
electro-disco → hip hop,1
electro-disco → electronic,1
electro-disco → pop,1
neurofunk → complextro,1
neurofunk → funk,1
neurofunk → downtempo,1
neurofunk → briddim,1
neurofunk → electro house,1
neurofunk → breaks,1
neurofunk → progressive house,1
neurofunk → bassline,1
neurofunk → brostep,1
neurofunk → dubstep,1
neurofunk → dance,1
neurofunk → microfunk,1
digicore → alternative rock,1
digicore → contemporary r&b,1
digicore → glitch,1
digicore → funk,1
digicore → j-pop,1
digicore → future bass,1
digicore → speed garage,1
digicore → alternative pop,1
digicore → electro,1
digicore → dance-pop,1
digicore → electropop,1
digicore → boom bap,1
digicore → art rock,1
digicore → folk pop,1
digicore → deconstructed club,1
digicore → bedroom pop,1
digicore → bubblegum bass,1
drumstep → synth-pop,1
drumstep → melodic dubstep,1
drumstep → glitch hop,1
drumstep → punk rock,1
drumstep → dance-pop,1
drumstep → hip hop,1
drumstep → electronica,1
drumstep → halftime,1
drumstep → big beat,1
drumstep → post-industrial,1
drumstep → dance,1
drumstep → rock,1
drumstep → funk,1
drumstep → synthwave,1
drumstep → hybrid trap,1
drumstep → festival trap,1
drumstep → trap edm,1
drumstep → eurobeat,1
indietronica → indie pop,1
indietronica → nerdcore,1
indietronica → art rock,1
indietronica → chamber pop,1
indietronica → alternative rock,1
indietronica → blues,1
indietronica → surf rock,1
indietronica → electropop,1
indietronica → dance-pop,1
plunderphonics → acid rock,1
plunderphonics → instrumental,1
plunderphonics → alternative pop,1
plunderphonics → synthwave,1
plunderphonics → eurobeat,1
plunderphonics → blues rock,1
plunderphonics → downtempo,1
plunderphonics → funk,1
plunderphonics → art punk,1
plunderphonics → britpop,1
plunderphonics → bluegrass,1
plunderphonics → industrial,1
plunderphonics → electro,1
plunderphonics → jazz,1
plunderphonics → synth-pop,1
plunderphonics → trance,1
plunderphonics → industrial rock,1
plunderphonics → punk rock,1
plunderphonics → soul jazz,1
plunderphonics → dancehall,1
plunderphonics → breakcore,1
plunderphonics → ska punk,1
plunderphonics → western classical,1
plunderphonics → post-punk,1
plunderphonics → punk,1
plunderphonics → big beat,1
plunderphonics → east coast hip hop,1
plunderphonics → grunge,1
plunderphonics → children's music,1
plunderphonics → trip hop,1
belgian techno → electronic,1
bolero → rock,1
brostep → psytrance,1
brostep → neurofunk,1
brostep → pop,1
brostep → drumstep,1
brostep → progressive house,1
brostep → dark ambient,1
brostep → future bass,1
brostep → hyperpop,1
brostep → trap edm,1
brostep → downtempo,1
brostep → big room house,1
brostep → house,1
brostep → acid techno,1
brostep → j-rock,1
brostep → club,1
brostep → festival progressive house,1
brostep → rock,1
metalcore → melodic death metal,1
metalcore → christian metal,1
metalcore → hard rock,1
dark ambient → black metal,1
dark ambient → folk rock,1
dark ambient → instrumental,1
dark ambient → breakbeat,1
dark ambient → doomgaze,1
dark ambient → noise,1
dark ambient → classical,1
dark ambient → chillout,1
dark ambient → disco,1
dark ambient → drone,1
dark ambient → downtempo,1
dark ambient → big beat,1
dark ambient → broken transmission,1
dark ambient → black noise,1
dark ambient → field recording,1
tech house → swing,1
tech house → glitch hop,1
tech house → neurofunk,1
tech house → idm,1
tech house → ambient house,1
tech house → bass house,1
tech house → r&b,1
tech house → 2-step,1
tech house → breakbeat,1
tech house → electroacoustic,1
singer-songwriter → jazz,1
singer-songwriter → alternative dance,1
singer-songwriter → techno,1
glitch hop → future bass,1
glitch hop → brostep,1
glitch hop → drumstep,1
glitch hop → electro,1
glitch hop → halftime,1
southern rock → hip hop,1
southern rock → blues,1
southern rock → alternative rock,1
southern rock → blues rock,1
bounce → gospel,1
bounce → east coast hip hop,1
bounce → soul,1
bounce → gangsta rap,1
bounce → drum and bass,1
bounce → downtempo,1
bounce → dub,1
bounce → dance-pop,1
balearic beat → dance,1
balearic beat → chillwave,1
horror punk → classical crossover,1
chillstep → dance,1
chillstep → children's music,1
chillstep → complextro,1
chillstep → dubstep,1
chillstep → future garage,1
chillstep → indie rock,1
chillstep → electro,1
chillstep → indie folk,1
chillstep → alternative rock,1
chillstep → blues,1
nu disco → edm,1
nu disco → j-pop,1
nu disco → pop,1
nu disco → alternative rock,1
nu disco → breakbeat,1
nu disco → art pop,1
nu disco → disco,1
nu disco → funk,1
schlager → folk,1
schlager → new wave,1
schlager → acid house,1
schlager → neue deutsche welle,1
jazz fusion → post-rock,1
jazz fusion → downtempo,1
jazz fusion → neo soul,1
jazz fusion → jazz,1
instrumental hip hop → conscious hip hop,1
instrumental hip hop → experimental,1
instrumental hip hop → jazz,1
instrumental hip hop → alternative rock,1
instrumental hip hop → rock,1
instrumental hip hop → breakcore,1
folk punk → crust punk,1
folk punk → indie rock,1
mashcore → future core,1
mashcore → new rave,1
mashcore → electropop,1
mashcore → punk,1
mashcore → classical,1
mashcore → new wave,1
mashcore → electro,1
mashcore → dubstep,1
mashcore → indie pop,1
mashcore → emo,1
mashcore → dance-pop,1
mashcore → contemporary r&b,1
mashcore → ambient,1
mashcore → drum and bass,1
mashcore → nerdcore,1
mashcore → electro house,1
mashcore → britpop,1
crime jazz → pop,1
crime jazz → hip hop,1
euro-trance → trance,1
euro-trance → ballad,1
glitch → rock,1
glitch → ambient,1
new age → heavy metal,1
new age → synth-pop,1
new age → instrumental,1
new age → classical,1
new age → electro,1
new age → dance,1
new age → downtempo,1
new age → bhajan,1
new age → dark ambient,1
sound collage → grindcore,1
sound collage → drum and bass,1
sound collage → chiptune,1
sound collage → sasscore,1
sound collage → easy listening,1
sound collage → speedcore,1
sound collage → drone metal,1
sound collage → idm,1
sound collage → speed metal,1
sound collage → garage rock,1
sound collage → disco,1
sound collage → happy hardcore,1
sound collage → j-pop,1
sound collage → modern classical,1
sound collage → doom metal,1
sound collage → dance,1
sound collage → lo-fi,1
sound collage → punk rock,1
sound collage → emo,1
sound collage → classical,1
sound collage → jazz,1
sound collage → avant-prog,1
sound collage → metal,1
sound collage → post-hardcore,1
sound collage → breakcore,1
grindcore → comedy,1
grindcore → alternative rock,1
grindcore → non-music,1
synthwave → dance-pop,1
synthwave → complextro,1
synthwave → progressive house,1
synthwave → alternative metal,1
synthwave → breakcore,1
synthwave → ebm,1
synthwave → electro house,1
synthwave → metalcore,1
synthwave → berlin school,1
synthwave → alternative pop,1
synthwave → disco,1
synthwave → melodic house,1
synthwave → edm,1
synthwave → electro,1
synthwave → ambient,1
synthwave → pop,1
halftime → grime,1
halftime → j-pop,1
halftime → glitch hop,1
halftime → afroswing,1
halftime → electro house,1
halftime → breakbeat,1
halftime → drum and bass,1
halftime → hardcore hip hop,1
halftime → bass house,1
indie folk → dance-pop,1
indie folk → new wave,1
indie folk → coke rap,1
indie folk → alternative rock,1
indie folk → crunk,1
future garage → pop,1
future garage → breakbeat,1
future garage → electronica,1
future garage → halftime,1
future garage → dance,1
future garage → drum and bass,1
future garage → dubstep,1
future garage → classical,1
future garage → baltimore club,1
future garage → trance,1
electroclash → pop,1
electroclash → ambient pop,1
electroclash → berlin school,1
electroclash → post-punk,1
electroclash → alternative rock,1
electroclash → electro hop,1
electroclash → hard rock,1
electroclash → production music,1
electroclash → motown,1
electroclash → dance-punk,1
hybrid trap → electropop,1
hybrid trap → progressive house,1
hybrid trap → electro house,1
hybrid trap → dancefloor drum and bass,1
hybrid trap → chiptune,1
hybrid trap → funk metal,1
hybrid trap → drumstep,1
hybrid trap → melodic dubstep,1
hybrid trap → brostep,1
hybrid trap → atmospheric drum and bass,1
hybrid trap → pop rap,1
hybrid trap → idm,1
hybrid trap → dance-pop,1
hybrid trap → trap metal,1
cantopop → electronic,1
cantopop → mandopop,1
cantopop → funk,1
cantopop → alternative rock,1
afro house → euphoric hardstyle,1
afro house → downtempo,1
afro house → country,1
afro house → gnawa,1
afro house → electro,1
afro house → disco,1
barber beats → idm,1
barber beats → heavy metal,1
barber beats → jungle,1
barber beats → electro,1
barber beats → art rock,1
barber beats → dark ambient,1
barber beats → rock,1
barber beats → symphonic black metal,1
barber beats → gabber,1
barber beats → acid house,1
barber beats → easy listening,1
barber beats → alternative pop,1
barber beats → boom bap,1
barber beats → instrumental,1
barber beats → blackgaze,1
barber beats → industrial,1
barber beats → broken beat,1
barber beats → lounge,1
barber beats → smooth jazz,1
barber beats → bedroom pop,1
barber beats → hip hop,1
barber beats → dance-pop,1
barber beats → synth-pop,1
barber beats → nu metal,1
bubblegum bass → ska punk,1
bubblegum bass → hip hop,1
bubblegum bass → dubstep,1
bubblegum bass → trap edm,1
uptempo hardcore → midtempo bass,1
uptempo hardcore → euro-trance,1
uptempo hardcore → children's music,1
uptempo hardcore → bubblegum pop,1
uptempo hardcore → christmas music,1
uptempo hardcore → euro house,1
uptempo hardcore → pop,1
brutal death metal → alternative rock,1
leftfield → breaks,1
leftfield → madchester,1
leftfield → alternative rock,1
leftfield → post-rock,1
leftfield → downtempo,1
leftfield → idm,1
leftfield → electro,1
leftfield → ambient techno,1
hyperpop → ska punk,1
hyperpop → digicore,1
hyperpop → sound collage,1
hyperpop → latin,1
hyperpop → pop rap,1
hyperpop → electro hop,1
hyperpop → indietronica,1
hyperpop → future bass,1
hyperpop → asmr,1
hyperpop → euro house,1
hyperpop → k-pop,1
hyperpop → house,1
hyperpop → indie folk,1
hyperpop → nu metal,1
hyperpop → hybrid trap,1
hyperpop → folk,1
ambient techno → industrial,1
ambient techno → musical,1
ambient techno → breakbeat,1
ambient techno → progressive house,1
ambient techno → ballad,1
ambient techno → synth-pop,1
hi-nrg → disco,1
melodic death metal → folk metal,1
melodic death metal → hardcore punk,1
bedroom pop → electronic,1
bedroom pop → comedy,1
bedroom pop → indie rock,1
bedroom pop → chillwave,1
bedroom pop → disco,1
bedroom pop → edm,1
bedroom pop → dream pop,1
bedroom pop → pop,1
bedroom pop → ambient,1
funky house → k-pop,1
funky house → electro house,1
funky house → electropop,1
funky house → disco,1
funky house → jazz-funk,1
funky house → indie pop,1
funky house → alternative rock,1
funky house → dance-pop,1
funky house → classical,1
melodic trance → brostep,1
melodic trance → speed garage,1
melodic trance → big room house,1
melodic trance → edm,1
grime → ambient,1
grime → rock,1
grime → funk,1
grime → disco,1
grime → nu skool breaks,1
grime → soul,1
grime → alternative rock,1
grime → contemporary r&b,1
grime → dance-pop,1
grime → math rock,1
grime → r&b,1
grime → breaks,1
grime → city pop,1
power metal → symphonic metal,1
power metal → rock,1
power metal → chiptune,1
power metal → classical,1
children's music → musical,1
children's music → italo dance,1
children's music → ballad,1
children's music → contemporary christian,1
children's music → hip hop,1
neoclassicism → classical,1
neoclassicism → pop,1
neo soul → folk,1
neo soul → electronic,1
neo soul → folk rock,1
neo soul → deep house,1
neo soul → boom bap,1
brit funk → new wave,1
aor → synthwave,1
aor → jazz,1
aor → pop,1
aor → alternative rock,1
aor → rock,1
euro house → deep house,1
euro house → acid house,1
euro house → folk,1
euro house → electro,1
euro house → comedy,1
euro house → acid techno,1
euro house → freestyle,1
euro house → neue deutsche welle,1
euro house → trance,1
euro house → blues,1
contemporary country → electronic,1
bachata → trap latino,1
bachata → reggae,1
bachata → indie pop,1
dream pop → hip hop,1
dream pop → power pop,1
dream pop → art rock,1
dream pop → jazz,1
dream pop → coldwave,1
dream pop → contemporary r&b,1
dream pop → j-pop,1
dream pop → shoegaze,1
dream pop → dubstep,1
dream pop → experimental,1
dream pop → ethereal wave,1
dream pop → non-music,1
dream pop → slowcore,1
dream pop → reggaeton,1
dream pop → punk,1
dream pop → madchester,1
dream pop → hip house,1
dream pop → disco,1
dream pop → soul,1
cybergrind → breakcore,1
cybergrind → death metal,1
musical → folk rock,1
musical → disco,1
musical → instrumental,1
musical → electronic,1
musical → house,1
musical → big band,1
rap metal → dirty south,1
dark disco → electronic,1
classical crossover → pop,1
classical crossover → alternative rock,1
classical crossover → jazz,1
classical crossover → modern classical,1
classical crossover → pop rock,1
glam rock → heavy metal,1
glam rock → j-pop,1
glam rock → hard rock,1
glam rock → electronic,1
glam rock → psychedelic rock,1
post-punk → mod,1
post-punk → hard rock,1
post-punk → new wave,1
post-punk → coldwave,1
future bounce → rave,1
future bounce → denpa,1
future bounce → dubstep,1
deathstep → drum and bass,1
deathstep → electronic,1
deathstep → future riddim,1
deathstep → dance,1
deathstep → briddim,1
deathstep → bass house,1
deathstep → dubstep,1
brazilian bass → dance-pop,1
new orleans r&b → doo-wop,1
new orleans r&b → louisiana blues,1
new orleans r&b → contemporary r&b,1
new orleans r&b → children's music,1
new orleans r&b → christmas music,1
deep drum and bass → electronic,1
deep drum and bass → dance,1
deep drum and bass → dancefloor drum and bass,1
deep drum and bass → halftime,1
future house → future bass,1
future house → downtempo,1
future house → pop rock,1
future house → contemporary r&b,1
future house → dubstep,1
ragga jungle → drum and bass,1
ragga jungle → dancehall,1
hardcore techno → hardstyle,1
hardcore techno → classical,1
hardcore techno → digital hardcore,1
hardcore techno → hard rock,1
hardcore techno → dance,1
hardcore techno → breaks,1
mathcore → math rock,1
mathcore → rock,1
trip hop → classical,1
trip hop → r&b,1
trip hop → electropop,1
trip hop → folk rock,1
trip hop → bossa nova,1
trip hop → children's music,1
trip hop → ballad,1
trip hop → art rock,1
trip hop → rock,1
trip hop → breakbeat,1
trip hop → jazz-funk,1
trip hop → doo-wop,1
trip hop → boom bap,1
crunkcore → pop,1
crunkcore → hip hop,1
crunkcore → christian rock,1
crunkcore → trap metal,1
crunkcore → electro,1
crunkcore → contemporary christian,1
freak folk → experimental,1
freak folk → rock,1
drift phonk → classical,1
drift phonk → bass house,1
festival trap → electronica,1
festival trap → post-rock,1
festival trap → house,1
post-punk revival → j-pop,1
ska punk → rock,1
ska punk → reggae,1
ska punk → ska,1
arena rock → pop rock,1
arena rock → classic rock,1
arena rock → alternative rock,1
arena rock → disco,1
indian classical → field recording,1
indian classical → classical,1
indian classical → ambient,1
hip house → club,1
hip house → dance-pop,1
hip house → trance,1
hip house → rock,1
hip house → funk,1
christian rock → praise & worship,1
christian rock → hip hop,1
country pop → alternative pop,1
chillout → trance,1
chillout → funk,1
chillout → bossa nova,1
chillout → lounge,1
chillout → progressive trance,1
chillout → post-rock,1
chillout → ethereal wave,1
chillout → breaks,1
chillout → dream pop,1
chillout → drumstep,1
chillout → psytrance,1
chillout → comedy,1
chillout → acid jazz,1
alpenrock → folk,1
alpenrock → blues,1
mandopop → enka,1
mandopop → zhongguo feng,1
mandopop → alternative pop,1
mandopop → emo,1
mandopop → dance-pop,1
mandopop → j-pop,1
mandopop → ballad,1
celtic → electronic,1
celtic → art rock,1
celtic → alternative folk,1
gothic → gothic metal,1
gothic → punk,1
gothic → dark wave,1
gothic → ballad,1
gothic → gothic rock,1
mangue beat → bossa nova,1
motown → pop,1
eurodance → big beat,1
eurodance → trance,1
eurodance → experimental hip hop,1
eurodance → disco,1
eurodance → synth-pop,1
eurodance → acid house,1
eurodance → pop rock,1
latin jazz → easy listening,1
j-core → hard trance,1
j-core → gabber,1
j-core → breakcore,1
j-core → breakbeat,1
j-core → hip hop,1
j-core → pop,1
j-core → edm,1
teen pop → electro,1
horrorcore → pop,1
horrorcore → electro,1
horrorcore → funk,1
horrorcore → industrial rock,1
horrorcore → soul,1
horrorcore → electronic,1
horrorcore → alternative hip hop,1
horrorcore → melodic death metal,1
blackgaze → halftime,1
blackgaze → atmospheric black metal,1
cinematic classical → pop,1
cinematic classical → neo-medieval folk,1
hardcore hip hop → experimental,1
hardcore hip hop → art pop,1
hardcore hip hop → downtempo,1
hardcore hip hop → rock,1
hardcore hip hop → new wave,1
hardcore hip hop → electronic,1
hardcore hip hop → orchestral,1
hardcore hip hop → electro,1
hardcore hip hop → gangsta rap,1
hardcore hip hop → psychedelic rock,1
hardcore hip hop → deconstructed club,1
hardcore hip hop → blues,1
folktronica → folk,1
folktronica → trance,1
crunk → latin,1
crunk → chillout,1
crunk → soul,1
crunk → gangsta rap,1
crunk → heavy metal,1
crunk → east coast hip hop,1
crunk → downtempo,1
crunk → reggae,1
crunk → r&b,1
footwork jungle → atmospheric drum and bass,1
extratone → ambient,1
extratone → metalcore,1
modern classical → drone,1
modern classical → art rock,1
modern classical → electronic,1
modern classical → alternative rock,1
modern classical → disco,1
modern classical → new age,1
modern classical → jazz,1
modern classical → contemporary folk,1
modern classical → dance,1
contemporary jazz → tango,1
contemporary jazz → funktronica,1
contemporary jazz → classical crossover,1
contemporary jazz → avant-garde jazz,1
contemporary jazz → electronic,1
contemporary jazz → contemporary r&b,1
amapiano → electronic,1
amapiano → disco,1
amapiano → contemporary r&b,1
boogie → experimental,1
boogie → city pop,1
boogie → dance,1
boogie → reggae,1
boogie → electronic,1
boogie → acid jazz,1
boogie → hip hop,1
boogie → dance-pop,1
boogie → soul,1
ambient house → ambient,1
ambient house → rock,1
ambient house → progressive house,1
ambient house → techno,1
ambient house → pop,1
hard bop → avant-garde jazz,1
ambient dub → rock,1
gabber → hip hop,1
gabber → electropop,1
gabber → heavy metal,1
gabber → synth funk,1
gabber → rock,1
gabber → dance-pop,1
gabber → ytpmv,1
city pop → contemporary r&b,1
city pop → alternative r&b,1
city pop → indie pop,1
city pop → j-pop,1
city pop → disco,1
city pop → electro,1
city pop → chillwave,1
city pop → french house,1
city pop → breakcore,1
digital fusion → city pop,1
digital fusion → emo rap,1
digital fusion → breaks,1
dance-rock → blues,1
dance-rock → jazz-funk,1
dance-rock → funk rock,1
smooth soul → disco,1
noise → harsh noise,1
noise → avant-garde,1
noise → minimal synth,1
noise → art rock,1
noise → easy listening,1
noise → hip hop,1
noise → progressive rock,1
noise → classical,1
noise → ambient,1
noise → psychedelic rock,1
noise → experimental hip hop,1
noise → blues,1
techstep → electronica,1
techstep → neurofunk,1
techstep → electronic,1
techstep → drum and bass,1
swing → jazz,1
swing → pop,1
deconstructed club → industrial hip hop,1
deconstructed club → indie rock,1
deconstructed club → art pop,1
deconstructed club → new wave,1
deconstructed club → future bass,1
deconstructed club → nu style gabber,1
deconstructed club → alternative pop,1
deconstructed club → industrial,1
deconstructed club → ambient pop,1
deconstructed club → rock,1
deconstructed club → disco,1
deconstructed club → midtempo bass,1
deconstructed club → k-pop,1
deconstructed club → indie pop,1
deconstructed club → alternative rock,1
dark electro → coldwave,1
dark electro → acoustic blues,1
dark electro → dark wave,1
detroit techno → deep house,1
detroit techno → breaks,1
symphonic metal → j-pop,1
symphonic metal → progressive metal,1
symphonic metal → symphonic rock,1
americana → blues rock,1
americana → rock,1
americana → country,1
americana → alternative rock,1
cumbia → reggae,1
cumbia → dub,1
cumbia → reggaeton,1
cumbia → electronic,1
cumbia → calypso,1
cumbia → dance-pop,1
cumbia → guaguancó,1
neofolk → dark ambient,1
neofolk → electronic,1
kizomba → pop,1
country rock → hard rock,1
country rock → gospel,1
country rock → hip hop,1
country rock → jazz,1
country rock → soft rock,1
country rock → country blues,1
southern hip hop → electropop,1
progressive psytrance → electro,1
contemporary gospel → disco,1
contemporary gospel → contemporary r&b,1
dream trance → ambient,1
dream trance → trance,1
dream trance → dance-pop,1
gothic rock → post-punk,1
bitpop → shibuya-kei,1
bitpop → electropop,1
bitpop → nu metal,1
bitpop → musical,1
bitpop → eurodance,1
bitpop → electro,1
bitpop → soul,1
bitpop → rock,1
pop soul → soul,1
math rock → noise,1
math rock → indie rock,1
math rock → electronic,1
french house → dance-pop,1
french house → breakbeat,1
french house → future funk,1
french house → synth-pop,1
french house → deep house,1
french house → berlin school,1
diva house → dance,1
baroque → folk,1
electro swing → dance,1
electro swing → nerdcore,1
electro swing → rock,1
electro swing → hip hop,1
electro swing → house,1
electro swing → big band,1
electro swing → contemporary r&b,1
electro swing → j-pop,1
electro swing → blues,1
electro swing → soul,1
electro swing → donk,1
funktronica → funk,1
funktronica → electronic,1
funktronica → synth-pop,1
funktronica → electropop,1
visual kei → electropop,1
visual kei → alternative rock,1
visual kei → power metal,1
visual kei → hard trance,1
visual kei → synth-pop,1
visual kei → j-rock,1
vocal trance → electronic,1
vocal trance → dance,1
vocal trance → progressive trance,1
vocal trance → rock,1
vaporwave → contemporary folk,1
vaporwave → pop rap,1
vaporwave → g-funk,1
vaporwave → contemporary r&b,1
vaporwave → psychedelic rock,1
vaporwave → electro,1
vaporwave → folk rock,1
vaporwave → new wave,1
vaporwave → k-pop,1
vaporwave → alternative metal,1
vaporwave → vaportrap,1
vaporwave → sophisti-pop,1
vaporwave → metal,1
vaporwave → r&b,1
vaporwave → slushwave,1
vaporwave → jazz,1
vaporwave → disco,1
vaporwave → downtempo,1
vaporwave → modern classical,1
vaporwave → progressive rock,1
vaporwave → art rock,1
post-grunge → alternative pop,1
experimental hip hop → shoegaze,1
experimental hip hop → jazz,1
experimental hip hop → power electronics,1
experimental hip hop → instrumental hip hop,1
experimental hip hop → j-rock,1
experimental hip hop → pop,1
experimental hip hop → indie rock,1
experimental hip hop → afrobeat,1
experimental hip hop → ambient,1
experimental hip hop → jazz rap,1
experimental hip hop → art rock,1
experimental hip hop → comedy,1
experimental hip hop → folk,1
experimental hip hop → dream pop,1
experimental hip hop → nu metal,1
experimental hip hop → new wave,1
experimental hip hop → crunk,1
experimental hip hop → art pop,1
experimental hip hop → electro,1
experimental hip hop → drill,1
experimental hip hop → hardcore hip hop,1
experimental hip hop → dariacore,1
experimental hip hop → rock,1
asmr → drum and bass,1
electroacoustic → instrumental,1
electroacoustic → electronic,1
neurohop → glitch hop edm,1
neurohop → brostep,1
neurohop → neurofunk,1
glitch hop edm → dubstep,1
glitch hop edm → alternative metal,1
glitch hop edm → dance,1
glitch hop edm → eurobeat,1
tech trance → trance,1
melodic techno → melodic house,1
melodic techno → alternative rock,1
melodic techno → alternative pop,1
melodic techno → house,1
melodic techno → downtempo,1
bhangra → soul,1
lo-fi hip hop → kawaii future bass,1
lo-fi hip hop → abstract hip hop,1
lo-fi hip hop → pop,1
world fusion → new age,1
bubblegum dance → eurobeat,1
bubblegum dance → dance-pop,1
g-house → electronic,1
g-house → dance-pop,1
hard trance → trance,1
hard trance → alternative rock,1
hard trance → j-rock,1
hard trance → comedy hip hop,1
glitch pop → hip hop,1
outsider house → progressive house,1
outsider house → deep house,1
outsider house → idm,1
outsider house → hardcore hip hop,1
outsider house → melodic house,1
outsider house → folk,1
outsider house → chillwave,1
outsider house → funk,1
outsider house → folk rock,1
outsider house → hip hop,1
outsider house → dark wave,1
outsider house → edm,1
outsider house → drum and bass,1
outsider house → breakbeat,1
outsider house → complextro,1
outsider house → aor,1
outsider house → alternative rock,1
outsider house → math rock,1
outsider house → contemporary r&b,1
outsider house → contemporary gospel,1
outsider house → country rock,1
outsider house → christmas music,1
outsider house → r&b,1
outsider house → alternative pop,1
outsider house → new romantic,1
dark psytrance → psytrance,1
dark psytrance → thrash metal,1
donk → hip hop,1
donk → ballad,1
chicago house → dance,1
chicago house → electronic,1
psychedelic → psytrance,1
psychedelic → dance,1
psychedelic → psychedelic rock,1
psychedelic → downtempo,1
progressive pop → alternative dance,1
progressive pop → indie rock,1
twerk → dance,1
twerk → midtempo bass,1
contemporary classical → classical,1
contemporary classical → black metal,1
contemporary classical → ambient,1
contemporary classical → pop,1
contemporary folk → rock,1
contemporary folk → folk,1
contemporary folk → country,1
contemporary folk → alternative rock,1
speedcore → electropop,1
speedcore → denpa,1
speedcore → extratone,1
speedcore → nu style gabber,1
speedcore → city pop,1
speedcore → pop rap,1
speedcore → dubstep,1
chicha → latin,1
tropical house → edm,1
tropical house → electro house,1
tropical house → future bass,1
tropical house → folk rock,1
tropical house → folk,1
tropical house → club,1
tropical house → hip hop,1
ska → rock,1
ska → power metal,1
ska → pop punk,1
ska → hard rock,1
ska → bitpop,1
ska → pop rock,1
ska → dub,1
ska → hip hop,1
ska → jazz,1
tribal house → hip hop,1
tribal house → house,1
industrial techno → post-industrial,1
industrial techno → drone,1
industrial techno → industrial,1
industrial techno → electronic,1
post-industrial → alternative rock,1
post-industrial → metal,1
post-industrial → new wave,1
chamber pop → baroque pop,1
chamber pop → ethereal wave,1
chamber pop → alternative metal,1
chamber pop → jazz,1
chamber pop → electronic,1
freestyle → hip hop,1
freestyle → electronic,1
qawwali → pop,1
nightcore → electro,1
nightcore → hard rock,1
nightcore → bassline,1
nightcore → pop rock,1
nightcore → post-industrial,1
nightcore → hyperpop,1
nightcore → chicago drill,1
nightcore → chiptune,1
nightcore → alternative r&b,1
nightcore → breakbeat,1
chicago soul → soul,1
neo-psychedelia → pop,1
neo-psychedelia → r&b,1
neo-psychedelia → jazz,1
hands up → future bass,1
hands up → electronic,1
hands up → bubblegum bass,1
hands up → dubstep,1
hands up → classical,1
hands up → bass house,1
hands up → hyperpop,1
futurepop → cyberpunk,1
futurepop → ebm,1
afro-funk → dub,1
afro-funk → downtempo,1
sketch comedy → pop,1
sketch comedy → punk,1
sketch comedy → power pop,1
sketch comedy → easy listening,1
alternative country → r&b,1
cool jazz → pop,1
comedy hip hop → snap,1
comedy hip hop → contemporary r&b,1
comedy hip hop → chicago drill,1
comedy hip hop → neo soul,1
comedy hip hop → hyperpop,1
comedy hip hop → comedy,1
comedy hip hop → luk thung,1
comedy hip hop → pop rock,1
comedy hip hop → alternative rock,1
vocal jazz → jazz,1
frenchcore → uk hardcore,1
frenchcore → hardstyle,1
frenchcore → dixieland,1
frenchcore → eurobeat,1
frenchcore → edm,1
frenchcore → kawaii future bass,1
frenchcore → rock,1
emo pop → metal,1
emo pop → rock,1
emo pop → art pop,1
emo pop → electronic,1
emo pop → emo,1
emo pop → pop rap,1
emo pop → children's music,1
progressive → progressive rock,1
progressive → pop,1
phonk → alternative rock,1
phonk → electronic,1
big room trance → melodic trance,1
big room trance → pop,1
big room trance → big room house,1
big room trance → ballad,1
cyberpunk → downtempo,1
cyberpunk → synth-pop,1
cyberpunk → progressive house,1
cyberpunk → alternative dance,1
cyberpunk → edm,1
cyberpunk → rock,1
cyberpunk → breaks,1
cyberpunk → chillwave,1
cyberpunk → ebm,1
cyberpunk → contemporary r&b,1
cyberpunk → french electro,1
cyberpunk → emo,1
minimal synth → disco,1
djent → metal,1
djent → ambient,1
djent → breakcore,1
djent → progressive metal,1
harsh noise → experimental,1
harsh noise → alternative rock,1
harsh noise → idm,1
spoken word → new wave,1
spoken word → children's music,1
spoken word → ambient,1
spoken word → contemporary jazz,1
spoken word → cool jazz,1
spoken word → classical,1
power pop → indie rock,1
power pop → hard rock,1
power pop → electronic,1
power pop → pop,1
hyper techno → electronic,1
hyper techno → hip hop,1
hyper techno → dance-pop,1
hyper techno → eurobeat,1
moombahton → dubstep,1
moombahton → chiptune,1
moombahton → brostep,1
moombahton → hybrid trap,1
moombahton → electronic,1
wave → industrial metal,1
wave → halftime,1
wave → festival progressive house,1
future rave → tech trance,1
future rave → melodic dubstep,1
future rave → electronic,1
noise rock → experimental,1
noise rock → electronic,1
noise rock → rock,1
noise rock → post-industrial,1
euphoric hardstyle → pop,1
euphoric hardstyle → hip hop,1
euphoric hardstyle → electronic,1
euphoric hardstyle → dubstep,1
euphoric hardstyle → alternative rock,1
britcore → rock,1
britcore → hard rock,1
britcore → disco,1
britcore → psychedelic rock,1
afro-cuban jazz → electronic,1
afro-cuban jazz → latin,1
afro-cuban jazz → blues,1
future funk → funk ostentação,1
future funk → jazz,1
future funk → city pop,1
future funk → j-pop,1
future funk → contemporary r&b,1
future funk → dance,1
lounge → ambient,1
lounge → chanson française,1
lounge → non-music,1
lounge → acid jazz,1
lounge → jazz,1
lounge → easy listening,1
mod → new wave,1
mod → punk,1
mariachi → latin,1
salsa → reggaeton,1
drill → hip hop,1
drill → grime,1
drill → east coast hip hop,1
drill → chicago drill,1
drill → pop,1
drill → house,1
funk metal → funk,1
funk metal → honky tonk,1
funk metal → beatboxing,1
funk metal → alternative metal,1
funk metal → punk,1
funk metal → breakbeat,1
new jack swing → disco,1
new jack swing → funk,1
new jack swing → electro,1
sludge metal → metal,1
coke rap → crunk,1
coke rap → hip hop,1
coke rap → gangsta rap,1
coke rap → dance-pop,1
symphonic rock → electronic,1
symphonic rock → r&b,1
folk metal → atmospheric black metal,1
folk metal → alternative metal,1
folk metal → heavy metal,1
bubblegum pop → indie rock,1
bubblegum pop → rock,1
colour bass → digicore,1
colour bass → electronic,1
colour bass → alternative rock,1
colour bass → lo-fi hip hop,1
colour bass → ambient,1
hard drum → techno,1
soca → dancehall,1
soca → zouk,1
footwork → funk,1
footwork → dubstep,1
footwork → halftime,1
footwork → alternative r&b,1
french electro → trip hop,1
french electro → indie rock,1
french electro → electronic,1
jump up → briddim,1
jump up → dubstep,1
jump up → brostep,1
jump up → pop,1
jump up → electronic,1
atmospheric black metal → black metal,1
atmospheric black metal → metal,1
atmospheric black metal → gothic metal,1
atmospheric black metal → pop,1
crossbreed → nu metal,1
crossbreed → darkstep,1
rave → nerdcore,1
miami bass → breaks,1
miami bass → pop,1
miami bass → k-pop,1
dance-punk → leftfield,1
dance-punk → ebm,1
dance-punk → no wave,1
chillsynth → synth-pop,1
speed metal → hardcore hip hop,1
speed metal → thrash metal,1
speed metal → comedy,1
speed metal → power metal,1
industrial hip hop → big beat,1
industrial hip hop → hyperpop,1
industrial hip hop → electronic,1
industrial hip hop → experimental,1
industrial hip hop → experimental hip hop,1
digital hardcore → nu metal,1
digital hardcore → cyberpunk,1
digital hardcore → electro,1
digital hardcore → breakcore,1
mainstream rock → hip hop,1
mainstream rock → hard rock,1
mainstream rock → alternative rock,1
mainstream rock → britpop,1
mainstream rock → punk rock,1
mainstream rock → electronic,1
quiet storm → disco,1
ambient trance → pop,1
ambient trance → new wave,1
ambient trance → alternative rock,1
ambient trance → trance,1
ambient trance → lounge,1
ambient trance → progressive trance,1
ambient trance → soul,1
chopped and screwed → boom bap,1
chopped and screwed → experimental,1
chopped and screwed → folk,1
chopped and screwed → blues,1
chopped and screwed → post-rock,1
chopped and screwed → alternative rock,1
chopped and screwed → alternative hip hop,1
chopped and screwed → chicago drill,1
chopped and screwed → folk rock,1
chopped and screwed → brostep,1
chopped and screwed → ambient,1
chopped and screwed → comedy,1
chopped and screwed → contemporary r&b,1
chopped and screwed → g-funk,1
eccojams → jazz,1
eccojams → ambient,1
eccojams → k-pop,1
eccojams → pop,1
deathcore → brutal death metal,1
deathcore → death metal,1
neo-grime → grime,1
witch house → ballet,1
ballet → classical,1
drumless hip hop → jazz,1
champeta → hip hop,1
champeta → latin,1
champeta → pop,1
q-pop → electronic,1
bhajan → new age,1
bhajan → filmi,1
asian rock → j-rock,1
asian rock → j-pop,1
breakbeat hardcore → hardcore breaks,1
breakbeat hardcore → speed garage,1
breakbeat hardcore → electro,1
jungle terror → drumstep,1
jungle terror → electro house,1
jam band → free jazz,1
jam band → krautrock,1
jam band → zydeco,1
vaportrap → pop,1
vaportrap → idm,1
vaportrap → disco,1
vaportrap → hip hop,1
alternative folk → jazz,1
alternative folk → indie rock,1
alternative folk → folk rock,1
alternative folk → folk,1
alternative folk → ambient,1
electro-funk → electronic,1
electro-funk → indie rock,1
trap latino → bachata,1
séga → drum and bass,1
séga → hard rock,1
séga → hip hop,1
séga → pop punk,1
séga → chiptune,1
séga → electronic,1
jersey club → dance,1
jersey club → trap,1
jersey club → house,1
jersey club → j-pop,1
jersey club → vaporwave,1
jersey club → hyperpop,1
jersey club → synth-pop,1
jersey club → k-pop,1
jersey club → digicore,1
jersey club → alternative rock,1
jersey club → lo-fi hip hop,1
jersey club → dance-pop,1
jersey club → electro house,1
jersey club → bass house,1
jersey club → slacker rock,1
jersey club → indie rock,1
jersey club → shoegaze,1
drumfunk → electronic,1
interview → blues,1
interview → synth-pop,1
instrumental rock → electro,1
instrumental rock → folk rock,1
instrumental rock → funk,1
beat music → dance,1
beat music → alternative rock,1
beat music → baroque pop,1
uk funky → electro,1
uk funky → 2-step,1
uk funky → bassline,1
comedy rock → new wave,1
comedy rock → pop,1
comedy rock → heavy metal,1
comedy rock → rock,1
enka → j-pop,1
funeral doom metal → dark ambient,1
funeral doom metal → black metal,1
breakstep → house,1
riddim dubstep → disco,1
riddim dubstep → bass house,1
riddim dubstep → techno,1
riddim dubstep → dance,1
riddim dubstep → indian pop,1
riddim dubstep → pop,1
riddim dubstep → synth-pop,1
hardwave → future bass,1
hardwave → speed garage,1
hardwave → hard rock,1
hardwave → breakbeat,1
hardwave → hybrid trap,1
hardwave → dancefloor drum and bass,1
hardwave → dubstep,1
hardwave → dance-pop,1
hardwave → metal,1
hardwave → pop,1
progressive breaks → progressive trance,1
progressive breaks → downtempo,1
progressive breaks → electronic,1
sunshine pop → classic rock,1
cajun → pop,1
afrobeats → alternative r&b,1
afrobeats → reggae,1
afrobeats → contemporary r&b,1
afrobeats → classic rock,1
afrobeats → soul,1
afrobeats → r&b,1
afrobeats → guaguancó,1
afrobeats → latin pop,1
afrobeats → k-pop,1
afrobeats → disco,1
afrobeats → afrobeat,1
afrobeats → jùjú,1
yé-yé → pop,1
romanian popcorn → electro house,1
romanian popcorn → electronic,1
romanian popcorn → dance,1
romanian popcorn → rock,1
romanian popcorn → electropop,1
shibuya-kei → j-pop,1
turntablism → musical,1
turntablism → pop,1
turntablism → hard rock,1
turntablism → electronic,1
latin rock → rock,1
latin rock → pop,1
glam → progressive rock,1
glam → art rock,1
cowpunk → alternative rock,1
cyber metal → industrial rock,1
cyber metal → electronic,1
cyber metal → progressive metal,1
latin house → downtempo,1
swamp rock → pop,1
drill and bass → gangsta rap,1
drill and bass → jungle,1
drill and bass → atmospheric drum and bass,1
old school hip hop → hip hop,1
old school hip hop → alternative pop,1
old school hip hop → symphonic metal,1
old school hip hop → dance,1
funk rock → funk,1
funk rock → alternative metal,1
space rock → rock,1
flamenco → latin,1
flamenco → experimental,1
flamenco → ambient,1
flamenco → alternative pop,1
flamenco → dubstep,1
flamenco → classical crossover,1
flamenco → art pop,1
neo-progressive rock → crossover prog,1
neo-progressive rock → progressive rock,1
neo-progressive rock → acoustic rock,1
synth funk → rock,1
synth funk → alternative rock,1
synth funk → funk,1
synth funk → new wave,1
jangle pop → indie pop,1
jangle pop → classic rock,1
west coast hip hop → abstract hip hop,1
west coast hip hop → instrumental,1
west coast hip hop → pop rock,1
west coast hip hop → pop,1
west coast hip hop → disco,1
west coast hip hop → breaks,1
west coast hip hop → big band,1
west coast hip hop → soul,1
dark cabaret → electronic,1
dark cabaret → dream pop,1
heartland rock → house,1
chicago drill → rage,1
chicago drill → gangsta rap,1
chicago drill → hip hop,1
rage → dubstep,1
rage → chicago drill,1
samba → folk,1
samba → latin,1
samba → latin pop,1
trot → march,1
trot → classical,1
jump blues → blues,1
artcore → classical crossover,1
boogie-woogie → rock,1
c-pop → pop,1
hypnagogic pop → chillwave,1
hypnagogic pop → rock,1
acid breaks → idm,1
acid breaks → cyberpunk,1
acid breaks → electronic,1
reggae rock → reggae,1
hard house → grime,1
hard house → electronic,1
melbourne bounce → electronic,1
melbourne bounce → big room house,1
march → rock,1
funkot → eurodance,1
mad → eurobeat,1
dungeon synth → drone,1
pluggnb → k-pop,1
deep tech → ambient pop,1
deep tech → electronic,1
electro latino → j-rock,1
funk carioca → post-industrial,1
funk carioca → house,1
new beat → rock,1
new beat → new wave,1
underground hip hop → pop,1
underground hip hop → boom bap,1
underground hip hop → hip hop,1
medieval → classical,1
classic country → comedy,1
dembow → chicago house,1
darkstep → wonky techno,1
darkstep → grime,1
darkstep → chamber folk,1
darkstep → techstep,1
darkstep → neurofunk,1
darkstep → dubstep,1
hindustani classical → filmi,1
hindustani classical → indian classical,1
acid trance → trance,1
electrotango → electronic,1
minimal drum and bass → deep drum and bass,1
hardcore breaks → digicore,1
hardcore breaks → electro house,1
post-metal → black metal,1
post-metal → post-rock,1
delta blues → blues,1
minimalism → indie rock,1
garage psych → garage rock,1
hardvapour → alternative metal,1
hardvapour → alternative rock,1
british folk rock → folk,1
funky breaks → dubstep,1
anti-folk → post-rock,1
microfunk → breakbeat,1
microfunk → halftime,1
speed garage → uk garage,1
speed garage → 2-step,1
hard trap → industrial,1
hard trap → drumstep,1
hard trap → rawstyle,1
hard trap → hybrid trap,1
progressive folk → folk rock,1
melodic metalcore → metal,1
melodic metalcore → metalcore,1
chipmunk soul → funk,1
chipmunk soul → hip hop,1
chipmunk soul → jazz,1
opera → pop,1
opera → classical crossover,1
slap house → dance-pop,1
slap house → trance,1
akishibu-kei → bossa nova,1
akishibu-kei → electronic,1
spiritual jazz → jazz,1
raggacore → lovers rock,1
raggacore → breakcore,1
raggacore → jungle,1
raggacore → breakbeat,1
hardbass → dance,1
moombahcore → electronic,1
moombahcore → electro house,1
moombahcore → dubstep,1
moombahcore → drumstep,1
moombahcore → ambient house,1
break-in → pop,1
rara → dance,1
rara → electronic,1
art punk → indie rock,1
art punk → garage rock,1
art punk → east coast hip hop,1
nederbeat → pop,1
afroswing → ambient,1
afroswing → hip hop,1
hip hop soul → ballad,1
steampunk → dark wave,1
psychedelic pop → art pop,1
psychedelic pop → rock,1
psychedelic pop → pop,1
psychedelic pop → indie rock,1
screamo → metalcore,1
crossover thrash → heavy metal,1
raï → disco,1
hardgroove techno → electronic,1
slow waltz → easy listening,1
seapunk → children's music,1
cumbia argentina → metal,1
powerstomp → deconstructed club,1
kabarett → ballad,1
latin ballad → ballad,1
uk drill → ambient,1
estrada → ballad,1
broken transmission → rock,1
jazz house → hip hop,1
psychedelic soul → jazz,1
sound effects → field recording,1
electro hop → electro,1
soul jazz → jazz,1
neue deutsche härte → electronic,1
neue deutsche härte → industrial,1
anatolian rock → psychedelic rock,1
anatolian rock → pop,1
ragtime → chiptune,1
powerviolence → grindcore,1
garage rock revival → pop,1
garage rock revival → indie rock,1
ghazal → pop,1
v-pop → chinese classical,1
lo-fi house → dub,1
lo-fi house → ambient,1
lo-fi house → outsider house,1
space ambient → ambient pop,1
space ambient → art pop,1
space ambient → chiptune,1
jersey club rap → pop,1
jersey club rap → electronic,1
progressive metalcore → djent,1
ytpmv → eurobeat,1
ytpmv → britpop,1
ytpmv → alternative rock,1
ytpmv → techno,1
ytpmv → christmas music,1
tearout brostep → brostep,1
nu skool breaks → bass house,1
nu skool breaks → chiptune,1
nu skool breaks → progressive house,1
hi-tech full-on → acid house,1
melodic bass → indie folk,1
fidget house → complextro,1
fidget house → dance,1
fidget house → glitch hop,1
fidget house → dubstep,1
tearout → bass house,1
hi-tech → twerk,1
hi-tech → electronic,1
hi-tech → dancefloor drum and bass,1
hi-tech → drum and bass,1
hi-tech → uk hardcore,1
hi-tech → symphonic metal,1
bro-country → country rock,1
psychobilly → electronic,1
éntekhno → classic rock,1
bolero-beat → latin,1
neoperreo → pop,1
dark plugg → hyperpop,1
canción melódica → latin,1
canción melódica → ballad,1
dreampunk → electronic,1
dreampunk → experimental,1
minneapolis sound → funk,1
sea shanty → electronic,1
sea shanty → hip hop,1
jazzstep → indie rock,1
romantic classical → concerto,1
spamwave → hard rock,1
guaguancó → bolero,1
acousmatic → electronic,1
harsh noise wall → experimental,1
nasheed → breaks,1
boogie rock → classic rock,1
nashville sound → country,1
wonky → idm,1
wonky → dance,1
wonky → dance-pop,1
chap hop → hip hop,1
funk de bh → hip hop,1
dissonant death metal → black metal,1
digital cumbia → j-rock,1
digital cumbia → latin,1
psystyle → nu style gabber,1
speed house → experimental hip hop,1
speed house → chiptune,1
queercore → dance,1
exotica → hip hop,1
exotica → spoken word,1
exotica → easy listening,1
nerdcore techno → electronic,1
celtic rock → folk rock,1
zydeco → rock,1
lullaby → pop,1
arrocha → dance-pop,1
freeform hardcore → electronic,1
soukous → pop,1
emocore → alternative rock,1
batida → art pop,1
modern hardtek → bass house,1
audio documentary → ambient dub,1
