entity,authority,in_strength
Katy Perry,0.0236598,167
Kesha,0.0234254,137
Lady Gaga,0.0208054,225
Britney Spears,0.0195849,161
Rihanna,0.0194295,142
Maroon 5,0.0116208,76
Ellie Goulding,0.0109438,52
One Direction,0.0109419,46
PSY,0.0106781,247
Taylor Swift,0.0100004,146
David Guetta,0.0096752,66
Adele,0.00947879,60
Coldplay,0.009148,110
Bruno Mars,0.00887935,75
Miley Cyrus,0.00852043,59
OneRepublic,0.00819953,28
Flo Rida,0.00810776,50
Jason Derulo,0.00804595,38
P!nk,0.00798599,51
Usher,0.00755237,55
Linkin Park,0.00747933,225
Jessie J,0.00723069,33
Kelly Clarkson,0.00669573,35
Calvin Harris,0.00667848,54
Avril Lavigne,0.00664083,61
Jennifer Lopez,0.00646738,44
Madonna,0.00624579,161
Owl City,0.00611582,60
Beyoncé,0.00584397,82
Gym Class Heroes,0.00548684,17
Black Eyed Peas,0.00545239,68
Karmin,0.0051009,14
Lana Del Rey,0.00481486,36
LMFAO,0.00475759,88
will.i.am,0.00474787,21
Adam Lambert,0.0046903,16
Pitbull,0.00468865,53
Michael Jackson,0.00451274,206
Avicii,0.00443347,42
Demi Lovato,0.0043751,19
MARINA,0.00434474,27
Taio Cruz,0.00431311,21
B.o.B,0.00427716,28
Muse,0.00422785,61
Lorde,0.00421918,31
Imagine Dragons,0.00415275,36
Nicki Minaj,0.00409739,56
Chris Brown,0.00409679,26
Paramore,0.00395093,34
Shakira,0.00392674,26
Nelly Furtado,0.00385392,31
Daft Punk,0.00384161,359
Ye,0.00380365,179
Cher Lloyd,0.00376831,10
The Ting Tings,0.00370262,32
Justin Bieber,0.00368677,43
澤野弘之,0.00365071,65
Carly Rae Jepsen,0.00353918,83
Christina Aguilera,0.00352989,38
Bastille,0.00348612,15
Little Mix,0.00346339,13
Fun,0.00343375,17
Justin Timberlake,0.00338824,54
Ed Sheeran,0.00337663,38
Kylie Minogue,0.00326999,36
Quad City DJ’s,0.00313003,91
Zedd,0.00307629,32
Florence + the Machine,0.00307326,20
Queen,0.0029925,135
Gwen Stefani,0.00294038,41
Ariana Grande,0.00292003,76
Olly Murs,0.00291455,7
MGMT,0.00289221,38
Mike Posner,0.00271749,11
deadmau5,0.00271136,42
The Wanted,0.0027022,10
JAY‐Z,0.00269716,255
床井健一,0.00266347,32
桜庭統,0.00256962,28
Skrillex,0.00255021,124
Pharrell Williams,0.00254542,25
Beastie Boys,0.00248415,203
Selena Gomez,0.00242422,19
Robin Thicke,0.00240875,12
Gorillaz,0.00238706,98
Eminem,0.0023568,148
The Fray,0.00234026,18
μ's,0.00232271,38
DEV,0.00228334,13
Sean Kingston,0.00228137,23
The Beatles,0.00223622,283
Cobra Starship,0.00218614,6
No Doubt,0.00217748,26
Iggy Azalea,0.00217683,17
Scissor Sisters,0.00210337,12
Tegan and Sara,0.00210133,9
Sara Bareilles,0.00208225,8
Bridgit Mendler,0.00208182,5
Smash Mouth,0.0020353,78
Swedish House Mafia,0.00202037,15
Macklemore & Ryan Lewis,0.0020173,24
MIKA,0.00192612,15
Fall Out Boy,0.00189714,40
The All‐American Rejects,0.00181944,12
Ne‐Yo,0.00181915,10
Enrique Iglesias,0.0018185,10
大谷智哉,0.00178144,30
Daughtry,0.0017593,6
Josh Mancell,0.00173867,26
Sean Paul,0.00173557,23
*NSYNC,0.00173009,15
Hot Chelle Rae,0.00170773,8
Red Hot Chili Peppers,0.00169328,62
Selena Gomez & the Scene,0.00168832,7
Drake,0.00168491,93
Timbaland,0.00167345,22
Christina Perri,0.00166804,5
Green Day,0.00166619,75
Neon Hitch,0.00166546,4
Ciara,0.00164989,22
TLC,0.00162126,22
Busta Rhymes,0.0016153,50
Nine Inch Nails,0.00160144,180
Weezer,0.00159358,83
Ace of Base,0.00154845,12
Icona Pop,0.00152245,12
Limp Bizkit,0.00149401,41
Bon Jovi,0.00148909,28
Falco,0.00148497,35
Capital Cities,0.0014786,6
Far East Movement,0.00145382,11
Lily Allen,0.0014525,50
Train,0.00142999,12
Snoop Dogg,0.00141913,54
Nelly,0.00140194,23
Cheryl,0.00140033,5
Afrojack,0.00139594,10
Oasis,0.00139413,52
Dido,0.00138531,9
3OH!3,0.00138337,10
Major Lazer,0.0013475,25
Jordin Sparks,0.0013292,13
ClariS,0.00132179,25
Hilary Duff,0.00131716,6
Ylvis,0.00130277,6
Nicole Scherzinger,0.00129601,4
Dr. Dre,0.00126406,87
Lights,0.00126048,4
Foxes,0.00125146,5
Dragonette,0.0012512,5
The Killers,0.00125035,41
Michael Bublé,0.00124946,5
Benny Benassi,0.00124929,27
Rita Ora,0.00124909,3
Down With Webster,0.00124909,3
DJ Pauly D,0.00124909,3
Eva Simons,0.00124909,3
Bleachers,0.00124909,3
The Prodigy,0.00124485,85
Fort Minor,0.00124306,53
Backstreet Boys,0.00120272,14
Destiny’s Child,0.00119672,36
Justice,0.00119465,140
Drowning Pool,0.00118081,33
Madeon,0.00117361,39
Nirvana,0.00116957,77
Martin Solveig,0.00114773,16
千石撫子,0.00113161,31
Aphex Twin,0.00112259,100
Travie McCoy,0.0011171,6
Ying Yang Twins,0.00110938,14
Fifth Harmony,0.0010832,8
The Weeknd,0.00106665,55
Leona Lewis,0.00105802,6
Céline Dion,0.00105135,14
AC/DC,0.00104362,46
M83,0.00104291,21
Foster the People,0.00103465,19
Rick Astley,0.00102357,44
Marlon Saunders,0.00102343,14
Alicia Keys,0.00102268,15
Evanescence,0.00100615,35
Fergie,0.00100539,24
The 1975,0.00100454,10
Kiesza,0.00100292,4
Naughty Boy,0.00100292,4
Panic! at the Disco,0.000999848,30
CeeLo Green,0.000999065,8
Finger Eleven,0.000984901,6
Duck Sauce,0.000979068,9
Azealia Banks,0.000976088,7
5 Seconds of Summer,0.000969759,7
Tove Lo,0.000962603,8
Empire of the Sun,0.000959963,10
Sia,0.000959295,15
Robyn,0.000959113,14
Ricky Martin,0.000958839,10
Matchbox Twenty,0.00095483,5
My Chemical Romance,0.000949191,43
Jay Sean,0.000928821,7
Carrie Underwood,0.000921496,4
Example,0.000908084,9
John Newman,0.000900672,4
Eurythmics,0.000881305,30
Run‐D.M.C.,0.00087943,85
Neon Trees,0.000877672,6
Martin Garrix,0.000871103,13
Ludacris,0.000864406,59
Darude,0.000855807,20
My Name Is Kay,0.000844658,3
Natasha Bedingfield,0.000843025,6
Disclosure,0.000842491,6
The Chemical Brothers,0.00083968,58
Metallica,0.000836549,82
Conor Maynard,0.000832865,3
MAGIC!,0.000832728,2
Marianas Trench,0.000832728,2
Bonnie McKee,0.000832728,2
Joe Jonas,0.000832728,2
Shontelle,0.000832728,2
Sam and the Womp,0.000832728,2
Serena Ryder,0.000832728,2
Alex Clare,0.000832728,2
Dru,0.000832728,2
Blur,0.000830799,25
近藤浩治,0.000830503,126
Gotye,0.000827994,39
北村友香,0.000818386,8
Eagles,0.00080993,22
twenty one pilots,0.000788283,29
Snow Patrol,0.000787034,14
Fatboy Slim,0.000780017,40
Led Zeppelin,0.000774062,69
Iron Maiden,0.000767309,22
Soulja Boy,0.000767289,58
Survivor,0.000761451,20
Pat Benatar,0.000756922,15
Deep Purple,0.000753915,27
The Supremes,0.000752993,20
The Jacksons,0.000750102,75
TeddyLoid,0.000738368,11
Missy Elliott,0.00073298,69
Salt‐N‐Pepa,0.000729165,25
Gnarls Barkley,0.000719361,19
Slipknot,0.000711509,28
Alanis Morissette,0.000685566,12
The Pussycat Dolls,0.000685221,13
Kings of Leon,0.000684142,8
Rammstein,0.000677154,21
Jane Remover,0.000668902,42
Rage Against the Machine,0.000667595,24
50 Cent,0.000651969,66
DMX,0.000649744,43
Dua Lipa,0.000646871,43
WILLOW,0.000643568,10
Hunnid-P,0.000633433,20
The Clash,0.000631163,46
Depeche Mode,0.000627724,67
Charli xcx,0.000625108,46
Joan Jett & The Blackhearts,0.000624597,12
SEGA Sound Team,0.000624407,24
Idina Menzel,0.00062298,3
Cher,0.000620622,12
Fountains of Wayne,0.00061436,13
Márcio Stein,0.000613789,6
Black Sabbath,0.000609785,37
Mark Ronson,0.000609736,26
La Roux,0.000609129,16
Post Malone,0.000605901,28
Plain White T’s,0.000603404,12
Daniel Ingram,0.000602108,129
Eiffel 65,0.000600862,23
Vanessa Carlton,0.000584746,21
Big Time Rush,0.000584723,11
Sir Mix‐A‐Lot,0.00058197,16
Clean Bandit,0.000580978,11
Porter Robinson,0.00058017,90
J‐Kwon,0.000577451,21
OutKast,0.000574084,76
The Rolling Stones,0.000572515,68
Chromeo,0.000567984,4
Reel 2 Real,0.000566446,8
Carl Douglas,0.000563811,15
T‐Pain,0.000554958,11
Billie Eilish,0.000552827,39
Iyaz,0.00055236,11
Wiz Khalifa,0.000550667,25
Vengaboys,0.000549128,21
Korn,0.000546697,31
Aerosmith,0.000545017,39
Death Grips,0.000544049,85
Ray Parker Jr.,0.000543533,27
Slayer,0.000542014,28
Nena,0.000541759,12
Bob Marley & The Wailers,0.000537853,59
Sam Smith,0.000537235,13
瀬上純,0.000536325,16
M.I.A.,0.00053559,40
KJ‐52,0.000532504,25
Seeed,0.000530581,7
Lil Nas X,0.000529259,40
Disturbed,0.000526931,33
Cypress Hill,0.000526841,33
Labrinth,0.000522949,4
Beatsteaks,0.000522579,7
Smith & Smart,0.000521588,5
JoJo,0.000520668,4
Alex Gaudino,0.000519048,3
Jesse McCartney,0.000518662,2
2Pac,0.000516216,52
fripSide,0.000511899,6
Alex Burton,0.000511491,5
Kraftwerk,0.000509809,56
Papa Roach,0.000509577,18
“Weird Al” Yankovic,0.000507887,25
Cardi B,0.000501276,26
Van Halen,0.000498548,26
N.W.A,0.000497859,49
Public Enemy,0.00049743,105
Estelle,0.000493745,13
Billy Idol,0.000492895,24
Santana,0.000492311,20
Sublime,0.00048745,8
Halsey,0.000484639,17
The Police,0.000476514,43
Childish Gambino,0.000475839,46
Yolanda Be Cool,0.000474574,7
Massive Attack,0.000470189,76
Faith No More,0.000469792,19
The Who,0.000468017,24
Cash Cash,0.00046707,4
Lil Wayne,0.00046456,48
Lady A,0.000463285,2
Chumbawamba,0.000461479,13
Donna Summer,0.000448201,50
James Brown,0.000448156,197
Europe,0.000446713,10
House of Pain,0.000445704,15
The Doors,0.000445031,44
David Bowie,0.000442305,73
Robbie Williams,0.000441993,7
Peter Bjorn and John,0.000438112,5
Metro Station,0.000438025,4
Johnny Cash,0.000438009,20
Kendrick Lamar,0.000437762,68
Diddy – Dirty Money,0.000437605,2
Sido,0.000435203,6
The Cataracs,0.000434672,6
Duffy,0.000434078,4
Sheryl Crow,0.000432977,3
Daniel Powter,0.000430169,3
Anna Kendrick,0.000428988,2
The Offspring,0.000428241,21
Kimbra,0.000428145,4
blink‐182,0.000427703,29
Lil Jon & The East Side Boyz,0.000425916,42
Of Monsters and Men,0.000425719,2
Whitesnake,0.000425665,4
The Veronicas,0.000425448,3
Colbie Caillat,0.000425095,2
Krewella,0.000423964,5
CRO,0.000422777,7
Blu Cantrell,0.00042045,5
Edward Maya,0.000418434,2
星井美希,0.000417836,8
Ashlee Simpson,0.000416535,2
Matisyahu,0.000416364,1
The Script,0.000416364,1
Lea Michele,0.000416364,1
The Ready Set,0.000416364,1
Lights Over Paris,0.000416364,1
LEN,0.000416364,1
Emblem3,0.000416364,1
Greyson Chance,0.000416364,1
Raghav,0.000416364,1
Milky Chance,0.000416364,1
Anjulie,0.000416364,1
Corinne Bailey Rae,0.000416364,1
Havana Brown,0.000416364,1
These Kids Wear Crowns,0.000416364,1
Rixton,0.000416364,1
Mia Martina,0.000416364,1
Eleven Past One,0.000416364,1
Fefe Dobson,0.000416364,1
Vita Chambers,0.000416364,1
Robin Beanland,0.000409247,5
長沼英樹,0.000405689,54
Janet Jackson,0.000404621,38
Khia,0.000403419,15
The Temptations,0.000402176,29
T.I.,0.000400625,25
Genesis,0.000399913,27
The White Stripes,0.000399083,21
The Notorious B.I.G.,0.000398793,96
Pantera,0.00039698,10
光田康典,0.000395855,42
George Michael,0.000393734,27
Bring Me the Horizon,0.000391244,11
Marilyn Manson,0.000390595,24
Random,0.000387058,33
LL Cool J,0.000385524,38
The B‐52s,0.000384625,18
t.A.T.u.,0.000381914,30
Radiohead,0.000381447,78
R.E.M.,0.000374321,19
The Beach Boys,0.000372218,27
Meghan Trainor,0.000371797,11
BROCKHAMPTON,0.000370815,26
New Order,0.000367518,30
高橋洋子,0.000366546,18
Marvin Gaye,0.000366135,83
The Smashing Pumpkins,0.000364024,36
Peter Gabriel,0.00036231,26
Starship,0.000359891,6
Jim Jones,0.000358369,36
Bloc Party,0.000356783,11
Kelis,0.000356185,27
Baauer,0.000353667,12
Groove Armada,0.000351353,17
The Cure,0.000348926,34
Chingy,0.000347378,7
Amerie,0.000344566,11
Ari Pulkkinen,0.000343449,7
Def Leppard,0.000341245,7
Whitney Houston,0.000340582,19
泉こなた,0.000339292,8
Foo Fighters,0.000338829,27
中村正人,0.000338801,27
Tone‐Lōc,0.000338124,9
Chris Isaak,0.000336226,8
Bill Withers,0.000334613,31
Twisted Sister,0.000334193,4
Phil Collins,0.000333616,28
Crush 40,0.000333275,5
Jonas Brothers,0.000332926,9
Dead or Alive,0.000329466,17
The Proclaimers,0.00032935,14
竹内まりや,0.000328626,13
U2,0.000327831,33
The Chainsmokers,0.000327336,15
Ken Ashcorp,0.000327318,8
Daryl Hall & John Oates,0.000327277,34
N*E*R*D,0.000324829,13
LiSA,0.000324499,12
Ramones,0.000323227,23
Jan Delay,0.000321919,4
Bingo Players,0.000321073,9
Nickelback,0.000320061,16
C+C Music Factory,0.000319918,20
久保直人,0.00031936,8
Gossip,0.00031726,8
P.O.D.,0.000314343,6
Ted Poley,0.000313667,5
Marteria,0.000313072,4
Infernal,0.000312953,3
Bros,0.000312953,3
DJ Ötzi,0.000312953,3
Prince,0.000312179,48
Johnny Gioeli,0.000309454,11
Orelsan,0.000309141,52
Casey Edwards,0.000309101,7
高田雅史,0.000308473,15
John Lennon,0.000307646,19
山根ミチル,0.000307138,5
南波真理子,0.000307077,4
Manuel,0.000306908,4
STYLE FIVE,0.000306895,3
POLICEMAN,0.000306895,3
NicolArmarfi,0.000306895,3
中川翔子,0.000306895,3
DJ Jazzy Jeff & the Fresh Prince,0.00030559,21
Elton John,0.000304357,39
Megadeth,0.000298548,7
Blackstreet,0.000298457,9
Diplo,0.000294141,10
Grandmaster Flash & The Furious Five,0.000292717,46
Cutting Crew,0.000290063,7
Within Temptation,0.000286138,7
Basement Jaxx,0.000284742,22
Toby Fox,0.000284587,134
Dizzee Rascal,0.000282789,19
100 gecs,0.000279603,47
Spice Girls,0.000277411,22
Luis Fonsi,0.000277247,7
Third Eye Blind,0.000276986,23
MC Hammer,0.000275325,9
Tears for Fears,0.000275106,35
Mötley Crüe,0.000274741,8
Snap!,0.000273131,15
Creedence Clearwater Revival,0.000272715,8
Bob Dylan,0.000272111,36
Technotronic,0.000271706,18
Three 6 Mafia,0.00026973,28
Lizzo,0.000269331,13
Kate Nash,0.000266561,9
System of a Down,0.000264168,27
Dire Straits,0.000262795,11
Kevin Rudolf,0.000262476,7
Excision,0.000260482,17
The Living Tombstone,0.00025991,28
WALK THE MOON,0.000258254,9
Portugal. The Man,0.000257922,6
Wham!,0.000257837,9
Fedde Le Grand,0.000257003,7
Mr. Oizo,0.000256889,33
Stevie Wonder,0.000256761,52
Thrice,0.000255653,13
Deltron 3030,0.000255602,12
BodyRockers,0.000255556,3
Peaches,0.000255459,7
TryHardNinja,0.000255454,13
Lemon Demon,0.000253824,36
Belinda Carlisle,0.000252742,8
Björk,0.000252575,48
KISS,0.000251499,34
Akon,0.000250939,11
Montell Jordan,0.000250735,6
植松伸夫,0.0002501,76
Modest Mouse,0.000249077,21
Caramell,0.000247386,40
The Bangles,0.000246928,9
Jack Ü,0.000246918,8
INXS,0.000246898,15
Bonnie Tyler,0.000245932,11
Duran Duran,0.000244803,15
Silentó,0.000243693,7
Mariah Carey,0.000242304,43
Yeah Yeah Yeahs,0.000241026,24
Pet Shop Boys,0.000239759,24
Commodores,0.000239361,35
Eric Clapton,0.000238909,8
kmoe,0.000238905,18
Warren G,0.000238565,9
Harold Faltermeyer,0.000238306,11
Wild Cherry,0.000237771,12
Naughty by Nature,0.000237721,9
Jamie Christopherson,0.000235761,5
Doja Cat,0.000235317,22
Tag Team,0.000233752,6
T. Rex,0.000232805,10
Seal,0.000232414,8
Harry Enfield,0.00023172,6
James “D Train” Williams,0.000230633,4
The J. Geils Band,0.000230489,4
dead prez,0.000230342,10
Yes,0.000229921,12
Heavy D. & the Boyz,0.000229901,4
Will Smith,0.000229783,28
Franz Ferdinand,0.000227924,22
Jake Kaufman,0.000226998,8
The Strokes,0.000226909,17
Fetty Wap,0.00022685,11
Knife Party,0.000226817,23
Free,0.000226568,4
Stromae,0.000226036,28
The Avalanches,0.000225496,14
Don Diablo,0.000224503,4
Motörhead,0.00022337,10
Kid Cudi,0.000222882,16
supercell,0.000222649,22
עפרה חזה,0.00022228,7
宇多田ヒカル,0.000222227,34
John Cena,0.000221869,4
Faithless,0.000221811,13
The Romantics,0.000221399,7
Renegade Soundwave,0.000221397,23
Creed,0.000221225,5
EMF,0.000221083,3
Perfume,0.000220605,7
HOME MADE 家族,0.000220536,3
Billy Joel,0.000220393,21
Nas,0.000220153,53
Deichkind,0.000219578,7
Frauenarzt,0.000217602,3
Aaliyah,0.000216417,33
Dean Martin,0.000216326,5
Vanilla Ice,0.000215936,16
DJ Fresh,0.000214617,4
ACE+,0.000214036,3
Eazy‐E,0.000213698,28
Travis Scott,0.000213498,28
Michiel van den Bos,0.000213382,6
Compromised,0.000213002,10
NERO,0.000212769,7
Imogen Heap,0.000211683,23
Sum 41,0.000211438,11
Coda,0.000211207,4
John Desire,0.000211194,3
Mitchie M,0.000211194,3
Dada Life,0.000210716,5
Felguk,0.00021058,4
The Human League,0.000210414,21
Barenaked Ladies,0.000210347,11
Emeli Sandé,0.000210316,3
Foreigner,0.000210062,17
Tujamo,0.000209959,3
Peter Schilling,0.000209595,21
Deorro,0.000209518,3
上海アリス幻樂団,0.000209497,37
Kreator,0.000209471,3
Crookers,0.000209361,7
DJs From Mars,0.000208999,3
R3HAB,0.000208721,3
Laid Back,0.000208717,6
Klangkarussell,0.000208714,5
Dio,0.000208646,3
Jars of Clay,0.000208644,3
Hard‐Fi,0.000208644,3
Fragma,0.000208644,3
Mousse T.,0.000208635,2
Alkbottle,0.000208635,2
Turboneger,0.000208635,2
Monosurround,0.000208635,2
Modern Talking,0.000208635,2
Bombs Away,0.000208635,2
Haftbefehl,0.000208635,2
2CELLOS,0.000208635,2
Manowar,0.000208635,2
At the Gates,0.000208635,2
OKAY,0.000208635,2
The Vinyl Rippers,0.000208635,2
Skero,0.000208635,2
Marcapasos,0.000208635,2
Elliphant,0.000208635,2
The Marvelettes,0.000208283,3
ARIANNE,0.000208172,3
George Andreas,0.000207439,8
放課後ティータイム,0.000207262,13
Spencer Nilsen,0.000207198,6
岡部啓一,0.000206803,11
Shawn Mendes,0.000206641,9
Stealers Wheel,0.000206616,2
熊谷文恵,0.000206548,5
Beck,0.00020631,114
Sex Pistols,0.000206003,20
The Blackout Crew,0.000205921,3
Apathy,0.000205648,4
Bee Gees,0.000205226,26
阿良々木月火,0.000204615,4
高坂穂乃果,0.000204614,4
麻枝准,0.000204605,3
倖田來未,0.000204605,3
Keith Power,0.000204605,3
栗林みな実,0.000204605,3
FEX,0.000204605,3
Damjan Mravunac,0.000204596,2
戦場ヶ原ひたぎ,0.000204596,2
庄司英徳,0.000204596,2
Doug Robb,0.000204596,2
Paz Ortega Andrade,0.000204596,2
ALI,0.000204596,2
Ben Prunty,0.000204596,2
Bangs,0.000204596,2
オーイシマサヨシ,0.000204596,2
四条貴音,0.000204596,2
Tabitha Fair,0.000204596,2
GARNiDELiA,0.000204596,2
Tyson Yen,0.000204596,2
Jean Paul Makhlouf,0.000204596,2
STEREO DIVE FOUNDATION,0.000204596,2
Creepy Nuts,0.000204596,2
Funczion SOUNDS,0.000204596,2
すーぱーそに子,0.000204596,2
Tony Grayson,0.000204596,2
赤血球 AE3803,0.000204596,2
津島善子,0.000204596,2
Shade,0.000204596,2
Art of Noise,0.000204435,30
Rick James,0.000204375,39
The Jimi Hendrix Experience,0.000203349,29
Kaskade,0.000202593,20
Coolio,0.000199464,13
The Kid LAROI,0.000197384,11
岩崎琢,0.000197301,7
Gloria Gaynor,0.000196854,11
Arctic Monkeys,0.000196181,16
Talking Heads,0.000193912,24
Harry Styles,0.000192757,13
Jimmy Eat World,0.000192318,6
Richard Jacques,0.00019213,23
Melanie Martinez,0.000191418,9
Pendulum,0.000190914,21
Frankie Goes to Hollywood,0.000189525,11
Kool & the Gang,0.000189436,87
SOPHIE,0.000187353,25
Celldweller,0.000187327,23
SpongeBob SquarePants,0.000187099,6
Lil Jon,0.0001867,21
Bloodhound Gang,0.000186441,14
Diana Ross,0.000185628,33
Dem Franchize Boyz,0.000185555,10
Aretha Franklin,0.000185543,31
4 Non Blondes,0.000184856,7
The Cars,0.000184692,7
Thin Lizzy,0.000184493,9
平野綾,0.000184185,8
DJ Snake,0.000183275,9
Lenny Kravitz,0.000182482,15
Fleetwood Mac,0.000179919,29
Steely Dan,0.000179219,13
Noisestorm,0.000178964,8
XXXTENTACION,0.000178936,18
松浦雅也,0.00017839,9
Billy Squier,0.000177794,19
Queens of the Stone Age,0.000177144,20
田中公平,0.00017533,11
ABBA,0.000175264,33
Phoenix,0.000175115,14
Hannah Montana,0.000174897,5
Pink Floyd,0.000173435,66
Insane Clown Posse,0.000173349,6
Rockwell,0.000171792,9
Migos,0.000171768,8
Richard “Humpty” Vission,0.000170191,2
R. Kelly,0.00017003,21
Village People,0.000169695,11
The 2 Live Crew,0.000168919,9
Juice WRLD,0.000168211,6
Judas Priest,0.000167515,4
ZZ Top,0.000165075,9
2 Unlimited,0.00016496,10
きゃりーぱみゅぱみゅ,0.000164556,14
M|A|R|R|S,0.000164517,11
20 Fingers,0.000164464,5
Girls’ Generation,0.000163136,5
Cascada,0.000162506,10
Ice Cube,0.000162424,29
Lin‐Manuel Miranda,0.000161692,11
Ava Max,0.000161468,6
Amy Winehouse,0.000161194,12
Rednex,0.000160167,5
Rod Stewart,0.000159925,16
John Mellencamp,0.000159669,4
LazyTown,0.000159419,13
Roy Orbison,0.000159257,6
Rob Base & D.J. E‐Z Rock,0.00015914,17
C418,0.000159104,80
Shaggy,0.000157951,11
Unk,0.000157152,10
Breakbot,0.000157025,9
Scorpions,0.00015682,6
Was (Not Was),0.000155886,6
Camila Cabello,0.000155691,8
Charlie Puth,0.000155569,9
CAKE,0.000155169,13
Olivia Rodrigo,0.000155045,10
S3RL,0.000154947,20
Thirty Seconds to Mars,0.000153749,8
Barry White,0.00015374,34
The Mamas & the Papas,0.000153642,8
SebastiAn,0.000152832,11
Khalid,0.000152791,6
Under the Influence of Giants,0.000151238,2
茶太,0.000151186,7
Birdman,0.000150675,12
Avenged Sevenfold,0.000150491,9
"Earth, Wind & Fire",0.000150006,74
Wu‐Tang Clan,0.000149357,47
Mega Ran,0.000149101,7
Twista,0.000149035,15
Jason Mraz,0.000148603,5
Ozzy Osbourne,0.000148276,9
Tyga,0.000148168,11
Peter Fox,0.000148155,8
The Rembrandts,0.000147477,4
Huey Lewis and the News,0.000147012,5
Guns N’ Roses,0.000146833,11
James Gang,0.000146569,5
Black Box,0.000146473,6
Erasure,0.000146237,5
Soft Cell,0.000146167,9
Five Finger Death Punch,0.000146164,2
Ginuwine,0.000146101,11
Electric Light Orchestra,0.000145943,19
Air,0.000145696,10
Three Dog Night,0.000145062,6
Iggy Pop,0.000144617,14
Eric Prydz,0.000144505,8
Rebecca Black,0.000144268,7
Vitamin C,0.000144145,2
Marshmello,0.00014403,8
Young MC,0.000143954,18
Omarion,0.000143918,9
Baha Men,0.000143873,7
Masked Wolf,0.000142254,10
Bruce Springsteen,0.000141436,8
Chris Zabriskie,0.000141174,23
Kris Kross,0.000141093,4
JLS,0.000140762,3
Elvis Presley,0.000139635,9
KT Tunstall,0.000139506,7
Fugees,0.000139415,18
Toronto,0.000139366,5
John Travolta,0.000138713,5
Misfits,0.000138473,5
Haddaway,0.000138348,9
Rachel Platten,0.000138335,3
Propellerheads,0.000137982,6
Caravan Palace,0.000137192,8
Wolfmother,0.000137121,4
目黒将司,0.000136843,32
CHVRCHES,0.000136156,4
Incredible Bongo Band,0.000136069,26
Halogen,0.000135904,4
Paul McCartney,0.000135565,9
Tiësto,0.000135421,12
Yellowcard,0.00013499,9
Gucci Mane,0.000134794,21
Sugababes,0.000134787,7
Alstroemeria Records,0.000134653,22
Paul Hardcastle,0.000134391,3
いしわたり淳治,0.000134183,4
Jon Brion,0.000134177,3
The Trammps,0.000133744,8
Trey Songz,0.000133519,7
The Stooges,0.000132643,7
Crazy Town,0.000132387,5
Incubus,0.000132357,4
Endigo,0.000132291,5
Suzanne Vega,0.000131597,8
David Wise,0.000131287,14
The Pointer Sisters,0.000131184,12
Supertramp,0.000130608,8
Kid Rock,0.00013046,5
Eddie Murphy,0.000130276,4
Wale,0.000130254,5
Günther,0.000130029,3
Skillet,0.000129141,9
The Monkees,0.000128835,13
Los del Río,0.000128356,5
Bubba Sparxxx,0.000127941,4
Mars ILL,0.000127801,6
Hole,0.000127621,3
Bananarama,0.000126702,3
Bronski Beat,0.000126608,7
KC and the Sunshine Band,0.000126505,26
Mike Oldfield,0.000125889,13
Right Said Fred,0.000125748,7
Echosmith,0.00012574,3
Rancid,0.000125558,2
Chelley,0.000125558,2
Modern English,0.000125558,2
Black Label Society,0.000125541,3
Mis-Teeq,0.000125494,3
DragonForce,0.000124722,14
Dream,0.000123172,2
Ashanti,0.00012256,7
Chic,0.000122341,50
Andrew Gold,0.00012208,3
Gigi D’Agostino,0.000121967,6
Skunk Anansie,0.000121763,3
Jefferson Airplane,0.000121564,10
Sak Noel,0.000121483,2
Hyper,0.000121483,2
Soul Khan,0.000121483,2
Beats International,0.000121003,4
Craig David,0.000120974,6
Lil Peep,0.000120929,5
Ennio Morricone,0.000120815,40
Eve,0.000120786,5
The Verve,0.000120591,13
Martha Reeves and the Vandellas,0.000120279,4
Tom Jones,0.000120217,4
Danzig,0.0001201,2
Kawai Sprite,0.000120032,4
SZA,0.000119978,3
Alexander Brandon,0.000119811,8
Mindless Self Indulgence,0.000119768,4
JustinRPG,0.000119662,2
下村陽子,0.000119523,59
Anamanaguchi,0.000119468,3
Indeep,0.000119252,17
藍井エイル,0.000118765,5
平田志穂子,0.000118702,10
ワルキューレ,0.000118552,7
K/DA,0.000118516,7
FLOW,0.000118242,3
こみっくがーるず,0.000118237,2
種島ぽぷら,0.000118237,2
Tweet,0.00011819,8
Metro Boomin,0.000118145,7
Power Glove,0.000118081,2
Steve Aoki,0.000117561,7
Moloko,0.00011735,12
The Bloody Beetroots,0.000116914,5
Keri Hilson,0.000116902,5
Fatty Spins,0.000116854,14
Mylo,0.00011644,5
AWOLNATION,0.000116289,8
Touch and Go,0.000115848,3
Hardwell,0.000115825,3
Grant Kirkhope,0.000115676,8
Blondie,0.000115667,32
A Flock of Seagulls,0.000115644,6
幡谷尚史,0.000115077,7
Lady Sovereign,0.000114885,3
Afroman,0.000114857,3
Janis Joplin,0.000114857,3
Alice Cooper,0.000114623,5
LADY,0.000114532,5
Nick Jonas,0.000114475,3
James Brown & The Famous Flames,0.000114456,9
Alice Cooper,0.000114411,4
Flux Pavilion,0.000114255,7
CG5,0.000114228,2
OK Go,0.000114086,11
Hot Chocolate,0.00011398,8
Spin Doctors,0.000113829,2
Hail Mary Mallon,0.000113724,4
mgk,0.000113687,2
Iggy and The Stooges,0.000113673,2
Richard O’Brien,0.000113673,2
BTS,0.000113629,8
Gerry Rafferty,0.00011362,3
Hans Zimmer,0.000113482,31
Culture Beat,0.000113328,3
Münchener Freiheit,0.000113295,3
Wir sind Helden,0.000113284,2
James Blunt,0.000113248,3
Midnight Oil,0.000113048,2
Etta James,0.000112963,12
OMI,0.000112794,2
Beenie Man,0.000112494,11
Kevin MacLeod,0.000112138,26
Michael Hunter,0.000111874,2
Kitsune²,0.000111287,7
稲泉りん,0.000111254,18
Steven Universe,0.000111226,5
Drake Bell,0.000111212,2
Luniz,0.000111108,6
David Banner,0.000111025,9
Sabrina Carpenter,0.000111023,6
765PRO ALLSTARS,0.000110469,11
Lionel Richie,0.000110268,9
The Hives,0.000110253,5
Big Shaq,0.000110206,5
Afrika Bambaataa,0.000110191,8
The Shirelles,0.000110185,5
Tom Petty,0.000109755,3
Dimitri Vegas,0.000109673,5
Justin Scharvona,0.000109645,8
Primal Scream,0.000109491,5
Bomfunk MC’s,0.00010948,2
Blue Stahli,0.000109445,9
横田真人,0.000109106,7
SAKURA*TRICK,0.000108895,2
後ろから這いより隊G,0.000108895,2
Talib Kweli,0.00010867,6
Jay Rock,0.000108616,4
山口裕史,0.000108268,3
The xx,0.000108208,27
Valentino Khan,0.00010813,5
The Darkness,0.000108012,3
Iron Butterfly,0.000107959,7
Viper,0.000107943,3
Rob Zombie,0.000107925,4
Stone Sour,0.00010778,3
Gustavo Santaolalla,0.000107758,3
Woodkid,0.000107622,3
Bag Raiders,0.000107546,8
The Wailers,0.000107496,20
Kristofer Maddigan,0.000107444,2
MC Eiht,0.000107359,3
Frank Sinatra,0.000107313,23
Bryan Adams,0.000107255,7
Nari & Milani,0.000107136,4
Geto Boys,0.000106896,13
Tinashe,0.000106724,10
Shirley Bassey,0.000106518,8
Birdy Nam Nam,0.000106505,3
Mike Shinoda,0.000106501,5
Emily Bindiger,0.000106501,5
3LAU,0.000106455,4
Robin Schulz,0.000106378,4
寺田創一,0.000106327,3
Aloe Blacc,0.000106259,3
AN21 & Max Vangeli,0.000106254,2
The Drifters,0.000106102,3
Nicky Romero,0.000106083,3
Sigma,0.000105998,2
Christina Milian,0.000105944,3
Flosstradamus,0.000105864,3
Bullet for My Valentine,0.000105811,4
Steve Miller Band,0.000105809,19
Dog Blood,0.000105718,4
Addison Rae,0.000105705,7
MC Lyte,0.000105691,10
Chase & Status,0.000105672,5
Black Out,0.000105658,2
Skepta,0.000105594,10
尾形雅史,0.000105555,7
Kelly,0.000105531,4
chelmico,0.000105433,3
Willie Nelson,0.0001054,2
Musical Youth,0.000105391,7
Wax,0.00010536,2
John Lee Hooker,0.000105356,8
Egotronic,0.000105287,2
Culcha Candela,0.000105287,2
KSI,0.000105275,3
Lou Reed,0.000105217,4
Little Richard,0.000105164,8
Cannibal Corpse,0.000105154,2
Jerry Goldsmith,0.000105115,7
Shakin’ Stevens,0.000104981,4
Three Days Grace,0.000104963,10
Meredith Brooks,0.000104939,2
Napalm Death,0.000104805,2
Neil Young,0.00010478,5
Chuckie,0.000104768,3
Shampoo,0.000104759,2
LaBrassBanda,0.000104757,11
Chicane,0.000104748,5
Showtek,0.000104719,5
k‐os,0.0001047,2
Desireless,0.000104658,2
The Emotions,0.000104649,20
Jessica Simpson,0.000104633,2
Robin S,0.000104616,7
People’s Choice,0.000104552,3
Paradise Lost,0.000104551,2
Del the Funky Homosapien,0.000104521,3
Andrew Ridgeley,0.000104503,2
Jennifer Paige,0.000104495,2
Fat Joe,0.000104466,6
Steve Angello,0.000104458,3
W&W,0.000104453,4
Living Colour,0.000104452,2
Criminal Element Orchestra,0.000104436,3
Party in Backyard,0.000104432,3
Metrik,0.000104426,3
The Weather Girls,0.000104408,4
The Heavy,0.000104391,2
Buraka Som Sistema,0.000104388,2
The Outfield,0.000104388,5
Members of Mayday,0.000104386,2
Hildegard Knef,0.000104385,4
ABC,0.000104383,3
Stanton Warriors,0.000104374,5
Pryda,0.00010437,2
Status Quo,0.000104363,3
N.O.R.E.,0.000104357,3
4minute,0.000104343,2
Plump DJs,0.00010434,3
Sandro Silva,0.000104336,3
Plastic Bertrand,0.000104335,3
Peter Alexander,0.000104331,4
Diamanda Galás,0.000104331,4
Glam,0.000104329,2
Die Fantastischen Vier,0.000104326,3
Dennis Ferrer,0.000104326,3
Tony Christie,0.000104324,2
Diana Gordon,0.000104322,2
Faith Evans,0.000104322,2
Friction,0.000104322,2
Aktive,0.000104322,2
Dr. Alban,0.000104322,2
AMG,0.000104322,2
Good Charlotte,0.000104322,2
The Outhere Brothers,0.000104322,2
The Toy Dolls,0.000104322,2
Sidney Samson,0.000104322,2
HIM,0.000104322,2
The Sounds,0.000104318,1
Chris Cornell,0.000104318,1
Yngwie Malmsteen,0.000104318,1
Static‐X,0.000104318,1
Mighty Dub Katz,0.000104318,1
Juli,0.000104318,1
Morris Corti,0.000104318,1
The Shining,0.000104318,1
Dog Eat Dog,0.000104318,1
The Common Linnets,0.000104318,1
Blasterjaxx,0.000104318,1
I-Cue,0.000104318,1
Mike Candys & Jack Holiday,0.000104318,1
Saalschutz,0.000104318,1
White Noise,0.000104318,1
Lunde Bros,0.000104318,1
Mercyful Fate,0.000104318,1
La Bouche,0.000104318,1
Ivana Spagna,0.000104318,1
Oceana,0.000104318,1
Dave Stewart,0.000104318,1
Vera,0.000104318,1
Aura Dione,0.000104318,1
Gregori Klosman,0.000104318,1
Kaleo,0.000104318,1
Wildlife Collective,0.000104318,1
The Trucks,0.000104318,1
Split & Jaxta,0.000104318,1
Dave Spoon,0.000104318,1
New Canyons,0.000104318,1
Guru Josh,0.000104318,1
The Slapstickers,0.000104318,1
Glenn Miller and His Orchestra,0.000104318,1
Deekline,0.000104318,1
"Does It Offend You, Yeah?",0.000104318,1
Alexander Marcus,0.000104318,1
Finna,0.000104318,1
Old School Players,0.000104318,1
Therapy?,0.000104318,1
I Musici,0.000104318,1
SXTN,0.000104318,1
Drumatical Theatre,0.000104318,1
Alexandra Stan,0.000104318,1
Kraddy,0.000104318,1
Christina Stürmer,0.000104318,1
Global Deejays,0.000104318,1
B‐Real,0.000104318,1
Moonspell,0.000104318,1
Laserkraft 3D,0.000104318,1
Asino,0.000104318,1
Lindemann,0.000104318,1
Nadine Beiler,0.000104318,1
Söhne Mannheims,0.000104318,1
The Makemakes,0.000104318,1
Family Guy,0.000104318,1
To Kool Chris,0.000104318,1
Lil’ Kleine,0.000104318,1
Kobito,0.000104318,1
Trackshittaz,0.000104318,1
Britt Nicole,0.000104318,1
Billy Ray Cyrus,0.000104318,1
SKisM,0.000104318,1
Waxolutionists,0.000104318,1
Hicke Und Die Starken Männer,0.000104318,1
Pigeon John,0.000104318,1
The Young Punx,0.000104318,1
Fauna,0.000104318,1
Lamb of God,0.000104318,1
Far Too Loud,0.000104318,1
Samy Deluxe,0.000104318,1
Tribes,0.000104318,1
Tubbe,0.000104318,1
Das Bo,0.000104318,1
Der Tourist,0.000104318,1
TJR,0.000104318,1
Pep & Rash,0.000104318,1
FISHER,0.000104318,1
Daniel Deluxe,0.000104318,1
The Incredible Hump,0.000104318,1
Amon Amarth,0.000104318,1
Warlock,0.000104318,1
Giacca & Flores,0.000104318,1
King Amir,0.000104318,1
Ich + Ich,0.000104318,1
Cevin Fisher,0.000104318,1
Ursula 1000,0.000104318,1
The Red Jumpsuit Apparatus,0.000104318,1
SSIO,0.000104318,1
Ted Nugent,0.000104318,1
Alf Poier,0.000104318,1
Carcass,0.000104318,1
Nathan Trent,0.000104318,1
Dropkick Murphys,0.000104318,1
Kenny Rogers,0.000104318,1
Bonez MC,0.000104318,1
Picco,0.000104318,1
Clarence Carter,0.000104318,1
Jack Rokka,0.000104318,1
Nari,0.000104318,1
Dimitri Vegas & Like Mike,0.000104318,1
Illdisposed,0.000104318,1
Black & White Brothers,0.000104318,1
Emmelie de Forest,0.000104318,1
Firebeatz,0.000104318,1
Alle Farben,0.000104318,1
Julia Kautz,0.000104318,1
Marsimoto,0.000104318,1
The Course,0.000104318,1
Jethro Tull,0.000104318,1
Iced Earth,0.000104318,1
Gentleman,0.000104318,1
Aphrodelics,0.000104318,1
W.A.S.P.,0.000104318,1
Na Palm,0.000104318,1
Das Department,0.000104318,1
Jovanotti,0.000104318,1
Dr. Kucho!,0.000104318,1
Conchita Wurst,0.000104318,1
Cataract,0.000104318,1
Accept,0.000104318,1
The Kooks,0.000104318,1
Major Look,0.000104318,1
Albert West,0.000104318,1
Mucky Pup,0.000104318,1
The Jessica Fletchers,0.000104318,1
Testament,0.000104318,1
Creme de la Creme,0.000104318,1
Zoe,0.000104318,1
Rolf Zuckowski und seine Freunde,0.000104318,1
NERVO,0.000104318,1
DVBBS,0.000104318,1
Emil Bulls,0.000104318,1
Pozsi & Basic,0.000104318,1
Bellini,0.000104318,1
Texta,0.000104318,1
Lordi,0.000104318,1
Snitchbros,0.000104318,1
Lena,0.000104318,1
O.A.R.,0.000104318,1
The Ataris,0.000104318,1
Gamma Ray,0.000104318,1
The Rock Steady Crew,0.000104318,1
Höhner,0.000104318,1
Mike Hawkins,0.000104318,1
Jess Mills,0.000104318,1
Artful Dodger,0.000104318,1
Lee Aaron,0.000104318,1
Clarence Paul & The Members,0.000104318,1
Al Bowlly,0.000104051,3
Passion Pit,0.000104006,10
Des’ree,0.000103753,2
Leonz,0.000103712,2
藤原千花,0.00010301,3
Nikki Gregoroff,0.000102966,4
SEGA,0.000102949,2
西木野真姫,0.000102881,6
Mili,0.000102824,13
ヨルシカ,0.000102803,4
Hybrid,0.000102766,3
livetune,0.000102712,6
Soundgarden,0.000102645,4
Shin Sakiura,0.000102622,2
Mori Calliope,0.000102548,12
Kelly Rowland,0.000102512,4
The Caretaker,0.000102474,3
Everett Bradley,0.000102474,2
MAISONdes,0.000102436,2
Randy Newman,0.000102431,2
テンタクルズ,0.000102406,6
meg rock,0.000102362,2
大原ゆい子,0.000102351,2
Cynthia Harrell,0.00010235,2
福富幸宏,0.000102349,2
橋本直樹,0.000102337,4
ヒャダイン,0.000102337,8
Patric Caird,0.000102327,2
Richard M. Sherman,0.000102312,2
ROCKY CHACK,0.000102312,2
Jeff Williams,0.000102311,2
baq5,0.000102304,2
林ゆうき,0.000102303,2
the pillows,0.000102303,2
トゲナシトゲアリ,0.000102303,2
Passenger of Shit,0.000102303,2
(K)NoW_NAME,0.000102303,2
TK,0.000102303,2
わたてん☆5,0.000102303,2
Jerry Martin,0.000102303,2
Linked Horizon,0.000102303,2
シカ部,0.000102303,2
NIRGILIS,0.000102303,2
Steve Conte,0.000102303,2
Morris,0.000102298,1
Hilary Summers,0.000102298,1
Rude-α,0.000102298,1
WhenTheMusketsAreRad,0.000102298,1
アネモネリア,0.000102298,1
Rolly Unite,0.000102298,1
Johnny Mandel,0.000102298,1
AISHA,0.000102298,1
Brian Griffin,0.000102298,1
Ridiculon,0.000102298,1
mabanua,0.000102298,1
君島正,0.000102298,1
Combichrist,0.000102298,1
サイダーガール,0.000102298,1
Dizcrybe,0.000102298,1
Wolfgang Sawallisch,0.000102298,1
MOB CHOIR,0.000102298,1
Alan Jackson,0.000102298,1
paraoka,0.000102298,1
TWINKle MAGIC,0.000102298,1
Tom Lehrer,0.000102298,1
Galileo Galilei,0.000102298,1
スカート,0.000102298,1
Daoko,0.000102298,1
T.M.Revolution,0.000102298,1
coffin princess,0.000102298,1
中野家の五つ子,0.000102298,1
Eirik Suhrke,0.000102298,1
たむらぱん,0.000102298,1
杉森雅和,0.000102298,1
RIKKI,0.000102298,1
The Chalkeaters,0.000102298,1
Bobby “Boris” Pickett,0.000102298,1
Bomba Estéreo,0.000102298,1
Poppin'Party,0.000102298,1
本田華子,0.000102298,1
Liella!,0.000102298,1
VeggieTales,0.000102298,1
Hugh Jackman,0.000102298,1
Kyu Sawamura,0.000102298,1
A.J. & Big Justice,0.000102298,1
DJ OKAWARI,0.000102298,1
Ali & Gipp,0.000102298,1
伊沢麻未,0.000102298,1
OK K.O.! Let’s Be Heroes,0.000102298,1
朝香果林,0.000102298,1
Lillias White,0.000102298,1
Kyle Justin,0.000102298,1
菅野祐悟,0.000102298,1
みっちりねこマーチングバンド,0.000102298,1
Scattle,0.000102298,1
鈴木雅之,0.000102298,1
中島美嘉,0.000102298,1
YURiKA,0.000102298,1
坂本真綾,0.000102298,1
Jonah Senzel,0.000102298,1
i☆Ris,0.000102298,1
Black Gryph0n,0.000102298,1
Puffballs United,0.000102298,1
本間芽衣子,0.000102298,1
NEGI☆U,0.000102298,1
フランシュシュ,0.000102298,1
The KOG,0.000102298,1
We Are Leo,0.000102298,1
Adam and Andrew,0.000102298,1
鈴木みのり,0.000102298,1
麻生かほ里,0.000102298,1
長瀞さん,0.000102298,1
七海麻美,0.000102298,1
いとうかなこ,0.000102298,1
海野高校ていぼう部,0.000102298,1
YuNi,0.000102298,1
仙狐,0.000102298,1
紗倉ひびき,0.000102298,1
BUMP OF CHICKEN,0.000102298,1
AKINO,0.000102298,1
コックリさん,0.000102298,1
Mike Morasky,0.000102298,1
지평권,0.000102298,1
Superfly,0.000102298,1
Sonic Underground,0.000102298,1
Etno Engjujt,0.000102298,1
Eric D'Alessandro,0.000102298,1
宇山寛人,0.000102298,1
ツインテイルズ,0.000102298,1
FantomenK,0.000102298,1
M‐Beat,0.000102298,1
磯江俊道,0.000102298,1
小林啓樹,0.000102298,1
杉山圭一,0.000102298,1
Chris Rickwood,0.000102298,1
タイナカ彩智,0.000102298,1
Paul Shortino,0.000102298,1
Scandal,0.000102298,1
Paul Russell,0.000102298,1
池上正,0.000102298,1
芳賀敬太,0.000102298,1
Jukio Kallio,0.000102298,1
4*TOWN,0.000102298,1
On-lyne,0.000102298,1
Awkwafina,0.000102298,1
綾野ましろ,0.000102298,1
友達つくり隊,0.000102298,1
岬なこ,0.000102298,1
キャロル,0.000102298,1
HeathisHuman,0.000102298,1
Kirk Franklin,0.000102298,1
Randy Crenshaw,0.000102298,1
Reel Big Fish,0.000102298,1
Lord T & Eloise,0.000102298,1
ALI PROJECT,0.000102298,1
Raven‐Symoné,0.000102298,1
Shaboozey,0.000102298,1
The Chicks,0.000102298,1
LB,0.000102298,1
Journey,0.000100921,7
Filter,0.000100859,3
underscores,0.000100809,14
Mims,9.95578e-05,6
The Lonely Island,9.88078e-05,4
Dillon Francis,9.88027e-05,23
D4L,9.80235e-05,8
Cassidy,9.76565e-05,7
Tame Impala,9.7401e-05,19
Alias Conrad Coldwood,9.66175e-05,3
Jessica Mauboy,9.66175e-05,3
The Neighbourhood,9.63722e-05,6
The Egg,9.60688e-05,4
Pixies,9.55395e-05,14
De La Soul,9.45775e-05,21
Lil Mama,9.43358e-05,5
Katy B,9.39396e-05,7
Erick E,9.38411e-05,2
Cyndi Lauper,9.24108e-05,13
Lynyrd Skynyrd,9.23375e-05,13
Scatman John,9.19946e-05,9
Neneh Cherry,9.19324e-05,5
Dolly Parton,9.17681e-05,6
Oingo Boingo,9.15785e-05,7
Mylène Farmer,9.10751e-05,27
Fine Young Cannibals,9.06724e-05,7
Future,9.06326e-05,29
Jurassic 5,9.02282e-05,13
DEVO,9.01841e-05,10
GLaDOS,8.99525e-05,3
LCD Soundsystem,8.97214e-05,16
Huey,8.96465e-05,6
Serge Gainsbourg,8.93201e-05,42
Bazzi,8.87674e-05,2
Simple Plan,8.84579e-05,5
Space,8.81278e-05,4
Clipse,8.80385e-05,11
Jeezy,8.79103e-05,9
MSTRKRFT,8.76332e-05,3
Deee‐Lite,8.74275e-05,12
The Alan Parsons Project,8.73079e-05,10
Kero Kero Bonito,8.65136e-05,17
Alice in Chains,8.61099e-05,8
Placebo,8.58562e-05,5
L.A. Symphony,8.52007e-05,4
White Zombie,8.51623e-05,8
Virtual Self,8.51002e-05,10
Garbage,8.4862e-05,9
Jul,8.44269e-05,4
Sexy Sushi,8.41941e-05,4
quannnic,8.41425e-05,4
Kate Bush,8.37198e-05,14
8 Graves,8.36937e-05,2
Lou Bega,8.25216e-05,12
DJ Khaled,8.14149e-05,12
Bell Biv DeVoe,8.13441e-05,14
Kavinsky,8.08852e-05,6
a‐ha,8.08168e-05,16
Crazy Frog,8.07314e-05,10
Common,8.05122e-05,18
Counting Crows,7.99926e-05,7
Alice DeeJay,7.9775e-05,10
Frank Ocean,7.95225e-05,12
"Tyler, The Creator",7.80484e-05,28
Hampton the Hampster,7.79565e-05,4
Rich Boy,7.78015e-05,6
増田順一,7.74595e-05,18
Edwin Starr,7.73952e-05,15
Makkon,7.6629e-05,5
Boogie Down Productions,7.57846e-05,48
Wings,7.56867e-05,9
Rob Dougan,7.55452e-05,7
BLACKPINK,7.53127e-05,13
Regina Spektor,7.51145e-05,4
Visage,7.51051e-05,6
Kenny Loggins,7.49195e-05,10
The Muppets,7.48655e-05,5
Tom Petty and the Heartbreakers,7.48516e-05,4
Kygo,7.44928e-05,3
KRS‐One,7.35649e-05,25
Lil’ Kim,7.35365e-05,7
Webbie,7.35054e-05,4
Tinie Tempah,7.31007e-05,5
Tenacious D,7.24619e-05,6
Max Coveri,7.23931e-05,8
Sugar Ray,7.14599e-05,3
The Roots,7.12907e-05,11
The Isley Brothers,7.12443e-05,51
The Winstons,7.05778e-05,54
The Crystal Method,7.04368e-05,9
Tom Tom Club,7.02044e-05,11
Aviators,6.99758e-05,7
COCONABE,6.98463e-05,8
Death Cab for Cutie,6.93688e-05,6
Megan Thee Stallion,6.86372e-05,11
Lena Raine,6.83531e-05,22
Men at Work,6.80052e-05,5
Gregorian,6.77699e-05,2
Baltimora,6.74278e-05,4
Sly & the Family Stone,6.71229e-05,40
Tiny Tim,6.70582e-05,4
Esther Phillips,6.69357e-05,7
Faul & Wad,6.67185e-05,2
Eurobeat Brony,6.65661e-05,9
brakence,6.65154e-05,6
Toni Braxton,6.6375e-05,3
Boston,6.62949e-05,7
London Symphony Orchestra,6.62943e-05,18
ZHU,6.62342e-05,9
Galantis,6.62088e-05,4
Jewelz & Sparks,6.62045e-05,2
Cerrone,6.61634e-05,18
Latto,6.61576e-05,3
George Benson,6.60576e-05,17
Hurts,6.59605e-05,3
Lilly Wood and The Prick,6.58856e-05,2
Nightcrawlers,6.58766e-05,2
Redfoo,6.58738e-05,1
Schiller,6.58738e-05,1
Δέσποινα Βανδή,6.58738e-05,1
Bang La Decks,6.58738e-05,1
Fleur East,6.58738e-05,1
Maria Callas,6.58738e-05,1
David Zowie,6.58738e-05,1
Mario Winans,6.58738e-05,1
Years & Years,6.58738e-05,1
Marco Decimo,6.58738e-05,1
Neon Jungle,6.58738e-05,1
Libera,6.58738e-05,1
Jidenna,6.58738e-05,1
Bun B,6.58285e-05,8
Young Leosia,6.58003e-05,18
Trick Daddy,6.48484e-05,4
tropes,6.46664e-05,4
The Future Sound of London,6.45973e-05,10
Jem,6.44364e-05,3
The Gothic Archies,6.44117e-05,2
Lenka,6.44117e-05,2
Kerli,6.44117e-05,2
Da'Ville,6.44117e-05,2
Brandy,6.43625e-05,20
Chicago,6.43497e-05,15
ZAYN,6.42862e-05,6
El Chombo,6.40109e-05,3
KCPK,6.39059e-05,5
The Specialist,6.39005e-05,3
Enon,6.37804e-05,4
AFI,6.36188e-05,3
YoungBloodZ,6.35533e-05,6
glaive,6.33667e-05,17
PinkPantheress,6.33609e-05,9
Bon Iver,6.33469e-05,12
Blue Öyster Cult,6.33218e-05,5
cupcakKe,6.32473e-05,9
X‐Ecutioners,6.31497e-05,3
juno,6.31167e-05,4
ericdoa,6.31095e-05,4
Payday,6.31069e-05,3
Voodoo Queens,6.31069e-05,3
AViT,6.31069e-05,3
Spacehog,6.30876e-05,2
Say Anything,6.26217e-05,3
Therapie TAXI,6.26217e-05,3
Raffi,6.13787e-05,4
Skee‐Lo,6.11383e-05,13
WholePunch,6.11276e-05,8
DJ Felli Fel,6.10657e-05,5
RuPaul,6.08969e-05,6
Lil Uzi Vert,6.07893e-05,8
H8_Seed,6.05462e-05,6
Laurie Anderson,6.04116e-05,8
Big Sean,6.02164e-05,7
Ol’ Dirty Bastard,6.01638e-05,15
$WAGGOT,6.01395e-05,82
Ratatat,6.00873e-05,8
Neil Cicierega,5.95772e-05,7
Toto,5.95447e-05,19
Yello,5.92572e-05,20
Logic,5.92322e-05,4
Crystal Waters,5.91487e-05,15
Crystal Castles,5.84412e-05,13
Bebe Rexha,5.81044e-05,5
Isaac Hayes,5.80869e-05,100
Lisa Lisa & Cult Jam,5.79935e-05,3
Cali Swag District,5.78453e-05,5
The Tokens,5.7832e-05,7
Eric B. & Rakim,5.78205e-05,65
Sonic Youth,5.77824e-05,13
Stone Temple Pilots,5.76364e-05,3
Silk Sonic,5.76271e-05,2
The Champs,5.756e-05,5
Jet,5.68341e-05,5
Leftfield,5.61835e-05,9
They Might Be Giants,5.61782e-05,55
Average White Band,5.59205e-05,29
Judy Garland,5.53638e-05,10
Alan Walker,5.53508e-05,15
George Gershwin,5.52513e-05,11
Electric Six,5.51597e-05,6
戸高一生,5.50556e-05,17
The Kills,5.47998e-05,5
Lupe Fiasco,5.44437e-05,11
Jonathan Wolff,5.43649e-05,4
Hoobastank,5.42433e-05,5
Lyn Collins,5.40754e-05,142
Mint Royale,5.39954e-05,4
Loituma,5.39933e-05,5
Joy Division,5.37723e-05,12
Lil Scrappy,5.35804e-05,11
Pinkfong,5.35073e-05,3
Les Rita Mitsouko,5.33949e-05,6
The Cool Kids,5.31533e-05,4
Mandrill,5.27274e-05,14
Moguai,5.26199e-05,9
KryptoDigital,5.23968e-05,7
BuGgY_BiTz,5.23847e-05,6
Danny Elfman,5.238e-05,5
Sting,5.20789e-05,16
Deftones,5.19145e-05,11
Flume,5.15903e-05,9
J. Cole,5.15728e-05,13
X Ambassadors,5.13601e-05,2
Silva Hound,5.12523e-05,10
Naked Eyes,5.11795e-05,3
Sage the Gemini,5.11414e-05,8
daniwellP,5.11132e-05,7
Pinkie Guy,5.10817e-05,2
Liam Lynch,5.10817e-05,2
Capcom Sound Team,5.10817e-05,2
"Lipps, Inc.",5.10633e-05,10
Dorrough,5.10406e-05,4
Toni Basil,5.09414e-05,5
Portishead,5.09395e-05,16
Alessia Cara,5.08527e-05,4
Trans‐Siberian Orchestra,5.07608e-05,2
Everything but the Girl,5.07289e-05,13
O‐Zone,5.00184e-05,10
Ray J,4.99256e-05,4
Miles Davis,4.97623e-05,23
Rose Royce,4.96892e-05,19
Daughters,4.9332e-05,6
Flight of the Conchords,4.92416e-05,3
Jibbs,4.92006e-05,3
James Arthur,4.89892e-05,2
UGK,4.87462e-05,15
The Rapture,4.86178e-05,8
Ella Mai,4.86169e-05,2
Cheech & Chong,4.85045e-05,4
Kardinal Offishall,4.85002e-05,3
Dschinghis Khan,4.83229e-05,4
BlocBoy JB,4.81166e-05,4
French Montana,4.80923e-05,3
Semisonic,4.79267e-05,5
Cam’ron,4.78532e-05,9
MARUV,4.78404e-05,3
The Buckwheat Boyz,4.77162e-05,3
Irene Cara,4.75486e-05,5
Animal Collective,4.73922e-05,4
Rise Against,4.73476e-05,3
Madison Avenue,4.73114e-05,3
Alter Ego,4.72062e-05,2
Wyclef Jean,4.72047e-05,3
Madness,4.70991e-05,4
Oliver Tree,4.70892e-05,9
Wretch 32,4.69225e-05,2
Pixie Lott,4.69206e-05,1
Mann,4.69206e-05,1
Natalie La Rose,4.69206e-05,1
Danity Kane,4.69206e-05,1
Lemon Jelly,4.69206e-05,1
Chip,4.69206e-05,1
Stylophonic,4.69206e-05,1
Andy Grammer,4.69206e-05,1
Shop Boyz,4.69206e-05,1
Alexandra Burke,4.69206e-05,1
Scouting for Girls,4.69206e-05,1
R. City,4.69206e-05,1
Sam Hunt,4.69206e-05,1
benny blanco,4.66644e-05,3
Morcheeba,4.64545e-05,13
Playboi Carti,4.61615e-05,11
DaBaby,4.59937e-05,4
Fabolous,4.58942e-05,9
Soul Coughing,4.58658e-05,3
2 Mello,4.58273e-05,7
Dave Matthews Band,4.58044e-05,4
aespa,4.56483e-05,4
Ben E. King,4.56471e-05,13
Kurtis Blow,4.56311e-05,21
Juelz Santana,4.55853e-05,6
Asher Roth,4.55101e-05,3
Whodini,4.5224e-05,20
永田権太,4.49925e-05,18
Ween,4.4848e-05,5
Christophe Willem,4.47682e-05,3
Norman Greenbaum,4.47642e-05,2
M.O.P.,4.47437e-05,10
Röyksopp,4.4609e-05,8
Parry Gripp,4.4439e-05,7
Ice Spice,4.43516e-05,5
Jane’s Addiction,4.43035e-05,10
Mark Morrison,4.41617e-05,5
Sneaker Pimps,4.4092e-05,4
Chamillionaire,4.39748e-05,4
DJ Drama,4.39556e-05,26
Trent Reznor,4.38219e-05,6
Miami Horror,4.37832e-05,2
vze,4.37159e-05,3
Swizz Beatz,4.36533e-05,4
Joji,4.35797e-05,12
The‐Dream,4.34854e-05,3
BSOD,4.34025e-05,4
Animotion,4.31823e-05,2
DJ Assault,4.31349e-05,3
Sky Ferreira,4.30801e-05,5
B.B.Rights,4.30024e-05,3
Dntel,4.2966e-05,7
Hudson Mohawke,4.26127e-05,7
Kungliga Filharmonikerna,4.26003e-05,2
D12,4.25406e-05,10
Blind Melon,4.24837e-05,4
Ghost Town DJ’s,4.24833e-05,3
Travis Porter,4.24816e-05,2
Master P,4.24816e-05,2
Das Racist,4.24799e-05,10
Joe Jackson,4.23493e-05,3
Club Nouveau,4.23289e-05,4
Baby Tate,4.22818e-05,3
Mano Negra,4.22246e-05,5
PNL,4.22135e-05,2
Yelle,4.22135e-05,2
Heuss L’enfoiré,4.22135e-05,2
Ouai Stéphane,4.22135e-05,2
MHD,4.22135e-05,2
Jenna Rose,4.21606e-05,3
Geri Halliwell,4.21092e-05,2
Bhad Bhabie,4.20924e-05,4
Yeat,4.20849e-05,4
Eyedress,4.20712e-05,2
Bree Runway,4.20712e-05,2
Dijon,4.20712e-05,2
d0llywood1,4.20712e-05,2
Partyline,4.20712e-05,2
8485,4.20712e-05,2
Donna Washington,4.20712e-05,2
Calboy,4.20712e-05,2
That Kid,4.20712e-05,2
Slayyyter,4.20712e-05,2
kuru,4.20712e-05,2
Dawin,4.20681e-05,3
Eddy Grant,4.20603e-05,3
Chappell Roan,4.20153e-05,4
BT,4.20074e-05,2
Zhané,4.19939e-05,3
The Flashbulb,4.19814e-05,4
Piano Fantasia,4.19806e-05,2
Grimes,4.18904e-05,5
L.A. Style,4.18677e-05,2
Lauryn Hill,4.1864e-05,13
Interpol,4.18628e-05,4
G‐Eazy,4.18588e-05,2
Black Coast,4.18563e-05,2
Orgy,4.18469e-05,1
Bob Seger & the Silver Bullet Band,4.18469e-05,1
Silk,4.18469e-05,1
Hopsin,4.18469e-05,1
The Apex Theory,4.18469e-05,1
Puppy Dog Pals,4.18469e-05,1
Hollywood Undead,4.18469e-05,1
Dan + Shay,4.18469e-05,1
Kiiara,4.18469e-05,1
Vertical Horizon,4.18469e-05,1
Kehlani,4.18469e-05,1
Greta Van Fleet,4.18469e-05,1
Royal Blood,4.18469e-05,1
REO Speedwagon,4.18469e-05,1
Morris Day,4.18469e-05,1
Melleefresh,4.18469e-05,1
Dokken,4.18469e-05,1
Jesse James,4.18469e-05,1
Godsmack,4.18469e-05,1
LaTour,4.18469e-05,1
David Gray,4.18469e-05,1
Jason Mewes,4.18469e-05,1
SALES,4.18469e-05,1
Brad,4.18469e-05,1
Fukkk Offf,4.18469e-05,1
Big Country,4.18469e-05,1
Jon Bellion,4.18469e-05,1
Mickey Avalon,4.18469e-05,1
Gravity Kills,4.18469e-05,1
Amanda Palmer,4.17566e-05,5
LemKuuja,4.17496e-05,3
Contrefaçon,4.17478e-05,2
Les Fatals Picards,4.17478e-05,2
Hildur Guðnadóttir,4.17478e-05,2
John Duncan,4.17478e-05,2
[theatre],4.1665e-05,8
Kermit the Frog,4.14817e-05,3
Gang Starr,4.14182e-05,25
Meco,4.13898e-05,3
SunStroke Project,4.13234e-05,2
Żabson,4.11206e-05,11
Die Antwoord,4.09914e-05,5
Lena Horne,4.04683e-05,3
Cream,4.02641e-05,8
Terror Squad,4.02236e-05,5
Tech N9ne,3.99749e-05,11
Doug E. Fresh,3.98371e-05,41
The Smiths,3.95409e-05,16
Kreayshawn,3.95112e-05,7
DJ Casper,3.95061e-05,4
Barry Adamson,3.94991e-05,21
Rick Ross,3.9494e-05,9
Orbital,3.93949e-05,10
Sheck Wes,3.93545e-05,5
Jeff Alexander & His Orchestra,3.9099e-05,6
The Rascals,3.87949e-05,3
NewJeans,3.85525e-05,12
Kasabian,3.85288e-05,6
The Buggles,3.83775e-05,9
Bladee,3.83186e-05,14
Audioslave,3.83032e-05,4
Make the Girl Dance,3.82719e-05,2
Trio,3.81431e-05,17
The Velvet Underground,3.80932e-05,8
Caesars Palace,3.80572e-05,4
The Raveonettes,3.80391e-05,2
Simple Minds,3.78287e-05,8
Rye Rye,3.73787e-05,5
Yung Joc,3.73303e-05,6
All Levels at Once,3.7233e-05,4
Blossom Dearie,3.72165e-05,8
Crime Mob,3.71801e-05,5
White Town,3.70249e-05,3
Citizen King,3.70233e-05,2
Jagged Edge,3.69998e-05,4
Trina,3.69477e-05,6
Big Kap,3.69462e-05,4
The Wiseguys,3.68942e-05,3
Ghost,3.68892e-05,2
Slim Thug,3.68497e-05,4
Joan of Arc,3.6828e-05,6
V.I.C.,3.67527e-05,2
Lil’ Wil,3.67527e-05,2
Dolla,3.67527e-05,2
Kidz in the Hall,3.67527e-05,2
Mr. Cheeks,3.67527e-05,2
The Sugarhill Gang,3.65235e-05,23
Afrika Bambaataa & Soulsonic Force,3.65206e-05,19
Just Jack,3.62824e-05,5
XTC,3.59993e-05,4
Manfred Mann’s Earth Band,3.59652e-05,8
Karen Young,3.58312e-05,6
Charlie Clouser,3.57413e-05,3
Metric,3.54516e-05,9
Ini Kamoze,3.54361e-05,7
Chuck Brown & The Soul Searchers,3.54139e-05,5
Grace Jones,3.53686e-05,12
Gold Panda,3.52348e-05,3
Tay Zonday,3.50885e-05,3
Joe Esposito,3.50524e-05,2
CactusTeam,3.49473e-05,6
Stereolab,3.49348e-05,8
Jamiroquai,3.4929e-05,7
Pulsarmashups,3.49231e-05,4
digboy,3.49231e-05,4
D.J. DryBowser,3.49231e-05,4
Nib Roc,3.49231e-05,4
Pluffaduff,3.49231e-05,4
Waterflame,3.48915e-05,7
JAMES & GANG,3.47266e-05,2
Freestylers,3.47172e-05,4
National Philharmonic Orchestra,3.46958e-05,8
Mario 3D World Big Band,3.45659e-05,5
Lit,3.45349e-05,3
The Doobie Brothers,3.45329e-05,7
NMIXX,3.4466e-05,5
Coldcut,3.44427e-05,33
DJ Paul Elstak,3.44196e-05,3
Teminite,3.43863e-05,8
Jack Stauber,3.43776e-05,9
The Donnas,3.43303e-05,2
The Brian Setzer Orchestra,3.43303e-05,2
Otis Taylor,3.43303e-05,2
F‐Fields,3.42716e-05,2
The Honey Drippers,3.42647e-05,61
Jodeci,3.42537e-05,7
Run the Jewels,3.41988e-05,27
Pharoahe Monch,3.40781e-05,6
EDEN,3.39821e-05,4
The Knocks,3.38998e-05,4
ROSÉ,3.37515e-05,3
The Orb,3.36246e-05,5
Lloyd,3.34849e-05,3
DJ Sammy,3.34835e-05,2
Fela Kuti,3.32409e-05,31
DNCE,3.32271e-05,3
SLACKCiRCUS,3.32032e-05,4
Big Freedia,3.29315e-05,13
MC Solaar,3.29029e-05,6
Danny Brown,3.28205e-05,13
Boards of Canada,3.28093e-05,22
Tones and I,3.27107e-05,7
Pimp C,3.26255e-05,5
"Grover Washington, Jr.",3.24694e-05,28
Ecco2K,3.24643e-05,9
Robert J! Lake,3.23127e-05,3
Radiorama,3.22709e-05,6
Kate Havnevik,3.22153e-05,2
Automatic Loveletter,3.22058e-05,1
Emilie Autumn,3.22058e-05,1
Eric Church,3.22058e-05,1
Kate Walsh,3.22058e-05,1
Ahead to the Sea,3.22058e-05,1
Jennette McCurdy,3.22058e-05,1
The Shanghai Restoration Project,3.22058e-05,1
Poe,3.22058e-05,1
Lena Katina,3.22058e-05,1
NewSong,3.22058e-05,1
The Potbelleez,3.22058e-05,1
Skye Sweetnam,3.22058e-05,1
Michael Sembello,3.20341e-05,5
Javelin,3.18893e-05,3
Sérgio Mendes,3.18816e-05,4
松任谷由実,3.18809e-05,4
どうぶつビスケッツ,3.18796e-05,3
Mary O’Hara,3.18796e-05,3
ランカ・リー,3.18796e-05,3
清浦夏実,3.18783e-05,2
ゆの,3.18783e-05,2
Cut Copy,3.18783e-05,2
NOFX,3.18563e-05,4
Lil Darkie,3.18259e-05,6
Cat Stevens,3.17757e-05,2
Apollo 440,3.16353e-05,6
Marcy Playground,3.1565e-05,2
ITZY,3.14196e-05,4
The Go! Team,3.13455e-05,5
Stupeflip,3.13338e-05,5
Supergrass,3.12794e-05,4
Young Gunz,3.10729e-05,3
Lil’ Flip,3.10238e-05,2
Bow Wow,3.10238e-05,2
Bo Burnham,3.09461e-05,2
Breathe Carolina,3.08387e-05,6
George Harrison,3.07523e-05,2
Jon Lajoie,3.0687e-05,2
Kim Carnes,3.06745e-05,6
Extreme,3.06252e-05,3
Nicky Youre,3.05602e-05,6
TTC,3.05473e-05,5
Mirwais,3.04795e-05,4
Indochine,3.04721e-05,3
Richard Gotainer,3.04708e-05,2
Newsboys,3.03785e-05,4
Grandmaster Melle Mel,3.02219e-05,4
Vangelis,2.98731e-05,13
Paula Abdul,2.98375e-05,2
SEBii,2.97567e-05,2
Two Door Cinema Club,2.97264e-05,7
Sleigh Bells,2.97025e-05,16
The Cranberries,2.96804e-05,6
Pink Guy,2.95296e-05,7
Moby,2.95071e-05,11
Happy Mondays,2.93258e-05,4
Brigitte Bardot,2.93083e-05,6
The Cult,2.91591e-05,2
LeviathanJPTV,2.9116e-05,2
The Whispers,2.90458e-05,11
Panjabi MC,2.90244e-05,4
The Gates of Sleep,2.88838e-05,5
Sexyy Red,2.8828e-05,2
HNM Magazine,2.88135e-05,1
Billy Preston,2.87614e-05,4
A Tribe Called Quest,2.86637e-05,34
Harry Nilsson,2.83446e-05,8
Ben Moody,2.83191e-05,3
Herbie Hancock,2.82892e-05,40
Andrew W.K.,2.82465e-05,5
STAYC,2.81889e-05,4
SAINT PEPSI,2.81536e-05,4
Pascal Michael Stiefel,2.8097e-05,4
Mountain,2.80961e-05,16
NOMA,2.80691e-05,5
Arcade Fire,2.79184e-05,5
Ohio Players,2.78174e-05,58
Curtis Mayfield,2.7763e-05,51
The KLF,2.7648e-05,10
Zombie Zombie,2.75497e-05,2
CeCe Peniston,2.75121e-05,3
Kaiser Chiefs,2.75058e-05,2
Sherman “Swampy”,2.73931e-05,2
MtheM,2.72852e-05,1
We the Kings,2.72379e-05,2
Rotary Connection,2.70899e-05,10
Juicy J,2.70745e-05,14
PewDiePie,2.69976e-05,2
Jean Knight,2.69714e-05,8
田中昌之,2.69548e-05,3
Jimmy Smith,2.69433e-05,8
In‐Grid,2.68994e-05,3
Namika,2.68994e-05,3
Smif‐n‐Wessun,2.66376e-05,3
Joan Osborne,2.65438e-05,3
Lykke Li,2.64777e-05,10
Katrina and the Waves,2.64552e-05,3
Manu Chao,2.64349e-05,8
Vampire Weekend,2.6402e-05,3
DJ Shadow,2.63986e-05,23
Mark Governer,2.6356e-05,3
Blue Sky Black Death,2.63289e-05,35
Buddy Ross,2.63128e-05,3
Neutral Milk Hotel,2.62549e-05,6
gniRob,2.62407e-05,7
光吉猛修,2.62339e-05,5
The Stone Roses,2.62101e-05,4
ALI=3NS,2.61924e-05,3
Lavalamp,2.61924e-05,3
vvsvlogs,2.61924e-05,3
TheGuy,2.61924e-05,3
RingoFlicks,2.61924e-05,3
Timmy Trumpet,2.61826e-05,3
Oliver Heldens,2.61686e-05,6
ParagonX9,2.61632e-05,3
The Chi‐Lites,2.61621e-05,16
Dorian Electra,2.61395e-05,3
Bad Meets Evil,2.6066e-05,4
Jack Johnson,2.606e-05,3
The Glitch Mob,2.60585e-05,4
Victoria Justice,2.59987e-05,3
Five Stairsteps,2.59986e-05,17
Addictia,2.59854e-05,3
Lavender,2.59854e-05,3
The Vines,2.59286e-05,2
Interrobang Pie,2.58795e-05,4
Alex S.,2.58716e-05,4
Arrested Development,2.58531e-05,4
Assertive,2.57115e-05,11
Waka Flocka Flame,2.57029e-05,9
Coburn,2.56619e-05,3
William Anderson,2.5655e-05,3
Jackle App,2.56176e-05,4
Castle Logical,2.56079e-05,2
Nettohunden,2.56042e-05,4
replacer,2.55978e-05,4
Bow Wow Wow,2.55964e-05,2
Chain Algorithm,2.55946e-05,2
椛田早紀,2.55886e-05,3
Elspongie,2.55807e-05,3
sci,2.558e-05,5
Gooseworx,2.55781e-05,2
Six of Lasers,2.55758e-05,3
ArtAttack,2.55746e-05,4
Cyrricky,2.55737e-05,2
AussieAsher,2.55737e-05,2
Echelon,2.55714e-05,3
AcousticBrony,2.557e-05,2
General Mumble,2.55681e-05,7
Stormwolf,2.5567e-05,6
Ark,2.55606e-05,2
Senntenial,2.55606e-05,2
PinkiePieSwear,2.55519e-05,5
Foozogz,2.55473e-05,5
Tarby,2.55472e-05,2
Cartoons,2.55465e-05,2
HMage,2.55462e-05,2
Corey Hart,2.55451e-05,3
Stars in Autumn,2.55419e-05,2
Mike Greene,2.55419e-05,2
Thomas Jones Chase,2.55409e-05,1
Elliptisoar,2.55409e-05,1
Cyriak,2.55409e-05,1
Jorge Rivera-Herrans,2.55409e-05,1
Charlie Hodson‐Prior,2.55409e-05,1
Burton Earny,2.55409e-05,1
LouisF,2.55409e-05,1
Alex Retro,2.55409e-05,1
The Disney Afternoon Studio Chorus,2.55409e-05,1
Sheb Wooley,2.55409e-05,1
Mishovy Šílenosti,2.55409e-05,1
Carolina Gaitán,2.55409e-05,1
John Siegler,2.55409e-05,1
Michael Arellano,2.55409e-05,1
Reps,2.55409e-05,1
Lebo M,2.55409e-05,1
Circuitfry,2.55409e-05,1
Twitch,2.55409e-05,1
Mahna Mahna,2.55409e-05,1
Эдуард Хиль,2.55409e-05,1
Psychedelic Brony,2.55409e-05,1
Icky,2.55409e-05,1
Neu KatalYst,2.55409e-05,1
Keala Settle,2.55409e-05,1
Flobots,2.55409e-05,1
ismBoF,2.55409e-05,1
The Laziest Men on Mars,2.55409e-05,1
Rappy McRapperson,2.55409e-05,1
The Vapors,2.55409e-05,1
DJ MHM,2.55409e-05,1
Midwives of Discord,2.55409e-05,1
Unique II,2.55409e-05,1
Sloppy Jane,2.55409e-05,1
Loren Allred,2.55409e-05,1
東京スカパラダイスオーケストラ,2.55409e-05,1
BadHairlineProductions,2.55409e-05,1
Paul Engemann,2.55409e-05,1
Goldfinger,2.55409e-05,1
manish,2.55409e-05,1
Cyberpunk Colt,2.55409e-05,1
DarkMateria,2.55409e-05,1
Weebl,2.55409e-05,1
Charlie Schmidt,2.55409e-05,1
JPEGMAFIA,2.55206e-05,7
Philip Glass,2.54949e-05,11
Skylar Spence,2.54524e-05,2
Black Grape,2.54461e-05,3
Bone Thugs‐n‐Harmony,2.53462e-05,7
Belle and Sebastian,2.53032e-05,2
Donny Hathaway,2.52817e-05,21
War,2.5281e-05,24
Bonobo,2.52809e-05,45
Miami Sound Machine,2.5205e-05,3
of Montreal,2.50884e-05,4
Main Source,2.50648e-05,12
Dennis Coffey & The Detroit Guitar Band,2.49471e-05,6
The Postal Service,2.48958e-05,2
Hurricane Chris,2.48958e-05,2
The Black Keys,2.47851e-05,12
six impala,2.47739e-05,4
Patrick Bruel,2.47715e-05,5
Zebra,2.4717e-05,6
Ethel Cain,2.46756e-05,9
2NE1,2.46118e-05,3
Kai Engel,2.4552e-05,4
Car Seat Headrest,2.44347e-05,5
King Crimson,2.44202e-05,8
X‐Press 2,2.42577e-05,4
Gary Numan,2.4255e-05,18
George Clinton,2.42085e-05,12
Élégance,2.41271e-05,2
The Specials,2.41147e-05,8
Jamie Foxx,2.41129e-05,4
UNKLE,2.40895e-05,27
himynameisshan.,2.40874e-05,2
Spektrem,2.40864e-05,1
android52,2.40864e-05,1
Big Boi,2.40664e-05,3
Jean‐Michel Jarre,2.4012e-05,4
Echo & the Bunnymen,2.39911e-05,3
MC Shan,2.39905e-05,9
Wang Chung,2.38621e-05,3
The Spencer Davis Group,2.38259e-05,2
Sub Urban,2.37908e-05,2
Boney M.,2.37696e-05,20
Jain,2.36706e-05,2
Los Lobos,2.36706e-05,2
Scott Walker,2.35933e-05,32
Cupid,2.35611e-05,2
The Brothers Johnson,2.35606e-05,6
hellogoodbye,2.34179e-05,2
10cc,2.33789e-05,12
Virtual Riot,2.33303e-05,8
Ayesha Erotica,2.33264e-05,4
Jadakiss,2.33104e-05,3
Sebadoh,2.33032e-05,2
Conan Gray,2.33027e-05,2
Coi Leray,2.33027e-05,2
The D.O.C.,2.32717e-05,9
D’Angelo,2.32558e-05,8
2hollis,2.31314e-05,3
LIZ,2.3086e-05,2
Frankie Smith,2.30436e-05,3
Fatal Bazooka,2.30395e-05,2
Wolfgang Gartner,2.3023e-05,12
Dr. Octagon,2.29909e-05,4
Wilson Pickett,2.29326e-05,8
TheFatRat,2.29241e-05,8
Uncle Louie,2.2921e-05,6
Technohead,2.29181e-05,3
BOREDOMS,2.29131e-05,3
Chipzel,2.29079e-05,2
Morrissey,2.28891e-05,4
Craig Mack,2.28766e-05,3
Ahmad,2.28646e-05,3
IAM,2.28561e-05,8
DJ Mehdi,2.28533e-05,2
Marva Whitney,2.28363e-05,8
Breaking Benjamin,2.27663e-05,4
Rascal Flatts,2.27508e-05,2
Frou Frou,2.27302e-05,9
Zapp,2.26997e-05,31
E‐40,2.26565e-05,3
The Grouch & Eligh,2.26356e-05,2
New Edition,2.26165e-05,11
osquinn,2.25951e-05,2
Fugazi,2.25738e-05,18
Mitski,2.25598e-05,3
影山ヒロノブ,2.25382e-05,4
Mike Jones,2.25169e-05,3
Hayley Kiyoko,2.25104e-05,2
IVE,2.2501e-05,4
Julie Andrews,2.24964e-05,7
Danger Mouse,2.2464e-05,2
The Mothers of Invention,2.24511e-05,14
Barry White and His Orchestra,2.24399e-05,5
The Edgar Winter Group,2.24219e-05,2
Grand Funk Railroad,2.24116e-05,3
Roxette,2.24036e-05,2
Styx,2.23765e-05,3
YG,2.23095e-05,5
John Mayer,2.22419e-05,6
David Byrne,2.22403e-05,7
HUNTR/X,2.22216e-05,5
Erykah Badu,2.22107e-05,11
CAPSULE,2.22022e-05,6
Annie Lennox,2.21817e-05,4
Enya,2.21718e-05,21
Diddy,2.21452e-05,3
Sepultura,2.212e-05,4
Kelela,2.20961e-05,3
Yo La Tengo,2.20835e-05,3
Bobby V.,2.19657e-05,2
David Shire,2.19462e-05,3
Me & My,2.19429e-05,2
glue70,2.1852e-05,5
Metronomy,2.18188e-05,5
The Cardigans,2.17959e-05,9
大橋純子,2.17589e-05,4
American Football,2.17348e-05,4
布袋寅泰,2.17306e-05,3
Kid ’n Play,2.16889e-05,3
Slushii,2.16721e-05,10
Kool G Rap,2.16657e-05,3
Cymande,2.16602e-05,8
Paula Cole,2.16596e-05,4
Carpenters,2.16403e-05,12
Blac Youngsta,2.16215e-05,2
Butthole Surfers,2.16021e-05,5
Gorilla Zoe,2.15461e-05,2
愛瀬雅巳,2.15367e-05,3
浜渦正志,2.15274e-05,17
A$AP Rocky,2.15247e-05,7
Goldfrapp,2.15089e-05,7
Suicide,2.1507e-05,6
City Girls,2.14932e-05,4
Washed Out,2.14817e-05,6
Starpoint,2.1463e-05,6
Simon & Garfunkel,2.14457e-05,5
Moe Shop,2.14426e-05,4
Tones on Tail,2.14097e-05,7
The Kids,2.14096e-05,3
Shawnna,2.1383e-05,2
Allen Toussaint,2.137e-05,3
Venetian Snares,2.13666e-05,3
The Knack,2.13637e-05,3
Junior Reid,2.13428e-05,3
Method Man & Redman,2.13183e-05,7
The Grass Roots,2.13147e-05,2
Freaky DNA,2.13082e-05,4
Steve Winwood,2.13029e-05,8
Dream Theater,2.13011e-05,2
tobyMac,2.13011e-05,2
Axwell Λ Ingrosso,2.13002e-05,1
Pacewon,2.13002e-05,1
I Fight Dragons,2.13002e-05,1
Debra Byrne,2.13002e-05,1
Agallah,2.13002e-05,1
Snowgoons,2.13002e-05,1
Antoine Dodson,2.13002e-05,1
Rootbeer,2.13002e-05,1
Charmian Carr,2.13002e-05,1
See-Saw,2.13002e-05,1
Ryu,2.13002e-05,1
Derek and the Dominos,2.12907e-05,2
GZA/Genius,2.12851e-05,5
Grateful Dead,2.12749e-05,4
Philip Bailey,2.12692e-05,2
Collective Soul,2.12579e-05,2
Robert Palmer,2.12555e-05,4
Stereo MC’s,2.12425e-05,3
DJ Gant‐Man,2.12417e-05,2
Baby Bash,2.12417e-05,2
Black Rob,2.12408e-05,1
DJ Funk,2.12408e-05,1
Pete Townshend,2.12408e-05,1
The Band,2.12408e-05,1
OMG Girlz,2.12408e-05,1
Hotstylz,2.12408e-05,1
Ben Folds Five,2.12408e-05,1
Love and Rockets,2.12408e-05,1
Argent,2.12408e-05,1
DJ Laz,2.12408e-05,1
DJ Class,2.12408e-05,1
Romeo Miller,2.12408e-05,1
Procol Harum,2.12408e-05,1
Harvey Danger,2.12408e-05,1
Foxy Brown,2.12408e-05,1
Chubb Rock,2.12408e-05,1
Freeway,2.12408e-05,1
Toadies,2.12408e-05,1
Dominique Young Unique,2.12408e-05,1
KXNG Crooked,2.12408e-05,1
Derek B,2.12408e-05,1
Frederic Earl ‘Shorty’ Long,2.12408e-05,1
Sinéad O’Connor,2.12408e-05,1
Neil Diamond,2.12408e-05,1
Afro-Rican,2.12408e-05,1
General Public,2.12408e-05,1
T’Pau,2.12408e-05,1
The Party Boyz,2.12408e-05,1
Positive K,2.12408e-05,1
Temple of the Dog,2.12408e-05,1
Federico Franchi,2.12408e-05,1
Duke Williams and The Extremes,2.12408e-05,1
Jordan Knight,2.12408e-05,1
Warrant,2.12408e-05,1
Ester Dean,2.12408e-05,1
ATC,2.12349e-05,4
The Jets,2.11999e-05,9
Katerine,2.11919e-05,2
Sous Le Manteau,2.11692e-05,2
Michael Kamen,2.11467e-05,2
Dave Rodgers,2.11386e-05,7
Primus,2.11359e-05,3
BABYMETAL,2.1132e-05,2
Akhenaton,2.11305e-05,5
113,2.11234e-05,3
Julian Perretta,2.11147e-05,4
Noir Désir,2.11108e-05,2
Stan Bush & Barrage,2.11076e-05,2
Mo‐Do,2.11076e-05,2
Zebda,2.11076e-05,2
Vladimir Cauchemar,2.11076e-05,2
Lorenzo,2.11067e-05,1
Carla,2.11067e-05,1
Molotov,2.11067e-05,1
Break Machine,2.11067e-05,1
Color Theory,2.11067e-05,1
Boris,2.11067e-05,1
Brad Carow,2.11067e-05,1
Jean-Michel Bertrand,2.11067e-05,1
Lara Fabian,2.11067e-05,1
Les Ramoneurs de menhirs,2.11067e-05,1
Nathalie Cardone,2.11067e-05,1
François Feldman,2.11067e-05,1
Los Albinos,2.11067e-05,1
Behemoth,2.11067e-05,1
DJ Booty Full,2.11067e-05,1
Godley & Creme,2.11067e-05,1
Pierô,2.11067e-05,1
Stéphanie Varègues,2.11067e-05,1
Bagarre,2.11067e-05,1
NCT U,2.11067e-05,1
Alain Souchon,2.11067e-05,1
Bernard Minet,2.11067e-05,1
Orties,2.11067e-05,1
Les Visiteurs du Soir,2.11067e-05,1
Images,2.11067e-05,1
Henri Dès,2.11067e-05,1
Geek Music,2.11067e-05,1
GiedRé,2.11067e-05,1
Jakarta,2.11067e-05,1
TISM,2.11067e-05,1
Niska,2.11067e-05,1
Superbus,2.11067e-05,1
Soulkid #1,2.11067e-05,1
Andréas et Nicolas,2.11067e-05,1
Jack White,2.11067e-05,1
Combo Belge,2.11067e-05,1
Salvatore Ganacci,2.11067e-05,1
Bénabar,2.11067e-05,1
Juan Montego,2.11067e-05,1
Aya Nakamura,2.11067e-05,1
Kaaris,2.11067e-05,1
‐M‐,2.11067e-05,1
Julien Lamassonne,2.11067e-05,1
Shaka Ponk,2.11067e-05,1
Sly Fox,2.11067e-05,1
Era,2.11067e-05,1
Kopp Jonhson,2.11067e-05,1
Alkpote,2.11067e-05,1
Matmatah,2.11067e-05,1
Cadillac,2.11067e-05,1
Philippe Eidel,2.11067e-05,1
Tristan,2.11067e-05,1
Ultravox,2.11067e-05,1
Line Renaud,2.11067e-05,1
Jean-Pierre Mader,2.11067e-05,1
HyunA,2.11067e-05,1
Krootchey,2.11067e-05,1
Tryo,2.11067e-05,1
Styles of Beyond,2.11067e-05,1
midwxst,2.10894e-05,2
gabby start,2.10739e-05,3
Cortex,2.10698e-05,2
Monaco,2.10698e-05,2
Caroline Polachek,2.10505e-05,4
Comethazine,2.10386e-05,2
Trippie Redd,2.10365e-05,2
The Gits,2.10365e-05,2
Sweet Female Attitude,2.10365e-05,2
Samantha Jade,2.10356e-05,1
DAVIN,2.10356e-05,1
roxas358,2.10356e-05,1
Sophia Grace,2.10356e-05,1
Bratmobile,2.10356e-05,1
Red Aunts,2.10356e-05,1
Vistoso Bosses,2.10356e-05,1
Isabella Lovestory,2.10356e-05,1
saturn,2.10356e-05,1
daine,2.10356e-05,1
salem ilese,2.10356e-05,1
Victor Lundberg,2.10356e-05,1
Cece Natalie,2.10356e-05,1
Alice Longyu Gao,2.10356e-05,1
ONE YEAR,2.10356e-05,1
Ryan Beatty,2.10356e-05,1
wubz,2.10356e-05,1
Nigo Chanel,2.10356e-05,1
Young Money,2.10356e-05,1
MISOGI,2.10356e-05,1
Mars Argo,2.10356e-05,1
angelus,2.10356e-05,1
Saucy Santana,2.10356e-05,1
Splendora,2.10356e-05,1
Jacob Sartorius,2.10356e-05,1
Excuse 17,2.10356e-05,1
wido,2.10356e-05,1
Jack Off Jill,2.10356e-05,1
kurtains,2.10356e-05,1
Babes in Toyland,2.10356e-05,1
NOKI,2.10356e-05,1
Maejor,2.10356e-05,1
Daxbak,2.10356e-05,1
Veruca Salt,2.10356e-05,1
Kep1er,2.10356e-05,1
Rebecca Zamolo,2.10356e-05,1
Basshunter,2.09691e-05,5
Fryderyk Chopin,2.08748e-05,2
Daniel Johnston,2.08748e-05,2
Current 93,2.08748e-05,2
Giles Corey,2.08739e-05,1
ZONE,2.08739e-05,1
Kiddy Smile,2.08739e-05,1
Against Me!,2.08739e-05,1
AUKSO,2.08739e-05,1
Caesars,2.08739e-05,1
Reno Red,2.08739e-05,1
Walls of Jericho,2.08739e-05,1
Hossam Ramzy,2.08516e-05,2
Wheatus,2.07662e-05,4
Crowded House,2.07247e-05,2
Chuck Berry,2.06327e-05,5
PJ Harvey,2.05795e-05,6
Makaveli,2.05609e-05,8
food house,2.05427e-05,9
Alice Merton,2.04968e-05,3
Vylet Pony,2.0457e-05,20
King Gizzard & the Lizard Wizard,2.04398e-05,2
AJR,2.03735e-05,4
Sweet,2.02688e-05,9
Labi Siffre,2.01269e-05,9
The Game,2.0054e-05,6
Glaze,1.99479e-05,21
Las Ketchup,1.99445e-05,3
Quincy Jones,1.98783e-05,38
Bill Conti,1.98683e-05,9
Love Unlimited Orchestra,1.98571e-05,13
BØRNS,1.97662e-05,1
Ghostface Killah,1.96406e-05,21
Tower of Power,1.96364e-05,7
En Vogue,1.96242e-05,5
Sex Bob‐Omb,1.96082e-05,3
Project Pat,1.95803e-05,7
Kid Sister,1.95443e-05,3
Anita Ward,1.93862e-05,2
Sniff ’n’ the Tears,1.93862e-05,2
Gravediggaz,1.93506e-05,9
The O’Jays,1.93053e-05,30
Lumidee,1.92497e-05,6
Squirrel Nut Zippers,1.92338e-05,2
COOL&CREATE,1.92322e-05,4
Culture Club,1.92023e-05,3
Puddle of Mudd,1.91516e-05,2
Milton Nascimento,1.91122e-05,2
Rockapella,1.9023e-05,2
David Cassidy,1.9023e-05,2
The Pack,1.89587e-05,4
James Taylor,1.89556e-05,2
Fever Ray,1.89317e-05,3
ZUN,1.88994e-05,11
EGOIST,1.88802e-05,3
I Will Never Be the Same,1.88794e-05,2
Richy Nix,1.88794e-05,2
Ki:Theory,1.88794e-05,2
The Luna Sequence,1.88794e-05,2
Savage,1.88555e-05,2
Joel Nielsen,1.88387e-05,2
Cheryl Lynn,1.87772e-05,15
Them Crooked Vultures,1.87103e-05,2
Teddybears,1.87103e-05,2
Dexys Midnight Runners,1.86643e-05,3
N.A.S.A.,1.85788e-05,3
Mac Miller,1.84382e-05,5
Joseph Williams,1.84254e-05,2
Chet Baker,1.84156e-05,5
Helium,1.8414e-05,3
Patrick Hernandez,1.83216e-05,2
John Williams,1.83144e-05,11
The Turtles,1.82917e-05,7
Ida Corr,1.82436e-05,2
King Tubby,1.82246e-05,2
Beach House,1.82095e-05,5
Death in Vegas,1.81576e-05,2
Cameo,1.81439e-05,27
The Contours,1.81042e-05,3
Parliament,1.80607e-05,48
Pavement,1.80458e-05,4
The Presidents of the United States of America,1.8016e-05,3
Dune,1.80029e-05,4
Samantha Fox,1.79773e-05,3
Photek,1.79738e-05,6
Ram Jam,1.79346e-05,4
The Troggs,1.79337e-05,3
Andreas Gabalier,1.79329e-05,2
Die Toten Hosen,1.79329e-05,2
Lia,1.78877e-05,18
Nancy Sinatra,1.78457e-05,9
Santo & Johnny,1.7793e-05,3
The Jam,1.77105e-05,9
川口博史,1.76945e-05,4
Miss Madeline,1.76746e-05,1
CHUNG HA,1.76746e-05,1
TWICE,1.76746e-05,1
Maxwell,1.76433e-05,3
DRAM,1.7636e-05,4
ROUND TABLE featuring Nino,1.76298e-05,6
The Upsetters,1.76112e-05,5
Teenage Fanclub,1.75441e-05,2
Balkan Beat Box,1.75263e-05,4
Frisco17,1.74616e-05,2
V‐FUN,1.74616e-05,2
Jackhoeting,1.74616e-05,2
JoeyVFX,1.74616e-05,2
John Butler Trio,1.74616e-05,2
Vincent Mashups,1.74616e-05,2
Expensive Dispenser,1.74616e-05,2
GOOSE,1.74509e-05,2
Frontliner,1.738e-05,2
3LW,1.73757e-05,2
Tim Toupet,1.73633e-05,1
Steve Duckworth,1.73633e-05,1
江口貴勅,1.73633e-05,1
高橋洋樹,1.73633e-05,1
Devin Montes,1.73633e-05,1
野力奏一,1.73633e-05,1
Nicole Price,1.73633e-05,1
Boots Randolph,1.73633e-05,1
新沼謙治,1.73527e-05,3
Switch,1.73444e-05,6
Bill Haley and His Comets,1.7334e-05,4
山下達郎,1.73296e-05,10
Opus III,1.73212e-05,11
M,1.72982e-05,3
Sufjan Stevens,1.72873e-05,28
Soulsearcher,1.72647e-05,2
Siriusmo,1.72481e-05,6
Alec Empire,1.72428e-05,2
Alok,1.72387e-05,5
古代祐三,1.71953e-05,2
Boban Marković Orkestar,1.7168e-05,3
Fake Blood,1.7168e-05,3
Gershon Kingsley,1.71677e-05,2
Peplab,1.7166e-05,2
Perrey & Kingsley,1.71659e-05,2
Shai,1.71659e-05,2
Benny Goodman and His Orchestra,1.71659e-05,2
David Garrett,1.71659e-05,2
Jack Parow,1.71652e-05,1
Spineshank,1.71652e-05,1
SHAKALABBITS,1.71652e-05,1
Black Rebel Motorcycle Club,1.71652e-05,1
Cornershop,1.71652e-05,1
Edwyn Collins,1.71652e-05,1
De Jeugd van Tegenwoordig,1.71652e-05,1
André van Duin,1.71652e-05,1
De Staat,1.71652e-05,1
Roosbeef,1.71652e-05,1
Maurice Ravel,1.71652e-05,1
Jelly Roll Morton’s Red Hot Peppers,1.71652e-05,1
The Asteroids Galaxy Tour,1.71652e-05,1
Machinae Supremacy,1.71652e-05,1
Nerf Herder,1.71652e-05,1
Poison,1.71652e-05,1
Eagle‐Eye Cherry,1.71652e-05,1
"Kitty, Daisy & Lewis",1.71652e-05,1
aka The Junkies,1.71652e-05,1
TEPR,1.71652e-05,1
Desert Sessions,1.71652e-05,1
University of Washington Husky Marching Band,1.71652e-05,1
Spanish Harlem Orchestra,1.71652e-05,1
The Politicians,1.71652e-05,1
The Tornadoes,1.71652e-05,1
Hayseed Dixie,1.71652e-05,1
Professor Longhair,1.71652e-05,1
Sandi Thom,1.71652e-05,1
Krach,1.71652e-05,1
Klint,1.71652e-05,1
Slash,1.71652e-05,1
Lee Towers,1.71652e-05,1
Cloud Nothings,1.71652e-05,1
Doe Maar,1.71652e-05,1
Consumer Rapport,1.71652e-05,1
Koop,1.71652e-05,1
Caesar,1.71652e-05,1
The Ordinary Boys,1.71652e-05,1
ZZZ,1.71652e-05,1
Willeke Alberti,1.71652e-05,1
JD & The Evil's Dynamite Band,1.71652e-05,1
RSL,1.71652e-05,1
Save Ferris,1.71652e-05,1
The Ethiopians,1.71652e-05,1
David Holmes,1.71652e-05,1
Disrupt,1.71652e-05,1
The Communards,1.71652e-05,1
Puss,1.71652e-05,1
Volta Bureau,1.71652e-05,1
André Rieu,1.71652e-05,1
BEAT CRUSADERS,1.71652e-05,1
The Q4,1.71652e-05,1
Milow,1.71652e-05,1
Lightships,1.71652e-05,1
George Thorogood & the Destroyers,1.71652e-05,1
The Hill/Wiltschinsky Guitar Duo,1.71652e-05,1
Triggerfinger,1.71652e-05,1
The Partysquad,1.71652e-05,1
DeVotchKa,1.71652e-05,1
Annette Taylor,1.71652e-05,1
Peter W,1.71652e-05,1
Aqua,1.71327e-05,17
Fab 5 Freddy,1.70827e-05,2
Asha Bhosle,1.70485e-05,10
Patrice Rushen,1.70364e-05,23
Kacey Musgraves,1.70335e-05,2
Toro y Moi,1.69912e-05,4
Stardust,1.69478e-05,14
Big Tymers,1.69265e-05,3
Go‐Go’s,1.69258e-05,2
Wild Nothing,1.69184e-05,3
Broken Social Scene,1.69177e-05,2
Miguel,1.69135e-05,3
Go Home Productions,1.68016e-05,5
ccc,1.68003e-05,4
PUFFY,1.67753e-05,2
Jason Paige,1.66904e-05,2
Deep Blue Something,1.66778e-05,2
Disco Lines,1.66655e-05,3
Boz Scaggs,1.66591e-05,7
SBTRKT,1.66132e-05,4
Digital Underground,1.65793e-05,6
Onyx,1.65689e-05,7
Dimitri From Paris,1.65633e-05,4
dj BC,1.65586e-05,4
Sérgio Mendes & Brasil ’66,1.65122e-05,7
ATB,1.65071e-05,4
Alexander O’Neal,1.64937e-05,8
Underworld,1.64797e-05,14
Lindsey Stirling,1.64583e-05,6
Pete Rock,1.64045e-05,5
James A. Moorer,1.63719e-05,3
Elliott Smith,1.62667e-05,3
New Radicals,1.61572e-05,3
本田未央,1.61045e-05,4
西浦智仁,1.61009e-05,2
Curren$y,1.60978e-05,2
Mumford & Sons,1.60893e-05,4
Revo,1.60369e-05,2
佐咲紗花,1.60302e-05,3
Scritti Politti,1.60284e-05,5
堀江由衣,1.6015e-05,5
Jackson Sisters,1.59985e-05,3
The Righteous Brothers,1.59946e-05,3
Mister Rogers,1.59821e-05,2
fourfolium,1.59644e-05,2
逢坂大河,1.59551e-05,5
花澤香菜,1.59533e-05,3
やくしまるえつこ,1.59527e-05,2
The Field,1.59405e-05,2
HIGH and MIGHTY COLOR,1.59399e-05,2
水森亜土,1.59398e-05,2
The Decemberists,1.59398e-05,2
清水信之,1.59391e-05,1
Ray,1.59391e-05,1
Mike Simpson,1.59391e-05,1
極♨落女会,1.59391e-05,1
Los Campesinos!,1.59391e-05,1
Hospitality,1.59391e-05,1
THEATRE BROOK,1.59391e-05,1
Black Raison d'être,1.59391e-05,1
東山奈央,1.59391e-05,1
Dru Hill,1.59391e-05,1
Aaron G.,1.59391e-05,1
Musiq Soulchild,1.59391e-05,1
髏々宮カルタ,1.59391e-05,1
ジェニス・カトレーン,1.59391e-05,1
Khruangbin,1.59391e-05,1
ボンジュール鈴木,1.59391e-05,1
Phineas and the Ferb‐Tones,1.59391e-05,1
AKB48,1.59391e-05,1
Maxine Nightingale,1.59391e-05,1
The War on Drugs,1.59391e-05,1
Real Estate,1.59391e-05,1
林原めぐみ,1.59391e-05,1
みかくにんぐッ！,1.59391e-05,1
Oranges & Lemons,1.59391e-05,1
K‐Ci & JoJo,1.59391e-05,1
CHAKA,1.59391e-05,1
SISTAR,1.59391e-05,1
Architecture in Helsinki,1.59391e-05,1
西田ひかる,1.59391e-05,1
山神ルーシー(略),1.59391e-05,1
Fleet Foxes,1.59391e-05,1
Alphabeat,1.59391e-05,1
Yun*chi,1.59391e-05,1
Yuck,1.59391e-05,1
Sonny Stitt,1.59391e-05,1
LAKE,1.59391e-05,1
marble,1.59391e-05,1
Urbanforest,1.59391e-05,1
Jeff Beal,1.59391e-05,1
ユイレヴィ♡,1.59391e-05,1
山口理恵,1.59391e-05,1
石田燿子,1.59391e-05,1
ねごと,1.59391e-05,1
黒木智子,1.59391e-05,1
Lisa Hannigan,1.59391e-05,1
The Pharcyde,1.58817e-05,6
Shawty Lo,1.58798e-05,2
Liz Phair,1.58511e-05,3
Timecop1983,1.5849e-05,11
The Platters,1.58291e-05,3
Matt and Kim,1.58265e-05,3
Cheap Trick,1.57944e-05,2
Carlos Santana,1.57844e-05,3
Jack Lenz,1.57832e-05,2
the bird and the bee,1.57832e-05,2
Type O Negative,1.57832e-05,2
Kool Keith,1.57825e-05,1
VHS Glitch,1.57825e-05,1
Michael Damian,1.57825e-05,1
Futurecop!,1.57825e-05,1
Zombie Hyperdrive,1.57825e-05,1
Silversun Pickups,1.57825e-05,1
TOKYO ROSE,1.57825e-05,1
Larry Owens,1.57825e-05,1
We Are Magonia,1.57825e-05,1
Lovers Revenge,1.57825e-05,1
BIGBANG,1.57825e-05,1
38 Special,1.57825e-05,1
Joe Satriani,1.57825e-05,1
Mental Minority,1.57825e-05,1
The Mighty Mighty Bosstones,1.57825e-05,1
Arthur Gibbs and His Gang,1.57825e-05,1
Patsy Cline,1.57825e-05,1
Wonder Girls,1.57825e-05,1
Arcade High,1.57825e-05,1
NATZure,1.57825e-05,1
New Arcades,1.57825e-05,1
Inon Zur,1.57825e-05,1
Don Dellpiero,1.57825e-05,1
Ron Wasserman,1.57825e-05,1
Bad Religion,1.57825e-05,1
Alphaville,1.57497e-05,3
D.H.T.,1.57416e-05,2
Gene Chandler,1.57216e-05,3
Snow,1.56733e-05,4
Louis Armstrong,1.56382e-05,10
The Death Set,1.5585e-05,2
Obie Trice,1.55765e-05,5
Yasiin Bey,1.55593e-05,16
Nu Shooz,1.55531e-05,2
Anthrax,1.5553e-05,2
Petey Pablo,1.55417e-05,2
Taco,1.55406e-05,2
Bad Company,1.55329e-05,2
Teyana Taylor,1.5527e-05,3
Howard Jones,1.55222e-05,2
Natalie Imbruglia,1.55148e-05,2
Nappy Roots,1.55126e-05,2
Tokyo Police Club,1.55119e-05,1
Color Me Badd,1.55119e-05,1
Baby Boy da Prince,1.55119e-05,1
Fatman Scoop,1.55119e-05,1
Elefant,1.55119e-05,1
Jacki‐O,1.55119e-05,1
Texas,1.55119e-05,1
Robbie Nevil,1.55119e-05,1
Jeremy Jordan,1.55119e-05,1
De‐Phazz,1.55119e-05,1
City High,1.55119e-05,1
Karla Bonoff,1.55119e-05,1
Odd Future,1.55119e-05,1
Cutmaster D.C.,1.55119e-05,1
The Shins,1.55119e-05,1
Tiffany,1.55119e-05,1
Math the Band,1.55119e-05,1
First Class,1.55119e-05,1
We Are Scientists,1.55119e-05,1
Glass Tiger,1.55119e-05,1
Mac Dre,1.55119e-05,1
Cash Money Millionaires,1.55119e-05,1
Lil’ Troy,1.55119e-05,1
Be Your Own Pet,1.55119e-05,1
Nick Cannon,1.55119e-05,1
Dino,1.55119e-05,1
Sa‐Fire,1.55119e-05,1
LeVert,1.55119e-05,1
Tierra,1.55119e-05,1
Pase Rock,1.55119e-05,1
K7,1.55119e-05,1
The Little Ones,1.55119e-05,1
girl in red,1.54604e-05,2
Mord Fustang,1.53951e-05,6
mazie,1.52807e-05,4
The Flaming Lips,1.5147e-05,6
Mary J. Blige,1.51449e-05,8
Allen Simpson,1.51388e-05,4
Helene Fischer,1.50488e-05,2
Dusty Springfield,1.50387e-05,7
Feed Me,1.49925e-05,15
Gil Scott‐Heron,1.49493e-05,36
Lyrics Born,1.49042e-05,4
Janelle Monáe,1.48736e-05,4
シオカラーズ,1.48163e-05,6
Max Romeo,1.48146e-05,7
Toby Turner,1.48142e-05,1
谷口輝雄,1.48142e-05,1
Set It Off,1.48142e-05,1
Stew,1.48142e-05,1
ZipZipper,1.48142e-05,1
Dan Salvato,1.48087e-05,5
Τα 4 Επίπεδα της Ύπαρξης,1.47458e-05,4
Nick Cave & the Bad Seeds,1.47356e-05,3
Stetsasonic,1.47155e-05,11
Amanda Blank,1.46204e-05,4
Angelo Badalamenti,1.45799e-05,8
Keane,1.45159e-05,7
鈴木慶一,1.44636e-05,17
Pras Michel,1.44519e-05,4
Funki Porcini,1.43683e-05,13
NICE GIRL プロジェクト!,1.43578e-05,2
Brian David Gilbert,1.43578e-05,2
Junior Senior,1.43389e-05,4
이달의 소녀,1.43011e-05,5
Van McCoy,1.42559e-05,4
Jackal Queenston,1.42139e-05,7
Brian Eno,1.42106e-05,13
Perturbator,1.41616e-05,4
Modjo,1.41361e-05,7
Benzino,1.41346e-05,2
Alan Hawkshaw,1.41142e-05,7
Seven Lions,1.40563e-05,6
Bette Midler,1.40353e-05,25
ROSALÍA,1.4011e-05,4
Al Green,1.40067e-05,33
Peggy Lee,1.39668e-05,3
Bomb the Bass,1.38234e-05,5
Mobb Deep,1.37839e-05,24
Chance the Rapper,1.3759e-05,7
Liberty X,1.37547e-05,2
Shannon,1.37148e-05,3
Tritonal,1.36879e-05,3
Shania Twain,1.35965e-05,1
MUNA,1.35965e-05,1
Gene Harris,1.3596e-05,4
Kim Petras,1.35398e-05,4
No Mana,1.35025e-05,25
C2C,1.35012e-05,2
Ultra Naté,1.33698e-05,5
Fiona Apple,1.33578e-05,4
Blackfield,1.32723e-05,7
Malcolm McLaren,1.32433e-05,16
Sylvester,1.32249e-05,15
三宅大輔,1.31944e-05,2
Hugo Montenegro,1.31505e-05,6
Troye Sivan,1.31292e-05,4
Tool,1.31183e-05,8
Hanson,1.31118e-05,3
Little Dragon,1.31027e-05,4
Mark Mothersbaugh,1.30899e-05,2
Freeez,1.30782e-05,7
Old World Disorder,1.3033e-05,2
やまだ豊,1.3033e-05,2
Outsidaz,1.3033e-05,2
Shabaam Sahdeeq,1.3033e-05,2
Sigala,1.29285e-05,3
Jauz,1.29285e-05,3
$uicideboy$,1.29182e-05,6
David Axelrod,1.28774e-05,30
9 Lazy 9,1.28224e-05,12
Nina Simone,1.27687e-05,33
Adina Howard,1.27631e-05,5
Bowling for Soup,1.2737e-05,2
John Murphy,1.26943e-05,6
The Gap Band,1.26931e-05,15
Pegboard Nerds,1.26919e-05,6
DJ Isaac,1.26628e-05,2
Sophie Ellis‐Bextor,1.26325e-05,3
A Day to Remember,1.2624e-05,1
American Authors,1.2624e-05,1
Pentatonix,1.2624e-05,1
Loo & Placido,1.26003e-05,3
The Osmonds,1.25496e-05,2
The Lightning Seeds,1.25473e-05,3
Aminé,1.25158e-05,2
Rusko,1.2507e-05,6
Left at London,1.25014e-05,5
Audio Two,1.25e-05,19
James Blake,1.24866e-05,8
Robert Miles,1.24827e-05,8
Seether,1.2475e-05,4
Carly Simon,1.24503e-05,4
The Knife,1.24484e-05,2
Sixpence None the Richer,1.24484e-05,2
New Boyz,1.24479e-05,1
Dirt Nasty,1.24479e-05,1
CSS,1.24479e-05,1
Purple Ribbon All‐Stars,1.24479e-05,1
Mandy Moore,1.24479e-05,1
Plies,1.24479e-05,1
Down AKA Kilo,1.24479e-05,1
Gwen McCrae,1.24046e-05,11
Bobby “Blue” Bland,1.23626e-05,6
Guzior,1.23355e-05,3
Quebonafide,1.23355e-05,3
OKI,1.23355e-05,3
Funkadelic,1.23218e-05,39
Mud,1.23175e-05,2
The Charlatans,1.23135e-05,2
The Horrors,1.2276e-05,2
UncleBibby,1.2276e-05,2
Dirty Beaches,1.2276e-05,2
Oscar Levant,1.2276e-05,2
lovesliescrushing,1.2276e-05,2
No Age,1.2276e-05,2
Otis Redding,1.2271e-05,14
Atomic Kitten,1.22564e-05,2
Sade,1.21809e-05,29
iLOVEFRiDAY,1.2151e-05,6
Daughter,1.21214e-05,3
The Electric Prunes,1.20725e-05,4
WHOKILLEDXIX,1.2051e-05,2
Vince Staples,1.20366e-05,4
Sweet Tee,1.20239e-05,3
Julian Cope,1.19944e-05,2
David Essex,1.19944e-05,2
The Kinks,1.19944e-05,2
The Undertones,1.19939e-05,1
The Archies,1.19939e-05,1
Ash,1.19939e-05,1
Dickie Jones,1.19939e-05,1
Jason Downs,1.19939e-05,1
Simon Park Orchestra,1.19939e-05,1
Television,1.19939e-05,1
Joe Walsh,1.19939e-05,1
Sniper,1.19939e-05,1
Mansun,1.19939e-05,1
The Jelly Bean Bandits,1.19939e-05,1
Ride,1.19939e-05,1
Beatmaster,1.19939e-05,1
Wah!,1.19939e-05,1
Wendell Austin,1.19939e-05,1
Doves,1.19939e-05,1
Kelly Osbourne,1.19939e-05,1
Tee Lopes,1.19368e-05,4
Roddy Ricch,1.193e-05,1
ARMS Band,1.193e-05,1
Angels & Airwaves,1.193e-05,1
Jesse Frederick,1.193e-05,1
blackbear,1.193e-05,1
Peter Straus,1.193e-05,1
Morgan Page,1.17905e-05,5
The Miracles,1.17578e-05,12
Don McLean,1.17276e-05,2
Kosheen,1.17181e-05,6
Who Is Fancy,1.1709e-05,1
Reol,1.1709e-05,1
Barbara Ann Teer,1.16413e-05,8
Danube Dance,1.16413e-05,8
Grant Green,1.16362e-05,12
Shawn Wasabi,1.16323e-05,2
aran,1.16276e-05,2
Lil Ugly Mane,1.16079e-05,11
Explosions in the Sky,1.15806e-05,2
WestBam,1.15362e-05,5
Frost Children,1.15266e-05,5
阿保剛,1.15019e-05,2
Nujabes,1.15002e-05,8
RAYE,1.14925e-05,3
John Legend,1.14693e-05,4
anubasu-anubasu,1.14631e-05,20
peak divide,1.14612e-05,10
Similar Outskirts,1.14597e-05,2
KOKAYNA,1.14581e-05,12
Pa’s Lam System,1.14545e-05,2
The High School Musical Cast,1.14539e-05,1
Semi Detached,1.14539e-05,1
bbno$,1.14539e-05,1
Sebastian Knight,1.14539e-05,1
Simian,1.14539e-05,1
平田祥一郎,1.14539e-05,1
DJ Shimamura,1.14539e-05,1
Cosmograph,1.14539e-05,1
Tanchiky,1.14539e-05,1
kidkanevil,1.14539e-05,1
litmus*,1.14539e-05,1
大国奏音,1.14539e-05,1
Alex Moukala,1.14539e-05,1
Krafty Kuts,1.14539e-05,1
Thegur90,1.14539e-05,1
Garoad,1.14539e-05,1
009 Sound System,1.14539e-05,1
meganeko,1.14539e-05,1
Sashko Naganuma,1.14539e-05,1
a_hisa,1.14539e-05,1
umru,1.14539e-05,1
Aire,1.14539e-05,1
millexica,1.14539e-05,1
Gaspard Augé,1.14539e-05,1
RY X,1.1389e-05,2
Hadouken!,1.13885e-05,1
she,1.13885e-05,1
Tina Turner,1.13768e-05,5
TOWA TEI,1.13127e-05,3
The Jon Spencer Blues Explosion,1.1299e-05,5
坂本龍一,1.11946e-05,12
Masta Ace Incorporated,1.1174e-05,6
Barry Manilow,1.09706e-05,36
Redman,1.09675e-05,8
DM DOKURO,1.09603e-05,2
峰岸透,1.09134e-05,4
S Club,1.08933e-05,2
Rush,1.08925e-05,5
Tim Maia,1.08874e-05,3
Lonnie Liston Smith,1.08749e-05,6
Slowdive,1.07662e-05,4
HOME,1.07182e-05,6
Charles Bradley,1.07166e-05,2
Lamb,1.07027e-05,4
The Queenstons,1.06977e-05,18
Cassius,1.06457e-05,7
King Fantastic,1.05653e-05,13
S’Express,1.05474e-05,3
Enigma,1.05452e-05,8
Enoch Light,1.05374e-05,2
Chad Jackson,1.05358e-05,3
Electronic,1.05353e-05,2
DeeJay Punk‐Roc,1.05349e-05,1
Breakbeat Era,1.05349e-05,1
Aziza A.,1.05349e-05,1
Information Society,1.05349e-05,1
Rekid,1.05349e-05,1
Los Amigos Invisibles,1.05349e-05,1
Voice of America,1.05349e-05,1
Tino Contreras,1.05349e-05,1
Renan Luce,1.05263e-05,2
Rina Sawayama,1.05065e-05,3
Orchestral Manoeuvres in the Dark,1.04914e-05,8
Buffalo Springfield,1.04736e-05,4
Stu Phillips,1.04126e-05,6
EPMD,1.0363e-05,14
Earl Sweatshirt,1.03558e-05,8
Gabrielle,1.03443e-05,4
Sabzi,1.03432e-05,5
The Mohawks,1.03028e-05,16
London Grammar,1.02836e-05,3
Barbatuques,1.02099e-05,5
SpaceGhostPurrp,1.01966e-05,6
Atari Teenage Riot,1.01913e-05,2
SyKo,1.01872e-05,3
Denzel Curry,1.01706e-05,13
Aaron Carter,1.01552e-05,2
Jeremih,1.01499e-05,7
Warren Zevon,1.01268e-05,1
Bob Sinclar,1.00327e-05,2
Gipsy Kings,1.00101e-05,4
Ahmad Jamal,9.9785e-06,8
DJ Food,9.96866e-06,38
Kalafina,9.92827e-06,4
奥河英樹,9.8803e-06,7
Varien,9.86072e-06,2
Loreen,9.85958e-06,2
Disasterpeace,9.8552e-06,3
Porcupine Tree,9.81437e-06,6
Suprême NTM,9.80694e-06,3
Skylar Grey,9.79182e-06,2
Alain Bashung,9.77844e-06,2
Carmine Coppola,9.69647e-06,2
Paul Simon,9.67842e-06,3
Spandau Ballet,9.67625e-06,8
Derek Drymon,9.67602e-06,4
Switch Disco,9.67368e-06,2
Loverboy,9.64897e-06,2
Thelma Houston,9.6372e-06,9
Vera Hall,9.6161e-06,4
Piero Umiliani,9.59971e-06,3
Bessie Jones,9.58964e-06,3
Boy Blue,9.58924e-06,2
Fred,9.57581e-06,1
Villagers,9.57581e-06,1
The Von Bondies,9.57581e-06,1
Lewis Capaldi,9.57581e-06,1
Blonde Redhead,9.54133e-06,4
Hot Butter,9.5174e-06,3
Bent Fabricius-Bjerre,9.51468e-06,2
Young Maylay,9.51326e-06,1
Yung Bae,9.51326e-06,1
MixAndMash,9.51326e-06,1
Mystery Skulls,9.51326e-06,1
potsu,9.51326e-06,1
Wallows,9.51326e-06,1
Sam the Sham & the Pharaohs,9.51194e-06,2
Milli Vanilli,9.51191e-06,2
Gary Portnoy,9.5115e-06,1
The Fraggles,9.5115e-06,1
Tim and Eric,9.5115e-06,1
Nine Days,9.5115e-06,1
Raymond Scott Quintette,9.5115e-06,1
Michael Silversher,9.5115e-06,1
Mungo Jerry,9.5115e-06,1
Marius Constant,9.5115e-06,1
Crazy Calls,9.5115e-06,1
David Arnold,9.5115e-06,1
Mikey Dread,9.46847e-06,6
KSHMR,9.4405e-06,3
Scraton,9.44009e-06,2
さよならポニーテール,9.43969e-06,1
[redacted],9.43969e-06,1
DJ Pon-3,9.43969e-06,1
OMNI,9.43969e-06,1
ステファニー・ドーラ,9.43969e-06,1
Sexxtape,9.43969e-06,1
X JAPAN,9.43969e-06,1
OCTiV,9.43969e-06,1
Voicians,9.43969e-06,1
Rezonate,9.43969e-06,1
Damien,9.43969e-06,1
Elan Rivera,9.43969e-06,1
Sunset Neon,9.43969e-06,1
NeroArgento,9.43969e-06,1
Ohrwurm,9.43969e-06,1
Blackmill,9.43969e-06,1
SeamlessR,9.43969e-06,1
Sixx:A.M.,9.43969e-06,1
SilkPonies,9.43969e-06,1
Screaming Trees,9.43969e-06,1
Dieselboy,9.43969e-06,1
縄田寿志,9.43969e-06,1
The DNC,9.43969e-06,1
Hypernova,9.43969e-06,1
Death of the Cool,9.43969e-06,1
Graz,9.43969e-06,1
Schoolly D,9.42807e-06,14
Alcazar,9.41753e-06,3
安藤浩和,9.39078e-06,7
M.O.O.N.,9.38719e-06,3
Johnny Hallyday,9.36712e-06,3
Michel Fugain,9.36673e-06,2
Marc Lavoine,9.36673e-06,2
Housemaster Boyz,9.36543e-06,7
Claude Nougaro,9.36447e-06,2
Mr. Probz,9.36447e-06,2
Petit Biscuit,9.36408e-06,1
Hello Bye Bye,9.36408e-06,1
Bigflo & Oli,9.36408e-06,1
Patrick Swayze,9.36408e-06,1
Ludovico Einaudi,9.36408e-06,1
Cocoon,9.36408e-06,1
Philippe Lafontaine,9.36408e-06,1
Pony Pony Run Run,9.36408e-06,1
Kenneth Bager,9.36408e-06,1
Feist,9.36061e-06,5
Daniel Balavoine,9.35553e-06,2
推定少女,9.35514e-06,1
I’m From Barcelona,9.35514e-06,1
Eagles of Death Metal,9.35514e-06,1
Mogwai,9.35514e-06,1
Murs,9.32421e-06,3
Chubby Checker,9.30452e-06,5
REZZ,9.29044e-06,14
Jackie Wilson,9.29e-06,2
chris†††,9.2825e-06,9
Shakespears Sister,9.24915e-06,2
Patti LaBelle,9.22355e-06,8
Inner Circle,9.22079e-06,4
Sheppard,9.20859e-06,2
Scooter,9.2051e-06,3
おおくまけんいち,9.1628e-06,2
Diana Shroomy,9.14762e-06,4
Orange Krush,9.12102e-06,3
AJJ,9.11613e-06,24
Syl Johnson,9.10103e-06,26
Meat Loaf,9.07996e-06,2
Die Ärzte,9.06602e-06,2
Guru Josh Project,9.03694e-06,2
Fatback,9.03146e-06,19
Santa Esmeralda,9.02119e-06,2
bôa,9.01743e-06,10
Off,9.01283e-06,3
Steppenwolf,9.01121e-06,3
Mother’s Finest,9.00381e-06,2
石川淳,9.00114e-06,5
Ранетки,8.99038e-06,3
Johnny Nash,8.98962e-06,2
Bobby Byrd,8.97882e-06,12
Wamdue Project,8.97765e-06,8
Ottawan,8.97413e-06,2
Xavier Naidoo,8.97312e-06,2
Evelyn Thomas,8.97216e-06,2
FPI Project,8.96929e-06,2
The Breeders,8.96861e-06,10
Baccara,8.96686e-06,2
Krush,8.96685e-06,2
Dynoro,8.96685e-06,2
Jimmy Cliff,8.96685e-06,2
Quiet Riot,8.96685e-06,2
Ritchie Valens,8.96685e-06,2
Maxi Priest,8.96685e-06,2
Orchester & Chor Eric Frantzen,8.96647e-06,1
Lil’ Louis,8.96647e-06,1
Bachman–Turner Overdrive,8.96647e-06,1
16 BIT,8.96647e-06,1
Nick Straker Band,8.96647e-06,1
Ralf Bendix,8.96647e-06,1
Andreas Bourani,8.96647e-06,1
Manau,8.96647e-06,1
Eleanor,8.96647e-06,1
Ali As,8.96647e-06,1
Sportfreunde Stiller,8.96647e-06,1
Vaya Con Dios,8.96647e-06,1
Schnappi,8.96647e-06,1
Kate Yanai,8.96647e-06,1
Gibson Brothers,8.96647e-06,1
Rainbow,8.96647e-06,1
Kate Ryan,8.96647e-06,1
Texas Lightning,8.96647e-06,1
Magic Affair,8.96647e-06,1
Amii Stewart,8.96647e-06,1
Rosenstolz,8.96647e-06,1
Ingo ohne Flamingo,8.96647e-06,1
Sasha,8.96647e-06,1
Stereoact,8.96647e-06,1
Klangwerk,8.96647e-06,1
Golden Earring,8.96647e-06,1
The Rasmus,8.96647e-06,1
UB40,8.96647e-06,1
Racey,8.96647e-06,1
Klaus Lage Band,8.96647e-06,1
Franco Piccolini,8.96647e-06,1
The Housemartins,8.96647e-06,1
Lorenz Büffel,8.96647e-06,1
Stretch,8.96647e-06,1
Adel Tawil,8.96647e-06,1
Soulsister,8.96647e-06,1
Wolfgang Ambros,8.96647e-06,1
Cozm-Oz-One,8.96647e-06,1
Steve “Silk” Hurley,8.96647e-06,1
Gary Moore,8.96647e-06,1
El Profesor,8.96647e-06,1
Bizz Nizz,8.96647e-06,1
Blues Brothers,8.96647e-06,1
Michael Schulte,8.96647e-06,1
Alizée,8.96647e-06,1
The Sensations,8.96647e-06,1
Confetti’s,8.96647e-06,1
Q‐Tip,8.96213e-06,5
Kelly Bailey,8.94942e-06,3
David Glen Eisley,8.94309e-06,2
Cutty Ranks,8.93219e-06,10
Wolfgun,8.9154e-06,3
Miranda Cosgrove,8.91428e-06,2
Matthewせいじ,8.9139e-06,1
Faith Hill,8.9139e-06,1
Уметь Бы,8.9139e-06,1
Janis HM,8.9139e-06,1
Razzlekhan,8.9139e-06,1
Fillypunk,8.9139e-06,1
Deedee Magno Hall,8.9139e-06,1
Grant MacDonald,8.9139e-06,1
VERSA,8.9139e-06,1
Ava Louise,8.9139e-06,1
Amerigo Gazaway,8.89789e-06,4
John Denver,8.81108e-06,4
Barbara Lewis,8.80242e-06,2
Danny Baranowsky,8.75702e-06,76
Pixel Terror,8.73163e-06,5
Kilo,8.73097e-06,6
MC Lars,8.73078e-06,1
Thirsty Merc,8.73078e-06,1
Shannon Noll,8.73078e-06,1
Cryptrik,8.73078e-06,1
DiamondBrickZ,8.73078e-06,1
Silverchair,8.73078e-06,1
Sleepycap,8.73078e-06,1
Grapefruit,8.73078e-06,1
Nikki+,8.73078e-06,1
Otis McDonald,8.73078e-06,1
Tamsin West,8.73078e-06,1
Dean Lewis,8.73078e-06,1
William Maranci,8.73078e-06,1
Jennifer Hanson,8.73078e-06,1
Icehouse,8.73078e-06,1
John Farnham,8.73078e-06,1
ミラクルミュージカル,8.72142e-06,2
Your Favorite Martian,8.72105e-06,1
Jake Chudnow,8.72105e-06,1
Vanilla,8.72105e-06,1
Tally Hall,8.72105e-06,1
vierre cloud,8.72105e-06,1
Elijah Who,8.72105e-06,1
hard life,8.72105e-06,1
3 Doors Down,8.72105e-06,1
El Huervo,8.72105e-06,1
K Suave,8.72105e-06,1
Kornell Aka Piermid,8.72105e-06,1
Psykopig,8.72105e-06,1
311,8.72105e-06,1
Mario Judah,8.72105e-06,1
石垣秀基,8.72105e-06,1
OTTO,8.72105e-06,1
Oliverse,8.64329e-06,3
X,8.63624e-06,4
Yung Lean,8.63147e-06,4
John Summit,8.62677e-06,5
Gryffin,8.61901e-06,2
Topic,8.61901e-06,2
Regard,8.61901e-06,2
Baby Rockstar,8.49553e-06,1
Yeanling3696,8.49553e-06,1
Busted,8.49553e-06,1
Richard Pryor,8.48657e-06,14
The Dramatics,8.45834e-06,20
Hooverphonic,8.40547e-06,9
The Reborn Identity,8.40546e-06,5
Copycat,8.40141e-06,3
Fissunix,8.40017e-06,2
Ulrich Schnauss,8.40017e-06,2
Martika,8.3807e-06,3
Reverend W.A. Donaldson,8.36534e-06,3
EDDIE,8.33432e-06,17
goreshit,8.30899e-06,32
Bobby Caldwell,8.30283e-06,16
Oliver,8.27421e-06,2
Belmondawg,8.22365e-06,2
Kizo,8.22365e-06,2
Alberto,8.22365e-06,2
Bedoes,8.22365e-06,2
Taco Hemingway,8.22365e-06,2
Simon Viklund,8.21221e-06,5
J Dilla,8.16201e-06,9
Japanese Breakfast,8.15698e-06,1
Rhett & Link,8.15698e-06,1
Leo Birenberg,8.15698e-06,1
Nicholas Karr,8.15698e-06,1
Eve,8.1137e-06,2
Xzibit,8.05678e-06,12
pegaSix,8.0491e-06,2
Crash Test Dummies,8.04897e-06,5
Baby Fox,8.03789e-06,4
Sisqó,8.02987e-06,3
Витас,8.01541e-06,3
SMiLE.dk,8.01505e-06,2
Dean Gray,7.91662e-06,2
The Biz,7.89268e-06,2
Don Caballero,7.81033e-06,3
Morgin Madison,7.77823e-06,15
Bob Dorough,7.73617e-06,5
Spooky Tooth,7.7325e-06,3
Steven Wilson,7.58446e-06,5
The Alchemist,7.56793e-06,3
Barrington Levy,7.49634e-06,9
Sewerslvt,7.49204e-06,15
Dexter Wansel,7.47408e-06,21
Autechre,7.42589e-06,23
Hubert Laws,7.40985e-06,7
Andrea McArdle,7.38282e-06,3
Brian Russell,7.375e-06,3
Tom Brock,7.37288e-06,2
Phil Manzanera,7.37288e-06,2
酒井省吾,7.37082e-06,7
Immortal Technique,7.36227e-06,3
i_o,7.2855e-06,15
ATTLAS,7.25968e-06,14
DJ Kool,7.21207e-06,3
Mary-Kate & Ashley Olsen,7.17888e-06,1
しも,7.17888e-06,1
brentalfloss,7.17888e-06,1
Claude‐Michel Schönberg,7.17888e-06,1
キャナァーリ倶楽部,7.17888e-06,1
Leslie Hall,7.17888e-06,1
Mom,7.17448e-06,3
Royce da 5′9″,7.17399e-06,3
Red Velvet,7.15053e-06,3
ana kennedy,7.15023e-06,2
dante red,7.15023e-06,2
Jedwill,7.15023e-06,2
ODD EYE CIRCLE,7.15023e-06,2
Baby Keem,7.13019e-06,10
Thomas & Friends,7.11898e-06,2
DJ Brisk,7.11898e-06,2
Trinidad James,7.08198e-06,2
三宅優,7.03641e-06,11
Giorgio Moroder,7.00374e-06,17
Heart,6.97539e-06,5
Magik Markers,6.97417e-06,2
Sunn O))),6.97417e-06,2
Dave Grusin,6.94045e-06,3
こなぐすり,6.91355e-06,10
MACHINE HEAD,6.91037e-06,1
Bob James,6.8938e-06,44
Freddie Mercury,6.88027e-06,3
Lil B,6.87077e-06,6
Alfred Newman,6.85972e-06,1
Orchestre de chambre Jean‐François Paillard,6.85972e-06,1
The Fratellis,6.85972e-06,1
Dirk Freymuth,6.85972e-06,1
Mutato Muzika,6.85972e-06,1
James Bay,6.85207e-06,2
Black Moth Super Rainbow,6.82941e-06,4
G Tom Mac,6.81514e-06,3
John Carpenter,6.81369e-06,16
Mr. Scruff,6.76917e-06,10
Blackalicious,6.72735e-06,5
Willie Hutch,6.71904e-06,22
Le Pamplemousse,6.71117e-06,2
Minnie Riperton,6.65123e-06,21
The High & Mighty,6.63827e-06,3
Big Brother & the Holding Company,6.63341e-06,2
wowaka,6.62861e-06,6
μ‐Ziq,6.62564e-06,5
The Bar‐Kays,6.61394e-06,22
EasyPop,6.59719e-06,1
gdgd妖精s,6.59719e-06,1
ULTRA-PRISM,6.59719e-06,1
Diggy‐MO’,6.59719e-06,1
工藤真由,6.59719e-06,1
足立賢明,6.59719e-06,1
ミルキィホームズ,6.59719e-06,1
遠藤正明,6.59719e-06,1
小林ゆう,6.59719e-06,1
Sister Sledge,6.57457e-06,14
山本健誌,6.55946e-06,4
Lesley Gore,6.51699e-06,2
Mouth & MacNeal,6.51651e-06,1
Queen + Paul Rodgers,6.51651e-06,1
Nouela,6.51651e-06,1
Jelly Roll,6.51651e-06,1
Jeff Bass,6.51651e-06,1
Serani,6.51651e-06,1
Ronald Stein,6.51651e-06,1
DJ Spinna,6.51651e-06,1
C & K Vocal,6.51651e-06,1
Boo‐Yaa T.R.I.B.E.,6.51651e-06,1
The Madd Rapper,6.51651e-06,1
Pescado Rabioso,6.51651e-06,1
Zoe Winkler,6.51651e-06,1
Funkmaster Flex,6.51651e-06,1
Gringo,6.51651e-06,1
Aristotle,6.51651e-06,1
Captain Sensible,6.48411e-06,4
Yazoo,6.46225e-06,11
Tim Bergling,6.45111e-06,2
David Lynch,6.43783e-06,3
Carlos Bess,6.43622e-06,3
Melvin Bliss,6.43053e-06,16
The Blackbyrds,6.38726e-06,28
Roxy Music,6.38687e-06,9
Tim Hecker,6.37291e-06,5
Hi‐Fi Set,6.34609e-06,2
Eero Koivistoinen Music Society,6.34609e-06,2
Michael Gray,6.26655e-06,3
Four Tops,6.22729e-06,8
Kleeer,6.22003e-06,5
Bob & Earl,6.21751e-06,8
Spiritualized,6.14009e-06,3
The Count Basie Orchestra,6.13846e-06,2
Georges Delerue,6.13826e-06,2
Buzzcocks,6.13826e-06,2
Galaxie 500,6.13826e-06,2
Peter Rudenko,6.13801e-06,1
Elliot Goldenthal,6.13801e-06,1
Gordon Jenkins,6.13801e-06,1
Quintette du Hot Club de France,6.13801e-06,1
The U.S. Army Blues,6.13801e-06,1
Liza Minnelli,6.13801e-06,1
Cyril Grantham,6.13801e-06,1
Pretenders,6.13801e-06,1
Paul Misraki,6.13801e-06,1
Erik Satie,6.13801e-06,1
Luscious Jackson,6.13801e-06,1
Paul Whiteman and His Orchestra,6.13801e-06,1
Sidney Bechet Quintet,6.13801e-06,1
Avon Long,6.13801e-06,1
Versus,6.13801e-06,1
Body/Head,6.13801e-06,1
Isabella Rossellini,6.13801e-06,1
Frank Glazer,6.13801e-06,1
Eddie Condon,6.13801e-06,1
Ciccone Youth,6.13801e-06,1
Marlene Dietrich,6.13801e-06,1
Tony Bennett,6.13801e-06,1
Suede,6.13801e-06,1
Possum Dixon,6.13801e-06,1
Alan Silvestri,6.13801e-06,1
The Big Sleep,6.13801e-06,1
Konstantin Trokay,6.13801e-06,1
Revolution Void,6.13801e-06,1
Baths,6.12471e-06,2
Ramin Djawadi,6.0833e-06,3
Andrea Bocelli,6.08228e-06,1
Trouble Funk,6.05613e-06,7
Olive,6.04727e-06,4
EELS,6.02841e-06,3
Howie B,6.02841e-06,3
Sie,6.02841e-06,3
Mercury Rev,6.02841e-06,3
Alpha,6.02841e-06,3
Frank Black,6.02841e-06,3
Pulp,5.96803e-06,3
Too $hort,5.95157e-06,5
Kx5,5.93588e-06,5
Smokey Robinson,5.91837e-06,9
Tommy Wright III,5.89155e-06,5
Apple Inc.,5.8531e-06,1
Tara Vaughan,5.8531e-06,1
Kansas,5.84475e-06,2
Moi Renee,5.83235e-06,5
MikeQ,5.82089e-06,5
The Clark Sisters,5.82065e-06,4
Lidell Townsell & M.T.F.,5.82065e-06,4
Foremost Poets,5.82065e-06,4
Kevin Aviance,5.82065e-06,4
TERIYAKI BOYZ,5.75902e-06,4
Young Nudy,5.748e-06,3
Renard,5.7295e-06,14
Big Daddy Kane,5.72816e-06,20
Detroit Emeralds,5.70559e-06,14
Reizoko Cj,5.70007e-06,20
Youth Code,5.68811e-06,3
Monsta,5.67075e-06,3
Michał Urbaniak,5.65923e-06,5
KaTT,5.65476e-06,9
The J.B.’s,5.65198e-06,16
Ethernet,5.64469e-06,2
Bob Bobin,5.64469e-06,2
nana hatori,5.64469e-06,2
Eumir Deodato,5.64091e-06,8
Amon Tobin,5.63578e-06,17
The Persuaders,5.63483e-06,4
24‐Carat Black,5.62132e-06,6
Saja Boys,5.59758e-06,2
Dave Koz,5.59153e-06,3
David Porter,5.55823e-06,9
Together,5.54779e-06,9
Jermaine Jackson,5.51357e-06,7
Lou Donaldson,5.49829e-06,17
Aesop Rock,5.44146e-06,6
Lucenzo,5.44123e-06,6
Bobby McFerrin,5.43678e-06,2
Ca$h Out,5.43291e-06,1
Dave Darell,5.43291e-06,1
Smallpools,5.43291e-06,1
DJ Antoine,5.43291e-06,1
Jon Connor,5.43291e-06,1
Junior M.A.F.I.A.,5.43052e-06,5
Molchat Doma,5.41791e-06,2
Joe Budden,5.40891e-06,2
Luke,5.39653e-06,5
Tricky,5.38718e-06,5
Bedwetter,5.38103e-06,5
Aaron Smith,5.36786e-06,4
高槻やよい,5.36606e-06,4
Deeperlove,5.36418e-06,1
仲野順也,5.35374e-06,13
Bo Diddley,5.34365e-06,2
Dead Can Dance,5.32138e-06,26
AOA,5.30078e-06,6
The Herbaliser,5.29665e-06,16
Koven,5.29215e-06,6
Cage the Elephant,5.28918e-06,3
Mark Ayres,5.28874e-06,1
Anthony Vincent,5.28874e-06,1
藤井志帆,5.28012e-06,2
甲田雅人,5.28012e-06,2
Lafayette Afro-Rock Band,5.27463e-06,7
The Whatnauts,5.26811e-06,12
NGHTMRE,5.2424e-06,3
Matthew Wilder,5.23988e-06,3
Jungle Brothers,5.23367e-06,18
Booker T. & the MG’s,5.22562e-06,10
Pusha T,5.22485e-06,8
Little Beaver,5.22187e-06,3
Roy Ayers,5.19918e-06,15
The Super Mario Players,5.1902e-06,2
Getter,5.18549e-06,10
Dan Forden,5.17774e-06,2
B2K,5.1643e-06,2
中塚章人,5.16138e-06,3
初音ミク,5.15691e-06,9
John Barry,5.15553e-06,22
Nightmargin,5.14903e-06,2
大谷幸,5.14804e-06,4
足立美奈子,5.14727e-06,6
Amy Lou Barnes,5.14683e-06,2
久石譲,5.14653e-06,3
Elephant Man,5.14642e-06,2
Bravehearts,5.1461e-06,1
Paradiso Girls,5.1461e-06,1
Joyner Lucas,5.1461e-06,1
辻横由佳,5.1461e-06,1
ZUNTATA,5.1461e-06,1
三澤康広,5.1461e-06,1
Jim Cummings,5.1461e-06,1
Jeremy Zuckerman,5.1461e-06,1
岩田恭明,5.1461e-06,1
タニウチヒデキ,5.1461e-06,1
14?,5.1461e-06,1
若井淑,5.1461e-06,1
Lil Mosey,5.1461e-06,1
The Moments,5.10628e-06,13
Boys Noize,5.10597e-06,5
Louise Attaque,5.10524e-06,2
Cocteau Twins,5.10514e-06,8
Agnes Obel,5.10281e-06,2
Sugar,5.10259e-06,1
Aldo Romano,5.10259e-06,1
Harry Allen,5.10259e-06,1
Backxwash,5.10259e-06,1
"Crosby, Stills, Nash & Young",5.10259e-06,1
Kwame Ture,5.10259e-06,1
ElyOtto,5.09444e-06,4
日向敏文,5.0938e-06,3
Cavendish Music,5.09337e-06,1
Kayla Nicole,5.09337e-06,1
Lukas Graham,5.09337e-06,1
TIN,5.09337e-06,1
Penelope Scott,5.09337e-06,1
The Lumineers,5.09337e-06,1
Leat’eq,5.09337e-06,1
J.Geco,5.09337e-06,1
Else,5.09337e-06,1
IC3PEAK,5.09337e-06,1
The Meters,5.08401e-06,28
Roger Troutman,5.07069e-06,10
Jon Gibson,5.05602e-06,3
Douglas Perry,5.05537e-06,2
Jean-Claude Vannier,5.05472e-06,1
Tha Eastsidaz,5.05472e-06,1
Chor der Staatsoper Stuttgart,5.05472e-06,1
Norman Cook,5.05472e-06,1
Aceyalone,5.03458e-06,3
Southside Movement,5.00412e-06,4
Norman Connors,4.9998e-06,12
Wreckx‐n‐Effect,4.98568e-06,2
Felix da Housecat,4.96885e-06,1
Hot Hot Heat,4.96885e-06,1
Måneskin,4.93037e-06,2
JVH‐C,4.93016e-06,1
Anitta,4.93016e-06,1
Normani,4.93016e-06,1
Your Favourite Garçon,4.93016e-06,1
Idris Muhammad,4.92434e-06,16
DJ Spin,4.87507e-06,1
Steve Arrington’s Hall of Fame,4.86464e-06,5
The Crystals,4.84713e-06,3
Sigur Rós,4.8201e-06,8
Mudvayne,4.81202e-06,1
William S. Burroughs,4.81116e-06,3
Slick Rick,4.81004e-06,19
"Blood, Sweat & Tears",4.79612e-06,10
Adamski,4.79257e-06,4
Bohannon,4.78467e-06,16
The Crusaders,4.77662e-06,17
Gesaffelstein,4.77656e-06,7
Noisia,4.68856e-06,4
Foreign Beggars,4.68779e-06,1
LT United,4.68779e-06,1
Flying Lotus,4.68779e-06,1
Marcos Valle,4.6791e-06,3
Edwin Hawkins Singers,4.6789e-06,2
Dodge & Fuski,4.65229e-06,2
Mr.C,4.6406e-06,2
Armin van Buuren,4.63029e-06,9
Manu Dibango,4.62071e-06,4
Tori Amos,4.6191e-06,9
Boom Clap Bachelors,4.60563e-06,3
Laura Les,4.60422e-06,4
Au5,4.601e-06,10
Menahan Street Band,4.58871e-06,2
Young Buck,4.56154e-06,5
Jah Cure,4.55233e-06,3
René & Angela,4.53866e-06,9
Rufus Thomas,4.53852e-06,11
Sleep Token,4.51532e-06,2
venturing,4.51046e-06,6
Doctor P,4.50422e-06,3
Bobby Womack,4.46826e-06,5
Charles Aznavour,4.46518e-06,6
The Spinners,4.45157e-06,10
Bad Computer,4.44685e-06,6
Snavs,4.44428e-06,4
Leon Haywood,4.43738e-06,8
Siouxsie and the Banshees,4.43452e-06,11
Buckethead,4.41765e-06,3
Imagination,4.41455e-06,8
Johnny Pate,4.40628e-06,2
Tiga,4.40523e-06,3
Clint Mansell,4.3805e-06,5
Camilo Sesto,4.369e-06,6
William Orbit,4.35549e-06,4
Jimi Tenor,4.35539e-06,3
Kayzo,4.34704e-06,2
Laurent Wolf,4.34286e-06,1
Marley Marl,4.33417e-06,8
kors k,4.31598e-06,9
Tristam,4.31094e-06,4
Tony Igy,4.31077e-06,6
Squarepusher,4.31045e-06,11
ILLENIUM,4.30988e-06,2
sapientdream,4.30968e-06,2
RICHIE ROZEX,4.3095e-06,1
Jessica Baio,4.3095e-06,1
Fitz and the Tantrums,4.3095e-06,1
ZachGG,4.3095e-06,1
Karen Harding,4.3095e-06,1
REAPER,4.3095e-06,1
Here Come the Mummies,4.3095e-06,1
Ookay,4.3095e-06,1
Nea,4.3095e-06,1
PLS&TY,4.3095e-06,1
twocolors,4.3095e-06,1
Savoy,4.3095e-06,1
Philip George,4.3095e-06,1
Oiki,4.3095e-06,1
SLANDER,4.3095e-06,1
Jung Kook,4.3095e-06,1
Lewis Roper,4.3095e-06,1
Syzz,4.3095e-06,1
Duvall,4.3095e-06,1
Navos,4.3095e-06,1
The Midnight,4.3095e-06,1
A7S,4.3095e-06,1
Sevenn,4.3095e-06,1
TheLegendTubaGuy,4.3095e-06,1
Julian Jordan,4.3095e-06,1
Last Heroes,4.3095e-06,1
SAINt JHN,4.3095e-06,1
Hayla,4.3095e-06,1
Syn Cole,4.3095e-06,1
Lofi Fruits Music,4.3095e-06,1
Bad Omens,4.3095e-06,1
Pascal Letoublon,4.3095e-06,1
Braaheim,4.3095e-06,1
Freddie Gibbs,4.30801e-06,6
無限 Existence,4.30482e-06,4
LANsv.,4.30482e-06,4
m1dy,4.29525e-06,4
Lamont Dozier,4.27756e-06,8
岩垂徳行,4.27036e-06,5
Julee Cruise,4.26159e-06,4
Harold Melvin & The Blue Notes,4.25826e-06,14
Leonard Cohen,4.23825e-06,2
death’s dynamic shroud,4.2367e-06,3
Biz Markie,4.23111e-06,17
My Bloody Valentine,4.22795e-06,4
Maxence Cyrin,4.22609e-06,2
Celebrity Murder Party,4.22535e-06,3
Patti Page,4.21732e-06,4
Bootsy’s Rubber Band,4.21639e-06,9
Bulgarian State Radio & Television Female Vocal Choir,4.20906e-06,11
Wax Audio,4.20538e-06,4
The Zombies,4.20482e-06,7
1 Trait Danger,4.20404e-06,5
The Masqueraders,4.20331e-06,3
The Who Boys,4.20185e-06,2
The Album Leaf,4.20044e-06,3
Chromatics,4.20044e-06,3
William Fitzsimmons,4.20026e-06,2
Udit Narayan,4.20026e-06,2
This Mortal Coil,4.20026e-06,2
Pwin ▲▲ Teaks,4.20008e-06,1
Jerry Fish & The Mudbug Club,4.20008e-06,1
The House of Love,4.20008e-06,1
The Polyphonic Spree,4.20008e-06,1
CALL911,4.20008e-06,1
DJ Jimi Needles,4.20008e-06,1
Smash,4.20008e-06,1
Soundhog,4.20008e-06,1
DJ Lobsterdust,4.20008e-06,1
All Angels,4.20008e-06,1
Carlos Serrano,4.20008e-06,1
Scott Matthew,4.20008e-06,1
The Last Town Chorus,4.20008e-06,1
The Times,4.20008e-06,1
Aimee Mann,4.20008e-06,1
Sir Simon,4.20008e-06,1
Jimmy Ruffin,4.20008e-06,1
DJ Daigo,4.20008e-06,1
KOE,4.20008e-06,1
The Mane Thing,4.20008e-06,1
Brat,4.20008e-06,1
The Rebel,4.20008e-06,1
▲NDRΛS,4.20008e-06,1
Patti Smith,4.20008e-06,1
Prom Queen,4.20008e-06,1
▲NGST,4.20008e-06,1
The Vaselines,4.20008e-06,1
The Kleptones,4.20008e-06,1
Flunk,4.20008e-06,1
Tashaki Miyaki,4.20008e-06,1
Civil Twilight,4.20008e-06,1
Titus Andronicus,4.20008e-06,1
Anita Lane,4.20008e-06,1
Surfer Blood,4.20008e-06,1
DJ Fox,4.20008e-06,1
D-Funk,4.20008e-06,1
FAROFF,4.20008e-06,1
DRA’man,4.20008e-06,1
The Icypoles,4.20008e-06,1
Get Well Soon,4.20008e-06,1
Joe Anderson,4.20008e-06,1
Zook,4.20008e-06,1
Sadam Ant,4.20008e-06,1
HVDES,4.19844e-06,9
Steam,4.19154e-06,2
Steve Cropper,4.19154e-06,2
Boogie Boys,4.18099e-06,3
OMORI,4.1682e-06,2
Phoebe Bridgers,4.15736e-06,3
The Chain Gang of 1974,4.15255e-06,1
SpongeBob and The Losers,4.15255e-06,1
Cults,4.15165e-06,2
BlackGummy,4.14839e-06,8
Low Poly,4.14839e-06,8
Kindrid,4.14839e-06,8
Spencer Brown,4.14839e-06,8
Annie,4.13772e-06,2
RJD2,4.13757e-06,3
88rising,4.13728e-06,2
Ark,4.1371e-06,1
Benjamin Theves,4.1371e-06,1
Para One,4.1371e-06,1
Jaron,4.1371e-06,1
The Showboys,4.13061e-06,10
Białas,4.11416e-06,2
Kalwi & Remi,4.11183e-06,1
Gruby Mielzky,4.11183e-06,1
White 2115,4.11183e-06,1
Gedz,4.11183e-06,1
Dawid Podsiadło,4.11183e-06,1
sanah,4.11183e-06,1
Hodak,4.11183e-06,1
One‐T,4.11183e-06,1
chillwagon,4.11183e-06,1
Cypis,4.11183e-06,1
Duke Dumont,4.11183e-06,1
PurpleHaze,4.11183e-06,1
Magiera,4.11183e-06,1
Jae Deal,4.10078e-06,2
Switch,4.10051e-06,2
Walter Murphy,4.09454e-06,8
Weldon Irvine,4.09432e-06,3
Lou Garcia,4.08796e-06,21
Ferrante and Teicher,4.07536e-06,2
Eddie Kendricks,4.05307e-06,17
Kill the Noise,4.05157e-06,10
Lush,4.04105e-06,3
Instant Funk,4.03529e-06,3
Metal Fingers,4.03061e-06,13
Mudeth,4.02455e-06,1
早崎あすか,4.02455e-06,1
Arash,4.02455e-06,1
ConcernedApe,4.02455e-06,1
Magna,4.02455e-06,1
Magic Sword,4.02455e-06,1
須戸敏之,4.02455e-06,1
Halloween Thrills,4.02455e-06,1
A R I Z O N A,4.02455e-06,1
SlyphStorm,4.02455e-06,1
Fixions,4.02455e-06,1
David Sylvian,4.02435e-06,4
David Ruffin,4.02419e-06,4
Robert Frost,4.02089e-06,2
To Rococo Rot,4.02057e-06,3
k.d. lang,4.01894e-06,2
Ambisonic,4.01894e-06,2
Prefab Sprout,4.01894e-06,2
Michael Franti & Spearhead,4.01894e-06,2
Spacer,4.01894e-06,2
Talvin Singh,4.01894e-06,2
Dubstar,4.01894e-06,2
ram jam world,4.01894e-06,2
Naked Funk,4.01894e-06,2
The Teardrop Explodes,4.01894e-06,2
Manzel,4.00508e-06,7
Ace Hood,3.99769e-06,4
Purple Disco Machine,3.9788e-06,3
The Surfaris,3.96643e-06,3
DAGames,3.95873e-06,2
Digitalism,3.95831e-06,4
A Plus D,3.95831e-06,1
William Shatner,3.95831e-06,1
Travis,3.95831e-06,1
Z‐Trip,3.95831e-06,1
GusGus,3.95831e-06,1
Inhumanz,3.95831e-06,1
Lionel Vinyl,3.95831e-06,1
Cheekyboy,3.95831e-06,1
The City of Prague Philharmonic Orchestra,3.95831e-06,1
The Lovemakers,3.95831e-06,1
Phil n’ Dog,3.95831e-06,1
Tony Joe White,3.94749e-06,2
Connie Price & The Keystones,3.94634e-06,1
Street Sweeper Social Club,3.94634e-06,1
Freedom Express,3.94634e-06,1
Classics IV,3.94634e-06,1
Bliss n Eso,3.94634e-06,1
The Perceptionists,3.94634e-06,1
MFSB,3.94603e-06,13
Steps,3.94281e-06,4
Ten Wheel Drive,3.91134e-06,3
Janko Nilović,3.90973e-06,2
Rav,3.90319e-06,4
Rufus,3.90239e-06,14
P9,3.90098e-06,4
Orangy,3.89855e-06,2
Natalie Cole,3.88916e-06,12
The Jones Girls,3.88876e-06,5
Fat Boys,3.87616e-06,9
Cassie,3.84817e-06,6
L.A. Carnival,3.8474e-06,8
Evelyn “Champagne” King,3.84679e-06,14
Raleigh Theodore Sakers,3.84388e-06,5
Wet Willie,3.82125e-06,2
Daler Mehndi,3.80176e-06,3
I.E.M.,3.79207e-06,2
Michael Price,3.79207e-06,2
Psychic Graveyard,3.79207e-06,2
Queen Latifah,3.78765e-06,7
The Whole Darn Family,3.78724e-06,5
Jeff Lorber Fusion,3.78584e-06,6
Oneohtrix Point Never,3.78457e-06,6
Beside,3.77829e-06,13
Donald Byrd,3.7596e-06,27
The Chambers Brothers,3.74418e-06,6
Lou Rawls,3.73546e-06,5
Tycho,3.72784e-06,3
Jo Dee Messina,3.72768e-06,2
HAIM,3.72768e-06,2
John Holt,3.72137e-06,5
Soul II Soul,3.71825e-06,14
The Little Boy Blues,3.71808e-06,2
Macintosh Plus,3.71736e-06,20
Eddie Henderson,3.71594e-06,2
Cham,3.71425e-06,32
Jackie Moore,3.70551e-06,2
Latimore,3.69624e-06,2
MACROSS 82–99,3.69254e-06,4
Grandmaster Flash,3.68955e-06,4
The Korgis,3.68845e-06,6
Bobby Glenn,3.68771e-06,2
Nick Ingman,3.68743e-06,2
Goldie Zelkowitz,3.68644e-06,1
Frédéric Mercier,3.68644e-06,1
Al Kooper,3.68644e-06,1
Hank Marvin,3.68644e-06,1
Mother Freedom Band,3.68644e-06,1
Larry Ellis and The Black Hammer,3.68644e-06,1
Mel & Tim,3.68644e-06,1
Gladstone Anderson,3.68644e-06,1
Hannah Williams,3.68644e-06,1
Rudy Love & The Love Family,3.68644e-06,1
Marcus Miller,3.68644e-06,1
Rare Essence,3.68644e-06,1
Herb Alpert,3.6745e-06,5
Pino Donaggio,3.67083e-06,2
Bogdan Raczynski,3.65851e-06,2
Jimi Hendrix,3.63739e-06,8
Kompany,3.63709e-06,7
Halcyon441,3.63045e-06,9
Tommy Trash,3.63035e-06,8
The New Birth,3.62612e-06,15
Billy Bragg,3.62291e-06,4
Just‐Ice,3.61284e-06,19
New Kids on the Block,3.59974e-06,1
Fun Lovin’ Criminals,3.59974e-06,1
Jermaine Dupri,3.59974e-06,1
Furries in a Blender,3.59124e-06,5
Rico Nasty,3.57511e-06,1
Qumu,3.57511e-06,1
fraxiom,3.57511e-06,1
Cali Cartier,3.57511e-06,1
혜주,3.57511e-06,1
HeeJin,3.57511e-06,1
이달의 소녀 yyxy,3.57511e-06,1
김립,3.57511e-06,1
Devi McCallion,3.57511e-06,1
NCT 127,3.57511e-06,1
Pepi Boys,3.57511e-06,1
Jesus Belluci,3.57511e-06,1
Ronnie Foster,3.57461e-06,4
Thousand Foot Krutch,3.56927e-06,2
Monica,3.56663e-06,4
Martin Denny,3.56196e-06,2
Darius,3.55949e-06,1
The Score,3.55105e-06,10
Malcolm X,3.54529e-06,7
SNAILS,3.53153e-06,5
The Manhattans,3.52986e-06,4
Gang of Four,3.52608e-06,2
Tyler Smyth,3.49892e-06,3
ミステリー金田一バンド,3.4963e-06,2
Sam Gellaitry,3.47646e-06,2
Jimmy Spicer,3.47351e-06,6
The B-Boys,3.45324e-06,2
"Up, Bustle & Out",3.43839e-06,6
JID,3.43691e-06,3
Anderson .Paak,3.43676e-06,2
SWV,3.43235e-06,6
Can,3.42304e-06,12
DJ Krush,3.42275e-06,8
HEALTH,3.41295e-06,4
Raekwon,3.40651e-06,9
Roy Ayers Ubiquity,3.40163e-06,25
広瀬香美,3.36014e-06,3
SoulEye,3.35986e-06,1
GAME FREAK,3.35986e-06,1
そらまふうらさか,3.35986e-06,1
Sporty‐O,3.35986e-06,1
とろ美,3.34546e-06,5
Edward Sharpe and the Magnetic Zeros,3.34362e-06,1
Mr. Bill,3.33884e-06,10
Bad Royale,3.33007e-06,2
Will Sparks,3.32993e-06,1
George Olsen and His Music,3.32993e-06,1
Gynx,3.32993e-06,1
Monk Higgins,3.31012e-06,7
Burial,3.28787e-06,16
The Family Circle,3.27356e-06,2
Spank Rock,3.25916e-06,8
The Byrds,3.25294e-06,2
Madvillain,3.25211e-06,7
John Dankworth and His Orchestra,3.24468e-06,2
QB Finest,3.24468e-06,2
Boosie Badazz,3.23323e-06,4
F i b o n a c c i,3.22862e-06,3
新しい時代の自動車,3.22862e-06,3
Télépopmusik,3.2116e-06,2
clipping.,3.20983e-06,6
Focus,3.20249e-06,2
Billy Stewart,3.19898e-06,5
Styles P,3.19614e-06,3
"Ecstasy, Passion & Pain",3.17884e-06,4
Double Exposure,3.17333e-06,3
J.O.B. Orquestra,3.17304e-06,1
Earl Klugh,3.17304e-06,1
Beanie Sigel,3.17304e-06,1
Marvin Sapp,3.17304e-06,1
Jennifer Hudson,3.17304e-06,1
Filippo Trecca,3.17304e-06,1
"Rev. Walter McDaniel, Jr.",3.17304e-06,1
Phil Nimmons,3.17304e-06,1
The 20th Century,3.17304e-06,1
The Last Mr. Bigg,3.17304e-06,1
Consequence,3.17304e-06,1
Lee Fields & the Expressions,3.17304e-06,1
Rue Royale,3.17304e-06,1
T.O.K.,3.17304e-06,1
Soulful Celebration,3.17304e-06,1
Balla et ses Balladins,3.17304e-06,1
New Hope,3.17304e-06,1
Sara Tavares,3.17304e-06,1
Remy Ma,3.17304e-06,1
Compost,3.17304e-06,1
Benny the Butcher,3.17304e-06,1
Hypnotic Brass Ensemble,3.17304e-06,1
Мария Нейкова,3.17304e-06,1
Sonia Rosa,3.17304e-06,1
Mary Love-Comer,3.17304e-06,1
Freddie Joachim,3.17304e-06,1
Aguaturbia,3.17304e-06,1
K.P. & Envyi,3.17304e-06,1
Branford Marsalis,3.17304e-06,1
Chocolate Milk,3.17304e-06,1
本田竹広,3.17304e-06,1
Kenny Burrell,3.17304e-06,1
mynameisntjmack,3.17304e-06,1
Max Mathews,3.17304e-06,1
Lee Fields,3.17304e-06,1
Donell Jones,3.17304e-06,1
Stanley Turrentine,3.17304e-06,1
Étienne Daho,3.17165e-06,2
Gummibär,3.16675e-06,3
All Time Low,3.1517e-06,2
Phantom Planet,3.15157e-06,1
Planetakis,3.15146e-06,3
The Soulful Strings,3.15094e-06,3
Chaka Khan,3.14681e-06,11
LE SSERAFIM,3.14623e-06,3
Clairo,3.14023e-06,2
Flo Milli,3.14009e-06,1
bar italia,3.14009e-06,1
Eveline Breaker,3.14009e-06,1
Sidney Phillips,3.14009e-06,1
feeble little horse,3.14009e-06,1
Feshh,3.14009e-06,1
Mk.gee,3.14009e-06,1
Ringlets,3.14009e-06,1
Mudgoose,3.14009e-06,1
Push Ups,3.14009e-06,1
Wasted Image,3.14009e-06,1
Galt MacDermot,3.1233e-06,17
Hugh Masekela,3.11141e-06,4
Jay Robinson,3.11129e-06,6
Eekkoo,3.11129e-06,6
Fehrplay,3.11129e-06,6
Grabbitz,3.11129e-06,6
Graham Coxon,3.10206e-06,1
2 Be 3,3.06954e-06,2
The King’s Singers,3.05429e-06,5
Meek Mill,3.04956e-06,6
Ralph Tresvant,3.04133e-06,2
Captain Jack,3.03885e-06,2
Mustard,3.03762e-06,3
E.S.G.,3.0292e-06,4
BONES,3.02558e-06,5
Wildchild,3.02354e-06,5
Gilbert Montagné,3.02301e-06,2
島みやえい子,3.02249e-06,6
Burzum,3.02219e-06,5
Sandra,3.02049e-06,2
Tokio Hotel,3.02036e-06,1
Ginette Reno,3.02036e-06,1
Chagrin d’amour,3.02036e-06,1
Susan Boyle,3.02036e-06,1
Léopold Nord & Vous,3.02036e-06,1
Sam Taylor‐Johnson,3.02036e-06,1
Art Mengo,3.02036e-06,1
Jakie Quartz,3.02036e-06,1
Eric Carmen,3.02036e-06,1
Eddie Bo,3.01637e-06,6
The Beatnuts,3.00313e-06,7
Strafe,3.00116e-06,6
21 Savage,2.9999e-06,6
Ninajirachi,2.99812e-06,2
Полина Гагарина,2.99679e-06,1
TAS 1000,2.99679e-06,1
Виктория Королёва,2.99679e-06,1
Бьянка,2.99679e-06,1
Foals,2.99242e-06,5
The Last Poets,2.98945e-06,16
Exyl,2.98389e-06,2
Merzbow,2.97844e-06,23
Sharon Van Etten,2.97212e-06,1
Black Kray,2.96936e-06,4
Philwit & Pegasus,2.95503e-06,1
Federal Duck,2.95503e-06,1
Os Mutantes,2.95503e-06,1
Meatball,2.95503e-06,1
Sandrose,2.95503e-06,1
Kiki Dee,2.95503e-06,1
Doris & Kelley,2.95503e-06,1
T La Rock,2.94292e-06,7
Fred Wesley,2.93762e-06,10
梶浦由記,2.92648e-06,6
Bobby (Boris) Pickett and The Crypt‐Kickers,2.92512e-06,1
Claudine Longet,2.91853e-06,2
Glenn Miller,2.91816e-06,5
Badly Drawn Boy,2.9173e-06,1
Charles Bernstein,2.91265e-06,5
Geoxor,2.91123e-06,1
NF,2.91123e-06,1
Kubbi,2.91123e-06,1
Tobu,2.91123e-06,1
Oumou Sangaré,2.91067e-06,3
Niniola,2.91032e-06,2
O Mandrake,2.91032e-06,2
O.T. Genasis,2.91032e-06,2
Fast Life Yungstaz,2.91032e-06,2
Akira Yamaoka,2.89189e-06,6
稲葉曇,2.87302e-06,6
Nor,2.8691e-06,9
Burna Boy,2.8537e-06,2
Teddy Pendergrass,2.85208e-06,20
Konshens,2.85092e-06,1
Howard Drossin,2.84496e-06,2
Bob Marley,2.84423e-06,1
Lyle Divinsky,2.84423e-06,1
Lily Frost,2.84423e-06,1
Boyz II Men,2.84333e-06,3
Bobby Hebb,2.83541e-06,5
Westside Gunn,2.83251e-06,6
Wagon Christ,2.82996e-06,6
Barbra Streisand,2.82751e-06,3
松崎しげる,2.82574e-06,3
Vaperror,2.82282e-06,3
Thaiboy Digital,2.82258e-06,3
Thundercat,2.82246e-06,2
Christoph de Babalon,2.82246e-06,2
Whopper Millionaire,2.82234e-06,1
dufde,2.82234e-06,1
SEMATARY,2.82234e-06,1
Yakuza Karaoke,2.82234e-06,1
Lil Milk,2.82234e-06,1
テレビヘッド,2.82234e-06,1
DJ ENPITSU,2.82234e-06,1
kikiyama,2.82234e-06,1
Cass Piss,2.82234e-06,1
YUNG MINCCINO,2.82234e-06,1
Reptilian Club Boyz,2.82234e-06,1
Matt Watson,2.82234e-06,1
Holland Boys,2.82234e-06,1
PISS SPEARS,2.82234e-06,1
CDR,2.82234e-06,1
The Conet Project,2.82234e-06,1
102 gecs,2.82234e-06,1
Dylan Brady,2.82234e-06,1
RAWINTHEVOID,2.82234e-06,1
Leon Vegas,2.82234e-06,1
Grouplove,2.82234e-06,1
GucciGate,2.82234e-06,1
glass beach,2.82234e-06,1
Altern 8,2.82118e-06,3
Dilated Peoples,2.81755e-06,2
かめりあ,2.79645e-06,10
Flight Facilities,2.79377e-06,6
Milt Jackson,2.79296e-06,4
Colleen D’Agostino,2.79275e-06,4
O.C. Smith,2.76058e-06,14
Action Bronson,2.75906e-06,4
Bruno Sanfilippo,2.75818e-06,2
Gabriel Garzón‐Montano,2.75818e-06,2
The Clifford Gilberto Rhythm Combination,2.75561e-06,3
Taana Gardner,2.75557e-06,8
BADBADNOTGOOD,2.7527e-06,6
Gladys Knight & the Pips,2.75157e-06,15
Matt Lange,2.74363e-06,6
The Jimmy Castor Bunch,2.73282e-06,15
Swans,2.73231e-06,3
Soft Touch,2.71377e-06,2
Boom!,2.71217e-06,2
ESG,2.69427e-06,9
Tipper,2.69225e-06,4
さつき が てんこもり,2.68645e-06,2
廻転楕円体,2.6854e-06,6
ONE OK ROCK,2.67617e-06,1
Starstylers,2.67617e-06,1
Lostprophets,2.67617e-06,1
じん,2.67617e-06,1
Skream,2.67269e-06,15
Mr. Fingers,2.67133e-06,2
"Johnson, Hawkins, Tatum & Durr",2.67092e-06,2
Bill Cosby,2.66507e-06,7
YOASOBI,2.65298e-06,4
Porcelain Black,2.6505e-06,3
Psy 4 de la Rime,2.64599e-06,11
96-glass,2.64006e-06,4
RVFS,2.64006e-06,4
DJKurara,2.64006e-06,4
LFO,2.6391e-06,8
The Blues Project,2.63886e-06,2
Disco Dave & The Force of The 5 MCs,2.63886e-06,2
Afrika Bambaataa & The Jazzy 5,2.63886e-06,2
Funky Four,2.63886e-06,2
LOLIPO,2.63497e-06,2
The S.S.O. Orchestra,2.62706e-06,4
Moods,2.62025e-06,1
Mica Paris,2.60287e-06,2
Hella,2.59692e-06,2
OXES,2.59692e-06,2
Rinzen,2.59274e-06,5
Speaker Honey,2.59274e-06,5
SVNF8,2.59274e-06,5
Edwin Birdsong,2.59148e-06,3
Bone Crusher,2.58882e-06,4
The Diamonds,2.58513e-06,1
Lord Melody,2.58513e-06,1
Social Distortion,2.58513e-06,1
Reverend Horton Heat,2.58513e-06,1
The Dickies,2.58513e-06,1
Twin Temple,2.58513e-06,1
Alestorm,2.58513e-06,1
Louie Zong,2.58513e-06,1
Tha Dogg Pound,2.58462e-06,3
A Great Big World,2.57437e-06,2
Archive,2.56386e-06,1
Cannonball Adderley,2.55681e-06,15
Mr Twin Sister,2.55198e-06,3
Shawn Phillips,2.55108e-06,4
Lizzy McAlpine,2.54006e-06,2
MF DOOM,2.53572e-06,9
Cold Grits,2.52767e-06,2
The Outlaw Blues Band,2.52526e-06,4
B.T. Express,2.51758e-06,19
Meat Beat Manifesto,2.51726e-06,8
Da‐iCE,2.50796e-06,2
fhána,2.50796e-06,2
Black Star,2.50683e-06,3
Lee Dorsey,2.49447e-06,5
Jay-Kid,2.49343e-06,2
George Duke,2.4853e-06,16
芸能山城組,2.48483e-06,5
Slave,2.46519e-06,7
Jay Green’s stuff,2.46459e-06,2
Sister Nancy,2.46182e-06,6
Les McCann,2.45787e-06,14
Rock Master Scott & The Dynamic Three,2.44716e-06,8
Bad Brains,2.44007e-06,7
The Time,2.43685e-06,6
Klaxons,2.43537e-06,7
Oh No,2.4258e-06,3
Leon Bridges,2.4195e-06,2
Susumu Yokota,2.40983e-06,4
The Originals,2.39486e-06,5
Sarah McLachlan,2.39453e-06,2
Ultramagnetic MC’s,2.39244e-06,18
808 State,2.38962e-06,7
Eliminate,2.37887e-06,3
Scotty,2.37885e-06,2
Axwell,2.37881e-06,4
Shinjuku Mad,2.36952e-06,2
The Soul Searchers,2.36873e-06,11
Andrea Goodman,2.35722e-06,3
Sensations’ Fix,2.35713e-06,2
Loudon Wainwright III,2.35713e-06,2
Colonel Bagshot,2.35713e-06,2
James Knight & The Butlers,2.35713e-06,2
Kay Gardner,2.35713e-06,2
Pekka Pohjola,2.35713e-06,2
Cosmin TRG,2.33936e-06,6
DJ YOSHITAKA,2.33842e-06,4
Yandel,2.33677e-06,2
Tyla,2.33668e-06,1
緑川光,2.33196e-06,3
Syoko,2.33196e-06,3
Le Tigre,2.32836e-06,2
Mort Garson,2.32213e-06,2
Doopees,2.3203e-06,1
The Orion Experience,2.3203e-06,1
I DONT KNOW HOW BUT THEY FOUND ME,2.3203e-06,1
ミツキヨ,2.31859e-06,12
London Funk Allstars,2.31149e-06,7
Paul Wall,2.30957e-06,2
HEALING FANTASY,2.30922e-06,20
Grand Wizzard Theodore,2.29895e-06,5
Sharron Lucky,2.28714e-06,2
Tata Young,2.287e-06,2
Kat Graham,2.2869e-06,1
Cosmovitali ▲☥▲,2.2869e-06,1
Ashnikko,2.2869e-06,1
April Smith and the Great Picture Show,2.2869e-06,1
Pizzicato Five,2.28291e-06,2
Spoon,2.28081e-06,6
Don Toliver,2.27911e-06,2
JISOO,2.27492e-06,2
A Taste of Honey,2.27063e-06,4
Jimin,2.26719e-06,2
FIFTY FIFTY,2.26709e-06,1
Grupo Frontera,2.26709e-06,1
Eslabón Armado,2.26709e-06,1
Graham Central Station,2.26255e-06,7
Jaylib,2.25937e-06,4
Simian Mobile Disco,2.25796e-06,3
Captain Beefheart & His Magic Band,2.25756e-06,5
Mick Gordon,2.25701e-06,2
Breakwater,2.24669e-06,3
Michael Andrews,2.24634e-06,4
Roy Budd,2.24561e-06,5
LilDeuceDeuce,2.24115e-06,3
福田有理,2.24051e-06,1
Syzy,2.23779e-06,4
4hero,2.22172e-06,3
Alex Metric,2.22111e-06,2
Dub Pistols,2.22102e-06,1
Dope Smugglaz,2.22102e-06,1
Zoot Woman,2.22102e-06,1
The The,2.22102e-06,1
LOVE PSYCHEDELICO,2.22102e-06,1
Metro Area,2.22102e-06,1
Sunidhi Chauhan,2.21596e-06,2
Trickbaby,2.21586e-06,1
Tosca,2.21586e-06,1
DJ Cheb i Sabbah,2.21586e-06,1
Lowrell Simon,2.21304e-06,3
Akasha,2.20953e-06,2
Us3,2.20792e-06,3
Broadcast,2.2026e-06,4
Christine McVie,2.20206e-06,6
The Mountain Goats,2.2e-06,2
Laid Blak,2.1903e-06,1
Hank Crawford,2.18415e-06,4
Jake One,2.18203e-06,4
King Floyd,2.17947e-06,4
odaxelagnia,2.17892e-06,4
The Undisputed Truth,2.17701e-06,12
Necro,2.1758e-06,10
Fantastic Freaks,2.17103e-06,2
Black Flag,2.1643e-06,7
Andrew Bird,2.16297e-06,4
Lalo Schifrin,2.1575e-06,10
Eddie Harris,2.15425e-06,15
George Clanton,2.1525e-06,3
FrankJavCee,2.1525e-06,3
Executive Sound Producer,2.15241e-06,2
Shawn Kemp,2.15241e-06,2
42ghosts,2.15241e-06,2
The Dillinger Escape Plan,2.14739e-06,2
Pastor T.L. Barrett,2.14574e-06,4
STARSET,2.14332e-06,5
Control Freak,2.14239e-06,4
Remy Zero,2.14188e-06,1
MONORAL,2.14188e-06,1
MNQN,2.14188e-06,1
The Last Sighs of the Wind,2.14188e-06,1
Augustana,2.14188e-06,1
Showbiz & A.G.,2.13635e-06,5
Goldie,2.12753e-06,5
大貫妙子,2.12734e-06,3
Dorothy Ashby,2.12234e-06,9
Marlena Shaw,2.11645e-06,13
Betty Wright,2.1153e-06,5
Plaid,2.10608e-06,3
Schacke,2.1012e-06,2
Alessi,2.09414e-06,2
Mr. Mister,2.08945e-06,6
Kool G Rap & DJ Polo,2.08789e-06,5
Termanology,2.08592e-06,2
Chocolate Weasel,2.08255e-06,2
Lambchop,2.07711e-06,2
Sammy Virji,2.0771e-06,2
VOLTA,2.07702e-06,4
Emily Montes,2.07548e-06,2
Zonderling,2.07419e-06,4
Pig&Dan,2.07419e-06,4
Gary Glitter,2.07203e-06,8
D.O.D,2.06963e-06,2
Cesco,2.06963e-06,2
PAO,2.06954e-06,1
jigitz,2.06954e-06,1
Lizdek,2.06954e-06,1
MPH,2.06954e-06,1
BADLIKE,2.06954e-06,1
Ailow,2.06954e-06,1
ARMNHMR,2.06954e-06,1
Julian Casablancas,2.069e-06,3
Mr. Chop,2.06874e-06,2
The Thermals,2.06865e-06,1
Molemen,2.06865e-06,1
The Infamous MC,2.06865e-06,1
Matoma,2.06865e-06,1
Hoodie Allen,2.06865e-06,1
Christophe Beck,2.06865e-06,1
Soul Position,2.06865e-06,1
Dynas,2.06865e-06,1
Diamond District,2.06865e-06,1
Rakaa Iriscience,2.06865e-06,1
The Bees,2.06865e-06,1
The Last Emperor,2.06865e-06,1
Disparition,2.06865e-06,1
Evidence,2.06865e-06,1
Black Milk,2.06865e-06,1
Loggins & Messina,2.06833e-06,2
Razorlight,2.05983e-06,1
Spencer & Hill,2.05496e-06,2
Bonnie Raitt,2.05039e-06,1
Bodyrox,2.05039e-06,1
Finn Keane,2.05039e-06,1
A. G. Cook,2.05039e-06,1
Bad Cabbage,2.04766e-06,1
Chief Keef,2.04746e-06,10
Thomas Dolby,2.03276e-06,3
Low,2.03136e-06,2
Fila Brazillia,2.03116e-06,2
SUPERCAR,2.03084e-06,5
Irene Reid,2.02405e-06,3
Girls Aloud,2.02304e-06,2
The Auteurs,2.02028e-06,6
Puff Daddy & the Family,2.02011e-06,4
Lido,2.01879e-06,9
Elvis Costello,2.01865e-06,8
Cilla Black,2.01775e-06,2
Jad Fair,2.01585e-06,2
Sub Sub,2.01241e-06,2
Rare Earth,2.01144e-06,6
The Beloved,2.01121e-06,2
Men Without Hats,2.01097e-06,4
The Quick Brown Fox,2.01054e-06,2
Stanley Myers,2.01047e-06,2
John Handy,2.00967e-06,2
Laurent Garnier,2.00963e-06,2
Mono,2.00956e-06,2
Jim Reeves,2.00947e-06,1
Plone,2.00947e-06,1
Language Lab,2.00947e-06,1
Derek Jameson,2.00947e-06,1
Fripp & Eno,2.00947e-06,1
Esthero,2.00947e-06,1
Alex Gray,2.00947e-06,1
The Orchids,2.00947e-06,1
The Sons of Silence,2.00947e-06,1
BOOM BOOM SATELLITES,2.00947e-06,1
Doris,2.00947e-06,1
The Crickets,2.00947e-06,1
The Lance Gambit Trio,2.00947e-06,1
Bob Howard and His Boys,2.00947e-06,1
Coco and the Bean,2.00947e-06,1
Aztec Camera,2.00947e-06,1
Madder Rose,2.00947e-06,1
Baby Mammoth,2.00947e-06,1
Kid Loco,2.00947e-06,1
Control Freaks,2.00947e-06,1
Ganger,2.00947e-06,1
Grooverider,2.00947e-06,1
Frédéric Galliano,2.00947e-06,1
Étienne de Crécy,2.00947e-06,1
Kensuke Shiina,2.00947e-06,1
Jim White,2.00947e-06,1
Mulu,2.00947e-06,1
Kristin Hersh,2.00947e-06,1
Biosphere,2.00947e-06,1
Peter Ivers,2.00947e-06,1
Honky,2.00947e-06,1
Finley Quaye,2.00947e-06,1
Rae & Christian,2.00947e-06,1
Black Star Liner,2.00947e-06,1
Rupert Holmes,2.00947e-06,1
The Third Eye Foundation,2.00947e-06,1
The Beta Band,2.00947e-06,1
Labradford,2.00947e-06,1
Minos pour main basse (sur la ville),2.00947e-06,1
スチャダラパー,2.00947e-06,1
A Reminiscent Drive,2.00947e-06,1
Hunch,2.00947e-06,1
Ivor Cutler,2.00947e-06,1
Donald Fagen,2.00947e-06,1
Whale,2.00947e-06,1
Ben Harper,2.00947e-06,1
The Divine Comedy,2.00947e-06,1
Andy Fairweather‐Low,2.00947e-06,1
Sacred Spirit,2.00947e-06,1
Moodswings,2.00947e-06,1
Michael Brook,2.00947e-06,1
Lisa Germano,2.00947e-06,1
Bark Psychosis,2.00947e-06,1
Matthew Herbert,2.00947e-06,1
The Passions,2.00947e-06,1
Tipsy,2.00947e-06,1
Williams Fairey Band,2.00947e-06,1
Les Rythmes Digitales,2.00947e-06,1
The Ballistic Brothers vs. The Eccentric Afros,2.00947e-06,1
Take That,2.00913e-06,2
Seals & Crofts,1.99182e-06,5
Akinyele,1.98727e-06,3
Snail’s House,1.98604e-06,20
Donal Leace,1.98493e-06,2
Method Man,1.9813e-06,11
Skyfixing,1.97936e-06,1
Orbiter,1.97936e-06,1
Lloyd Banks,1.97375e-06,2
Anita Baker,1.96569e-06,12
Clams Casino,1.95649e-06,4
Tim Curry,1.95315e-06,1
Ice‐T,1.95154e-06,9
Gaj,1.95049e-06,2
Gary Burton,1.94779e-06,9
Super Cat,1.94124e-06,6
Miles Dyson,1.93629e-06,1
Igor Presnyakov,1.93629e-06,1
Miike Snow,1.93629e-06,1
Frankmusik,1.93629e-06,1
Nabiha,1.93629e-06,1
Frida Gold,1.93629e-06,1
B.B. King,1.93372e-06,5
Phil Pratt All Stars,1.93282e-06,1
Blakroc,1.93282e-06,1
Hilltop Hoods,1.93282e-06,1
Gloria Jones,1.93282e-06,1
Professor Green,1.93282e-06,1
Alvin Robinson,1.93282e-06,1
Kongas,1.93282e-06,1
Alan Parker,1.93282e-06,1
i SQUARE,1.91924e-06,2
The Salsoul Orchestra,1.90585e-06,6
おどる♡11,1.89908e-06,1
Bytesize,1.89908e-06,1
Allie X,1.89771e-06,2
Ronnie Laws,1.89703e-06,10
Sidewalks and Skeletons,1.89635e-06,3
Converge,1.89635e-06,3
Neu!,1.89635e-06,3
Zucchero,1.89604e-06,1
These New Puritans,1.89604e-06,1
Brikkuni,1.89604e-06,1
1000mods,1.89604e-06,1
The S.O.S. Band,1.89578e-06,10
RL Grime,1.895e-06,27
佐藤仁美,1.89463e-06,15
Lauv,1.88387e-06,2
Tigers Jaw,1.88301e-06,2
Art Blakey & The Jazz Messengers,1.87846e-06,6
Stevie Nicks,1.87743e-06,4
Althea & Donna,1.87535e-06,2
Freda Payne,1.8746e-06,10
Scott Gairdner,1.87322e-06,2
O.V. Wright,1.86655e-06,3
Gramatik,1.86631e-06,3
Boy Meets Girl,1.86509e-06,5
John Sebastian,1.86438e-06,2
Michael Cassette,1.86395e-06,2
Victoria Beckham,1.86392e-06,2
State Cows,1.86384e-06,1
David Crosby,1.86384e-06,1
Kelsea Ballerini,1.86384e-06,1
Jax Jones,1.86384e-06,1
Snail Mail,1.86384e-06,1
Bryan White,1.86384e-06,1
Wilson Phillips,1.86384e-06,1
Covet,1.86384e-06,1
Murphy Radio,1.86384e-06,1
Uh Huh Her,1.86384e-06,1
Brooks & Dunn,1.86384e-06,1
Sunflower Bean,1.86384e-06,1
Robin Gibb,1.86384e-06,1
Sandy Stewart,1.86384e-06,1
Camp Cope,1.86384e-06,1
Mike Rutherford,1.86384e-06,1
Bruce Hornsby,1.86384e-06,1
Valley,1.86384e-06,1
Mario,1.86384e-06,1
Alan Braxe,1.86384e-06,1
MJ Lenderman,1.86384e-06,1
Billy Satellite,1.86384e-06,1
Eddie Schwartz,1.86384e-06,1
Jack Garratt,1.86384e-06,1
Marci,1.86384e-06,1
Candy Dulfer,1.86384e-06,1
SOAK,1.86384e-06,1
Black Marble,1.86384e-06,1
Randy Houser,1.86384e-06,1
Brandon Flowers,1.86384e-06,1
John Tesh,1.86384e-06,1
Stanley Clarke,1.8635e-06,7
Odyssey,1.85757e-06,3
Goblin,1.85676e-06,7
Roberta Flack,1.85485e-06,10
Pete Rock & C.L. Smooth,1.85311e-06,9
DJ Vadim,1.85234e-06,10
Lowell Fulson,1.851e-06,7
Delegation,1.84668e-06,8
The It,1.84262e-06,3
Luther Vandross,1.84005e-06,6
Albert King,1.83927e-06,9
One Way,1.83006e-06,7
O.C.,1.8281e-06,7
Alphonse Mouzon,1.82312e-06,3
G‐Unit,1.82276e-06,3
Panda Eyes,1.81609e-06,4
The Heath Brothers,1.81262e-06,2
Nightcore,1.80713e-06,2
平沢進,1.80625e-06,11
MC5,1.80465e-06,3
Iron & Wine,1.78893e-06,1
Tavares,1.78886e-06,12
The Animal in Me,1.7862e-06,2
Shuggie Otis,1.7854e-06,5
'Lectric Workers,1.7843e-06,4
The Gregory Brothers,1.78037e-06,4
Bruce Hornsby & the Range,1.78021e-06,3
Skull Snaps,1.77896e-06,15
DANGERDOOM,1.77861e-06,1
Strange Fruit Project,1.77861e-06,1
Aaron LaCrate,1.77861e-06,1
KW Griff,1.77861e-06,1
Sunshine Anderson,1.77861e-06,1
Joe Tex,1.77324e-06,11
GQ,1.77118e-06,2
Johnny Osbourne,1.76742e-06,5
Johnnie Taylor,1.76679e-06,4
Jon B.,1.7666e-06,2
Crossnaders,1.76569e-06,2
Erik Scheele,1.76328e-06,35
The Gabriel Hardeman Delegation,1.76128e-06,2
One Night Only,1.76076e-06,1
Daron Malakian and Scars on Broadway,1.76076e-06,1
Test Icicles,1.76076e-06,1
The Mars Volta,1.76076e-06,1
Steam Heat,1.76076e-06,1
The Bravery,1.76076e-06,1
Ronald Frankau,1.76076e-06,1
PVT,1.76076e-06,1
Jodi Benson,1.75864e-06,3
Windjammer,1.75829e-06,2
Houston Person,1.7562e-06,3
Patrick Williams,1.75124e-06,2
Acqua Fragile,1.75124e-06,2
Daniel Janin,1.75006e-06,2
八神純子,1.74966e-06,4
St Germain,1.74834e-06,3
Klaus Weiss,1.74815e-06,1
Phat Kat,1.74815e-06,1
The Firebolts,1.74815e-06,1
Chingo Bling,1.74815e-06,1
佐藤奈々子,1.74815e-06,1
Brian Bennett,1.74815e-06,1
Wayne Shorter,1.74815e-06,1
Steve Vai,1.74815e-06,1
Chicago Bears,1.74815e-06,1
David Joseph,1.74815e-06,1
Lost Boyz,1.74815e-06,1
難波弘之,1.74815e-06,1
Spence,1.74815e-06,1
Benny Goodman,1.74815e-06,1
Sean Price,1.74815e-06,1
I‐Level,1.74815e-06,1
Marusha,1.74677e-06,4
TAI,1.74566e-06,4
Lacuna Coil,1.745e-06,1
senzawa,1.745e-06,1
Absofacto,1.74438e-06,1
The Delfonics,1.74094e-06,11
Busy Bee,1.73908e-06,3
Joe Sample,1.7374e-06,3
José Feliciano,1.73598e-06,3
Bassheads,1.73561e-06,10
Los Ángeles Negros,1.73524e-06,9
Gat Décor,1.73332e-06,3
Billy Cobham,1.7301e-06,14
鷺巣詩郎,1.72527e-06,5
Sandra Akanke Isidore,1.7221e-06,1
Suna,1.71561e-06,1
Waldeck,1.71561e-06,1
Fakear,1.71561e-06,1
Keny Arkana,1.71561e-06,1
アトラスサウンドチーム,1.71452e-06,4
Hexstatic,1.7115e-06,7
Deerhoof,1.70418e-06,8
帆足圭吾,1.70167e-06,4
Sam Kinison,1.7014e-06,2
PARTYNEXTDOOR,1.6963e-06,1
Rich Homie Quan,1.6963e-06,1
Melanie,1.69536e-06,3
Empress Of,1.68741e-06,2
Pleasure,1.68721e-06,5
戸部田英樹,1.68625e-06,2
Louisa,1.68089e-06,1
Cheat Codes,1.68089e-06,1
JP Cooper,1.68089e-06,1
M.O,1.68089e-06,1
ALMA,1.68089e-06,1
Niall Horan,1.68089e-06,1
Calum Scott,1.68089e-06,1
Anne‐Marie,1.68089e-06,1
Starley,1.68089e-06,1
Oval,1.6805e-06,2
FKA twigs,1.679e-06,3
Laurel Halo,1.67893e-06,2
DJ Sprinkles,1.67886e-06,1
Misty Conditions,1.67886e-06,1
J $tash,1.67886e-06,1
Call Super,1.67886e-06,1
Bookworms,1.67886e-06,1
Martyn,1.67886e-06,1
Cloudface,1.67886e-06,1
Mix Mup,1.67886e-06,1
Madteo,1.67886e-06,1
Miltiades,1.67886e-06,1
Julianna Barwick,1.67886e-06,1
Sam Prekop,1.67886e-06,1
Mitsunori Ikeda,1.67793e-06,3
2 Chainz,1.67698e-06,4
KARUT,1.67414e-06,9
Cardiacs,1.67232e-06,2
7 Year Rabbit Cycle,1.67232e-06,2
Аква Віта,1.67232e-06,2
bis,1.67232e-06,2
Meg & Dia,1.66964e-06,2
Goo Goo Dolls,1.66957e-06,1
Infinity Crush,1.66957e-06,1
Rosemary Fairweather,1.66957e-06,1
Jai Paul,1.66133e-06,2
The Pazant Brothers,1.64983e-06,2
P*Light,1.64873e-06,11
Miami Bass Warriors,1.64473e-06,2
Mo Beats,1.64466e-06,1
The Medic Droid,1.64466e-06,1
B. Ames,1.64466e-06,1
Rosemary June,1.6434e-06,15
DeBarge,1.63933e-06,10
猫又おかゆ,1.63786e-06,2
Logan Paul,1.63779e-06,1
DJVI,1.63779e-06,1
Lil Dicky,1.63466e-06,1
bignic,1.63466e-06,1
Davey Graham,1.6318e-06,4
Debbie Deb,1.62935e-06,4
Saint Etienne,1.62496e-06,5
L.T.D.,1.61817e-06,5
Munk,1.61464e-06,2
ピコ太郎,1.61125e-06,1
RADIO FISH,1.61125e-06,1
xxxlolxxx,1.61125e-06,1
oshikiri,1.61125e-06,1
Blümchen,1.60196e-06,2
ドクロちゃん,1.60196e-06,2
Organized Konfusion,1.59712e-06,3
The Fearless Four,1.59519e-06,5
Joni Mitchell,1.59473e-06,7
Ted Taylor,1.59195e-06,4
John Klemmer,1.58515e-06,5
Johnny “Guitar” Watson,1.57888e-06,5
Hardfloor,1.5782e-06,3
"Emerson, Lake & Palmer",1.57797e-06,1
Jim Steinman,1.57797e-06,1
The Flying Pickets,1.57797e-06,1
The Headhunters,1.57465e-06,7
Ramsey Lewis,1.57167e-06,15
Metodi Hristov,1.56009e-06,4
September,1.55951e-06,1
Little Anthony & the Imperials,1.55609e-06,2
AZ,1.556e-06,5
ASHE,1.55565e-06,3
Tinlicker,1.55565e-06,3
Ghost Dance,1.55565e-06,3
Notaker,1.55565e-06,3
Victor Uwaifo,1.55493e-06,3
Aphrodite’s Child,1.54683e-06,4
Thom Yorke,1.54397e-06,5
Mantronix,1.54239e-06,10
天海春香,1.53906e-06,10
OMFG,1.53877e-06,4
Minutemen,1.53755e-06,2
Boris Gardiner,1.53528e-06,2
Formula IV,1.53521e-06,1
Mausberg,1.53521e-06,1
The Comrads,1.53521e-06,1
River Tiber,1.53521e-06,1
Bēkon,1.53521e-06,1
Chakachas,1.53521e-06,1
Knxwledge,1.53521e-06,1
Hiatus Kaiyote,1.53521e-06,1
The Funkees,1.53521e-06,1
Whoarei,1.53521e-06,1
Roscoe Dash,1.53521e-06,1
Terrace Martin,1.53521e-06,1
Gary Peacock,1.53521e-06,1
September,1.53521e-06,1
Grille-Chemand,1.53521e-06,1
Kadhja Bonet,1.53521e-06,1
Duval Timothy,1.53521e-06,1
Chuck Jackson,1.53249e-06,2
Jackie Jackson,1.53249e-06,2
Daedelus,1.53106e-06,5
Zwei,1.52056e-06,1
The Impressions,1.51466e-06,7
John Martyn,1.51342e-06,3
4 Tune Fairytales,1.50346e-06,2
Kid Koala,1.50336e-06,5
Motherlode,1.50242e-06,3
Brand New,1.49963e-06,4
Vybz Kartel,1.49771e-06,2
Charles Wright & the Watts 103rd Street Rhythm Band,1.49724e-06,4
UTFO,1.49704e-06,5
Fink,1.49228e-06,4
Nancy Wilson,1.48675e-06,6
宇徳敬子,1.48654e-06,2
Juice,1.48642e-06,2
702,1.48595e-06,5
Dr. Buzzard’s Original Savannah Band,1.48464e-06,5
Forest,1.47054e-06,2
Mince Pye,1.46566e-06,1
Black Oak Arkansas,1.4645e-06,3
Mad Cobra,1.46177e-06,8
Charles Mingus,1.46027e-06,5
Benny Will Richardson,1.45522e-06,2
Nitty,1.45516e-06,1
Kaleidoscope,1.45516e-06,1
DJ Jubilee,1.45516e-06,1
Brad Mossman,1.45516e-06,1
Charles Anderson,1.45516e-06,1
Sister Rosetta Tharpe,1.45516e-06,1
Son House,1.45516e-06,1
Jake Wade & The Soul Searchers,1.45516e-06,1
Jean‐Jacques Kantorow,1.45516e-06,1
Roy Hamilton,1.45516e-06,1
Shirley Murdock,1.45275e-06,8
Ernie Halter,1.44992e-06,2
James Asher,1.44942e-06,8
S.O.U.L.,1.448e-06,6
Parliament-Funkadelic,1.44708e-06,4
Jeru the Damaja,1.44173e-06,6
Love Unlimited,1.44142e-06,10
Slum Village,1.43298e-06,3
The Mist,1.43234e-06,1
Schiller Street Gang,1.43234e-06,1
The Mystic Moods Orchestra,1.43141e-06,4
Jonathan Colling,1.4277e-06,3
やなぎなぎ,1.42593e-06,3
Ali Tabatabaee,1.41814e-06,3
Ron Grainer,1.41765e-06,2
Mahavishnu Orchestra,1.41658e-06,7
Novalis,1.41643e-06,2
遠山明孝,1.41548e-06,5
rachyl,1.41424e-06,2
Chase Atlantic,1.41418e-06,1
Lontalius,1.41418e-06,1
Instupendo,1.41418e-06,1
ML Buch,1.41418e-06,1
elxnce,1.41418e-06,1
Barry McGuire,1.41392e-06,1
Jonathan Coulton,1.41392e-06,1
The World’s Famous Supreme Team,1.41387e-06,2
Dabrye,1.41342e-06,2
Skyzoo,1.41281e-06,1
Re‐Up Gang,1.41281e-06,1
Edan,1.41281e-06,1
カヒミ・カリィ,1.41281e-06,1
Tommyknocker,1.41281e-06,1
Scarface,1.41064e-06,6
Liquid Liquid,1.41042e-06,2
Wendy Rene,1.40813e-06,7
Ryu☆,1.40685e-06,7
Jean Carne,1.40654e-06,3
Giant Crab,1.40329e-06,2
Severoth,1.40041e-06,7
Gene McDaniels,1.39699e-06,3
Donovan,1.39444e-06,6
Lightnin’ Rod,1.39436e-06,3
Taking Back Sunday,1.39023e-06,3
Peech Boys,1.38982e-06,8
Bernard Wright,1.38833e-06,7
Judy Clay,1.3849e-06,5
The Main Ingredient,1.38393e-06,12
Meredith Monk,1.38166e-06,5
Claude Larson,1.38052e-06,2
My Little Pony,1.3804e-06,11
Wayvee,1.37915e-06,2
Network,1.37909e-06,1
Perry & Sanlin,1.37909e-06,1
Marcello Giombini,1.37909e-06,1
Mack Daddy Ju,1.37909e-06,1
Majid Jordan,1.37909e-06,1
Namasté,1.37909e-06,1
Henry Krinkle,1.37909e-06,1
Ekali,1.37909e-06,1
Ticklish,1.37909e-06,1
"Hamilton, Joe Frank & Reynolds",1.37909e-06,1
Headie One,1.37685e-06,3
Young–Holt Unlimited,1.37684e-06,6
4lung,1.37588e-06,2
Brand Nubian,1.37417e-06,6
Das EFX,1.37043e-06,6
Fancy,1.36825e-06,2
Boy Harsher,1.36558e-06,2
Guy,1.36389e-06,5
Nirvana,1.36353e-06,2
Osanna,1.36353e-06,2
Louie Bellson,1.36315e-06,2
Ray Charles,1.36274e-06,7
Spoonie Gee,1.35975e-06,12
Lonnie Gordon,1.3516e-06,2
Al Hirt,1.35153e-06,3
Dr. Lonnie Smith,1.34975e-06,4
PSYQUI,1.34938e-06,9
Hechizeros Band,1.34936e-06,3
Jade Cicada,1.34913e-06,3
Mark Mancina,1.34907e-06,2
Sizzla,1.34637e-06,5
Nigo,1.34613e-06,2
Palm Skin Productions,1.34613e-06,2
jaimie branch,1.34613e-06,2
La Funk Mob,1.34613e-06,2
phonon,1.3437e-06,2
Moony,1.34344e-06,1
Dazz Band,1.34344e-06,1
The 5th Dimension,1.34324e-06,10
J.J. Cale,1.34176e-06,2
Current Joys,1.33943e-06,1
anvii,1.33943e-06,1
Israel Kamakawiwoʻole,1.33943e-06,1
I Set My Friends on Fire,1.33943e-06,1
Q Lazzarus,1.33943e-06,1
TRSH,1.33943e-06,1
Alex G,1.33943e-06,1
Carissa’s Wierd,1.33943e-06,1
Tabar,1.33943e-06,1
Rookie Card,1.33943e-06,1
Camping in Alaska,1.33943e-06,1
Texas Is the Reason,1.33943e-06,1
Frizk,1.33812e-06,2
Fischerspooner,1.3378e-06,2
ぬゆり,1.33597e-06,1
Janis Ian,1.33546e-06,1
The Allman Brothers Band,1.33546e-06,1
Herbie Mann,1.33454e-06,8
Barbara Lynn,1.33286e-06,2
Ballin’ Jack,1.32926e-06,2
Tom Waits,1.32568e-06,3
Hixxy,1.32416e-06,2
spill tab,1.3241e-06,1
J Balvin,1.3241e-06,1
Sidney Gish,1.3241e-06,1
Machinedrum,1.32042e-06,6
かたぎり,1.32003e-06,2
Crazy Mashcore Mafia,1.32003e-06,2
Cedar Walton,1.31962e-06,2
Elvis Costello & The Attractions,1.31954e-06,2
Les Baxter,1.31949e-06,2
Tito Puente,1.31949e-06,2
Max Yasgur,1.31943e-06,1
Frank Howard & the Continentals,1.31943e-06,1
Nine,1.31943e-06,1
Pato Banton,1.31943e-06,1
Harvey Scales,1.31943e-06,1
Lee “Scratch” Perry,1.31943e-06,1
David Bromberg,1.31943e-06,1
Micki Grant,1.31943e-06,1
Burundi Black,1.31943e-06,1
Dead Boys,1.31943e-06,1
Jeremy Steig,1.31943e-06,1
The Free Movement,1.31943e-06,1
The Moog Machine,1.31943e-06,1
Dean Jones,1.31943e-06,1
Jeanette “Lady” Day,1.31943e-06,1
Funk Factory,1.31943e-06,1
Lovebug Starski,1.31943e-06,1
Eric Weissberg,1.31943e-06,1
Wild Sugar,1.31943e-06,1
Rob Swift,1.31943e-06,1
Doormouse,1.31754e-06,2
Fizzy Bangers,1.31749e-06,1
James L. Venable,1.31749e-06,1
Kurwastyle Project,1.31749e-06,1
Colin Hay,1.31749e-06,1
Fast Food Rockers,1.31749e-06,1
Lakeside,1.31579e-06,5
St. Vincent,1.31437e-06,3
Sparky D,1.31318e-06,2
Paul Oakenfold,1.30505e-06,3
The Jefferson Lemon Blues Band,1.30283e-06,2
FreQ Nasty,1.29924e-06,1
TNGHT,1.29692e-06,1
The Rocket Summer,1.29692e-06,1
Zulema,1.29332e-06,6
Carpenter Brut,1.29017e-06,9
Ella Fitzgerald,1.2891e-06,4
Stezo,1.28188e-06,3
CHiCO,1.27958e-06,2
NiRé AllDai,1.27829e-06,1
Living Jazz,1.26783e-06,2
Lil’ Louis & the World,1.26443e-06,4
Fiorello LaGuardia,1.26263e-06,2
“Brother” Jack McDuff,1.26218e-06,9
Savant,1.25937e-06,2
Weather Report,1.2581e-06,10
The Stylistics,1.25749e-06,13
Morfeo,1.25603e-06,4
Sweet Trip,1.25566e-06,3
Laura Shigihara,1.2554e-06,5
Mrs. GREEN APPLE,1.25398e-06,1
Omoinotake,1.25398e-06,1
halca,1.25398e-06,1
内田真礼,1.25398e-06,1
OxT,1.25398e-06,1
ぼっちぼろまる,1.25398e-06,1
GEMN,1.25398e-06,1
影森みちる,1.25398e-06,1
超学生,1.25398e-06,1
優里,1.25398e-06,1
田所あずさ,1.25398e-06,1
TrySail,1.25398e-06,1
アリサ・ミハイロヴナ・九条,1.25398e-06,1
imase,1.25398e-06,1
MAN WITH A MISSION,1.25398e-06,1
NiziU,1.25398e-06,1
Gylan Kain,1.2516e-06,7
The Mar‐Keys,1.24913e-06,2
New York Philharmonic,1.24774e-06,4
Deavid Soul,1.24623e-06,3
Rick Wakeman,1.24408e-06,2
Freddie Hubbard,1.2433e-06,10
Steve Reich,1.24302e-06,5
Daly Wilson Big Band,1.24207e-06,4
Destroyer,1.23628e-06,11
Linda Clifford,1.22751e-06,3
Jarreau Vandal,1.22635e-06,2
TroyBoi,1.22635e-06,2
Rusty Bryant,1.22435e-06,3
The Crazy World of Arthur Brown,1.22365e-06,6
20th Century Steel Band,1.21554e-06,3
Timbaland & Magoo,1.21406e-06,3
The Troubleneck Brothers,1.2058e-06,2
Tangerine Dream,1.20424e-06,7
Fredrik Kempe,1.20097e-06,1
John Davis,1.20097e-06,1
Blues Traveler,1.20097e-06,1
Pop Will Eat Itself,1.2004e-06,7
The Shangri‐Las,1.19454e-06,11
Santigold,1.19308e-06,3
Mere Notilde,1.19301e-06,2
Clyde McPhatter,1.19096e-06,4
Purity Ring,1.18733e-06,2
American Gypsy,1.18695e-06,2
Joe Cocker,1.18691e-06,3
Thug Life,1.1868e-06,2
DJ Quik,1.18546e-06,4
Fluke,1.18546e-06,3
Lifers Group,1.18322e-06,2
Dub Specialist,1.18113e-06,2
Divine Sounds,1.18069e-06,2
Change,1.18023e-06,14
Reuben Bell,1.17935e-06,2
Iliad,1.17868e-06,2
Samson & Delilah,1.17864e-06,2
P.O.S,1.17861e-06,2
Caterina Valente,1.17861e-06,2
The Nu People,1.17856e-06,1
Mother Mallard’s Portable Masterpiece Company,1.17856e-06,1
Alvin Cash Scott Bros Orch.,1.17856e-06,1
Yesterday's Obsession,1.17856e-06,1
Charlie Musselwhite,1.17856e-06,1
Celly Cel,1.17856e-06,1
Harlan Ellison,1.17856e-06,1
Sapo,1.17856e-06,1
Murray Roman,1.17856e-06,1
The Belmonts,1.17856e-06,1
Azitis,1.17856e-06,1
Pigmeat Markham,1.17856e-06,1
Schmetterlinge,1.17856e-06,1
Sir Mack Rice,1.17856e-06,1
Errors,1.17856e-06,1
The Phoenix Singers,1.17856e-06,1
Listening,1.17856e-06,1
Dennis Olivieri,1.17856e-06,1
Flying Island,1.17856e-06,1
The Hellers,1.17856e-06,1
"Nu-Sound Express, Ltd.",1.17856e-06,1
Kings Go Forth,1.17856e-06,1
Jo Ann Garrett,1.17856e-06,1
Simtec & Wylie,1.17856e-06,1
Silkk the Shocker,1.17856e-06,1
Trackademicks,1.17856e-06,1
The Purple Gang,1.17856e-06,1
Creations Unlimited,1.17856e-06,1
The Mel-O-Tones,1.17856e-06,1
Pugh Rogefeldt,1.17856e-06,1
Timebox,1.17856e-06,1
Ron Geesin,1.17856e-06,1
Saint Steven,1.17856e-06,1
Top Priority,1.17856e-06,1
Gucci Crew II,1.17856e-06,1
Fried Chicken,1.17856e-06,1
American Zoo,1.17856e-06,1
Preacher,1.17856e-06,1
H.P. Riot,1.17856e-06,1
Pearly Queen,1.17856e-06,1
Lou Courtney,1.17856e-06,1
Dust,1.17856e-06,1
David Wertman,1.17856e-06,1
The Facedancers,1.17856e-06,1
Embryo,1.17856e-06,1
Jazzy Jay,1.17856e-06,1
Chaffey College Jazz Ensemble,1.17856e-06,1
The Glass Family,1.17856e-06,1
Franco Battiato,1.17856e-06,1
The Showmen Inc.,1.17856e-06,1
Anthony J. Gnazzo,1.17856e-06,1
Masters of Ceremony,1.17856e-06,1
Lexia,1.17856e-06,1
Hunger!,1.17856e-06,1
CCS,1.17856e-06,1
Dennis Linde,1.17856e-06,1
The New Breed,1.17856e-06,1
Human Race,1.17856e-06,1
Wilbur Bascomb and the Zodiac,1.17856e-06,1
Untold,1.17856e-06,1
Original Soul Senders,1.17856e-06,1
Dennis the Fox,1.17856e-06,1
Bullion,1.17856e-06,1
Savage Grace,1.17856e-06,1
Eugene Bowen,1.17856e-06,1
Stephen Drury,1.17856e-06,1
Chester Randle’s Soul Senders,1.17856e-06,1
The Mystic Number National Bank,1.17856e-06,1
Odetta,1.17856e-06,1
Sugar Creek,1.17856e-06,1
Rick Dees & His Cast of Idiots,1.17856e-06,1
Ultimate Force,1.17856e-06,1
Jeremy Storch,1.17856e-06,1
Tony Alvon & the Belairs,1.17856e-06,1
The Third Guitar,1.17856e-06,1
Traxamillion,1.17856e-06,1
Los Incas,1.17856e-06,1
Dionne Warwick,1.17304e-06,20
Claude François,1.17193e-06,3
Nines,1.17169e-06,2
Dave East,1.17169e-06,2
23 Skidoo,1.1702e-06,7
Teena Marie,1.16219e-06,9
DUCKY,1.16004e-06,2
Jan Hammer,1.15699e-06,3
Gábor Szabó,1.15531e-06,5
Big L,1.15397e-06,2
Secret Weapon,1.15237e-06,2
Zoe Saldaña,1.15211e-06,3
The Backyard Heavies,1.15201e-06,2
Sophy,1.15183e-06,1
Gianfranco Plenizio,1.15183e-06,1
The Lovin’ Spoonful,1.15144e-06,2
David Oliver,1.1499e-06,5
Jeff Beck,1.14916e-06,2
The Sylvers,1.14513e-06,7
Heatwave,1.14487e-06,5
Gregory Isaacs,1.14367e-06,3
Mighty Ryeders,1.14364e-06,2
Alvin Cash & The Crawlers,1.14362e-06,2
Edna Wright,1.14362e-06,2
Frankie Valli,1.14362e-06,2
The Chico Hamilton Quintet,1.14362e-06,2
Wayne Fontana,1.14357e-06,1
Snooky Pryor,1.14357e-06,1
Les DeMerle,1.14357e-06,1
Taj Mahal,1.14357e-06,1
Fantasy Three,1.14357e-06,1
Eloy,1.14357e-06,1
Walter Wanderley,1.14357e-06,1
Maceo Parker,1.14357e-06,1
Black Merda,1.14357e-06,1
Ed O.G. & Da Bulldogs,1.14357e-06,1
Eugene Record,1.14357e-06,1
The Duke Pearson Big Band,1.14357e-06,1
The Parliaments,1.14357e-06,1
Kid Dynamite,1.14357e-06,1
Sly Stone,1.14357e-06,1
Curiosity Killed the Cat,1.14357e-06,1
Sharon Redd,1.14357e-06,1
The El Dorados,1.14357e-06,1
Jefferson Starship,1.14357e-06,1
Brother Bones,1.14357e-06,1
Papoose,1.14357e-06,1
The Dave Brubeck Quartet,1.14205e-06,8
Emin,1.13442e-06,1
Karen Brake,1.13366e-06,3
Keni Burke,1.1314e-06,4
URUBU,1.12771e-06,1
"The Checkmates, Ltd.",1.12708e-06,2
Young Fame,1.12606e-06,1
Millyz,1.12606e-06,1
Digable Planets,1.12484e-06,2
Dead Kennedys,1.12442e-06,6
Xilent,1.12287e-06,13
Graham Bonnet,1.11131e-06,2
The Gray Line,1.11131e-06,2
The Rio Carnival Orchestra,1.11131e-06,2
Patrick Simmons,1.11131e-06,2
Chandra,1.11131e-06,2
Return to Forever,1.10838e-06,3
Brass Construction,1.1064e-06,11
Headhunterz,1.09771e-06,2
Rameses B,1.09599e-06,3
Basic Channel,1.09557e-06,19
Malky,1.09441e-06,1
Darq E Freaker,1.09441e-06,1
とたけけ,1.09441e-06,1
LOL Boys,1.09441e-06,1
Lord RAJA,1.09441e-06,1
Shady Blaze,1.09441e-06,1
Deebs,1.09441e-06,1
Young Giftz,1.09441e-06,1
Evil Nine,1.09441e-06,1
Groundislava,1.09441e-06,1
Munno,1.09441e-06,1
Antwon,1.09441e-06,1
Dr. Andonuts,1.09441e-06,1
KAYTRANADA,1.09441e-06,1
Supreme Cuts,1.09441e-06,1
TisaKorean,1.08663e-06,1
EQD,1.08663e-06,1
Life Sim,1.08663e-06,1
SCRIPT,1.08663e-06,1
Mr. Lif,1.0857e-06,1
PANTyRAiD,1.0857e-06,1
Sébastien Tellier,1.08357e-06,2
Bicep,1.08299e-06,2
The Kay‐Gees,1.08063e-06,2
Circuit,1.08046e-06,5
Chip-Man,1.07974e-06,1
Ann Peebles,1.07732e-06,7
emotion x,1.07693e-06,5
Arthur Russell,1.07639e-06,2
Hatena,1.07625e-06,2
░▒▓新しいデラックスライフ▓▒░,1.07625e-06,2
tiktok nightmare,1.07621e-06,1
Melissa,1.07621e-06,1
YIFFØ,1.07621e-06,1
Sophiaaaahjkl;8901,1.07621e-06,1
DJ RAY-XANS,1.07621e-06,1
テレビ体験,1.07621e-06,1
Channel 505,1.07621e-06,1
Whitewoods,1.07621e-06,1
Chopin ScrüJah,1.07621e-06,1
Alternate Skies,1.07621e-06,1
Cordless Soul Machine,1.07621e-06,1
g h o s t i n g,1.07621e-06,1
WZRD,1.07621e-06,1
M,1.07621e-06,1
Ｓｐｏｒｔ３０００,1.07621e-06,1
Section 25,1.07571e-06,3
Brother Ali,1.07372e-06,2
Super Beagle,1.07209e-06,3
The Third Vagina,1.07103e-06,1
Frank Zappa,1.07059e-06,10
Sunrise Avenue,1.06927e-06,2
James Ferraro,1.06902e-06,2
SL2,1.06633e-06,5
Bibio,1.06123e-06,3
コナミ矩形波倶楽部,1.06101e-06,4
Adolescents,1.05941e-06,1
Soul Throbs,1.05941e-06,1
Amanaz,1.05941e-06,1
Operation Ivy,1.05941e-06,1
The Damned,1.05941e-06,1
"Ebo Taylor, Jr.",1.05941e-06,1
Rob,1.05941e-06,1
Honny and the Bees Band,1.05941e-06,1
The Slickers,1.05941e-06,1
Reagan Youth,1.05941e-06,1
Observer Allstars,1.05941e-06,1
Gyedu-Blay Ambolley,1.05941e-06,1
Goodie Mob,1.05847e-06,2
Chris Lake,1.0572e-06,3
Maze,1.05435e-06,7
Cold Crush Brothers,1.05398e-06,5
鹿乃,1.05293e-06,2
Holy Other,1.05069e-06,2
MillionYoung,1.05069e-06,2
Detroit Grand Pubahs,1.04964e-06,2
Com Truise,1.04895e-06,3
Arsonists,1.04325e-06,2
Capleton,1.0432e-06,5
Jigsaw,1.043e-06,2
Don Joe,1.04296e-06,1
Shyne,1.04296e-06,1
Bishop Lamont,1.04296e-06,1
Chinx,1.04296e-06,1
Tycoon,1.04296e-06,1
Pinto,1.04296e-06,1
Son Seals,1.04296e-06,1
Vinnie Paz,1.04296e-06,1
Army of the Pharaohs,1.04296e-06,1
Mary Hopkin,1.04016e-06,7
amazarashi,1.03964e-06,1
The San Sebastian Strings,1.03828e-06,1
Astor Piazzolla and His Tango Quintet,1.03828e-06,1
Scro,1.03782e-06,1
tictactø,1.03782e-06,1
clown core,1.03782e-06,1
HI‐LO,1.03714e-06,3
Bentley Dean,1.0371e-06,2
gyrofield,1.0371e-06,2
Morbid Angel,1.03571e-06,3
Wee,1.03461e-06,2
Michelle Tumes,1.02902e-06,1
Go West,1.02902e-06,1
Melanie Mau & Martin Schnella,1.02902e-06,1
Reuben Wilson,1.02795e-06,4
鬼怒川カスミ,1.02765e-06,1
才羽モモイ,1.02765e-06,1
空崎ヒナ,1.02765e-06,1
アロナ,1.02765e-06,1
小倉唯,1.02765e-06,1
The Mad Lads,1.02696e-06,5
Kings of Tomorrow,1.02589e-06,3
Richard F,1.02317e-06,1
JT Money,1.02317e-06,1
Creative Source,1.01992e-06,5
Chilly Gonzales,1.01861e-06,2
Desiigner,1.01684e-06,2
Brenda & the Tabulations,1.01342e-06,12
Max Richter,1.01162e-06,6
The Barrino Brothers,1.00971e-06,2
Beautifully Abstract,1.00762e-06,1
Quincy Jones and His Orchestra,1.00745e-06,4
Mike WiLL Made‐It,1.00368e-06,1
Aswad,1.00146e-06,3
Adventure Club,9.99652e-07,2
Gay Aunt Jane,9.99503e-07,2
Vicetone,9.99161e-07,7
Mtume,9.96822e-07,8
Felt,9.95786e-07,21
Collie Buddz,9.95649e-07,2
Matty G,9.95607e-07,1
Renaud,9.95481e-07,9
Brenda Lee,9.95133e-07,2
Reverend G.I. Townsel,9.94982e-07,2
Double Virgo,9.92463e-07,1
The New York Community Choir,9.92463e-07,1
Il rovescio della medaglia,9.92463e-07,1
Chairmen of the Board,9.92463e-07,1
Reggie Stepper,9.92463e-07,1
Patrick Doyle,9.92463e-07,1
The ARC Choir,9.92463e-07,1
YB,9.92463e-07,1
Rhymefest,9.92463e-07,1
Shirley Ann Lee,9.92463e-07,1
Googoosh,9.92463e-07,1
Blackjack,9.92463e-07,1
The Mojo Men,9.92463e-07,1
Omega,9.92463e-07,1
The New Year,9.92463e-07,1
Larry Graham,9.92463e-07,1
Orange Kush,9.92463e-07,1
Ponderosa Twins Plus One,9.92463e-07,1
Dave Blunts,9.92463e-07,1
Ray Charles and His Orchestra,9.92463e-07,1
Rose Stone,9.92463e-07,1
Dave & Ansel Collins,9.92463e-07,1
Junie Morrison,9.92463e-07,1
Patti LaBelle & The Bluebelles,9.92463e-07,1
Sugar Minott,9.92463e-07,1
Kenny Lattimore,9.92463e-07,1
Laura Nyro,9.92463e-07,1
Beirut,9.92239e-07,2
Caribou,9.92088e-07,19
9ice,9.90897e-07,2
MUST DIE!,9.89859e-07,2
Die Woody's,9.89247e-07,1
2AM Club,9.8888e-07,2
Gareth Emery,9.86111e-07,5
Dick Hyman,9.8511e-07,2
Jeff Beck Group,9.8472e-07,3
Blackbird Blackbird,9.81105e-07,2
Man Man,9.78609e-07,1
John Blu,9.78609e-07,1
Grum,9.78609e-07,1
Hercules and Love Affair,9.78609e-07,1
Handsome Furs,9.78609e-07,1
StewRat,9.78609e-07,1
Dom,9.78609e-07,1
Clark,9.78609e-07,1
Young Chris,9.78609e-07,1
Fettes Brot,9.78512e-07,3
Joeski Love,9.78378e-07,4
Freshlyground,9.77235e-07,3
Paffendorf,9.75305e-07,2
Kimya Dawson,9.75245e-07,1
Tatsh,9.70971e-07,2
Samuel L. Jackson,9.70792e-07,3
Souls of Mischief,9.70751e-07,2
Pearl Jam,9.7071e-07,1
7L & Esoteric,9.7071e-07,1
Lützenkirchen,9.69677e-07,1
Northern Lite,9.69677e-07,1
Kraftklub,9.69677e-07,1
Oomph!,9.69677e-07,1
Ascii.Disko,9.69677e-07,1
Baby D,9.69058e-07,6
Cream puff,9.66388e-07,2
FLAVOR FOLEY,9.66387e-07,2
Mamonis,9.66346e-07,1
青龍,9.66346e-07,1
DJ YOSHITAKA-G,9.66346e-07,1
Congorock,9.61461e-07,3
Raymond Scott,9.61352e-07,4
Blue Mitchell,9.55574e-07,3
KIDS SEE GHOSTS,9.53798e-07,3
Lil Baby,9.53758e-07,2
The Floating,9.518e-07,2
John Morgan,9.518e-07,2
Whitehouse,9.48626e-07,2
Black Sheep,9.48049e-07,5
Rockie Robbins,9.44736e-07,2
Baby Huey,9.41837e-07,6
Nipsey Hussle,9.41492e-07,3
Ty Dolla $ign,9.40827e-07,4
The Cannonball Adderley Quintet,9.40788e-07,8
Cortex,9.39333e-07,4
Camp Lo,9.34543e-07,2
Nina Sky,9.32119e-07,2
Bobbi Humphrey,9.28838e-07,9
シートベルツ,9.27133e-07,8
Ronnie Hudson and the Street People,9.23925e-07,3
Con Funk Shun,9.20444e-07,3
Crass,9.19477e-07,5
Brenda Russell,9.16953e-07,4
Placebo,9.14801e-07,5
MOSAIC.WAV,9.14303e-07,8
Zap Mama,9.13394e-07,11
Lee Morgan,9.10926e-07,4
Dana Dane,9.09828e-07,3
Nicholas Britell,9.02313e-07,2
공중도둑,9.02275e-07,1
Skip Mahoney & the Casuals,9.02275e-07,1
Father John Misty,9.02275e-07,1
Choir of Young Believers,9.02275e-07,1
iLoveMakonnen,9.02275e-07,1
Mark Snow,9.0181e-07,1
Young Thug,9.01245e-07,5
Jeffrey Fayman,9.01162e-07,15
W,8.9971e-07,2
Tubeway Army,8.96236e-07,4
Passenger,8.9363e-07,2
Max Elto,8.93237e-07,2
Steady Rain,8.93101e-07,1
Charcoal Tongue,8.93101e-07,1
Marcos Veiga,8.93101e-07,1
Superpowerless,8.93101e-07,1
The Broken View,8.93101e-07,1
Kade McCuen,8.93101e-07,1
The Independence,8.93101e-07,1
Youth Never Dies,8.93101e-07,1
Fame on Fire,8.93101e-07,1
Midnight Star,8.92029e-07,10
ろん,8.88663e-07,2
Sarah Silverman,8.86701e-07,1
きただにひろし,8.8617e-07,1
Keith Ape,8.8617e-07,1
Peking Duk,8.82883e-07,2
Yuna,8.82883e-07,2
ODESZA,8.82846e-07,1
Botnek,8.82846e-07,1
Wasback,8.82846e-07,1
NextRO,8.82846e-07,1
Fliwo,8.82846e-07,1
Olly James,8.82846e-07,1
Howwler,8.82846e-07,1
Sander van Doorn,8.82846e-07,1
Starkillers,8.82846e-07,1
Diskord,8.82846e-07,1
Redz,8.82846e-07,1
GRiZ,8.82846e-07,1
Alesia,8.82846e-07,1
Birdy,8.82846e-07,1
Deformaty,8.82846e-07,1
Jackal,8.82846e-07,1
AREA51,8.82846e-07,1
SAINT WKND,8.82846e-07,1
High Maintenance,8.82846e-07,1
High Beggars,8.82846e-07,1
Skrux,8.82846e-07,1
Smookie Illson,8.82846e-07,1
The Prototypes,8.82846e-07,1
Ron van den Beuken,8.82846e-07,1
Senser,8.80373e-07,4
Honey Cone,8.80255e-07,5
Stuart Hyatt,8.80044e-07,4
KOAN Sound,8.77918e-07,1
Lisa Rowe,8.77918e-07,1
The Freaks,8.77828e-07,1
Dinka,8.77828e-07,1
Electrixx,8.77828e-07,1
Johnny “Hammond” Smith,8.77092e-07,7
Peter Brown,8.7663e-07,3
Rachel’s,8.76196e-07,3
Polmo Polpo,8.76159e-07,2
Set Fire to Flames,8.76159e-07,2
Extra T’s,8.75621e-07,1
Jimmie Rodgers,8.75621e-07,1
The Controllers,8.75621e-07,1
Felix Cavaliere,8.75621e-07,1
El DeBarge,8.75621e-07,1
Terry Baxter & His Orchestra,8.75621e-07,1
Dominic Frontiere,8.75621e-07,1
Hi‐Tek,8.75621e-07,1
West Street Mob,8.74245e-07,3
Kideko,8.72532e-07,1
Karl Walker,8.72532e-07,1
Hoshina Anniversary,8.72495e-07,1
die!!die!!color!!!,8.68263e-07,2
Melt‐Banana,8.64581e-07,2
Dawn Penn,8.62009e-07,3
L33tStr33t Boys,8.60091e-07,1
Stars of the Lid,8.59877e-07,4
NoMeansNo,8.58965e-07,2
Hood,8.58047e-07,2
HALCALI,8.54654e-07,2
Clay Pedrini,8.51547e-07,2
Prefuse 73,8.47561e-07,9
The Staple Singers,8.4483e-07,7
Looptroop Rockers,8.44684e-07,1
Dario G,8.44684e-07,1
Ce’Cile,8.44684e-07,1
Clinton Sparks,8.44684e-07,1
Jamaram,8.44684e-07,1
Luke Vibert,8.42657e-07,3
Entombed,8.42536e-07,2
Kelly Charles,8.4139e-07,7
Shinehead,8.40436e-07,5
Panchiko,8.38953e-07,1
Zebrahead,8.38953e-07,1
MONTiE THE BEAR,8.38953e-07,1
Jeremy,8.38541e-07,1
Chris Rainbow,8.38541e-07,1
Mélonade,8.38271e-07,2
Desire,8.37885e-07,2
Natalia Bonner,8.36987e-07,3
The Mae Shi,8.36723e-07,5
Deafheaven,8.36484e-07,1
The Paradise,8.36484e-07,1
This Heat,8.36323e-07,2
Einstürzende Neubauten,8.36267e-07,4
riya,8.36199e-07,2
源屋,8.36196e-07,2
Fly Pan Am,8.36161e-07,1
Hrvatski,8.36161e-07,1
虹原いんく,8.36161e-07,1
Pestilence,8.36161e-07,1
Ruins,8.36161e-07,1
The Fucking Champs,8.36161e-07,1
Wesley Willis,8.36161e-07,1
The Crucifucks,8.36161e-07,1
Funky G,8.36161e-07,1
Codeine,8.36161e-07,1
岡田有希子,8.36161e-07,1
An Albatross,8.36161e-07,1
水月陵,8.36161e-07,1
Storm and Stress,8.36161e-07,1
Arab on Radar,8.36161e-07,1
Phase,8.36161e-07,1
GWAR,8.36161e-07,1
Cakebuilder,8.36161e-07,1
Delta 9,8.36161e-07,1
Coachwhips,8.36161e-07,1
Trencher,8.36161e-07,1
Hanson Brothers,8.36161e-07,1
5ive,8.36161e-07,1
Grace,8.36161e-07,1
Noxagt,8.36161e-07,1
June of 44,8.36161e-07,1
That Fucking Tank,8.36161e-07,1
Vincent Bueno,8.36161e-07,1
Big Black,8.36161e-07,1
日下部みさお,8.36161e-07,1
Slint,8.36161e-07,1
Rumah Sakit,8.36161e-07,1
Uzeda,8.36161e-07,1
Daphne & Celeste,8.36161e-07,1
The Jesus Lizard,8.36161e-07,1
Country Teasers,8.36161e-07,1
Sonz of a Loop da Loop Era,8.36161e-07,1
Vader,8.36161e-07,1
Battles,8.36161e-07,1
Mystifier,8.36161e-07,1
Becks,8.36161e-07,1
:zoviet*france:,8.36161e-07,1
Nicole 12,8.36161e-07,1
Highlander,8.36161e-07,1
Antiloop,8.36161e-07,1
William Basinski,8.36161e-07,1
Sleeping People,8.36161e-07,1
Upsilon Acrux,8.36161e-07,1
múm,8.36161e-07,1
Windsor for the Derby,8.36161e-07,1
The Great Kat,8.36161e-07,1
Andy Kerr,8.36161e-07,1
Breadwinner,8.36161e-07,1
ななひら,8.36161e-07,1
Evol Intent,8.36161e-07,1
Krankšvester,8.36161e-07,1
Celtic Frost,8.36161e-07,1
Đogani,8.36161e-07,1
Gas,8.36161e-07,1
Harvey Milk,8.36161e-07,1
Holy Terror,8.36161e-07,1
KMD,8.36161e-07,1
U.S. Maple,8.36161e-07,1
Bellini,8.36161e-07,1
Hatari,8.36161e-07,1
The Birthday Party,8.36161e-07,1
Crom-Tech,8.36161e-07,1
ヒロ,8.36161e-07,1
Polaris,8.36161e-07,1
Big’n,8.36161e-07,1
Dark Angel,8.36161e-07,1
God Is My Co‐Pilot,8.36161e-07,1
Wonderland,8.36161e-07,1
Gabberwijffie,8.36161e-07,1
Scott Brown,8.36161e-07,1
90 Day Men,8.36161e-07,1
W-Ice & Power Team,8.36161e-07,1
Hangedup,8.36161e-07,1
Rapeman,8.36161e-07,1
Dilute,8.36161e-07,1
Bathory,8.36161e-07,1
Ex Models,8.36161e-07,1
Helloween,8.36161e-07,1
Shorty,8.36161e-07,1
Piglet,8.36161e-07,1
Shit and Shine,8.36161e-07,1
Sweep the Leg Johnny,8.36161e-07,1
Limited Express (has gone?),8.36161e-07,1
Lake Malawi,8.36161e-07,1
Ilium,8.36161e-07,1
DJ Scotch Egg,8.36161e-07,1
Pig Destroyer,8.36161e-07,1
The Speaking Canaries,8.36161e-07,1
Gay Beast,8.36161e-07,1
Do Make Say Think,8.36161e-07,1
Quasimoto,8.36161e-07,1
了法寺,8.36161e-07,1
Bilge Pump,8.36161e-07,1
灰野敬二,8.36161e-07,1
Jesu Brødre,8.36161e-07,1
Daemien Frost,8.36161e-07,1
Chevreuil,8.36161e-07,1
Butterglove,8.36161e-07,1
Monno,8.36161e-07,1
The Monsoon Bassoon,8.36161e-07,1
Boris,8.36161e-07,1
Shellac,8.36161e-07,1
Wives,8.36161e-07,1
Team,8.36161e-07,1
Pink and Brown,8.36161e-07,1
Lesbian Boy,8.36161e-07,1
Lightning Bolt,8.36161e-07,1
Teenage Jesus and the Jerks,8.36161e-07,1
THE MAD CAPSULE MARKETS,8.36161e-07,1
Leontina Vukomanović,8.36161e-07,1
POLYSICS,8.36161e-07,1
DX Pasta,8.36161e-07,1
Plus‐Tech Squeeze Box,8.36161e-07,1
Hissanol,8.36161e-07,1
Gallhammer,8.36161e-07,1
Richie Hawtin,8.36161e-07,1
XBXRX,8.36161e-07,1
Hunting Lodge,8.36161e-07,1
The Sea Nymphs,8.36161e-07,1
Charlottefield,8.36161e-07,1
Rudimentary Peni,8.36161e-07,1
Lynx,8.36161e-07,1
James Chance and the Contortions,8.36161e-07,1
Exhaust,8.36161e-07,1
少女病,8.36161e-07,1
William D. Drake,8.36161e-07,1
Melvins,8.36161e-07,1
Afrirampo,8.36161e-07,1
Axel,8.36161e-07,1
Made in Mexico,8.36161e-07,1
Miss Jane,8.36161e-07,1
Wizzard,8.32015e-07,3
TEMPURA KIDZ,8.31628e-07,6
Jack Black,8.29846e-07,1
Dip T Jones,8.29846e-07,1
3rd Bass,8.28725e-07,2
尾崎景吾,8.23352e-07,1
J. R. Dickson,8.2158e-07,7
Nick Glennie‐Smith,8.21481e-07,2
USK,8.21381e-07,1
N‐Trance,8.21381e-07,1
:(,8.21381e-07,1
Saving Grace,8.21381e-07,1
Renascent,8.21381e-07,1
Antestor,8.21381e-07,1
The Soggy Bottom Boys,8.21312e-07,1
The National,8.21119e-07,4
My Brightest Diamond,8.20098e-07,2
Screamin’ Jay Hawkins,8.18563e-07,4
祖堅正慶,8.17887e-07,12
Toots & The Maytals,8.16814e-07,3
Harry Cox,8.159e-07,2
Zion,8.15827e-07,6
Lata Mangeshkar,8.14659e-07,7
Leon Ware,8.11963e-07,2
Z‐Ro,8.07498e-07,2
Tommy James & the Shondells,8.07043e-07,3
The SCLC Operation Breadbasket Orchestra and Choir,8.06704e-07,2
Blowfly,8.04938e-07,6
Jade,8.03791e-07,2
Hi‐Gloss,8.01101e-07,3
Still Corners,8.00233e-07,4
Tyler Broughton,8.00233e-07,4
The Friends of Distinction,7.98119e-07,5
Supersillyus,7.9606e-07,2
Funk Inc.,7.95904e-07,6
Witch House,7.94016e-07,1
Amber,7.94016e-07,1
In Rainbows,7.94016e-07,1
Finatticz,7.94016e-07,1
Lord Finesse,7.91599e-07,2
Delerium,7.91433e-07,5
win a sheep free,7.91034e-07,2
David Rush,7.88458e-07,1
Joe Farrell,7.84696e-07,5
Player,7.80879e-07,2
The Dells,7.77338e-07,3
Avant,7.7732e-07,1
Perfect Cell,7.74685e-07,5
Spor,7.73419e-07,3
Solomon Burke,7.72785e-07,6
Gareth Morris,7.72204e-07,3
Rank 1,7.70793e-07,2
日比野則彦,7.69673e-07,2
Poet and the Roots,7.68936e-07,2
Guru,7.68776e-07,1
Jah Rubel,7.68776e-07,1
Willie D,7.68776e-07,1
Steady B,7.68776e-07,1
The Ziggens,7.68776e-07,1
Movie Soundtrack All Stars,7.66254e-07,1
Joe Hertz,7.66254e-07,1
Girl Talk,7.6583e-07,2
Cement Tea,7.65798e-07,1
The Soul Children,7.63172e-07,8
Charles Deluxe,7.62897e-07,2
Al B. Sure!,7.62744e-07,3
Rodney O & Joe Cooley,7.62366e-07,4
Timmy Thomas,7.60129e-07,3
Jorge Ben Jor,7.59699e-07,4
The Ahmad Jamal Trio,7.58421e-07,3
Jimmy “Bo” Horne,7.57847e-07,10
The Residents,7.52398e-07,2
Oliver Cheatham,7.51208e-07,5
Jean‐Jacques Perrey,7.49696e-07,7
Firefall,7.48897e-07,1
Malaa,7.48897e-07,1
Vaughan Mason & Crew,7.48897e-07,1
The Imperials,7.48897e-07,1
Eddie Johns,7.48897e-07,1
Dan Fogelberg,7.48897e-07,1
Sherbet,7.48897e-07,1
Alan Parsons,7.48897e-07,1
Thomas Wesley,7.48032e-07,2
Cal Tjader,7.47982e-07,8
Joey Purp,7.46517e-07,2
Kruder & Dorfmeister,7.46138e-07,2
Swagberg,7.4547e-07,6
Roger Doyle,7.44019e-07,11
Stealing Orchestra,7.44019e-07,11
Bourvil,7.42978e-07,3
Green Velvet,7.39681e-07,2
B*Witched,7.38737e-07,1
Yael Naïm,7.32489e-07,3
Bea Miller,7.32366e-07,1
Mako,7.32366e-07,1
Michelle Branch,7.32366e-07,1
Niykee Heaton,7.32366e-07,1
Justin Stone,7.32366e-07,1
Alex Adair,7.32366e-07,1
川上領,7.30912e-07,3
Ghislain Poirier,7.30749e-07,10
Freestyle,7.30256e-07,3
The Eternals,7.30194e-07,1
Tamia,7.29831e-07,3
Harry Gregson‐Williams,7.24993e-07,2
Jón Hallur Haraldsson,7.24962e-07,1
India.Arie,7.24962e-07,1
Bitty McLean,7.24962e-07,1
Amanda Perez,7.24962e-07,1
Russell Shaw,7.24962e-07,1
Gavin DeGraw,7.24962e-07,1
Matt Gray,7.24962e-07,1
Audra Mae,7.24962e-07,1
Michael Guy Bowman,7.2486e-07,17
Angela Bofill,7.21275e-07,2
The Crowns of Glory,7.19845e-07,1
Jeffrey Osborne,7.19845e-07,1
Shalamar,7.18953e-07,5
Killswitch Engage,7.1862e-07,1
Trivium,7.1862e-07,1
Sage Francis,7.18042e-07,2
Spirit,7.16908e-07,3
The United States of America,7.16387e-07,3
Milton Wright,7.16357e-07,2
Ed Bogas,7.16357e-07,2
Human Resource,7.14839e-07,3
Cosmic Gate,7.1434e-07,5
Dennis Edwards,7.13829e-07,3
戸田信子,7.12589e-07,1
The Association,7.10282e-07,2
Metalik,7.09919e-07,1
Le Knight Club,7.08614e-07,5
Neal Hefti,7.08455e-07,2
Age of Love,7.08425e-07,1
Rufus Blaq,7.08425e-07,1
David Mook,7.08425e-07,1
Russell Simmons,7.08425e-07,1
George Clinton and the P-Funk All Stars,7.0825e-07,2
Ethel Merman,7.08e-07,2
FERG,7.01174e-07,4
First Choice,6.97723e-07,19
Benga,6.97472e-07,14
Nightmares on Wax,6.94784e-07,3
双海亜美,6.93824e-07,2
Flatbush ZOMBiES,6.9318e-07,2
Wiley,6.9134e-07,12
Jaydee,6.82811e-07,3
Faze‐O,6.82583e-07,4
Henry Mancini,6.81076e-07,7
Marc Anthony,6.78078e-07,2
Gary Byrd,6.77776e-07,2
Rahul Dev Burman,6.77111e-07,4
Dasha,6.76847e-07,4
John Zorn,6.76409e-07,11
Little Feat,6.74997e-07,3
Stephen Warbeck,6.74535e-07,1
The Black Dog,6.73361e-07,2
The Quantic Soul Orchestra,6.73091e-07,2
King Cannibal,6.73063e-07,1
DJ Toolz,6.73063e-07,1
Men Against Cool,6.73063e-07,1
Animals on Wheels,6.73063e-07,1
Liquid Stranger,6.73063e-07,1
Dub War,6.73063e-07,1
Major Force West E.M.S. Orchestra,6.73063e-07,1
Money Mark,6.73063e-07,1
pheel.,6.73063e-07,1
Ovoid,6.73063e-07,1
Visionistics,6.73063e-07,1
SKETCH SHOW,6.73063e-07,1
Thought Process,6.73063e-07,1
Tranquility Bass,6.73063e-07,1
Jon Kennedy,6.73063e-07,1
Skull,6.73063e-07,1
Cabbage Boy,6.73063e-07,1
Tommy Guerrero,6.73063e-07,1
Ammonite,6.73063e-07,1
Erothyme,6.73063e-07,1
Mura Masa,6.72763e-07,3
whereisalex,6.72735e-07,2
Wrathu,6.72424e-07,9
Jomanda,6.72389e-07,4
Michael Giacchino,6.71846e-07,2
Eddie Holman,6.71394e-07,2
Stacy Lattisaw,6.6842e-07,2
Bootsy Collins,6.67564e-07,3
Saskrotch,6.6739e-07,2
The Dismemberment Plan,6.67299e-07,1
Camille,6.67163e-07,1
Billy Ze Kick et les Gamins en Folie,6.67163e-07,1
Radio 4,6.67163e-07,1
The Film,6.67163e-07,1
Téléphone,6.67163e-07,1
Rachid Taha,6.67163e-07,1
Yusef Lateef,6.66496e-07,6
Darren Styles,6.66236e-07,2
Mijk van Dijk,6.65518e-07,2
gupi,6.6549e-07,1
DJ Starscream,6.6549e-07,1
Ian Taylor,6.65485e-07,3
Stephanie Mills,6.60097e-07,7
Breakage,6.59371e-07,7
dc Talk,6.59245e-07,2
Rebecca St. James,6.59245e-07,2
Basil Poledouris,6.58353e-07,6
Killing Joke,6.56534e-07,4
Luther Ingram,6.56064e-07,3
Black Ivory,6.55695e-07,7
Slade,6.5411e-07,3
Frank Ski,6.5349e-07,4
澤田朋伯,6.50381e-07,1
Jump5,6.50381e-07,1
杉山清貴,6.50381e-07,1
Richard Jaques,6.50381e-07,1
黒石ひとみ,6.50381e-07,1
丹下桜,6.50381e-07,1
Gwen Guthrie,6.47374e-07,3
Chuck Mangione,6.45481e-07,2
SUGAR RUSH,6.4479e-07,1
Al Johnson,6.43774e-07,3
FAKE TYPE.,6.41952e-07,1
A★Teens,6.41952e-07,1
K’naan,6.41952e-07,1
Mest,6.41952e-07,1
Chuck Lorre,6.41952e-07,1
Marshall Jefferson,6.41645e-07,6
Amadou & Mariam,6.40435e-07,2
The John Barry Orchestra,6.39948e-07,3
CLS,6.38389e-07,1
Lil Pump,6.37549e-07,2
Kourosh Yaghmaei,6.3526e-07,2
Chor der Deutschen Oper Berlin,6.34753e-07,7
ሙላቱ አስታጥቄ,6.34087e-07,2
Khaled,6.34087e-07,2
Alabama 3,6.34087e-07,2
The Fantastic Four,6.34087e-07,2
Leeroy Orville Erwin Jr.,6.3406e-07,1
Don Robertson,6.3406e-07,1
Salaam Remi,6.3406e-07,1
Joe Chambers,6.3406e-07,1
Miles Jaye,6.3406e-07,1
Sara Chaves,6.3406e-07,1
Kenny Rankin,6.3406e-07,1
Norman Feels,6.3406e-07,1
Tommy Tate,6.3406e-07,1
Ziggy Marley and the Melody Makers,6.3406e-07,1
The Barrie Moore Combo,6.3406e-07,1
Billy Paul,6.32643e-07,6
George Kranz,6.32305e-07,4
Dyke & the Blazers,6.31185e-07,3
The Temprees,6.29369e-07,2
Qba,6.28016e-07,2
Mała Fuzja,6.28016e-07,2
Shreya Ghoshal,6.25217e-07,4
Zomboy,6.24587e-07,3
Pharoah Sanders,6.22033e-07,8
Camo & Krooked,6.22017e-07,2
Tom Scott,6.20905e-07,7
William Hanna,6.20504e-07,1
AmaLee,6.20504e-07,1
Madeleine Wood,6.20504e-07,1
Swallow,6.18501e-07,4
Angel Haze,6.17049e-07,2
TEMPLIME,6.162e-07,4
Melvin Van Peebles,6.15635e-07,5
Blawan,6.14875e-07,2
S!RENE,6.13176e-07,1
Full Crate,6.13176e-07,1
ZICO,6.13176e-07,1
PTAF,6.13176e-07,1
Ludwig Göransson,6.13176e-07,1
Fly by Midnight,6.13176e-07,1
KYLE,6.13176e-07,1
TWRK,6.13176e-07,1
Nick Bike,6.13176e-07,1
salute,6.13176e-07,1
Skratch Bastid,6.13176e-07,1
Franchise,6.13176e-07,1
Decap,6.13176e-07,1
ELpH,6.10912e-07,3
King of Woolworths,6.10858e-07,1
John Giorno,6.10858e-07,1
Taylor Mead,6.10858e-07,1
Rhythm Heritage,6.10275e-07,3
Ian Dury & the Blockheads,6.10269e-07,5
A-Rühm,6.09647e-07,3
Quelle Chris,6.08569e-07,1
杏里,6.07571e-07,7
Junior Wells’ Chicago Blues Band,6.06314e-07,2
The La’s,6.06305e-07,1
PUBLIC,6.06305e-07,1
Anna of the North,6.06305e-07,1
Sam & Dave,6.05406e-07,5
Spice 1,6.04372e-07,2
Super8 & Tab,6.03594e-07,5
The Fall,6.02523e-07,2
Lil Durk,6.02465e-07,2
4 Strings,6.02409e-07,2
Luther ‘Georgia Boy’ Johnson,6.01551e-07,1
Topol,6.01551e-07,1
Jesus Loves You,6.01551e-07,1
Acker Bilk,6.01551e-07,1
Inner City,6.00312e-07,10
Godflesh,6.00225e-07,5
Lustre,6.002e-07,4
Sean Pratt,6.00175e-07,3
Kinobe,6.00175e-07,3
Malhavoc,6.00175e-07,3
Hoax,6.00175e-07,3
Pitchshifter,6.00175e-07,3
Thy Light,6.00175e-07,3
Trna,6.00175e-07,3
Bowery Electric,6.00175e-07,3
Joolz Gianni,6.00175e-07,3
Ethereal Shroud,6.00175e-07,3
Dawn,6.00175e-07,3
Crankdat,5.99664e-07,4
Bert Kaempfert & His Orchestra,5.97595e-07,3
Black Heat,5.96977e-07,2
IOSYS,5.96699e-07,30
Quavo,5.94305e-07,2
Supermode,5.94105e-07,2
Anyma,5.94105e-07,2
Dom Dolla,5.9408e-07,1
Ramon Tapia,5.9408e-07,1
Edgar Winter’s White Trash,5.93402e-07,1
Randy Brown,5.93402e-07,1
Crypticz,5.93402e-07,1
Joe Public,5.93402e-07,1
Doug Moreland,5.93402e-07,1
boggio,5.93331e-07,2
Dillinger,5.93315e-07,2
Junior Mance,5.92662e-07,2
"Church Universal and Triumphant, Inc.",5.91387e-07,2
The 9th Creation,5.90315e-07,6
T‐Connection,5.88497e-07,3
Samuel E. Wright,5.86313e-07,3
Brother to Brother,5.86289e-07,2
Cliff Edwards,5.86264e-07,3
The Mash,5.86214e-07,1
Pat Carroll,5.86214e-07,1
Irving Berlin,5.86214e-07,1
Cookie Monster,5.86214e-07,1
Mimi & Richard Fariña,5.86214e-07,1
Bas,5.85897e-07,2
23 Unofficial,5.85847e-07,1
Smoke DZA,5.85847e-07,1
6ix9ine,5.85847e-07,1
MIST,5.85847e-07,1
Pac Div,5.85847e-07,1
Aaron Cohen,5.85847e-07,1
Unknown T,5.85847e-07,1
Stay Flee Get Lizzy,5.85847e-07,1
Russ,5.85847e-07,1
J Hus,5.85847e-07,1
Kenny Allstar,5.85847e-07,1
Aitch,5.85847e-07,1
slowthai,5.85847e-07,1
Flipp Dinero,5.85847e-07,1
M Huncho,5.85847e-07,1
67,5.85847e-07,1
TINYMAN,5.85847e-07,1
Theophilus London,5.85847e-07,1
YFN Lucci,5.85847e-07,1
808INK,5.85847e-07,1
Rich the Kid,5.85847e-07,1
Pi’erre Bourne,5.85847e-07,1
Mr Eazi,5.85847e-07,1
MoStack,5.85847e-07,1
Dave,5.85847e-07,1
SOB X RBE,5.85847e-07,1
JasonMartin,5.85847e-07,1
Zoey Dollaz,5.85847e-07,1
Coops,5.85847e-07,1
Ocean Wisdom,5.85847e-07,1
Loski,5.85847e-07,1
Kojo Funds,5.85847e-07,1
Apollo Brown,5.85847e-07,1
Asian Doll,5.85847e-07,1
Casanova,5.85847e-07,1
The Grim Reaper,5.85305e-07,1
Klaus Wunderlich,5.84302e-07,3
OJ da Juiceman,5.84017e-07,4
D‐Train,5.83613e-07,7
Twerknation28,5.79017e-07,3
Mazzy Star,5.78035e-07,2
高中正義,5.78e-07,1
BloodPop®,5.78e-07,1
Balam Acab,5.78e-07,1
Claire Hamill,5.78e-07,1
Juvenile,5.75966e-07,7
Babatunde Olatunji,5.73593e-07,2
Dreadzone,5.7356e-07,4
Antônio Carlos Jobim,5.72765e-07,4
Lady Wray,5.7239e-07,3
Deathpact,5.68602e-07,2
Vashti Bunyan,5.65718e-07,2
Koko Taylor,5.63786e-07,2
Loose Ends,5.63276e-07,5
Pablo Gad,5.62868e-07,4
Gary Bartz,5.62752e-07,2
For Those I Love,5.62081e-07,2
Imperial Brothers,5.60396e-07,2
The Sindecut,5.60396e-07,2
Pepe Deluxé,5.60396e-07,2
Peabo Bryson,5.60126e-07,2
Basement,5.58978e-07,1
Pat Metheny Group,5.58761e-07,3
Total Contrast,5.57086e-07,2
Bensley,5.56089e-07,2
Jimmy Webb,5.55743e-07,2
The Roches,5.5568e-07,2
Billy Boyo,5.5568e-07,2
Hunters & Collectors,5.55657e-07,1
The Fuzz,5.55657e-07,1
Wayne and Shuster,5.55657e-07,1
Harpers Bizarre,5.55657e-07,1
Gene Dunlap,5.55657e-07,1
The Main Attraction,5.55657e-07,1
Percy Faith and His Orchestra,5.55657e-07,1
Jerry Lewis,5.55657e-07,1
The Folk Implosion,5.55657e-07,1
Prince Paul,5.55657e-07,1
Powerplant,5.55657e-07,1
Kid Creole and the Coconuts,5.55657e-07,1
Debbie Reynolds,5.55657e-07,1
Bobby Goldsboro,5.55657e-07,1
Joel Grey,5.55657e-07,1
Lecrae,5.53927e-07,15
Emika,5.53897e-07,4
Fox Stevenson,5.53699e-07,3
Selace,5.51169e-07,1
川村ゆみ,5.50428e-07,16
The Rippingtons,5.47889e-07,3
Moore Kismet,5.45936e-07,2
Laxcity,5.45936e-07,2
Alain Goraguer,5.45881e-07,2
David Matthews,5.45757e-07,5
Mameyudoufu,5.45368e-07,5
RYOQUCHA,5.44784e-07,2
Archie Bell & the Drells,5.4461e-07,6
Yves,5.43502e-07,1
Head West,5.43149e-07,2
Antonio Pinto,5.43073e-07,3
Rakim,5.40908e-07,2
Jens Lekman,5.40765e-07,2
Saul Williams,5.40742e-07,1
Camille Yarbrough,5.39282e-07,5
Overmono,5.37596e-07,2
Hamdi,5.37573e-07,1
Koopsta Knicca,5.35007e-07,5
Gilberto Gil,5.34918e-07,6
The Three Degrees,5.34902e-07,4
nekodex,5.32679e-07,1
Thomas Bangalter,5.31461e-07,4
Arca,5.29659e-07,4
Antipop Consortium,5.28131e-07,3
Guitar Vader,5.27079e-07,2
Rocko,5.25249e-07,1
Natural Born Chillers,5.24844e-07,2
Raven Maize,5.24821e-07,1
Terranova,5.24821e-07,1
Jeanine van Elzakker,5.24821e-07,1
Stress,5.24821e-07,1
フジネットワークシステム,5.24087e-07,2
Tom Browne,5.21821e-07,3
Arrow,5.19189e-07,5
Glenn Morrison,5.18654e-07,2
ATFC,5.1857e-07,2
Halcya,5.18549e-07,1
Freemasons,5.18549e-07,1
Lamorn,5.18549e-07,1
Diamond Dallas Tex,5.18549e-07,1
Fonzerelli,5.18549e-07,1
HNTR,5.18549e-07,1
Momu,5.18549e-07,1
Kasablanca,5.18549e-07,1
Massane,5.18549e-07,1
Floret Loret,5.18549e-07,1
Raito,5.18549e-07,1
Activ,5.18549e-07,1
Red Carpet,5.18549e-07,1
Sara Landry,5.18549e-07,1
Anakim,5.18549e-07,1
HEYZ,5.18549e-07,1
Wenzday,5.18549e-07,1
lupa,5.18549e-07,1
Haley Gibby,5.18549e-07,1
Nitzer Ebb,5.15733e-07,6
Karlheinz Stockhausen,5.14101e-07,3
Argiflex,5.13396e-07,2
Neotropic,5.11524e-07,7
The Intruders,5.08623e-07,4
Family Force 5,5.08126e-07,1
Ja Rule,5.06842e-07,2
A.Skillz,5.06489e-07,1
cLOUDDEAD,5.06226e-07,8
Easy Mo Bee,5.05106e-07,1
Mahalia Jackson,5.05106e-07,1
MC Serch,5.05106e-07,1
Chuck Brown,5.05106e-07,1
Newham Generals,5.05097e-07,2
Aperture Science Psychoacoustic Laboratories,5.01224e-07,23
Kitty & The Haywoods,4.98886e-07,1
Reg Tilsley,4.98886e-07,1
Fu‐Schnickens,4.98886e-07,1
Boom Bap Project,4.98886e-07,1
415,4.98886e-07,1
Third Degree,4.98886e-07,1
Bit' a Sweet,4.98886e-07,1
t+pazolite,4.9882e-07,5
Santiano,4.97985e-07,5
THE DU,4.97981e-07,2
"Ray, Goodman & Brown",4.9557e-07,2
Soul To Soul,4.95494e-07,2
Magic System,4.95469e-07,2
ACHIM,4.95449e-07,1
Chronixx,4.95449e-07,1
Qlas & Blacka,4.95449e-07,1
Pat Boone,4.95449e-07,1
I Wayne,4.95449e-07,1
Marlon Asher,4.95449e-07,1
Angélique Kidjo,4.95449e-07,1
Fish Go Deep,4.95449e-07,1
Kwabs,4.95449e-07,1
Son Lux,4.94748e-07,3
Charles Bukowski,4.92216e-07,2
Agitation Free,4.92216e-07,2
Acid Mothers Temple & The Melting Paraiso U.F.O.,4.92216e-07,2
Mary Jane Girls,4.92157e-07,7
Little Jinder,4.92078e-07,3
Joakim,4.91935e-07,2
Holy Ghost!,4.91914e-07,1
Nicky Van She,4.91914e-07,1
The World Domination,4.91914e-07,1
Dennis Coffey,4.90779e-07,4
Barbara Mason,4.89884e-07,3
“Fast” Eddie Smith,4.87756e-07,7
L’Orchestre Electronique,4.87747e-07,1
College,4.87747e-07,1
MINTTT,4.87747e-07,1
Луна,4.87747e-07,1
Eric Chevalier,4.87043e-07,1
UUN4,4.87043e-07,1
Armand Hammer,4.86903e-07,2
Saweetie,4.79701e-07,2
Brethren,4.78701e-07,3
Young Mooski,4.787e-07,1
Piana,4.787e-07,1
Lords of the Underground,4.78213e-07,4
Keith & Tex,4.78115e-07,1
Busy P,4.76513e-07,1
Delinquent Habits,4.7592e-07,2
JB,4.759e-07,1
Gobekli,4.759e-07,1
Skolashnikov,4.759e-07,1
Lucid,4.759e-07,1
Anile,4.759e-07,1
SpaceGat,4.759e-07,1
Ever We Fall,4.759e-07,1
Aphrodite,4.759e-07,1
Jeff van Dyck,4.759e-07,1
Sota Fujimori,4.759e-07,1
COLTEMÖNIKHA,4.759e-07,1
Three Ounces of Love,4.74185e-07,1
Frankie Bleu,4.74185e-07,1
Lee Oskar,4.74185e-07,1
松前真奈美,4.74018e-07,2
Samuel Beckett,4.73467e-07,7
Apocalyptica,4.73212e-07,3
James Ingram,4.7208e-07,2
Bo Hansson,4.72074e-07,5
Deniece Williams,4.67347e-07,4
Editors,4.67319e-07,2
Jimmy McGriff,4.66744e-07,6
TCY FORCE,4.66406e-07,2
Manfred Mann Chapter Three,4.65169e-07,2
Mayhem,4.64518e-07,3
Dust Junkys,4.62327e-07,5
Paris,4.61897e-07,5
The Band Perry,4.59627e-07,1
Aimer,4.59307e-07,2
Landon Austin,4.58937e-07,1
Esther Williams,4.58757e-07,4
Skinny Puppy,4.58315e-07,4
Coke Escovedo,4.55983e-07,3
Sub Focus,4.54561e-07,2
The Galactic Force Band,4.54053e-07,3
Princess Superstar,4.54027e-07,4
Albin de la Simone,4.53932e-07,1
Matmos,4.53794e-07,8
Asha Puthli,4.529e-07,2
Figure,4.52695e-07,4
Ørjan Nilsen,4.51749e-07,4
Front Line Assembly,4.51629e-07,3
Georgia Anne Muldrow,4.51576e-07,2
Brooklyn Bounce,4.51271e-07,1
Kariya,4.50634e-07,3
Injury Reserve,4.50028e-07,1
Little Simz,4.50028e-07,1
Boldy James,4.50028e-07,1
LORN,4.49661e-07,3
Jakes,4.49218e-07,9
The Dap‐Kings,4.48336e-07,5
SWAN K,4.47798e-07,1
Halfbrick Studios,4.47798e-07,1
Isaac Schankler,4.47798e-07,1
Newcleus,4.47195e-07,7
Azzido da Bass,4.46647e-07,3
Devilish Trio,4.45981e-07,3
Slyde,4.45913e-07,2
T-Ski Valley,4.44222e-07,3
Angerfist,4.43993e-07,3
MJ Cole,4.43767e-07,3
Inner Life,4.42805e-07,5
The Big Pink,4.42613e-07,1
Arthur Verocai,4.42399e-07,4
Holly Valance,4.41842e-07,1
Mo'Rockin,4.41842e-07,1
Loleatta Holloway,4.41731e-07,31
Hot Chip,4.41066e-07,1
Adventures of Stevie V,4.41066e-07,1
Booba,4.39224e-07,2
Skindred,4.39006e-07,1
Vanessa Paradis,4.38852e-07,3
Lilicub,4.38778e-07,1
Rohff,4.38778e-07,1
Francky Vincent,4.38778e-07,1
Rocé,4.38778e-07,1
phoreyz,4.38778e-07,1
The Qemists,4.38449e-07,6
The Bug,4.38449e-07,6
13 Organisé,4.37623e-07,2
Patricia Taxxon,4.35714e-07,3
Grouper,4.35514e-07,2
Keith Mansfield,4.34153e-07,8
Lew Stone & His Monseigneur Band,4.335e-07,2
A Perfect Circle,4.33075e-07,1
Racionais MC’s,4.33e-07,4
Leon Russell,4.30491e-07,2
Billy Ocean,4.30264e-07,4
MUZZ,4.30018e-07,3
The French Ensemble,4.28922e-07,1
Ninja Sex Party,4.28608e-07,2
The Four Freshmen,4.2787e-07,2
Bill Muir,4.24375e-07,1
My Morning Jacket,4.2337e-07,5
AZEDIA,4.2103e-07,1
松枝賀子,4.20015e-07,6
Feng Suave,4.19419e-07,1
Falcons,4.18118e-07,2
REDALiCE,4.18113e-07,2
Black Mamba,4.17961e-07,1
Avalanche,4.17961e-07,1
Richard Evans,4.17961e-07,1
The Rappin' Duke,4.17961e-07,1
DJ Fletch,4.17961e-07,1
Barbara Manson,4.17961e-07,1
Martin Lawrence,4.17961e-07,1
Louis and Bebe Barron,4.17961e-07,1
Leroy Hutson,4.17961e-07,1
Richard Petit,4.17961e-07,1
Otomania,4.16188e-07,4
百石元,4.15528e-07,3
Shakatak,4.14428e-07,2
Rebelution,4.14362e-07,1
No Sé,4.14362e-07,1
Pierre Henry,4.11547e-07,5
Padma Newsome,4.10049e-07,1
Eddie Floyd,4.09678e-07,3
Freejak,4.09673e-07,2
The Animals,4.09322e-07,5
Bing Crosby,4.08401e-07,2
Lal Waterson,4.0795e-07,1
Credit to the Nation,4.0795e-07,1
高宮なすの,4.07585e-07,1
Black Grass,4.07216e-07,3
The Ronettes,4.06795e-07,4
Black Lung,4.06778e-07,2
C-Tec,4.06761e-07,1
Church of Extacy,4.06761e-07,1
Da Bush Babees,4.06121e-07,2
Mase,4.06072e-07,2
Yarbrough & Peoples,4.06003e-07,4
Nate Dogg,4.05906e-07,1
Telefís,4.05829e-07,6
Quintino,4.05738e-07,1
sHimaU,4.05626e-07,1
sun3,4.05626e-07,1
Pam Pero,4.05626e-07,1
void,4.05626e-07,1
Nero’s Day at Disneyland,4.05626e-07,1
Sash!,4.05235e-07,4
The Robert Cobert Orchestra,4.03438e-07,4
Rob Base,4.02149e-07,2
Roland Clark,4.01647e-07,4
Kstylis,4.01557e-07,2
Jonny L,4.01019e-07,4
Dr. John,4.0055e-07,2
Carlos Guedes,4.00534e-07,1
Meli’sa Morgan,4.00534e-07,1
Chicago Gangsters,4.00534e-07,1
Central Line,4.00534e-07,1
Llorca,4.00133e-07,3
Breton,4.00116e-07,2
Ruben Willmer Band,4.00116e-07,2
Bentley Rhythm Ace,4.00116e-07,2
Green Point Orchestra,4.00116e-07,2
Сергей Джоканов,4.00116e-07,2
Bloomfield,4.00116e-07,2
Sorrow Plagues,4.00116e-07,2
Mykel Mars,4.00116e-07,2
Darkeater,4.00116e-07,2
XV,4.00116e-07,2
Mateo Flowers,4.00116e-07,2
Deep Freeze Productions,4.00116e-07,2
Hermóðr,4.00116e-07,2
Vitro,4.00116e-07,2
Equinox,4.00116e-07,2
Manoa,4.00116e-07,2
Fragile State,4.00116e-07,2
Wendy Milan,3.99746e-07,3
Edie Brickell & New Bohemians,3.98274e-07,3
Jolie Chérie,3.97738e-07,2
Jim Ingram,3.96339e-07,4
El Perro del Mar,3.95517e-07,1
Kotomi,3.95517e-07,1
Luminous Orange,3.95517e-07,1
advantage Lucy,3.95517e-07,1
Memory Cassette,3.95517e-07,1
The Apples in Stereo,3.95517e-07,1
The Olivia Tremor Control,3.95517e-07,1
The Radio Dept.,3.95517e-07,1
Minimum Chips,3.95517e-07,1
Dear Nora,3.95517e-07,1
Rose Melberg,3.95517e-07,1
Silver Convention,3.94831e-07,3
The Singers Unlimited,3.94292e-07,2
Roxanne Shanté,3.93925e-07,6
Madlib,3.92874e-07,5
7th Wonder,3.9278e-07,2
RAMP,3.90341e-07,2
Sam Cooke,3.89808e-07,2
Grand Puba,3.89284e-07,3
DJ Duke,3.89245e-07,2
Eternal,3.89245e-07,2
Willis Jackson,3.88961e-07,2
The Cyrkle,3.88935e-07,2
Bola Sete,3.88935e-07,2
Howard Roberts,3.88919e-07,1
Rodney Franklin,3.88919e-07,1
Paul Humphrey,3.88919e-07,1
Harlem Underground Band,3.88919e-07,1
David T. Walker,3.88919e-07,1
Jack DeJohnette's Directions,3.88919e-07,1
Jack Wilkins,3.88919e-07,1
Eighties Ladies,3.88919e-07,1
Henry Franklin,3.88919e-07,1
Albino Gorilla,3.88919e-07,1
Eric Mercury,3.88919e-07,1
Lucky Thompson,3.88919e-07,1
Woody Shaw,3.88919e-07,1
Feather,3.88919e-07,1
Thunder & Lightning,3.88919e-07,1
Charles Earland,3.88919e-07,1
Billy Brooks,3.88919e-07,1
Howard Roberts Quartet,3.88919e-07,1
Leslie West,3.88919e-07,1
Nairobi Sisters,3.88919e-07,1
Shades of Brown,3.88919e-07,1
ETC!ETC!,3.8878e-07,3
Emo Side Project,3.88476e-07,1
JonTron,3.88476e-07,1
Tim Rosko,3.88476e-07,1
Andraé Crouch & the Disciples,3.88236e-07,2
Kausion,3.87506e-07,1
Phoebe Snow,3.87506e-07,1
Westside Connection,3.87506e-07,1
Amnesty,3.87506e-07,1
Blaze,3.87354e-07,2
Jerry Reed,3.86775e-07,1
Damian “Jr. Gong” Marley,3.86705e-07,4
Peggy Gou,3.85985e-07,1
Adam Freeland,3.85499e-07,2
Mark Knight,3.85461e-07,3
James Talk,3.85413e-07,2
The Wideboys,3.85396e-07,1
John Dahlbäck,3.85396e-07,1
Laurent Simeca,3.85396e-07,1
The CB's,3.85396e-07,1
Christian Hinzer,3.85396e-07,1
Adam K & Soha,3.85396e-07,1
Carl Henry,3.85396e-07,1
Warrior One,3.85396e-07,1
Lisa Lashes,3.85396e-07,1
Rhythm on the Loose,3.85396e-07,1
Unicorn Kid,3.85396e-07,1
Svenson & Gielen,3.85396e-07,1
PJ,3.85396e-07,1
Angel City,3.85396e-07,1
Leo Sayer,3.85396e-07,1
Jakatta,3.85396e-07,1
Joey Negro,3.85396e-07,1
Atlantic Drift,3.85396e-07,1
DJ Deekline & Ed Solo,3.85396e-07,1
The Count & Sinden,3.85396e-07,1
A’Studio,3.85396e-07,1
Ramirez,3.8293e-07,2
Glenn Lewis,3.82395e-07,1
Wordsworth,3.82395e-07,1
Webster Lewis,3.82186e-07,1
Auvic,3.81465e-07,2
Schoolboy,3.81449e-07,1
K12,3.81449e-07,1
Cyberpunkers,3.81449e-07,1
Froxic,3.81449e-07,1
Mikky Cat,3.81449e-07,1
MORTEN,3.81449e-07,1
BioBlitZ,3.81449e-07,1
Emma Hewitt,3.81449e-07,1
Lemaitre,3.81449e-07,1
Tantrum Desire,3.81449e-07,1
iteachvader,3.79711e-07,1
Da Youngsta’s,3.78887e-07,1
Blahzay Blahzay,3.78887e-07,1
Blumentopf,3.78887e-07,1
Afrob,3.78887e-07,1
Leon Thomas,3.78508e-07,1
GloRilla,3.78508e-07,1
Plastic Ono Band,3.77114e-07,3
Mat Zo,3.76112e-07,4
The Trashmen,3.74409e-07,6
Rare Bird,3.74016e-07,1
HUGEL,3.74016e-07,1
Tempa T,3.73866e-07,3
Afriqué,3.72116e-07,2
PIKASONIC,3.7189e-07,2
Candido,3.70067e-07,3
Renaldo & The Loaf,3.68312e-07,2
Rune RK,3.68284e-07,3
Modeselektor,3.67986e-07,3
Trouble,3.67911e-07,1
David Bergeaud,3.65259e-07,2
The Crooklyn Dodgers,3.64177e-07,1
Camel,3.63691e-07,2
JPB,3.635e-07,2
Bambee,3.635e-07,2
Simon Curtis,3.63485e-07,1
Artsythesecond,3.63485e-07,1
Elina Born,3.63485e-07,1
Emily Osment,3.63485e-07,1
Kaleen,3.63485e-07,1
Maggie Lindemann,3.63485e-07,1
My Darkest Days,3.63485e-07,1
Enoch Light and the Light Brigade,3.63479e-07,3
V-Love,3.61788e-07,2
Simone Benyacar,3.60465e-07,6
Lil’ Sko,3.59627e-07,1
Band of Thieves,3.59627e-07,1
Cajmere,3.59627e-07,1
Joe Goddard,3.59627e-07,1
Handbraekes,3.59272e-07,2
L.O.A.S,3.58537e-07,1
Busdriver,3.58537e-07,1
Nearly God,3.58537e-07,1
Beans,3.58537e-07,1
The End of Science,3.58179e-07,1
tUnE-yArDs,3.58179e-07,1
Romy,3.57535e-07,2
Kishore Kumar,3.57239e-07,6
Jamie xx,3.56937e-07,2
Chemotex,3.56922e-07,1
Lorenzo Senni,3.56922e-07,1
Karla Borecky,3.56922e-07,1
3Phaz,3.56922e-07,1
Locked Club,3.56922e-07,1
Tzusing,3.56922e-07,1
Love,3.56547e-07,3
Bamboo,3.55858e-07,1
Blockster,3.55858e-07,1
The Buffalo Bunch,3.54292e-07,2
DJ Falcon,3.54292e-07,2
Womack & Womack,3.53335e-07,2
Five,3.52546e-07,1
Thaíde & DJ Hum,3.52077e-07,1
Roger Eno,3.50573e-07,2
DJ Panik,3.5042e-07,3
The Beginning of the End,3.49017e-07,4
Candi Staton,3.48577e-07,6
Shades of Rhythm,3.48573e-07,2
Pastor & Mrs. Jim Colerick,3.48145e-07,1
The Magic Disco Machine,3.48094e-07,4
23,3.47827e-07,6
David Shea,3.47064e-07,7
mihimaru GT,3.45944e-07,1
JUMADIBA,3.45944e-07,1
キマグレン,3.45944e-07,1
David Puentez,3.45944e-07,1
River Ocean,3.45448e-07,3
Vernon,3.44562e-07,2
Probe,3.44548e-07,1
Vinyl Blair,3.44548e-07,1
CYB,3.44548e-07,1
Slam,3.44548e-07,1
The Overlords,3.44548e-07,1
Quivver,3.44548e-07,1
Petra & Co,3.44548e-07,1
Darryl James / David Anthony Project,3.44548e-07,1
Roc & Kato,3.44548e-07,1
Kick Up,3.44548e-07,1
The Shamen,3.44548e-07,1
The Carl Cox Concept,3.44548e-07,1
Rise,3.44548e-07,1
Genetic,3.44548e-07,1
Bally Sagoo,3.44548e-07,1
Global Groove,3.44548e-07,1
Syreeta,3.44235e-07,6
Plastikman,3.43602e-07,7
GYARI,3.42784e-07,1
Sylvia St. James,3.4257e-07,2
Dela,3.42288e-07,2
Noisettes,3.42274e-07,1
Fred Williams & The Jewels Band,3.42274e-07,1
Ben Kweller,3.42274e-07,1
Rebecca Sugar,3.40878e-07,2
Outlander,3.40778e-07,2
Pierre Bachelet,3.40351e-07,2
Star Academy 1,3.40262e-07,1
Peter Calandra,3.40262e-07,1
Sherrill Milnes,3.40262e-07,1
Kirin J Callinan,3.40262e-07,1
Serge Perathoner,3.40262e-07,1
Ray Parker,3.40262e-07,1
Philippe Risoli,3.40262e-07,1
Sinsémilia,3.40262e-07,1
Les Musclés,3.40262e-07,1
William Leymergie,3.40262e-07,1
Bruno Pelletier,3.40262e-07,1
Julien Clerc,3.40262e-07,1
Selda Bağcan,3.40191e-07,2
Mike Longo,3.3978e-07,4
John Medeski,3.3819e-07,5
Ember Island,3.36381e-07,2
Keys N Krates,3.36381e-07,2
Kasbo,3.36367e-07,1
Kodak to Graph,3.36367e-07,1
Hayden James,3.36367e-07,1
Louis Futon,3.36367e-07,1
GoldLink,3.36367e-07,1
Ramzoid,3.36367e-07,1
Philharmonia Orchestra,3.36319e-07,17
Chris de Burgh,3.35656e-07,2
Ian Van Dahl,3.35642e-07,1
keshi,3.35566e-07,2
J.J. Barnes,3.35235e-07,2
Yellow Magic Orchestra,3.34867e-07,5
Fox the Fox,3.34673e-07,1
Dpat,3.34673e-07,1
The Yardbirds,3.34374e-07,2
The Supermen Lovers,3.34203e-07,2
U.K.,3.34189e-07,1
Sabrepulse,3.33695e-07,1
Jaco Pastorius,3.32943e-07,6
A.D.O.R.,3.30674e-07,2
I See MONSTAS,3.30674e-07,2
Rob Marmot,3.3066e-07,1
Alvaro,3.3066e-07,1
Jordy Dazz,3.3066e-07,1
MSD,3.3066e-07,1
The Loops of Fury,3.3066e-07,1
Louis the Child,3.30649e-07,1
竹間淳,3.30625e-07,2
Aby Ngana Diop,3.30484e-07,1
Dezo Daz,3.30484e-07,1
Paul Johnson,3.28332e-07,4
Roni Size / Reprazent,3.28291e-07,2
Bernard Herrmann,3.28254e-07,2
The Common People,3.2824e-07,1
Cross Section,3.2824e-07,1
Sam Dees,3.2824e-07,1
The Viola Crayola,3.2824e-07,1
Terry Reid,3.2824e-07,1
Wire,3.2824e-07,1
Tommy McCook & The Supersonics,3.2824e-07,1
Magic Sam Blues Band,3.2824e-07,1
Apostles,3.2824e-07,1
The Flock,3.27304e-07,1
Rui da Silva,3.27302e-07,2
Baby Washington,3.27288e-07,1
Redlight,3.27218e-07,4
Bat for Lashes,3.25745e-07,1
Shlohmo,3.25086e-07,2
Pretty Taking All Fades,3.25072e-07,1
King Creosote,3.25072e-07,1
Milk & Bone,3.25072e-07,1
八木侑紀,3.23543e-07,1
Little Eva,3.23522e-07,1
Darts,3.23522e-07,1
Mel Smith,3.23522e-07,1
Mike Love,3.23522e-07,1
Armands,3.23459e-07,2
Ozols,3.23459e-07,2
Sun Ra,3.22776e-07,3
Audion,3.22203e-07,1
Stargard,3.21887e-07,2
Laurindo Almeida Quartet,3.21873e-07,1
Neil Larsen,3.21873e-07,1
Mike James Kirkland,3.21419e-07,2
Phace,3.21025e-07,5
Duke Jordan,3.20745e-07,1
Junior,3.19156e-07,4
Dread Fox,3.18803e-07,2
Captain Rock,3.15715e-07,3
Nardo Wick,3.15191e-07,1
Zyklon,3.1491e-07,1
Pont Aeri,3.1491e-07,1
Nosferatu,3.14556e-07,5
角松敏生,3.14394e-07,8
Xet,3.14021e-07,2
TTNW,3.14008e-07,1
Klaudia Gronkiewicz,3.14008e-07,1
eNix Killerz,3.14008e-07,1
Charles Kynard,3.13724e-07,2
Kristen Anderson‐Lopez,3.13259e-07,1
Quindon Tarver,3.13259e-07,1
Canibus,3.12997e-07,3
Cold War Kids,3.1225e-07,1
Yeasayer,3.1225e-07,1
Lucky Twice,3.10724e-07,2
Christell,3.10711e-07,1
Spice Pistols,3.10711e-07,1
Second Layer,3.09251e-07,2
bill bissett,3.09251e-07,2
Lothar and the Hand People,3.09251e-07,2
CRIM3S,3.08993e-07,4
Floetry,3.0639e-07,2
Doujah Raze,3.0623e-07,2
The Henry Mancini Orchestra,3.06049e-07,9
Ramon Morris,3.05937e-07,2
Don “Sugarcane” Harris,3.05638e-07,1
DJ Clue?,3.05638e-07,1
Joan Manuel Serrat,3.05638e-07,1
Keith Sweat,3.0533e-07,2
Keyshia Cole,3.05317e-07,1
Tay‐K,3.05317e-07,1
Young Dro,3.05317e-07,1
DG Yola,3.05317e-07,1
YBN Nahmir,3.05317e-07,1
T‐SQUARE,3.0528e-07,3
Super Lover Cee & Casanova Rud,3.05236e-07,3
Sylvia Striplin,3.04672e-07,6
Shuki Levy,3.04244e-07,2
Seth Peelle,3.03404e-07,6
Whistle,3.03334e-07,2
Opiuo,3.0153e-07,3
Leslie Uggams,3.01285e-07,1
Half‐a‐Mill,3.01285e-07,1
Michael Flanders and Donald Swann,2.99471e-07,2
Canned Heat,2.9933e-07,3
Enchantment,2.99147e-07,2
Barclay James Harvest,2.98958e-07,3
Ministry,2.96796e-07,2
America,2.96188e-07,1
Gaz,2.95175e-07,4
Phyllis Hyman,2.93581e-07,9
The Tamperer featuring Maya,2.93392e-07,2
Refugee Camp Allstars,2.92783e-07,2
DJ SHARPNEL,2.9098e-07,2
Ruger Hauer,2.9062e-07,1
John Coltrane,2.90515e-07,8
Montell Fish,2.90219e-07,1
Hijack,2.89525e-07,3
Penguin Cafe Orchestra,2.88519e-07,3
SALEM,2.88337e-07,4
Mz Bratt,2.8758e-07,1
Milk Dee,2.8758e-07,1
Bunny Sigler,2.8758e-07,1
MasterSwordRemix,2.87294e-07,2
The Temper Trap,2.87243e-07,2
Armand van Helden,2.85696e-07,2
Proxy,2.85684e-07,1
Puzique,2.85684e-07,1
The Exploited,2.85684e-07,1
K.I.M.,2.85684e-07,1
Martin Venetjoki,2.85684e-07,1
Wendy Carlos,2.84543e-07,3
Ralph Castelli,2.84487e-07,1
Tek lintowe,2.84487e-07,1
Cliff Richard,2.84353e-07,4
Infected Mushroom,2.83779e-07,9
Squeeze,2.82677e-07,1
The Ropes,2.82677e-07,1
The Chantels,2.82677e-07,1
Doug Lazy,2.82047e-07,3
Kraze,2.80268e-07,2
MC Duke,2.8021e-07,2
Shocking Blue,2.8021e-07,2
Egyptian Empire,2.80198e-07,1
Barry De Vorzon,2.80198e-07,1
The Magi & Emanation,2.80198e-07,1
Gholām-Hossein Banān,2.80198e-07,1
Broken Glass,2.80198e-07,1
The Buff Medways,2.80198e-07,1
Plez,2.80198e-07,1
Sagittarius,2.80198e-07,1
Randy Weston,2.80198e-07,1
True Faith,2.80198e-07,1
Holy Noise,2.80198e-07,1
Bug Kann & The Plastic Jam,2.80198e-07,1
Gary Taylor,2.80198e-07,1
Lulu & the Luvvers,2.80198e-07,1
冨田勲,2.78874e-07,4
中村照夫,2.78093e-07,3
Astrud Gilberto,2.77996e-07,4
Nanashi Mumei,2.77295e-07,1
Icosahedron,2.76853e-07,4
Nuclear Bubble Wrap,2.76853e-07,4
Grynpyret,2.76852e-07,1
Room 5,2.76852e-07,1
Imaginary Cities,2.76852e-07,1
ASAGEN,2.76128e-07,41
Joe Simon,2.75948e-07,4
Megumi Hattori,2.755e-07,1
The World Is Square,2.755e-07,1
Cabaret Voltaire,2.75379e-07,4
Pépé Bradock,2.74862e-07,3
Costollo,2.74816e-07,1
Stina Nordenstam,2.74387e-07,3
Dubble D,2.735e-07,3
Foxygen,2.73435e-07,1
Tennis,2.73435e-07,1
Ina Wroldsen,2.72968e-07,1
San Holo,2.72968e-07,1
ISOxo,2.72968e-07,1
China Anne McClain,2.72968e-07,1
Oddprophet,2.72968e-07,1
DJ Squeeky,2.72874e-07,3
Wilbert Longmire,2.72626e-07,2
Chip Taylor,2.72099e-07,4
Harvey Mason,2.70718e-07,3
People Like Us,2.70614e-07,3
The Tape-beatles,2.70564e-07,5
DJ Spooky,2.70552e-07,4
Yvonne Elliman,2.69641e-07,3
Colosseum,2.6963e-07,2
Just Brothers,2.6963e-07,2
Romanthony,2.68605e-07,3
Ariel Pink’s Haunted Graffiti,2.67597e-07,2
Cheriimoya,2.67096e-07,4
NTSC,2.66497e-07,2
4batz,2.66433e-07,2
Vicki Sue Robinson,2.65723e-07,5
Johnny Thunder,2.65544e-07,1
Johnny Johnson & the Bandwagon,2.65544e-07,1
Them Two,2.65544e-07,1
Dj Yirvin,2.64569e-07,1
Time Bandits,2.64454e-07,2
J.J. Fad,2.64332e-07,3
折戸伸治,2.64292e-07,6
Assassin,2.64053e-07,2
Pardison Fontaine,2.6314e-07,1
iiO,2.63044e-07,7
Rachel Stevens,2.62288e-07,1
Paolo Conte,2.62147e-07,2
Level 42,2.62147e-07,2
The 45 King,2.62079e-07,6
luxury elite,2.62055e-07,2
Dan Mason,2.62044e-07,1
A K A N E I N T O K I O,2.62044e-07,1
豊平区民TOYOHIRAKUMIN,2.62044e-07,1
Robot Boyfriend,2.62044e-07,1
空隙,2.62044e-07,1
The Castaways,2.61307e-07,2
Papito,2.61296e-07,1
Magma,2.61296e-07,1
Link Wray & His Raymen,2.61296e-07,1
G.L.O.B.E & Whiz Kid,2.61028e-07,2
MØ,2.61002e-07,4
Blue Swede,2.60777e-07,2
No Rome,2.58633e-07,1
Effie,2.58633e-07,1
Flood,2.58633e-07,1
8Ball,2.57031e-07,2
Stars,2.56514e-07,1
Audien,2.56473e-07,1
開発室Pixel,2.5646e-07,80
Mavis Staples,2.56294e-07,4
Storm,2.54894e-07,3
Lidell Townsell,2.54773e-07,3
Nia Peeples,2.54773e-07,3
Clutch,2.53482e-07,1
Kronos Quartet,2.52721e-07,5
Columbia Symphony Orchestra,2.52639e-07,12
The Hassles,2.51558e-07,2
Dan Deacon,2.51353e-07,1
Xyloglyph,2.51353e-07,1
Wayne Shorter Quartet,2.51353e-07,1
西森千明,2.51353e-07,1
飯野賢治,2.51353e-07,1
Dion Timmer,2.51197e-07,4
Play School,2.50204e-07,6
癒月,2.49384e-07,1
ジェバンニP,2.49384e-07,1
Young Triforce Cat Baron,2.49384e-07,1
Fred again..,2.4909e-07,6
The Escorts,2.48877e-07,2
Midnight Syndicate,2.48807e-07,2
Atlantic Connection,2.48796e-07,1
Starlito,2.48796e-07,1
Father’s Children,2.48631e-07,2
Caesar Frazier,2.48527e-07,2
RADWIMPS,2.48105e-07,5
Uriah Heep,2.47801e-07,4
Timex Social Club,2.47309e-07,2
Amy Can Flyy,2.47002e-07,1
Becky G,2.47002e-07,1
Virus Incorporation,2.47002e-07,1
Melvin “Wah Wah” Watson,2.46749e-07,2
Four Tet,2.46108e-07,1
Radio Slave,2.46108e-07,1
Alan Stivell,2.46108e-07,1
Mandrake Som,2.46108e-07,1
Jack Lee,2.46108e-07,1
National Percussion Group of Kenya,2.45634e-07,3
The Kingsmen,2.45634e-07,3
景山将太,2.45328e-07,8
Johnny Jenkins,2.45325e-07,3
Jody Watley,2.45203e-07,3
海田明里,2.43658e-07,3
友澤眞,2.43637e-07,1
山口真理,2.43637e-07,1
竹原裕子,2.43637e-07,1
下田祐,2.43637e-07,1
藤井美苗,2.43637e-07,1
Debra Laws,2.43508e-07,2
The New Apocalypse,2.43323e-07,2
GIVĒON,2.42368e-07,1
j^p^n,2.42315e-07,7
DJ Paul,2.42003e-07,4
The Sweet Inspirations,2.41551e-07,3
Prodige Namor,2.40544e-07,1
Mino,2.40544e-07,1
La Boussole,2.40544e-07,1
Kayna Samet,2.40544e-07,1
Berreta,2.40544e-07,1
Trevor Rabin,2.4031e-07,4
René Costy,2.40243e-07,1
Africa,2.40243e-07,1
Brenton Wood,2.40243e-07,1
Clark Powell,2.38419e-07,10
Dirtyphonics,2.3823e-07,6
David McCallum,2.38228e-07,3
Boy Crisis,2.37834e-07,4
Lusine,2.37794e-07,2
Skønflap,2.37794e-07,2
CJ Bolland,2.37617e-07,5
John Davis and the Monster Orchestra,2.37123e-07,2
Traffic,2.36593e-07,2
The Ragga Twins,2.35721e-07,1
Stanley Black,2.35546e-07,1
UPP,2.34783e-07,1
Fausto Papetti,2.34783e-07,1
Eligh,2.34314e-07,1
Shawn Colvin,2.34208e-07,1
Disco Four,2.33709e-07,3
Infusion,2.3366e-07,1
Go Go Charlton,2.3366e-07,1
Conjure One,2.3366e-07,1
Mike Post,2.33649e-07,3
Carbon Based Lifeforms,2.33613e-07,2
Nightwalker,2.33613e-07,2
Milk Talk,2.33613e-07,2
Coki,2.33555e-07,6
Ricky Williams,2.33367e-07,1
Jello Biafra,2.33367e-07,1
Little Royal & The Swingmasters,2.33367e-07,1
Negu Gorriak,2.33367e-07,1
Klein & M.B.O.,2.32609e-07,3
Tony Sheridan,2.32597e-07,6
Malcolm Brown,2.32029e-07,6
Pete Rodríguez y su Conjunto,2.3172e-07,2
Ben Sidran,2.31141e-07,3
JA‐X,2.30922e-07,2
Mason Callaway,2.30922e-07,2
一之瀬剛,2.30813e-07,13
Scientist,2.30453e-07,2
Alicia Myers,2.30236e-07,2
高木完,2.30036e-07,2
Grandmaster Melle Mel & The Furious Five,2.30026e-07,1
Osibisa,2.30026e-07,1
Royal House,2.30026e-07,1
Wilbur “Bad” Bascomb,2.30026e-07,1
2 Much,2.30026e-07,1
Alphonso Johnson,2.30026e-07,1
The Coasters,2.30026e-07,1
Amanda Lear,2.29567e-07,4
The Immortals,2.29367e-07,2
The Bucketheads,2.28651e-07,1
Ferry Corsten,2.28341e-07,4
Burt Bacharach,2.28171e-07,2
Johnny Orlando,2.27994e-07,1
Sithu Aye,2.27994e-07,1
Alex Goot,2.2795e-07,2
Da Tweekaz,2.27346e-07,2
I Monster,2.27185e-07,2
UFO,2.27176e-07,1
Celeste Legaspi,2.27176e-07,1
Adam F,2.27088e-07,4
Robert Blaker,2.2633e-07,7
Midnight Movers,2.25805e-07,2
Douglas Penn,2.25791e-07,1
Connie Laverne,2.25791e-07,1
Kenzo,2.25791e-07,1
Karyn White,2.25566e-07,1
Robin Harris,2.25566e-07,1
Big John Hamilton,2.25566e-07,1
100 Proof (Aged in Soul),2.25566e-07,1
Ray Manzarek,2.25406e-07,2
Derek Bailey,2.24929e-07,2
Zebra Katz,2.24858e-07,3
Pornosonic,2.24727e-07,1
Tinkerbells Fairydust,2.24727e-07,1
Cass Elliot,2.24727e-07,1
Fifth Flight,2.24727e-07,1
The Sequence,2.2471e-07,2
Al Wilson,2.24343e-07,2
S-Type,2.2431e-07,1
alt‐J,2.2431e-07,1
Children of The Corn,2.24309e-07,3
The Shadows,2.24279e-07,2
西隆宏,2.24074e-07,1
Joker,2.23792e-07,5
Lenny White,2.23612e-07,2
Soul Mann & The Brothers,2.23287e-07,1
Maceo & the Macks,2.23084e-07,3
Mongo Santamaría,2.23041e-07,3
Great Pride,2.23022e-07,1
Captain Sky,2.22736e-07,1
Yellowman,2.22736e-07,1
The Charmels,2.21722e-07,7
Foxy,2.21209e-07,3
ボブ佐久間,2.212e-07,2
Harrell & Sharron Lucky,2.212e-07,2
Jon Lucien,2.212e-07,2
Gino Vannelli,2.212e-07,2
Ambiance,2.212e-07,2
Marcus Belgrave,2.20916e-07,1
Dave Hollister,2.20916e-07,1
Willesden Dodgers,2.20628e-07,3
Hashim,2.20368e-07,2
New World Sound,2.19817e-07,1
PEEKABOO,2.19694e-07,2
Roots Manuva,2.19309e-07,4
The Cinematic Orchestra,2.19244e-07,5
Zero dB,2.19225e-07,3
Two Fingers,2.19225e-07,3
Cougar,2.19225e-07,3
Bernard “Pretty” Purdie,2.18988e-07,3
Them,2.18978e-07,2
Damso,2.18811e-07,1
Werner Müller und sein Orchester,2.18382e-07,3
Bappi Lahiri,2.18213e-07,3
Tony Yayo,2.17288e-07,2
Floating Points,2.16239e-07,2
ShibayanRecords,2.16084e-07,11
lege batterij,2.15235e-07,1
K3,2.15235e-07,1
Tuneboy,2.1486e-07,1
Dutch Master,2.1486e-07,1
Wasted Penguinz,2.1486e-07,1
Joren de Bruin,2.13703e-07,4
Cornelius,2.12988e-07,4
Dan the Automator,2.12005e-07,4
El Coco,2.11708e-07,2
Climie Fisher,2.11689e-07,1
Congress,2.11689e-07,1
Danger Mouse & Jemini,2.11668e-07,4
Dreams We’ve Had,2.11468e-07,1
J. P. Bimeni,2.11468e-07,1
Playa Poncho,2.11468e-07,1
Darby,2.11468e-07,1
Deborah Cox,2.113e-07,4
One Be Lo,2.11282e-07,2
Buddy Miles,2.11112e-07,3
DJ Dolores,2.10973e-07,3
F.O.O.L,2.10635e-07,9
Pop Smoke,2.10603e-07,1
Pa Salieu,2.10603e-07,1
DETO BLACK,2.10603e-07,1
Anthony Hamilton,2.10434e-07,2
Jack Finlay,2.07957e-07,24
Señor Stereo,2.07494e-07,3
United States Marine Corps,2.07092e-07,1
The Moon People,2.07092e-07,1
Janne Schaffer,2.07092e-07,1
The Soul Seven,2.07092e-07,1
The Techniques IV,2.07092e-07,1
Darondo,2.07006e-07,3
Michael Garrison,2.06857e-07,2
Sasha,2.06792e-07,2
Peewee Longway,2.06616e-07,2
Love De-Luxe,2.06605e-07,2
Key‐Matic,2.06596e-07,1
Glass Candy,2.05763e-07,1
High Fashion,2.05763e-07,1
Detroyt,2.05763e-07,1
Spunk,2.05763e-07,1
Candy Bowman,2.05763e-07,1
Mac Lethal,2.05763e-07,1
Henrik Schwarz,2.05159e-07,1
Nyck Caution,2.05159e-07,1
DJ Seinfeld,2.05159e-07,1
Delph,2.05159e-07,1
Mindsight,2.05159e-07,1
DJ Gigola,2.05159e-07,1
MssingNo,2.05159e-07,1
Jacques Greene,2.05159e-07,1
Awesome 3,2.05159e-07,1
Niels van Gogh,2.05159e-07,1
Krampf,2.05159e-07,1
Christopher Port,2.05159e-07,1
Darius Syrossian,2.05159e-07,1
Abr.,2.05159e-07,1
Moderat,2.05159e-07,1
Movement,2.05159e-07,1
Ambassadeurs,2.05159e-07,1
REID,2.05159e-07,1
Loco Dice,2.05159e-07,1
ZZT,2.05159e-07,1
Kllo,2.05159e-07,1
Mighty Sparrow,2.04837e-07,2
Scanner,2.04768e-07,4
Sim Gretina,2.04526e-07,1
PFS,2.04526e-07,1
Dawn Somewhere,2.04526e-07,1
Vanilla Fudge,2.03893e-07,2
The Argo Singers,2.03743e-07,1
Kim Wilde,2.03335e-07,3
Toe Tag,2.03224e-07,2
Rock Hotel,2.03216e-07,1
Allan Roosileht,2.03216e-07,1
Toonika,2.03216e-07,1
Divine Styler,2.0294e-07,2
Dan Wool,2.02914e-07,3
Vijay Iyer,2.02914e-07,3
François Ribac,2.02914e-07,3
Hobocombo,2.02914e-07,3
Robert Wyatt,2.02914e-07,3
Intense,2.02731e-07,5
Negativland,2.02453e-07,2
Alisha Warren,2.02177e-07,5
Amil,2.01471e-07,1
Patti Austin,2.01471e-07,1
Ricardo Montaner,2.01471e-07,1
Marilyn Monroe,2.01186e-07,2
John Ottman,2.01084e-07,1
Voyager,2.00961e-07,3
Steve Jeffries,2.00917e-07,2
Michel’le,2.00787e-07,2
Jazmine Sullivan,2.00779e-07,1
DJ Zirk,2.00779e-07,1
Shwayze,2.00581e-07,1
Studio Pressure,2.00198e-07,3
Helen T,2.00109e-07,2
Valerie Simpson,2.00105e-07,2
The Mighty Diamonds,2.00097e-07,1
Peshay,2.00067e-07,2
Laura,2.00067e-07,2
Skazi,2.00067e-07,2
Speed Freaks,2.00058e-07,1
Oversoul 7,2.00058e-07,1
Mortician,2.00058e-07,1
My Life With the Thrill Kill Kult,2.00058e-07,1
Darkthrone,2.00058e-07,1
4MAT4,2.00058e-07,1
Jamie Myerson,2.00058e-07,1
Mütiilation,2.00058e-07,1
Bethlehem,2.00058e-07,1
mr. Gnome,2.00058e-07,1
Riovolt,2.00058e-07,1
Blue Train,2.00058e-07,1
Doc,2.00058e-07,1
Tommy Bass,2.00058e-07,1
JMJ & Richie,2.00058e-07,1
Pearly Drops,2.00058e-07,1
Impaled Nazarene,2.00058e-07,1
Mystic Moods,2.00058e-07,1
Traci Lords,2.00058e-07,1
Dave Wallace,2.00058e-07,1
Tetris,2.00058e-07,1
Maurice Scoville,2.00058e-07,1
Red Buddha,2.00058e-07,1
Cody Hobart,2.00058e-07,1
Ebi,2.00058e-07,1
Murder by Death,2.00058e-07,1
Flytronix,2.00058e-07,1
DJ Dione,2.00058e-07,1
Darkspace,2.00058e-07,1
Soul of Man,2.00058e-07,1
RYUHEI THE MAN,2.00058e-07,1
Cooh,2.00058e-07,1
The Gentle Rain,2.00058e-07,1
Real Life,2.00058e-07,1
Fobee,2.00058e-07,1
LLNN,2.00058e-07,1
Meg Myers,2.00058e-07,1
Fast Floor,2.00058e-07,1
"From the Sunset, Forest and Grief",2.00058e-07,1
Tycho,2.00058e-07,1
Earl Grey,2.00058e-07,1
Stevia,2.00058e-07,1
Girls Under Glass,2.00058e-07,1
Annorkoth,2.00058e-07,1
Samael,2.00058e-07,1
Sadness,2.00058e-07,1
Outside,2.00058e-07,1
Sibot,2.00058e-07,1
Tiamat,2.00058e-07,1
Brainticket,1.99587e-07,4
Shane Fahey,1.99553e-07,2
Emil Beaulieau,1.99553e-07,2
武満徹,1.99553e-07,2
Highway Robbery,1.99553e-07,2
Eleanore Mills,1.99226e-07,2
Tony Orlando & Dawn,1.99218e-07,1
Kasalla,1.99194e-07,2
Daz Dillinger,1.98928e-07,1
Street Military,1.98928e-07,1
C‐Bo,1.98928e-07,1
Jones & Collins Astoria Hot Eight,1.98272e-07,1
Gavin Bryars,1.97028e-07,3
Dizzy Gillespie,1.96888e-07,6
Milo j,1.96623e-07,1
Tikkle Me,1.95929e-07,1
Blue Amazon,1.9586e-07,2
Conway & Temple,1.95839e-07,1
Thompson Twins,1.95839e-07,1
Johnny Bristol,1.95839e-07,1
Trilark,1.95839e-07,1
Galaxy,1.95839e-07,1
Mike and Brenda Sutton,1.95839e-07,1
Girl's Day,1.95839e-07,1
Clarence Mann,1.95839e-07,1
The Live Band,1.95839e-07,1
The Manhattan Transfer,1.95101e-07,3
Big Bird,1.95027e-07,2
Gangsta Boo,1.94848e-07,3
Duke Ellington,1.94812e-07,4
Shirley Ellis,1.94673e-07,2
Samba Soul,1.94665e-07,1
Queen Esther Marrow,1.94665e-07,1
Charlie Dore,1.94665e-07,1
The Rocking Horse Players And Orchestra,1.94665e-07,1
David Raksin,1.94665e-07,1
Bad Boys,1.94665e-07,1
Nikki D,1.94665e-07,1
Jimmy Witherspoon,1.94665e-07,1
The Living Souls,1.94665e-07,1
MC Shy D,1.94665e-07,1
Little Wink,1.94665e-07,1
The Nite-Liters,1.94665e-07,1
Richard Roundtree,1.94665e-07,1
!!!,1.93038e-07,2
Argyle Park,1.92544e-07,2
Burufunk,1.92536e-07,1
Squarehead,1.92536e-07,1
Art Ensemble of Chicago,1.92127e-07,1
Patton Oswalt,1.92127e-07,1
Jme,1.9211e-07,5
Atmosphere,1.91677e-07,1
Devilman,1.91677e-07,1
The Aquabats!,1.91677e-07,1
ARTY,1.90942e-07,4
The Moody Blues,1.89453e-07,5
Millsart,1.89281e-07,1
Chip E.,1.89281e-07,1
Val Young,1.8887e-07,2
L’Trimm,1.8746e-07,3
Jerry Rivera,1.86962e-07,3
Emma Pollock,1.86911e-07,2
Pieces of a Dream,1.86831e-07,4
DJ Smurf,1.8639e-07,2
Kinito Méndez,1.8639e-07,2
Whales,1.85755e-07,12
Bossfight,1.85474e-07,6
Boris Blank,1.85446e-07,1
Talk Talk,1.85187e-07,3
The Other Brothers,1.84971e-07,1
Supersister,1.84971e-07,1
Be Be K'Roche,1.84971e-07,1
Cliff Martinez,1.84971e-07,1
The Luv Bandits,1.84971e-07,1
Mustard,1.84971e-07,1
The Eclectic Mouse,1.84971e-07,1
The Jules Blattner Group,1.84971e-07,1
Channel One,1.84971e-07,1
Tullio De Piscopo,1.84971e-07,1
The Grodeck Whipperjenny,1.84971e-07,1
Leroy Vinnegar,1.84971e-07,1
Boo-Boo B (6 Year Old Wonder),1.84971e-07,1
L.A. Dream Team,1.84971e-07,1
Joy Unlimited,1.84971e-07,1
Byron Davis & The Fresh Krew,1.84971e-07,1
Dayme y El High,1.84804e-07,1
Skee Mask,1.84804e-07,1
Sinjin Hawke,1.84804e-07,1
The Modern Jazz Quartet,1.84776e-07,2
James Last,1.84549e-07,5
東京ミュウミュウ,1.8443e-07,5
大野雄二,1.84005e-07,3
Little Big Town,1.83474e-07,1
Don Miguelo,1.83465e-07,1
Cordell 'Scatta' Burrell,1.83465e-07,1
Ken-Y,1.83465e-07,1
The Streets,1.83403e-07,2
Reflection Eternal,1.83258e-07,1
Dreams,1.83258e-07,1
London Philharmonic Choir,1.83179e-07,2
Skyy,1.83096e-07,6
TAKU INOUE,1.82943e-07,3
Noah Neiman,1.82751e-07,1
Tomomi Ukumori,1.82751e-07,1
Full Intention,1.82751e-07,1
Ted Allen,1.8263e-07,1
Circuit Freq,1.8263e-07,1
Euge Groove,1.8263e-07,1
Chick Corea Elektric Band,1.8263e-07,1
YUMDDA,1.8263e-07,1
Mint Condition,1.8263e-07,1
Odyssey,1.82461e-07,3
Hank Williams,1.82391e-07,4
The Counts,1.82321e-07,2
RetroVision,1.82214e-07,2
The Notations,1.82149e-07,2
Think,1.82091e-07,4
Yma Sumac,1.81789e-07,3
Bizarre Inc,1.81598e-07,3
Tito Puente and His Orchestra,1.81473e-07,2
Trevor Dandy,1.81465e-07,1
Aura,1.81465e-07,1
The Independents,1.81465e-07,1
Helen Merrill con l'orchestra diretta da Piero Umiliani,1.81465e-07,1
Arnold Blair,1.81465e-07,1
The Lovelites,1.81465e-07,1
Jaye P. Morgan,1.81465e-07,1
L.V. Johnson,1.81465e-07,1
Artie Webb,1.81465e-07,1
Андрей Петров,1.81465e-07,1
The Lyman Woodard Organization,1.81465e-07,1
“Sweet” Charles Sherrell,1.81465e-07,1
Ojiji,1.81465e-07,1
Chris Field,1.80232e-07,3
Jim Dooley,1.80232e-07,3
Sadkey,1.79247e-07,3
cat naps,1.79232e-07,1
The Odd Couple,1.79016e-07,1
Ursine Vulpine,1.78908e-07,1
Kicks Like a Mule,1.78785e-07,3
Terrorize,1.7877e-07,1
Jill Scott,1.78127e-07,3
Silent Boy,1.77878e-07,1
Lonyo,1.77452e-07,1
Stephen Gately,1.77452e-07,1
Soda Club,1.77452e-07,1
Black Legend,1.77452e-07,1
Celia Cruz,1.77452e-07,1
Saint-Preux,1.77452e-07,1
The Shrink,1.77452e-07,1
Poor Righteous Teachers,1.77416e-07,2
Ian Pooley,1.77146e-07,1
Raw Man,1.77146e-07,1
Pussy Riot,1.77146e-07,1
Roy Davis Jr.,1.77146e-07,1
Monster Magnet,1.77146e-07,1
Soft Machine,1.76907e-07,2
Sarah Webster Fabio,1.76763e-07,1
Frank Chacksfield & His Orchestra,1.76763e-07,1
Throwing Snow,1.76446e-07,2
AOSOON,1.75608e-07,1
Wilkinson,1.75608e-07,1
Hero Image,1.75608e-07,1
LAXX,1.75608e-07,1
Yellow Claw,1.75608e-07,1
Di‐rect,1.75608e-07,1
501,1.75608e-07,1
Moondog,1.7554e-07,6
How to Dress Well,1.75528e-07,3
Jóhann Jóhannsson,1.75336e-07,2
Tony Harnell,1.75303e-07,1
Philip Jeck,1.75274e-07,3
竹村延和,1.75274e-07,3
KUURO,1.74445e-07,5
Lone,1.74309e-07,3
DSK,1.74041e-07,2
The Wild Magnolias,1.73833e-07,1
Freddie King,1.73833e-07,1
813,1.73658e-07,1
icesawder,1.73658e-07,1
Paul Williams,1.73353e-07,1
Sun Electric,1.73353e-07,1
Millie Jackson,1.7287e-07,13
David “Fathead” Newman,1.72492e-07,3
Billie Holiday,1.72302e-07,5
CKY,1.71828e-07,1
笠井紀美子,1.71652e-07,3
Redbone,1.71606e-07,3
菊田裕樹,1.7022e-07,1
The Beatmasters,1.69849e-07,2
Bobby Thurston,1.69849e-07,2
Risse,1.69849e-07,2
Georgio,1.69849e-07,2
Gentle Giant,1.69666e-07,2
Oklou,1.69468e-07,3
きくお,1.68956e-07,6
TRF,1.68474e-07,9
Bobby Williams,1.68473e-07,2
ASD,1.67911e-07,3
Hafiz Azman,1.67807e-07,3
Aaron Neville,1.66989e-07,1
The Treacherous Three,1.664e-07,3
The Sting-Rays,1.66399e-07,2
Dollar,1.66399e-07,2
Jessica Audiffred,1.65376e-07,3
Butter Bullets,1.64811e-07,1
Holo Bass,1.64442e-07,1
Lianne La Havas,1.64442e-07,1
DJ TECHNORCH,1.64406e-07,19
2 Bad Mice,1.64224e-07,1
P.M. Dawn,1.64039e-07,2
Brenmar,1.63502e-07,2
Dynamic Corvettes,1.6347e-07,2
Simon V,1.63463e-07,2
Toasty,1.62831e-07,2
Sinnamon,1.62383e-07,8
Madhouse,1.61888e-07,2
Mirdza Zīvere,1.61756e-07,3
Sīpoli,1.61729e-07,1
Margarita Vilcāne,1.61729e-07,1
Turaidas Roze,1.61729e-07,1
Aija Kukule,1.61729e-07,1
Renārs Kaupers,1.61729e-07,1
Kurts & DJ Krii,1.61729e-07,1
Michel Gonet,1.61729e-07,1
Uldis Stabulnieks,1.61729e-07,1
Laima Sproģe,1.61729e-07,1
Olga Dreģe,1.61729e-07,1
Otra puse,1.61729e-07,1
Zigfrīds Račiņš,1.61729e-07,1
Pretty Tony,1.61685e-07,5
Slippy,1.61217e-07,7
Mazare,1.6119e-07,5
Kungs,1.61108e-07,2
Bohemian Rhapsody,1.61101e-07,1
松永政信,1.61101e-07,1
Ladysmith Black Mambazo,1.61086e-07,1
[Disney],1.61086e-07,1
The Lost Generation,1.60709e-07,1
Jorge Santana,1.60709e-07,1
The Cookies,1.60709e-07,1
Guem,1.60709e-07,1
Thunderheist,1.60618e-07,3
(sic)boy,1.60594e-07,2
T99,1.60503e-07,1
Thi'sl,1.59693e-07,3
Sway & King Tech,1.59552e-07,2
Trip Lee,1.59417e-07,2
The LOX,1.59141e-07,1
Derek Minor,1.59141e-07,1
hayve,1.58963e-07,6
サカナクション,1.57936e-07,2
Jack the Underdog,1.57929e-07,1
さよならポエジー,1.57929e-07,1
Crissy Criss,1.56607e-07,9
Vantage,1.56598e-07,1
Judie Tzuke,1.56065e-07,2
Blank Banshee,1.55721e-07,2
The Ritchie Family,1.55491e-07,2
George Buzinkai,1.55341e-07,13
Class Action,1.55182e-07,6
G-Low,1.54937e-07,1
Freefire,1.54937e-07,1
Future Frog,1.54937e-07,1
Nils Frahm,1.5486e-07,2
CRi,1.54632e-07,2
Bernard Fêvre,1.54632e-07,2
Riz Ortolani,1.54625e-07,1
DBX,1.54625e-07,1
Barbara & Ernie,1.54625e-07,1
Evidence,1.54625e-07,1
Dubtribe Sound System,1.54625e-07,1
Bernard Estardy,1.54625e-07,1
Emanuel Laskey,1.54625e-07,1
John Schroeder,1.54625e-07,1
The Bugaloos,1.54625e-07,1
Big Moses,1.54625e-07,1
Barry Brown,1.54625e-07,1
Soul Brothers Six,1.54625e-07,1
Blake Baxter,1.54625e-07,1
Résonance,1.54625e-07,1
Snowbird,1.54625e-07,1
South Bronx,1.54625e-07,1
JVKE,1.54608e-07,1
Stan Getz,1.54027e-07,2
Gary Burton Quartet,1.5402e-07,1
Casiopea,1.53571e-07,3
The Dream Academy,1.53534e-07,5
Parvati Khan,1.53319e-07,1
Deize Tigrona,1.53319e-07,1
Wilcannia Mob,1.53319e-07,1
Nieve,1.53096e-07,1
Riton,1.52723e-07,1
Cedric Gervais,1.52723e-07,1
Anton Powers,1.52723e-07,1
Nathan Dawe,1.52723e-07,1
Armenta,1.52504e-07,2
秋元薫,1.52504e-07,2
Marlene,1.52498e-07,1
MC Binn,1.52498e-07,1
小林香織,1.52498e-07,1
Geraldine Hunt,1.52498e-07,1
和泉宏隆,1.52498e-07,1
Andrew Hale,1.52498e-07,1
New Jersey Connection,1.52498e-07,1
The RAH Band,1.52498e-07,1
Greg Downey,1.52236e-07,2
Jochen Miller,1.52236e-07,2
TC,1.51758e-07,2
Artwork,1.51752e-07,1
Peace Treaty,1.50892e-07,1
Savoy,1.50892e-07,1
Aurosonic,1.50892e-07,1
Midnight Conspiracy,1.50892e-07,1
Soundprank,1.50892e-07,1
DJ Spoko,1.50892e-07,1
Andrew Bayer,1.50892e-07,1
Beejays,1.50892e-07,1
Fuzzy Logik,1.50892e-07,1
Allure,1.50892e-07,1
Access Denied,1.50892e-07,1
Ashley Wallbridge,1.50892e-07,1
Rampage,1.50691e-07,2
Blackjack,1.50625e-07,1
Stephan Jacobs,1.50625e-07,1
Glen Campbell,1.50287e-07,3
Stonebank,1.50161e-07,4
Maazel,1.50161e-07,4
BISHU,1.50161e-07,4
Laidback Luke,1.50126e-07,2
Rickie Lee Jones,1.50116e-07,2
Phan Kim Thanh,1.50116e-07,2
Fania All-Stars,1.49781e-07,3
David Dundas,1.48873e-07,2
Kulture,1.48458e-07,2
Guilty Kiss,1.48054e-07,2
Geraldo Vandré,1.47774e-07,1
Chico Buarque,1.47774e-07,1
AFX,1.4691e-07,3
神原駿河,1.46762e-07,1
Cylob,1.46762e-07,1
qebrµs,1.46762e-07,1
Yakui the Maid,1.46762e-07,1
CINDERELLA PROJECT,1.4664e-07,2
日高愛,1.4664e-07,2
Bogus Order,1.4615e-07,2
Hex,1.4615e-07,2
Super Numeri,1.4615e-07,2
2 Player,1.4615e-07,2
Journeyman,1.4615e-07,2
Sixtoo,1.4615e-07,2
Jaga Jazzist,1.4615e-07,2
Tokyo Machine,1.45803e-07,4
THIRST,1.45708e-07,6
Stooshe,1.45241e-07,1
The Slew,1.45021e-07,1
Kno,1.45021e-07,1
The House Crew,1.43982e-07,2
Jill Jones,1.43976e-07,1
NyxTheShield,1.43647e-07,1
The Young Gods,1.42696e-07,2
Verses GT,1.42678e-07,1
dj TAKA,1.42675e-07,10
CHANG MA,1.42303e-07,1
The Shadow,1.42205e-07,1
Unknown Artist,1.42205e-07,1
Carl Dawkins,1.42205e-07,1
King Jammy,1.42205e-07,1
Craig “Leftside” Parkes,1.42205e-07,1
DJ Malvado,1.42205e-07,1
Ninjasonik,1.42205e-07,1
Terror Fabulous,1.42205e-07,1
Syrinx,1.42131e-07,2
Gawr Gura,1.41872e-07,2
Tyzik,1.41564e-07,2
Glenn Rune Gallefoss,1.41564e-07,2
Johnny Mathis,1.41564e-07,2
ACRAZE,1.41391e-07,4
DJ DIESEL,1.41091e-07,2
Errorsmith,1.40935e-07,2
Snowy Red,1.39596e-07,1
Kimberley Briggs,1.39425e-07,1
Charlie Whitehead,1.39425e-07,1
Heaven and Earth,1.39425e-07,1
Caspa,1.39207e-07,5
Jack Bruce,1.39113e-07,4
The 4‐Skins,1.38509e-07,1
DJ Klever,1.38329e-07,2
Bettye Crutcher,1.38324e-07,2
Dingo,1.37566e-07,1
伊藤サチコ,1.37566e-07,1
Käärijä,1.37566e-07,1
Barna Soundmachine,1.36742e-07,1
Claire Littley,1.36741e-07,14
DJ Luian,1.36589e-07,1
tofubeats,1.36565e-07,13
Frankie Cutlass,1.36276e-07,2
Eddie Drennon & BBS Unlimited,1.36027e-07,1
Jukka Tolonen,1.35739e-07,1
Ross,1.35739e-07,1
The Move,1.35739e-07,1
Julius Brockington,1.35739e-07,1
John Blair,1.35739e-07,1
Baba Yaga,1.35739e-07,1
Karat,1.35739e-07,1
Atlantic Starr,1.35359e-07,3
Easy Star All-Stars,1.35338e-07,1
Future Loop Foundation,1.35338e-07,1
Transit Kings,1.35338e-07,1
Seventeen Evergreen,1.35338e-07,1
Jonathan Coe,1.35338e-07,1
Tod Dockstader,1.35338e-07,1
Craig Armstrong,1.35338e-07,1
Pray for Rain,1.35299e-07,4
Exile,1.35288e-07,4
The Nashville Opera Orchestra,1.35276e-07,2
Carla Kihlstedt,1.35276e-07,2
Kramer,1.35276e-07,2
The Claudia Quintet,1.35276e-07,2
Cathal Coughlan,1.35276e-07,2
Disco Inferno,1.35276e-07,2
The Fatima Mansions,1.35276e-07,2
Mike Ladd,1.35276e-07,2
.O.Rang,1.35276e-07,2
Theo Bleckmann,1.35276e-07,2
Daniel Lopatin,1.35276e-07,2
Suresh Wadkar,1.35248e-07,2
Tarkan,1.35248e-07,2
Jim Morrison,1.34826e-07,3
Shel Silverstein,1.34815e-07,1
The Olympics,1.34815e-07,1
Ellen McIlwaine,1.34815e-07,1
Lulu,1.34815e-07,1
Five Man Electrical Band,1.34815e-07,1
Fuzzy Haskins,1.34815e-07,1
Ann Robinson,1.34815e-07,1
Andre Williams,1.34815e-07,1
The John Barry Seven,1.34815e-07,1
The Purple Fox,1.34815e-07,1
Jestofunk,1.34815e-07,1
Ace Aura,1.34684e-07,6
Eartha Kitt,1.34621e-07,2
Norman Candler,1.34616e-07,1
Pumpkin and the Profile All‐Stars,1.34616e-07,1
Pigeonhed,1.34616e-07,1
New Kingdom,1.34616e-07,1
Jon Moritsugu,1.34616e-07,1
OG Maco,1.34024e-07,1
Michael McCann,1.34024e-07,1
Barbie,1.34024e-07,1
Constera,1.34024e-07,1
Shandy Kubota,1.34024e-07,1
田中しのぶ,1.34024e-07,1
Bazooka,1.33249e-07,1
Shockwave Tag Team,1.33249e-07,1
The Shapeshifter,1.33249e-07,1
Napalm,1.33249e-07,1
DJ Fistfuck,1.33249e-07,1
Riot Nation,1.33249e-07,1
Violator,1.33249e-07,1
Malice,1.32712e-07,1
東方神起,1.32195e-07,1
D.J. Rogers,1.32131e-07,2
French Affair,1.32001e-07,1
Ｓｐａｔｉａｌ Ｍａｎｕｆａｃｔｕｒｅ Ｌｔｄ.,1.3159e-07,4
Songs to Wear Pants To,1.31415e-07,5
藤田真由美,1.31403e-07,4
Jerry Butler,1.3039e-07,4
100% Pure Poison,1.29774e-07,2
Boss,1.29585e-07,2
William DeVaughn,1.29128e-07,2
Above & Beyond,1.29087e-07,6
Lonnie Holley,1.29013e-07,1
Paolo Nutini,1.29013e-07,1
Christopher Cross,1.28188e-07,4
Silencer,1.28098e-07,3
Waylon Jennings,1.2793e-07,2
Erick Sermon,1.27784e-07,2
KMFDM,1.27598e-07,6
Dudley Moore,1.27541e-07,6
Stephan Bodzin,1.27441e-07,2
Rosie Doonan,1.27435e-07,1
Seventh Stitch,1.27435e-07,1
Jamie Lidell,1.26043e-07,2
Mark J. Hadley,1.25183e-07,5
Jimmy Ponder,1.25154e-07,3
Charles Martinet,1.25076e-07,1
Andrew Prahlow,1.24906e-07,2
Linda Lewis,1.24353e-07,2
Kodak Black,1.24317e-07,2
Power of Zeus,1.24278e-07,2
King Curtis,1.24269e-07,2
Tony Allen,1.24263e-07,1
Hugh Hopper,1.24263e-07,1
Double Trouble,1.24263e-07,1
Alton McClain & Destiny,1.24263e-07,1
Albert Jones,1.24263e-07,1
The Modulations,1.24263e-07,1
Sèyfou Yohannès,1.24263e-07,1
Franck Pourcel,1.24263e-07,1
The Family Stand,1.24263e-07,1
Cornelius Brothers & Sister Rose,1.24263e-07,1
Archie Whitewater,1.24263e-07,1
Dada,1.24257e-07,1
Lime,1.24257e-07,1
Down to the Bone,1.24013e-07,1
エリオをかまってちゃん,1.23951e-07,2
大宮忍,1.23945e-07,1
やのあんな,1.23945e-07,1
Dancing Dolls,1.23945e-07,1
分島花音,1.23945e-07,1
佐倉千代,1.23945e-07,1
Somatoast,1.22997e-07,1
Mindex,1.22997e-07,1
ATYYA,1.22997e-07,1
Cold Blood,1.22508e-07,2
Rhythm Controll,1.22259e-07,11
Manfred Mann,1.21786e-07,1
You+Me,1.21786e-07,1
Carmen McRae,1.21786e-07,1
Brian Hyland,1.21786e-07,1
Harold Arlen,1.21786e-07,1
The Nat Adderley Sextet,1.21718e-07,2
Wyndham Lewis,1.21712e-07,1
Popol Vuh,1.21662e-07,2
Flowdan,1.2162e-07,3
WHIPPED CREAM,1.21423e-07,5
Sullivan King,1.21423e-07,5
Underoath,1.213e-07,3
Aquasky,1.21201e-07,4
Sterling Void,1.21161e-07,2
Mr. Potatohead,1.21033e-07,2
Paradox 3000,1.21033e-07,2
E.S. Posthumus,1.20199e-07,3
Daniel Nielsen,1.20155e-07,2
Rob Pfeifer,1.20155e-07,2
Globus,1.20155e-07,2
John R. Graham,1.20155e-07,2
Mark Griskey,1.20155e-07,2
John O’Callaghan,1.20008e-07,3
Push,1.20008e-07,3
Locksmith,1.1965e-07,3
Bobbie Gentry,1.19558e-07,2
Wave Racer,1.19387e-07,2
Eddie Morton,1.19251e-07,3
"Crosby, Stills & Nash",1.1906e-07,1
Amon Düül II,1.1906e-07,1
Azar Lawrence,1.1906e-07,1
Joe Zawinul,1.1906e-07,1
Jega,1.18897e-07,1
Erlend Øye,1.18897e-07,1
Mr. 76ix,1.18897e-07,1
Lloop,1.18897e-07,1
Minizza,1.18897e-07,1
Julian Fane,1.18897e-07,1
Warez,1.18897e-07,1
Kelpe,1.18897e-07,1
Frog Pocket,1.18897e-07,1
Ceephax Acid Crew,1.18897e-07,1
Uppermost,1.18672e-07,1
Katie Noonan,1.18672e-07,1
New Young Pony Club,1.18672e-07,1
Mr Blink,1.18672e-07,1
Sneaky Sound System,1.18672e-07,1
Shiny Toy Guns,1.18672e-07,1
野宮あゆみ,1.18371e-07,3
Crown Heights Affair,1.18304e-07,5
Chanson,1.18249e-07,1
Elbow,1.17979e-07,1
The Wooden Glass,1.16904e-07,1
Banda Black Rio,1.16904e-07,1
Mary Wells,1.16904e-07,1
The Magnetic Sounds,1.16904e-07,1
Franklyn Ajaye,1.16904e-07,1
إحسان المنذر,1.16904e-07,1
Mr. Flash,1.16904e-07,1
2003 Toyota Corolla,1.16837e-07,11
Tim MacGregor,1.16807e-07,1
Dub Peddla,1.16807e-07,1
Solar Quest,1.16807e-07,1
BAR9,1.16807e-07,1
Cantoma,1.16807e-07,1
MuK,1.16807e-07,1
Scuba,1.16807e-07,1
Promise and the Monster,1.16807e-07,1
Androcell,1.16807e-07,1
Samasukuru,1.16807e-07,1
Shackles,1.16807e-07,1
石川大樹,1.16807e-07,1
Junior,1.16807e-07,1
Minotaur Shock,1.16807e-07,1
S U P E R F L A T スーパーフラット,1.16807e-07,1
Sounds From the Ground,1.16807e-07,1
AZODi,1.16807e-07,1
AnTgry,1.16807e-07,1
Younger Brother,1.16807e-07,1
Jack Wall,1.16807e-07,1
Heist,1.16807e-07,1
Mediæval Bæbes,1.16659e-07,3
From Autumn to Ashes,1.16556e-07,2
Omnipony,1.16478e-07,4
King Missile,1.16462e-07,2
John Linnell,1.15654e-07,2
Regularfantasy,1.15643e-07,1
DJ Suzy,1.15643e-07,1
Little Milton,1.15558e-07,1
Camper Van Beethoven,1.15038e-07,2
Think Tree,1.15033e-07,1
Adventure Time,1.14726e-07,3
Cut Chemist,1.14568e-07,1
McFadden & Whitehead,1.14568e-07,1
Thad Jones/Mel Lewis Orchestra,1.14568e-07,1
Egon,1.14568e-07,1
Longevity Crew,1.14568e-07,1
Paul Horn,1.14484e-07,3
Buffy Sainte‐Marie,1.14431e-07,1
Steel Pulse,1.14431e-07,1
Chuck Cissel,1.14431e-07,1
Lil Yachty,1.14057e-07,2
ISOKNOCK,1.14053e-07,1
Lil Tecca,1.14053e-07,1
French Original,1.13703e-07,1
Roberto Roena y su Apollo Sound,1.13661e-07,1
Fred Schneider,1.13489e-07,1
sanodg,1.13357e-07,4
Alice Coltrane,1.13227e-07,2
Combustible Edison,1.13168e-07,1
RQ,1.13162e-07,3
Quilapayún,1.13108e-07,1
Broder Daniel,1.13108e-07,1
Maktone,1.13108e-07,1
Detergent,1.12974e-07,1
Totally Radd!!,1.12974e-07,1
Blue Foundation,1.12846e-07,2
William Bell,1.12688e-07,7
Kohmi,1.12621e-07,3
Eptic,1.12621e-07,3
SABAI,1.12621e-07,3
Vindata,1.12621e-07,3
Pauline Oliveros,1.12464e-07,1
Jimmy Giuffre,1.12464e-07,1
Infinite Body,1.12464e-07,1
John Fahey,1.12464e-07,1
Deathpile,1.12464e-07,1
The Icemen,1.12395e-07,2
LaBelle,1.12269e-07,3
Paulinho da Costa,1.11866e-07,3
Andy Quin,1.11838e-07,2
あすとらるTrip,1.11561e-07,1
Fairlane,1.10394e-07,4
Tha Alkaholiks,1.10072e-07,4
Move D,1.1001e-07,3
Zombie Nation,1.09884e-07,5
The Creatures,1.09745e-07,2
Ralphie B,1.09677e-07,2
Rasputin’s Stash,1.09489e-07,1
Paul Piot,1.09489e-07,1
Joe Thomas,1.09489e-07,1
Thomas Hendrix,1.09489e-07,1
King T,1.09363e-07,2
The Blue Jays,1.09182e-07,1
Black Sun Empire,1.09082e-07,2
Robin Trower,1.08644e-07,1
Taproot,1.08644e-07,1
Thievery Corporation,1.08498e-07,4
Herman Kelly & Life,1.08337e-07,2
Square Punch,1.07922e-07,1
Slug Christ,1.0786e-07,1
surrenderdorothy,1.07464e-07,2
Deft,1.07376e-07,1
Thys,1.07376e-07,1
Ski Mask the Slump God,1.07337e-07,2
Quality Control,1.07333e-07,1
yan...,1.07333e-07,1
Joey Bada$$,1.07333e-07,1
The Frim,1.07013e-07,1
Sheila Chandra,1.0699e-07,1
UZ,1.06672e-07,3
Alan Watts,1.06422e-07,3
荻野目洋子,1.06091e-07,2
Haujobb,1.0582e-07,1
Niki and the Dove,1.05647e-07,2
Hot Streak,1.05224e-07,11
池田彩,1.05003e-07,2
Utah Saints,1.04734e-07,2
Virus,1.0455e-07,1
Serú Girán,1.0455e-07,1
Ian Brown,1.04535e-07,2
Shawn Christopher,1.04422e-07,4
Paul Westerberg,1.04373e-07,1
Meyhem Lauren,1.04267e-07,1
Malik Turner,1.04267e-07,1
Tribe of Issachar,1.04267e-07,1
Chino XL,1.04267e-07,1
Domo Genesis,1.04267e-07,1
Tyler Bates,1.04267e-07,1
Jay Reatard,1.04175e-07,1
ESOTERICISM,1.03522e-07,2
DJ Sound,1.03325e-07,3
Yung Mazi,1.03308e-07,1
MexikoDro,1.03308e-07,1
Kebo Gotti,1.03308e-07,1
Fredo Santana,1.03308e-07,1
SlimeGetEm,1.03308e-07,1
Glokk40Spaz,1.03308e-07,1
Lil Jule,1.03308e-07,1
Wayne McGhie,1.03248e-07,1
Junk Yard Band,1.03248e-07,1
8-Bit Arcade,1.03248e-07,1
The Maskman & the Agents,1.03248e-07,1
E.U.,1.03248e-07,1
Sugar Billy Garner,1.03248e-07,1
Pilot,1.03248e-07,1
Tootskee & the Czar MC,1.03248e-07,1
Kenny Smith & The Loveliters,1.03248e-07,1
Spiral Starecase,1.03173e-07,1
Laibach,1.03155e-07,4
D.O.P.,1.03147e-07,2
Front 242,1.03142e-07,1
Luc Ferrari,1.03142e-07,1
The Secret of China,1.03142e-07,1
Covenant,1.03142e-07,1
Recoil,1.03142e-07,1
MOTOR,1.03142e-07,1
Phantom/Ghost,1.03142e-07,1
David Whittaker,1.02625e-07,12
Mala,1.02522e-07,3
Peanut Butter Wolf,1.02323e-07,3
Jazztronik,1.0154e-07,2
Bill Evans,1.01537e-07,7
Senses Fail,1.01486e-07,2
Dashboard Confessional,1.01486e-07,2
The Get Up Kids,1.01486e-07,2
Jimmy Edgar,1.01186e-07,3
loophoof,1.01013e-07,2
DJ Zinc,1.00816e-07,2
เทพพร เพชรอุบล,1.00515e-07,1
Fire Inc.,1.00515e-07,1
Hanson,1.00515e-07,1
Guster,1.00515e-07,1
Della Humphrey,1.00515e-07,1
Opus 7,1.00515e-07,2
Feint,1.00359e-07,3
Larry Coryell,1.00301e-07,3
Tenebrax,1.00107e-07,2
Kano,1.00032e-07,13
Van der Graaf Generator,1.00004e-07,2
John Dankworth,9.99583e-08,2
Vanessa Hudgens,9.98292e-08,5
Ιάννης Ξενάκης,9.98101e-08,9
November,9.97766e-08,1
Eugene Thacker,9.97766e-08,1
Arthur Lyman,9.97766e-08,1
Jane,9.97766e-08,1
The Tony Williams Lifetime,9.97766e-08,1
SCUM,9.97766e-08,1
Robert Lax,9.97766e-08,1
8Ball & MJG,9.96465e-08,2
Celtic Thunder,9.9597e-08,1
Hugues Aufray,9.9597e-08,1
Satanic Surfers,9.95443e-08,1
Grant,9.93649e-08,3
CloudNone,9.93649e-08,3
Tisoki,9.93649e-08,3
More Plastic,9.93649e-08,3
Blanke,9.86225e-08,3
EPROM,9.78416e-08,6
Marcos & Belutti,9.74051e-08,1
Skybreak,9.72928e-08,6
Teddy Killerz,9.71384e-08,4
Mel & Kim,9.67421e-08,2
Brad Fiedel,9.6738e-08,1
Adam and the Ants,9.6738e-08,1
Savath & Savalas,9.65189e-08,1
The Other People Place,9.65189e-08,1
Justin,9.64807e-08,2
Nice & Smooth,9.60075e-08,2
The Thrillseekers,9.5829e-08,3
Peter Frampton,9.56066e-08,2
小西利樹,9.4579e-08,1
Deborah Harry,9.45586e-08,2
Mira Calix,9.45221e-08,2
Rev. James Cleveland,9.44348e-08,1
Dan Satch & His Atomic 8 Dance Band of Aba,9.44348e-08,1
Jeff Lorber,9.44348e-08,1
Adeaze,9.44348e-08,1
Countess Coloratura,9.4169e-08,2
Young & Company,9.38448e-08,1
Virus Syndicate,9.34594e-08,2
Puerto Muerto,9.34555e-08,1
Pigface,9.34555e-08,1
Shelly Manne,9.24929e-08,2
Phil Harris,9.23328e-08,3
Orson Welles,9.1407e-08,2
Lightnin’ Hopkins,9.12351e-08,7
Morgana King,9.11607e-08,1
Michel Chion,9.1147e-08,2
Audio Bullys,9.03783e-08,1
Jeep Beat Collective,9.01256e-08,1
ASAP Productions,9.01256e-08,1
Beat Junkies,9.01256e-08,1
Audio Fidelity,9.01256e-08,1
Tenor Saw,9.00835e-08,3
Michael McDonald,8.9744e-08,3
The Crash Crew,8.96672e-08,1
Orchester Roland Kovac,8.96672e-08,1
The Vibrations,8.96672e-08,1
Sandy Nelson,8.96672e-08,1
Don Bryant,8.96672e-08,1
Freddie North,8.96672e-08,1
Brian Auger & the Trinity,8.96672e-08,1
The Hi‐Lo’s,8.96672e-08,1
Graingers,8.96672e-08,1
iblank2apples,8.93675e-08,2
Clara La San,8.93647e-08,2
Doodled,8.93638e-08,1
DJ Gunshot,8.93138e-08,2
tropes,8.93101e-08,1
17th Boulevard,8.9245e-08,1
Larenz Tate,8.89413e-08,1
Khatijah Ibrahim,8.89413e-08,1
Julie London,8.85551e-08,1
Melanie Fiona,8.85551e-08,1
Conway,8.85551e-08,1
D Double E,8.85551e-08,1
Natural Born Grooves,8.83553e-08,3
Volume 10,8.83331e-08,3
16bit,8.82742e-08,2
DECO*27,8.82717e-08,11
Minilogue,8.82564e-08,4
DJ Hell,8.82231e-08,1
Jesse Somfay,8.82231e-08,1
Kurt Baggaley,8.82231e-08,1
Heathered Pearls,8.82231e-08,1
Barry Jamieson,8.82231e-08,1
El_txef_a,8.82231e-08,1
Guy J,8.82231e-08,1
Jr. Walker & the All Stars,8.81675e-08,1
Chase,8.81675e-08,1
Willie Dixon,8.81675e-08,1
Freddie Robinson,8.81675e-08,1
Mitch Ryder,8.81675e-08,1
DaniLeigh,8.8165e-08,1
Light Club,8.8165e-08,1
Dom La Nena,8.8165e-08,1
REDZED,8.8165e-08,1
$atori Zoom,8.8165e-08,1
Joe Dassin,8.71381e-08,3
SUPER MONKEY’S,8.67037e-08,2
Model 500,8.62999e-08,3
Pat Metheny,8.62704e-08,5
SKYLER,8.61094e-08,3
Jaded Heart,8.60178e-08,1
Markomen,8.60178e-08,1
Mr Hudson,8.60178e-08,1
Ummet Ozcan,8.56984e-08,1
Delia Derbyshire,8.55083e-08,4
Aiobahn,8.53667e-08,2
REOL,8.5293e-08,2
M2U,8.52256e-08,3
Lenno,8.52164e-08,1
Suken,8.52164e-08,1
Desired,8.52164e-08,1
Hentai Dude,8.52164e-08,1
Shiki(TMNS),8.52164e-08,1
fusq,8.52164e-08,1
Lucky Date,8.52164e-08,1
TAK,8.52164e-08,1
colate,8.52164e-08,1
Diveo,8.52164e-08,1
Style of Eye,8.49359e-08,2
The Barry Gray Orchestra,8.49243e-08,1
Lee Mason & His Orchestra,8.48332e-08,1
The John Payne Band,8.48332e-08,1
Hampton Hawes,8.48332e-08,1
Trio Mediæval,8.4671e-08,1
Leto,8.45974e-08,1
Pure Magic,8.42931e-08,2
Rubba,8.42179e-08,13
Lange,8.3966e-08,2
Blank & Jones,8.38603e-08,1
Ransom,8.38603e-08,1
Mirco de Govia,8.38603e-08,1
Nivaya,8.38603e-08,1
Save the Robot,8.38603e-08,1
DJ Remy,8.38603e-08,1
Lexicon 4,8.38603e-08,1
Daniel Nitt,8.38603e-08,1
Connector,8.38603e-08,1
Yves V,8.38603e-08,1
Active X,8.38603e-08,1
RMB,8.38603e-08,1
M.E.M,8.38603e-08,1
First State,8.38603e-08,1
Solid Sleep,8.38603e-08,1
M.I.K.E.,8.38603e-08,1
Second Sun,8.38603e-08,1
Nadia Ali,8.38603e-08,1
Orinoko,8.38603e-08,1
Chriss Ortega,8.38603e-08,1
Walter & Gelder,8.38603e-08,1
Sagitaire,8.38603e-08,1
L-X-Carbo,8.38603e-08,1
Signum,8.38603e-08,1
Cygnus X,8.38603e-08,1
Sipping Soma,8.38603e-08,1
Heatbeat,8.38603e-08,1
Mark Eteson,8.38603e-08,1
Rahsaan Roland Kirk,8.36132e-08,2
Sonny Rollins Quartet,8.36097e-08,1
Lonnie Liston Smith & the Cosmic Echoes,8.36097e-08,1
Steve Parks,8.36097e-08,1
The TnT Boys,8.36097e-08,1
Suzi Quatro,8.31996e-08,1
John Baker,8.31996e-08,1
Emily Portman,8.31996e-08,1
Beaver & Krause,8.31996e-08,1
Emily Van Evera,8.31996e-08,1
Apple,8.2512e-08,2
Rebound X,8.2512e-08,2
The Barracudas,8.1878e-08,1
Madeaux,8.17544e-08,2
Father,8.1751e-08,1
Fame School,8.1751e-08,1
Hoodboi,8.1751e-08,1
Shash’U,8.1751e-08,1
gLAdiator,8.1751e-08,1
ManMan Savage,8.1751e-08,1
Low Pros,8.1751e-08,1
Vic Mensa,8.1751e-08,1
Statik Selektah,8.1751e-08,1
Sandra Richardson,8.17352e-08,1
Atoms for Peace,8.14134e-08,1
Tinariwen,8.14134e-08,1
John Matthias,8.14134e-08,1
Fonky Family,8.00525e-08,6
L. Pierre,7.99949e-08,2
Gerald Fried,7.9842e-08,3
Airto Moreira,7.97734e-08,4
Sybil,7.91981e-08,3
Bill Medley,7.88305e-08,1
Reverend McFly,7.81998e-08,1
Mob Square,7.81998e-08,1
The New York Howl,7.81998e-08,1
Dances With White Girls,7.81998e-08,1
Members Only,7.81998e-08,1
Hollywood Holt,7.81998e-08,1
François de Roubaix,7.81415e-08,4
Den Harrow,7.80392e-08,6
Rainbow Dash,7.78992e-08,1
ræntgen,7.76612e-08,1
Lil’ KeKe,7.76413e-08,1
The Frank Cunimondo Trio,7.76413e-08,1
カルメン・マキ,7.76413e-08,1
Alex Rosetti,7.74518e-08,6
OD404,7.74425e-08,2
Mitomoro,7.74425e-08,2
The Cecil Holmes Soulful Sounds,7.72337e-08,2
Private Taste,7.71048e-08,2
Silent Killer,7.67996e-08,1
Mayday Parade,7.59165e-08,2
KOTOKO,7.58231e-08,9
Young Stoner Life,7.5712e-08,1
The Budos Band,7.5282e-08,2
Snoop Lion,7.52349e-08,1
General Levy,7.52349e-08,1
Cartola,7.52293e-08,1
Herb Ohta,7.52293e-08,1
Triumvirat,7.52293e-08,1
Tommee Profitt,7.51371e-08,2
Tony Romera,7.50803e-08,2
Rome in Silver,7.50803e-08,2
ellis,7.50803e-08,2
inverness,7.50803e-08,2
Vluarr,7.50803e-08,2
Fransis Derelle,7.50803e-08,2
Bleu Clair,7.50803e-08,2
Hoaprox,7.50803e-08,2
Joey Dee & the Starliters,7.50582e-08,1
Dunya Yunis,7.50582e-08,1
田中宏和,7.4949e-08,2
AronChupa,7.41433e-08,1
Lupeelou,7.41433e-08,1
Lotus Juice,7.40449e-08,2
AJURIKA,7.40016e-08,4
O’Donel Levy,7.39238e-08,1
101 Strings,7.38104e-08,1
THE IDOLM@STER CINDERELLA GIRLS,7.34312e-08,16
Single Gun Theory,7.33823e-08,1
Klaus Nomi,7.33823e-08,1
INFEKT,7.33544e-08,5
三浦あずさ,7.33231e-08,2
音無小鳥,7.33201e-08,1
我那覇響,7.33201e-08,1
765 MILLION ALLSTARS,7.33201e-08,1
水瀬伊織,7.33201e-08,1
765 MILLIONSTARS,7.33201e-08,1
IM@S ALLSTARS1641,7.33201e-08,1
一ノ瀬志希,7.33201e-08,1
Jupiter,7.33201e-08,1
IM@S ALLSTARS++,7.33201e-08,1
DMC Quincy,7.30749e-08,1
Ty,7.30749e-08,1
East Flatbush Project,7.30749e-08,1
Juice Aleem,7.30749e-08,1
Shuttle,7.30749e-08,1
Drome,7.30749e-08,1
DJ Kentaro,7.30749e-08,1
Jammer,7.30749e-08,1
New Flesh,7.30749e-08,1
Homelife,7.30749e-08,1
Pop Levi,7.30749e-08,1
The Infesticons,7.30749e-08,1
Pest,7.30749e-08,1
Lotek Hi-Fi,7.30749e-08,1
One Self,7.30749e-08,1
Yppah,7.30749e-08,1
Cujo,7.30749e-08,1
Happy Campers,7.30749e-08,1
Spokes,7.30749e-08,1
Rhys Chatham,7.30749e-08,1
Infinite Livez,7.30749e-08,1
Arthur Brown,7.30117e-08,2
Mona Fandey,7.29912e-08,3
Caster,7.28538e-08,3
RAIZHELL,7.28538e-08,3
Riot Ten,7.28538e-08,3
OddKidOut,7.28538e-08,3
SIPPY,7.28538e-08,3
Nostalgix,7.28538e-08,3
evvemoscia,7.26602e-08,1
MACHETE CREW,7.26602e-08,1
Nocera,7.20963e-08,3
White Ring,7.20872e-08,2
Gvcci-Hvcci,7.20842e-08,1
oOoOO,7.20842e-08,1
濱渦真津恵,7.20842e-08,1
Marcy Mane,7.20842e-08,1
Lady Bee,7.20842e-08,1
Karman,7.20842e-08,1
∑r▲,7.20842e-08,1
Buddy Rich,7.16418e-08,2
Krumb Snatcha,7.16388e-08,1
Garnet Mimms,7.16388e-08,1
Greg Tate's Garage Band,7.16388e-08,1
Hiroshima,7.16388e-08,1
Vic Juris,7.16388e-08,1
Clarence Wheeler & the Enforcers,7.16388e-08,1
Mad Lion,7.16388e-08,1
Brother Arthur,7.16388e-08,1
Billy Gardener,7.16388e-08,1
Bobby Russell,7.16388e-08,1
Lenny Williams,7.14844e-08,3
Nitro Fun,7.11837e-08,3
Dariush Eghbali,7.09489e-08,1
Lil Wyte,7.09489e-08,1
Veronica Petrucci,7.09489e-08,1
Klaypex,7.09489e-08,1
Caetano Veloso,7.0782e-08,1
Muhlis Akarsu,7.0782e-08,1
Kaaze,7.07455e-08,1
Ron Richardson,7.06787e-08,1
The American Dawn,7.06582e-08,1
Michie Mee & L.A. Luv,7.05674e-08,1
Aventura,7.04704e-08,2
DJ Trajic,7.04675e-08,1
Hugg & Pepp,7.04675e-08,1
MC Flipside,7.04675e-08,1
DJ Mujava,7.04675e-08,1
Scott Cooper,7.04675e-08,1
Sébastien Léger,7.04675e-08,1
Technoboy,7.04675e-08,1
The Martin Brothers,7.04675e-08,1
OceanLab,7.037e-08,27
Willie Mitchell,7.03083e-08,2
Chapter & Verse,7.02299e-08,1
Doche,7.02299e-08,1
Mr. Belt & Wezol,7.02299e-08,1
David Morales,7.02299e-08,1
FREAK ON,7.02299e-08,1
Marco Antonio Muñiz,7.02282e-08,1
Felice Taylor,7.02282e-08,1
Rachel Sweet,7.02282e-08,1
The New Vaudeville Band,7.02282e-08,1
Buddy Baker,7.02282e-08,1
Jazzberry Patch,7.02282e-08,1
Fear Factory,7.01629e-08,1
Terry Callier,6.98922e-08,2
Double 99,6.96969e-08,3
The People's Workshop,6.96911e-08,1
Almeta Lattimore,6.96911e-08,1
Studio,6.96911e-08,1
The Persuasions,6.96911e-08,1
Apple & The Three Oranges,6.96911e-08,1
Nikki Giovanni,6.96911e-08,1
Revelacion,6.96911e-08,1
Tina Moore,6.96911e-08,1
Ramp,6.9545e-08,2
Garrett Williamson,6.92132e-08,1
The Scary Jokes,6.92132e-08,1
Von D,6.91646e-08,1
Carrie Lucas,6.90767e-08,5
Brick,6.8835e-08,6
Gary Toms Empire,6.88189e-08,3
KAYTRAMINÉ,6.84658e-08,1
Mike Zoot,6.83917e-08,1
Marco V,6.83752e-08,1
Maarten de Jong,6.83752e-08,1
Gimme Luv,6.83752e-08,1
N‐Joi,6.83752e-08,1
Mr. Sam,6.83752e-08,1
Klubbheads,6.83752e-08,1
Cirez D,6.83752e-08,1
Driving Faces,6.83752e-08,1
Coil,6.83141e-08,34
Killa Kyleon,6.79891e-08,1
Jack MacGowran,6.76409e-08,2
Rabbit Rabbit,6.76381e-08,1
Carl Hancock Rux,6.76381e-08,1
Nevermen,6.76381e-08,1
William Doyle,6.76381e-08,1
Bang on a Can All-Stars,6.76381e-08,1
Pablo Ribot,6.76381e-08,1
AUDIO SPORTS,6.76381e-08,1
Dustin Laurenzi,6.76381e-08,1
Art Zoyd,6.76381e-08,1
Bongwater,6.76381e-08,1
Evan Johnson,6.76381e-08,1
Jimi Jamison,6.76381e-08,1
Ann Magnuson,6.76381e-08,1
小林泉美,6.76381e-08,1
Mr. Bungle,6.76381e-08,1
Vanishing Pictures,6.76381e-08,1
Ghost Train Orchestra,6.76381e-08,1
Elysian Fields,6.76381e-08,1
Kev Hopper,6.76381e-08,1
Youngblood Brass Band,6.76381e-08,1
Jon Thompson Orchestra,6.76381e-08,1
Black Box Recorder,6.76381e-08,1
Jacob Garchik,6.76381e-08,1
Mark Hollis,6.76381e-08,1
Matthew Shipp,6.76381e-08,1
Ensemble Minisym,6.76381e-08,1
William James,6.76381e-08,1
Gitane DeMone,6.76381e-08,1
Bady-Dorzhu Ondar,6.76381e-08,1
Operating Theatre,6.76381e-08,1
Julia Hülsmann Quartet,6.76381e-08,1
David Chalmin,6.76381e-08,1
Ludwig Wittgenstein,6.76381e-08,1
John Cale,6.76381e-08,1
Sleepytime Gorilla Museum,6.76381e-08,1
Tomahawk,6.76381e-08,1
David Hume,6.76381e-08,1
Stan Ridgway,6.76381e-08,1
Anja Garbarek,6.76381e-08,1
Initiative H,6.76381e-08,1
MadLove,6.76381e-08,1
Ensemble Modern,6.76381e-08,1
Ute Lemper,6.76381e-08,1
Alan Moore,6.76381e-08,1
The Stranglers,6.74974e-08,3
Olivia Newton‐John,6.74387e-08,3
አለማየሁ እሸቴ,6.72004e-08,2
Sexy Rexy,6.71634e-08,1
Buckcherry,6.71634e-08,1
Live,6.71634e-08,1
Christopher Walken,6.71578e-08,1
Hardnoise,6.68047e-08,1
Rasmus,6.68047e-08,1
James Rado,6.68047e-08,1
Barry Louis Polisar,6.66367e-08,1
Alabama Shakes,6.66367e-08,1
New London Children’s Choir,6.66367e-08,1
Rayons,6.66367e-08,1
Cavetown,6.66367e-08,1
Ayunda Risu,6.63659e-08,2
The Disco Boys,6.63011e-08,1
Pérez Prado and His Orchestra,6.60658e-08,5
Sammy Davis Jr.,6.60653e-08,2
Flairs,6.60223e-08,1
Poni Hoax,6.60223e-08,1
深澤秀行,6.49045e-08,2
Arlene Tiger,6.48691e-08,1
Jon Hopkins,6.48014e-08,4
Jane Weaver,6.47987e-08,3
Banbarra,6.4791e-08,4
Glenn Jones,6.45839e-08,2
Russ,6.45795e-08,2
The Evasions,6.44631e-08,1
Eaves,6.43031e-08,1
Eek‐A‐Mouse,6.41164e-08,4
Double S,6.40313e-08,1
Frisco,6.40313e-08,1
Sole Fusion,6.40313e-08,1
Carmen,6.38139e-08,2
Jea,6.35508e-08,2
Buster Williams,6.33005e-08,3
Be Wiz’U,6.2453e-08,1
Anthony McBazooka,6.2453e-08,1
Les Betteraves,6.2453e-08,1
Evelyne Voilaume,6.2453e-08,1
ZZCCMXTP,6.2453e-08,1
Carlos,6.2453e-08,1
Roland Cristal,6.2453e-08,1
Die Atzen,6.22735e-08,1
MC Hero,6.22735e-08,1
Maynard Ferguson,6.18361e-08,2
BEAUZ,6.18248e-08,2
VESK GREEN,6.18248e-08,2
AC Slater,6.18014e-08,2
彩菜,6.08313e-08,5
Quest,6.07191e-08,2
Modular Expansion,6.05803e-08,1
Captain Rapp,6.05803e-08,1
Jamaica Girls,6.05803e-08,1
Arthur Baker and the Backbeat Disciples,6.05803e-08,1
Extortion,6.05803e-08,1
Circuit Breaker,6.05163e-08,1
JDS,6.05163e-08,1
Elite Force,6.05163e-08,1
Artcrime,6.05163e-08,1
Jem Stone,6.05163e-08,1
Überzone,6.05163e-08,1
Mike & Charlie,6.05163e-08,1
Santos,6.05163e-08,1
Pimp Wax,6.05163e-08,1
Groove Allegiance,6.05163e-08,1
Mr. Potatohead,6.05163e-08,1
The Body Snatchers,6.05163e-08,1
JHz,6.05163e-08,1
The Flamingos,6.05128e-08,1
Michel Sardou,6.05128e-08,1
Marc Cohn,6.03364e-08,1
John Van Tongeren,6.00775e-08,1
Burt Goldstein,6.00775e-08,1
Larry Groupé,6.00775e-08,1
浜口史郎,6.00775e-08,1
Sweet Mercy,6.00111e-08,3
Smokepurpp,5.96937e-08,1
nabil!,5.96937e-08,1
TOBYNOH,5.96937e-08,1
Panama,5.96937e-08,1
Noguchii,5.96937e-08,1
ikura,5.96937e-08,1
pxzvc,5.96937e-08,1
Semoothe,5.96937e-08,1
in the blue shirt,5.96937e-08,1
Kotton The Cutie,5.96937e-08,1
PENGUCCI,5.96937e-08,1
DarTokki,5.96937e-08,1
Mihka!,5.96937e-08,1
bo en,5.96937e-08,1
Graham Nash,5.96165e-08,2
Mathematicus,5.95149e-08,2
Johnny Clarke,5.94975e-08,2
Bonde do Rolê,5.94586e-08,1
Juiceboxxx,5.94586e-08,1
The Coup,5.94586e-08,1
Tecla,5.94586e-08,1
LOVE AND HATES,5.91579e-08,1
The Primitives,5.87272e-08,2
Klaus Kinski,5.87248e-08,1
Vader Abraham,5.87248e-08,1
椎名もた,5.85105e-08,16
Sour Gummy,5.83885e-08,1
Helix,5.83885e-08,1
Cybotron,5.81779e-08,4
AraabMuzik,5.81054e-08,2
Zeds Dead,5.81046e-08,2
Ikonika,5.8103e-08,1
Ruff Ryders,5.8103e-08,1
Lazy Jay,5.8103e-08,1
Drums of Death,5.8103e-08,1
Pearson Sound,5.8103e-08,1
Brenda & The Big Dudes,5.8103e-08,1
Boddika,5.8103e-08,1
Kay Kyser and His Orchestra,5.78518e-08,1
Chris Connor,5.78518e-08,1
Bobby Darin,5.78518e-08,1
Duke Pearson,5.78518e-08,1
Dee!,5.75971e-08,8
Latee,5.74604e-08,1
1st Infantry,5.74604e-08,1
Little River Band,5.70829e-08,1
Sheila E.,5.70296e-08,2
Jokers of the Scene,5.69588e-08,2
David Batiste,5.68931e-08,1
Edelweiss,5.66585e-08,1
iamerror,5.65748e-08,12
Tracy,5.65403e-08,5
Freddie Jackson,5.62838e-08,2
Regina Belle,5.62564e-08,2
Nona Hendryx,5.6254e-08,1
Eugene Wilde,5.6254e-08,1
Neil Norman and His Cosmic Orchestra,5.60114e-08,3
Japan,5.57057e-08,3
In Love With a Ghost,5.56566e-08,3
Corona,5.55254e-08,4
Dick Dale and His Del‐Tones,5.55138e-08,1
Hariharan,5.55138e-08,1
Berlin,5.55138e-08,1
Sexual Harrassment,5.55138e-08,1
Asin,5.55138e-08,1
Danzel,5.55138e-08,1
戸松遥,5.54359e-08,1
Family Dogg,5.49255e-08,1
Ken Boothe,5.49255e-08,1
Blancmange,5.49255e-08,1
Art Farmer,5.48268e-08,2
David Pomeranz,5.47201e-08,1
Clifford Brown,5.44679e-08,2
Bob Prescott,5.44335e-08,2
The Splash Band,5.44312e-08,1
PrinceWhateverer,5.43707e-08,2
Thomas Newman,5.42604e-08,22
Hubert Kah,5.42038e-08,4
Patti and the Lovelites,5.39719e-08,1
Soulkast,5.39719e-08,1
SgtScrubnoob,5.37265e-08,1
Not a Clever Pony,5.37255e-08,10
Astronaut,5.36842e-08,1
Fractal,5.36842e-08,1
Falcon Funk,5.36842e-08,1
北白川たまこ,5.36056e-08,4
Max Wright,5.34259e-08,1
Svix,5.34259e-08,1
DJ 最テー,5.34259e-08,1
Gec,5.34259e-08,1
Thomas Ferkol,5.34259e-08,1
Eston Schweickart,5.34259e-08,1
Solatrus,5.34259e-08,1
Sinister Psyche,5.34259e-08,1
Catboss.,5.34259e-08,1
Tristan Scroggins,5.34259e-08,1
David Dycus,5.34259e-08,1
Emalkay,5.29754e-08,2
Devin the Dude,5.27172e-08,1
Thelonious Monk,5.26632e-08,18
DJ Ten,5.26454e-08,1
Lazerhawk,5.26454e-08,1
Jasper Byrne,5.26454e-08,1
Young Robbery,5.25292e-08,1
Eruption,5.25215e-08,2
五條真由美,5.25038e-08,2
Teen Suicide,5.24744e-08,2
Frankie Knuckles,5.21714e-08,4
Edo.G,5.21311e-08,1
killedmyself,5.21311e-08,1
Ken Laszlo,5.20572e-08,6
Savage,5.20325e-08,5
Brian Ice,5.20283e-08,5
Kyau & Albert,5.18764e-08,4
上田雅美,5.18585e-08,2
Monodrone,5.17787e-08,5
DΛRKNΣSS,5.17612e-08,1
Paul van Dyk,5.17404e-08,4
Giuseppe Ottaviani,5.16712e-08,3
Alex M.O.R.P.H.,5.16347e-08,3
Sunlounger,5.16326e-08,2
Gaia,5.16326e-08,2
Markus Schulz,5.16326e-08,2
MaRLo,5.16326e-08,2
RAM,5.16326e-08,2
Ben Gold,5.16326e-08,2
Andrew Rayel,5.16326e-08,2
Aly & Fila,5.16326e-08,2
Solarstone,5.16326e-08,2
Goody Goody,5.14202e-08,1
Spacecraft,5.12454e-08,1
BiBi,5.12007e-08,3
NATURE,5.11985e-08,2
Cristina D’Avena,5.11985e-08,2
Neon,5.1012e-08,3
綾倉盟,5.09891e-08,5
Jermaine Stewart,5.09554e-08,1
King,5.09554e-08,1
Distance,5.08799e-08,3
David Grant,5.08687e-08,1
Dark Oscillators,5.08289e-08,1
川島基宏,5.08289e-08,1
พนม นพพร,5.08289e-08,1
Владимир Шаинский,5.08289e-08,1
ミト,5.07784e-08,2
小宮知子,5.07723e-08,2
社長,5.07701e-08,1
ゆよゆっぺ,5.07701e-08,1
Kaien,5.07701e-08,1
小林哲也,5.07701e-08,1
ATOLS,5.07701e-08,1
☆Taku Takahashi,5.07701e-08,1
Silkie,5.07606e-08,2
Thursday,5.07428e-08,1
Coheed and Cambria,5.07428e-08,1
It Dies Today,5.07428e-08,1
Funeral for a Friend,5.07428e-08,1
Dead Poetic,5.07428e-08,1
Every Time I Die,5.07428e-08,1
Matchbook Romance,5.07428e-08,1
mewithoutYou,5.07428e-08,1
Norma Jean,5.07428e-08,1
Alkaline Trio,5.07428e-08,1
Atreyu,5.07428e-08,1
Hopesfall,5.07428e-08,1
Saves the Day,5.07428e-08,1
Armor for Sleep,5.07428e-08,1
A Static Lullaby,5.07428e-08,1
Christopher Larkin,5.07371e-08,2
Joe Williams,5.0704e-08,3
Halozy,5.06043e-08,6
HoneyWorks,5.05608e-08,4
ナナホシ管弦楽団,5.05565e-08,2
Cheb Sahraoui & Chaba Fadela,5.05301e-08,2
Karen Finley,5.0528e-08,1
Chaz Jankel,5.0528e-08,1
MC Magic Max,5.0528e-08,1
Pigbag,5.0528e-08,1
Kym Mazelle,5.0528e-08,1
Paul Sharada,5.0528e-08,1
Louis Jordan and His Tympany Five,5.0502e-08,1
The Nat King Cole Trio,5.0502e-08,1
Caroline Rose,5.0344e-08,1
The All Seeing I,5.0344e-08,1
Air,5.0344e-08,1
Angus & Julia Stone,5.0344e-08,1
Rich Kidz,5.03004e-08,1
Savages,5.03004e-08,1
G Jones,5.0282e-08,13
Orchestre Lamoureux,5.02575e-08,1
しぐれうい,5.02262e-08,2
XXXLAF,5.01777e-08,1
Engelwood,5.00988e-08,1
KYONO,5.00988e-08,1
Hokusai,5.00874e-08,2
1788-L,5.00554e-08,2
LVWZ,5.00533e-08,1
ALVABEAT,5.00533e-08,1
Bad Proxy,5.00533e-08,1
One True God,5.00533e-08,1
INZO,5.00533e-08,1
Elk Road,5.00533e-08,1
Public Image Ltd,5.00248e-08,1
Incognito,4.98253e-08,2
Lionel Bart,4.98232e-08,1
Mystikal,4.98232e-08,1
Giga,4.96218e-08,6
Positive Force,4.91475e-08,2
C.J. & Co,4.91454e-08,1
Vicious Pink,4.91454e-08,1
Lill Lindfors,4.91454e-08,1
Cuba Gooding,4.91454e-08,1
David Soul,4.91454e-08,1
Gilbert O’Sullivan,4.91072e-08,1
New York City,4.89993e-08,2
Vladimir Cosma,4.88778e-08,2
Frida,4.88754e-08,1
Budgie,4.88754e-08,1
Sarah Slean,4.88754e-08,1
Oscar Rocchi’s Orchestra,4.88194e-08,1
Mass Production,4.86642e-08,2
Unlimited Touch,4.85761e-08,3
Chime,4.85712e-08,3
VØJ,4.85692e-08,2
RZRKT,4.85692e-08,2
Codd Dubz,4.85692e-08,2
Rebel Scum,4.85692e-08,2
CHYL,4.85692e-08,2
Cyclops,4.85692e-08,2
The Ones,4.85593e-08,1
nanobii,4.8542e-08,2
Prozzäk,4.84157e-08,1
Ruby Andrews,4.83483e-08,1
Jason Segel,4.82374e-08,1
Jennifer Holliday,4.79921e-08,10
Big Youth,4.79331e-08,1
Udo Lindenberg,4.77285e-08,2
Mechatok,4.75504e-08,1
Silkbless,4.75504e-08,1
桃井はるこ,4.74591e-08,2
パキラ,4.74571e-08,1
Sweet Exorcist,4.74433e-08,1
Anton Karas,4.72723e-08,2
John Cameron,4.66733e-08,1
Flamingosis,4.66733e-08,1
Bunny Wailer,4.66575e-08,2
The Skatalites,4.66555e-08,1
Mr. Sauceman,4.65504e-08,7
Beginner,4.64229e-08,2
2 in a Room,4.63567e-08,3
Yankees,4.63547e-08,2
Cartouche,4.63547e-08,2
Hypnoteck,4.63547e-08,2
Power Jam,4.63547e-08,2
Stefflon Don,4.62189e-08,1
IAMDDB,4.62189e-08,1
Tkay Maidza,4.62189e-08,1
The Guess Who,4.57237e-08,3
The Sabres of Paradise,4.5589e-08,4
Zbigniew Preisner,4.55735e-08,1
112,4.54239e-08,4
Tyrone Davis,4.54068e-08,1
Cyber People,4.51665e-08,5
서태지와 아이들,4.47172e-08,6
D-Tek,4.46968e-08,1
Victor Simonelli,4.46968e-08,1
All Boxed In,4.46968e-08,1
Bottom $,4.46968e-08,1
Dina Carroll,4.46968e-08,1
Sultana,4.46968e-08,1
Mindwarp,4.46968e-08,1
Soul Solution,4.46968e-08,1
The Good Strawberries,4.46968e-08,1
FKW,4.46968e-08,1
René et Gaston,4.46968e-08,1
Swordfish,4.46968e-08,1
Lisa B,4.46968e-08,1
Sandals,4.46968e-08,1
Gary Wright,4.45845e-08,2
Leonard Bernstein,4.41374e-08,12
Sly One,4.41139e-08,4
Lukas Foss,4.40912e-08,1
Kapelle So&So,4.39308e-08,1
A‐Trak,4.38655e-08,1
CLP,4.38655e-08,1
E‐Rotic,4.38615e-08,1
Paradisio,4.38615e-08,1
The Free,4.38615e-08,1
NEXENUS,4.38615e-08,1
Bea Pelea,4.38615e-08,1
The Rubber Band,4.37164e-08,1
Magnum,4.37164e-08,1
Bloodstone,4.36902e-08,2
Todd Rundgren,4.35363e-08,4
川井憲次,4.34337e-08,8
Laura Lee,4.33095e-08,1
August Alsina,4.33095e-08,1
Kool Moe Dee,4.33095e-08,1
Woods Empire,4.33095e-08,1
The Joy Formidable,4.33095e-08,1
The Marcels,4.33095e-08,1
Bobby Prince,4.31926e-08,2
東京アクティブNEETs,4.3022e-08,1
Eric Dolphy,4.29643e-08,1
Jack Wagner,4.29643e-08,1
Harvey Mandel,4.29643e-08,1
Sam Rivers,4.29643e-08,1
Parlet,4.29643e-08,1
The John Schroeder Orchestra,4.29643e-08,1
Eric Kloss,4.29643e-08,1
The String Cheese Incident,4.29245e-08,1
Freedom,4.26903e-08,3
DJ Tunez,4.25468e-08,1
SE7EN,4.25468e-08,1
DJ Paypal,4.25468e-08,1
Sipprell,4.25468e-08,1
Gheorghe Zamfir,4.24961e-08,2
Silvio Ecomo,4.23354e-08,2
AZALEA,4.22417e-08,3
DJ Duro,4.21944e-08,2
Celestaphone,4.21483e-08,2
Agent K,4.21466e-08,1
Pookah,4.21466e-08,1
Walt Barr,4.21466e-08,1
Killarmy,4.21466e-08,1
Miilkbone,4.21466e-08,1
Revelation Funk,4.21466e-08,1
Synergy,4.21466e-08,1
The Heliocentrics,4.21466e-08,1
The Inclinations,4.21466e-08,1
David Allan Coe,4.20106e-08,1
The Ramsey Lewis Trio,4.20007e-08,2
Nana Mouskouri,4.19384e-08,2
Stevie Hyper‐D,4.18142e-08,1
Wuki,4.18002e-08,2
Forrest,4.17499e-08,2
Françoise Hardy,4.14833e-08,2
Nox Arcana,4.14528e-08,2
Hyper Potions,4.14206e-08,1
Kaz Silver,4.14206e-08,1
Dennis Brown,4.13843e-08,2
Vera Lynn,4.13838e-08,2
The Brooklyn Bridge,4.12674e-08,3
Meshell Ndegeocello,4.11512e-08,1
Bob Seger,4.10581e-08,1
Simon Harris,4.10462e-08,1
Gary Walker & Rain,4.10462e-08,1
太田あすか,4.1029e-08,2
Leroy & the Drivers,4.06589e-08,1
John Ussery,4.06589e-08,1
The GA Gurlz,4.0645e-08,1
Halley Hard Sound Unit,4.06287e-08,1
Raw Silk,4.06233e-08,5
Tomcraft,4.05296e-08,6
The Gene Harris Quartet,4.0383e-08,1
Vernon Burch,4.03174e-08,5
Joachim Witt,4.03115e-08,3
The Flirts,4.00955e-08,3
Wet,4.00874e-08,1
Carl Craig,4.00874e-08,1
Frank O'Hara,3.99975e-08,1
Years,3.99975e-08,1
Leon Fleisher,3.99975e-08,1
Scott Tuma,3.99975e-08,1
Chris Smith,3.99975e-08,1
Bing & Ruth,3.99975e-08,1
Jan Lisiecki,3.99975e-08,1
The Newark Balkan Chorus,3.99975e-08,1
Valley of the Giants,3.99975e-08,1
Irma Thomas,3.99975e-08,1
Paul de Jong,3.99975e-08,1
Yann Tiersen,3.99975e-08,1
Lisa Mitchell,3.99975e-08,1
Jonny Greenwood,3.99975e-08,1
Cyrus Rego,3.99975e-08,1
The Ink Spots,3.99975e-08,1
Thomas de Hartmann,3.99975e-08,1
Otto A. Totland,3.99975e-08,1
James Horner,3.99193e-08,1
Kenny Barron,3.98834e-08,1
Jonathan Richman,3.98834e-08,1
Veda Simpson,3.98834e-08,1
Zoom,3.98834e-08,1
Fanfare Ciocărlia,3.98834e-08,1
The Selecter,3.98834e-08,1
Bolivar,3.98834e-08,1
ThatSonofaMitch,3.98085e-08,2
TO-MAS SOUNDSIGHT FLUORESCENT FOREST,3.98069e-08,1
Aloka,3.94373e-08,3
El Tri,3.94295e-08,1
Wilfred y La Ganga,3.94295e-08,1
Koto,3.9039e-08,5
Valerie Dore,3.90278e-08,6
Hipnosis,3.90213e-08,4
Joe Yellow,3.90196e-08,3
Emma Gelotte,3.89912e-08,1
فريد الأطرش,3.87677e-08,2
"Choir of King’s College, Cambridge",3.87677e-08,2
Cliff Bennett & the Rebel Rousers,3.87661e-08,1
Tokyo Ghetto Pussy,3.87229e-08,2
EFM-7,3.87213e-08,1
Bad Habit Boys,3.87213e-08,1
Μίκης Θεοδωράκης,3.87213e-08,1
Michael Franks,3.86427e-08,3
Society London,3.85524e-08,1
Yunus Güvenen,3.85524e-08,1
Cosmic Baby,3.85524e-08,1
Ashtrax,3.85524e-08,1
Slacker,3.85524e-08,1
House of 909,3.85524e-08,1
Starecase,3.85524e-08,1
Jean-Phillippe Aviance,3.85524e-08,1
030,3.85524e-08,1
Coco Da Silva,3.85524e-08,1
DJ Q,3.85524e-08,1
David Alvarado,3.85524e-08,1
Schlachthofbronx,3.83865e-08,2
Alicef,3.83294e-08,5
Trolley Snatcha,3.82191e-08,2
Future 2000,3.81635e-08,1
Tapp,3.81635e-08,1
The Jaggerz,3.81635e-08,1
Python Lee Jackson,3.81635e-08,1
Lucero,3.81635e-08,1
Naja Rosa,3.81635e-08,1
Cayucas,3.81635e-08,1
Conro,3.80668e-08,3
Rozalla,3.79354e-08,2
Black Moon,3.79052e-08,2
Inspectah Deck,3.76158e-08,3
Trivecta,3.75417e-08,2
Half an Orange,3.75417e-08,2
Kage,3.75402e-08,1
Protostar,3.75402e-08,1
Throttle,3.75402e-08,1
Rogue,3.75402e-08,1
Justin Hawkes,3.75402e-08,1
Nonsens,3.75402e-08,1
FWLR,3.75402e-08,1
Kumarion,3.75402e-08,1
Good Times Ahead,3.75402e-08,1
Curbi,3.75402e-08,1
Naderi,3.75402e-08,1
Dexter King,3.75402e-08,1
Subtact,3.75402e-08,1
Daktyl,3.75402e-08,1
Slowpalace,3.75402e-08,1
Saint Punk,3.75402e-08,1
SMLE,3.75402e-08,1
Duumu,3.75402e-08,1
Drinks On Me,3.75402e-08,1
Droptek,3.75402e-08,1
Terry Zhong,3.75402e-08,1
TYNAN,3.75402e-08,1
Effin,3.75402e-08,1
Masayoshi Iimori,3.75402e-08,1
Drop the Lime,3.75183e-08,2
Black Noise,3.75168e-08,1
Me Me Me,3.75168e-08,1
Keith & Supabeatz,3.75168e-08,1
High Rankin,3.75168e-08,1
The Stunned Guys,3.75168e-08,1
Genghis Clan,3.75168e-08,1
Nic Sarno,3.75168e-08,1
His Majesty Andre,3.75168e-08,1
Marshall Masters,3.75168e-08,1
Freddo Fuori,3.75168e-08,1
Burro Banton,3.75168e-08,1
Lars Moston,3.75168e-08,1
Romanthony's Nightvision,3.75168e-08,1
Lazy Ants,3.75168e-08,1
Broke One,3.75168e-08,1
Clarence Reid,3.74814e-08,1
Ju-Par Universal Orchestra,3.74814e-08,1
Ara Tokatlián,3.74814e-08,1
UK Apachi,3.74559e-08,2
Surface,3.73637e-08,1
India,3.73593e-08,5
The Harvey Averne Dozen,3.73375e-08,2
Intimate Strangers,3.73359e-08,1
Oliver Sain,3.73343e-08,1
The Gaturs,3.73343e-08,1
Joff Bush,3.72839e-08,1
BogTroTTeR,3.7275e-08,1
Underground Resistance,3.72607e-08,3
Singing Sweet,3.72574e-08,1
Egotrip,3.72574e-08,1
Yaki-Da,3.72215e-08,1
Pluto Shervington,3.72215e-08,1
Mauro Pilato,3.72215e-08,1
Goldilox,3.72215e-08,1
Maria de Medeiros,3.72215e-08,1
Farley Jackmaster Funk,3.72215e-08,1
İlhan İrem,3.72215e-08,1
100. debija,3.72215e-08,1
The Twinkle Brothers,3.72215e-08,1
Harajuku,3.72215e-08,1
Big Pun,3.7178e-08,3
Richard Hill,3.71016e-08,2
Denny Jaeger,3.70758e-08,1
Emma Pittman,3.69884e-08,1
Kurt Carr Project,3.69808e-08,1
Cherrelle,3.69606e-08,5
Melba Moore,3.68774e-08,3
Paris Texas,3.6875e-08,1
Little Snake,3.6875e-08,1
Jana Rush,3.6875e-08,1
Průvan,3.6875e-08,1
Ani Klang,3.6875e-08,1
KAVARI,3.6875e-08,1
Drone,3.6875e-08,1
Kruse & Nürnberg,3.66837e-08,4
Dense & Pika,3.66699e-08,1
Semiotics,3.66699e-08,1
Py,3.66699e-08,1
Archie Pelago,3.66699e-08,1
Pedro Mercado,3.66699e-08,1
Omar,3.66699e-08,1
Jackname Trouble,3.66699e-08,1
Claire,3.66699e-08,1
Jaymo & Andy George,3.66699e-08,1
Magic Eye,3.66699e-08,1
Villa,3.66699e-08,1
Kölsch,3.66699e-08,1
Siedah Garrett,3.65623e-08,5
Loose Joints,3.65557e-08,2
Alexia,3.6551e-08,1
The Seeds,3.61667e-08,1
Aurora,3.60089e-08,2
Planet Perfecto,3.60073e-08,1
Tru Faith,3.60073e-08,1
Inaya Day,3.60073e-08,1
DJ Jean,3.58906e-08,2
BitBeam,3.56737e-08,2
ADC Band,3.55527e-08,1
Sun,3.55527e-08,1
Air Supply,3.54948e-08,1
Don Felder,3.54948e-08,1
’Til Tuesday,3.54948e-08,1
川上泰広,3.52327e-08,1
笹井隆司,3.52327e-08,1
G. Dep,3.50819e-08,1
沢井美空,3.50815e-08,1
Azad,3.50429e-08,3
Fishbone,3.5036e-08,2
Buju Banton,3.49392e-08,1
King Krule,3.49118e-08,1
Davy DMX,3.48483e-08,2
ココ,3.48365e-08,2
Baircave,3.48279e-08,1
Michael Masser,3.47488e-08,2
José José,3.43604e-08,1
The Mighty Tomcats,3.43604e-08,1
Aqours,3.42389e-08,3
Lord Tariq & Peter Gunz,3.41103e-08,2
Falling in Reverse,3.40633e-08,1
千昌夫,3.40626e-08,1
Timothy Leary,3.40388e-08,1
Jéan-Claude T.,3.40388e-08,1
Melissa,3.39496e-08,1
のみこ,3.39088e-08,2
Antibalas,3.36002e-08,1
Cindy Gibson,3.36002e-08,1
The 21st Century,3.36002e-08,1
The Sheppards,3.36002e-08,1
Houz' Mon,3.33884e-08,1
"Wood, Brass & Steel",3.33884e-08,1
Cris MJ,3.30287e-08,1
Matthew Dear,3.29434e-08,1
Margie Joseph,3.28862e-08,2
Gong,3.28862e-08,2
BANKS,3.28829e-08,2
D1,3.28652e-08,2
Keyboard Cat,3.28288e-08,1
Medicine,3.27107e-08,1
D.I.M.,3.26168e-08,1
Renaldo Domino,3.26168e-08,1
Bilderbuch,3.23676e-08,2
Francis Lai,3.23306e-08,7
Dancing Fantasy,3.23267e-08,3
Jocelyn Brown,3.22464e-08,3
The Clovers,3.22151e-08,1
The Blow,3.22151e-08,1
Stormzy,3.21811e-08,3
Rustie,3.21784e-08,1
C A R V E L L,3.21784e-08,1
DJ Diamond Kuts,3.21784e-08,1
The Futures,3.19888e-08,1
Linda Lyndell,3.19006e-08,1
Badawi,3.18352e-08,2
Augustus Pablo,3.18135e-08,1
Hijak,3.17704e-08,2
J.M. Silk,3.17297e-08,1
dBridge,3.1651e-08,1
The Black Ghosts,3.1651e-08,1
Trevor Jones,3.16443e-08,1
Petula Clark,3.16443e-08,1
Herizen,3.15683e-08,1
The Bulgarian Voices Angelite,3.15157e-08,3
Ideal,3.148e-08,2
Derrick Harriott,3.14562e-08,1
Bromley,3.09793e-08,4
Mimmo Mix,3.096e-08,2
Ray Volpe,3.07856e-08,2
外神田文芸高校,3.07511e-08,5
Learke,3.07395e-08,1
Fortye,3.07395e-08,1
Vicarious Visions Audio,3.07382e-08,1
Compulsion,3.07382e-08,1
Eric B.,3.05808e-08,1
The Real Roxanne,3.05808e-08,1
MC Boob,3.05808e-08,1
Kiynaria,3.01007e-08,2
SampliFire,3.00832e-08,2
The Beachles,3.00694e-08,1
Charles Wright,3.00596e-08,2
DRS,3.00571e-08,1
JoinedTheHerd,3.00554e-08,2
The Brothers Grimm,2.95144e-08,1
The Martian,2.95144e-08,1
Urban Soul,2.95144e-08,1
The B.B. & Q. Band,2.95144e-08,1
The Propositions,2.95013e-08,1
The Loading Zone,2.95013e-08,1
YZ,2.95013e-08,1
Lou Bond,2.94444e-08,1
&I,2.91195e-08,1
Archie,2.91195e-08,1
PNAU,2.90577e-08,2
Salut c’est cool,2.88218e-08,2
Joanna Law,2.8705e-08,3
fromis_9,2.8665e-08,2
The Hues Corporation,2.86391e-08,1
Shirley & Company,2.86391e-08,1
Donae’o,2.86297e-08,1
Momma's Boy,2.86297e-08,1
Markus Price & Carli,2.86297e-08,1
Zombies for Money,2.86297e-08,1
92 Eternal,2.86297e-08,1
Dan Hill,2.8619e-08,1
Nona Gaye,2.85148e-08,1
Les Bikers,2.84199e-08,1
kulor,2.84199e-08,1
VinRouge,2.84199e-08,1
Musique Chienne,2.84199e-08,1
Clapman,2.84199e-08,1
Bleu Nuage,2.84199e-08,1
Christiana Chappet,2.84199e-08,1
築山さえ,2.82934e-08,5
Pretty Lights,2.82683e-08,25
JT Company,2.81344e-08,1
MILLENNIUM PARADE,2.80522e-08,2
Diamond and The Psychotic Neurotics,2.80306e-08,3
Hausmarke,2.79915e-08,1
Olympic Runners,2.79776e-08,1
John Surman,2.79776e-08,1
Tom Zé,2.7962e-08,1
The Ebonys,2.7962e-08,1
Andrew Sega,2.79456e-08,1
チト,2.77794e-08,5
Little Boots,2.76891e-08,1
Pepper Coyote,2.75635e-08,1
Ras Michael & The Sons of Negus,2.74342e-08,2
S. E. Rogie,2.73851e-08,1
Tela,2.73421e-08,1
Rodrigo Amarante,2.73421e-08,1
Jimmy Shand and His Band,2.73409e-08,1
LOVELI LORI,2.73196e-08,1
DJ Drobitussin,2.72471e-08,1
Zack de la Rocha,2.72339e-08,1
Shaquille O’Neal,2.72339e-08,1
Renée Elise Goldsberry,2.7132e-08,3
"Leslie Odom, Jr.",2.71308e-08,2
The Three Stooges,2.71108e-08,1
Ray Conniff,2.71108e-08,1
Edgar Froese,2.70645e-08,2
Chip tha Ripper,2.70056e-08,1
Tony Domenico,2.70056e-08,1
BamBam Babylon Bajasch,2.6968e-08,1
Mic Geronimo,2.68621e-08,2
Way Out West,2.67651e-08,2
The Anything Muppets,2.67593e-08,1
Saucerpan,2.66899e-08,1
smn,2.66899e-08,1
Lizzy Mercier Descloux,2.66866e-08,2
Le 3ème Œil,2.66842e-08,2
Sat l'artificier,2.66842e-08,2
Bill Hicks,2.66352e-08,3
m‐flo,2.65284e-08,12
Duster,2.65146e-08,3
Acidgvrl,2.65101e-08,1
Rockers Revenge,2.64695e-08,2
sasakure.UK,2.64681e-08,1
L.E.D.-G,2.63585e-08,2
ぺのれり,2.63574e-08,1
Ебанько,2.63264e-08,1
Станислав Костюшкин,2.63264e-08,1
Lou Grant,2.63264e-08,1
Roch Voisine,2.63242e-08,1
Billie Holiday and Her Orchestra,2.62608e-08,1
Station Earth,2.61882e-08,2
Gary Puckett & the Union Gap,2.6186e-08,1
Lisa Stansfield,2.61667e-08,2
Supersax,2.61656e-08,1
Coleman Hawkins’ Swing Four,2.61656e-08,1
Movement in the City,2.61656e-08,1
Ronnie Aldrich,2.61656e-08,1
Baby’s Gang,2.60491e-08,6
Duke Lake,2.60442e-08,4
Andain,2.60314e-08,2
Alan Ross,2.60286e-08,3
J.D. Jaber,2.60286e-08,3
Doctor’s Cat,2.60131e-08,2
Derek Simon,2.60131e-08,2
Miko Mission,2.60131e-08,2
Helen,2.60131e-08,2
Scotch,2.60131e-08,2
Kinky Go,2.60131e-08,2
Camaro's Gang,2.60131e-08,2
The Creatures,2.60131e-08,2
P. Lion,2.60131e-08,2
Alan Barry,2.60131e-08,2
Albert One,2.60131e-08,2
Italian Boys,2.60131e-08,2
Martinelli,2.60131e-08,2
Laserdance,2.60131e-08,2
Fun Fun,2.60131e-08,2
DJ Scissorkicks,2.60023e-08,1
Rayvon,2.60023e-08,1
Diamond Messages,2.60023e-08,1
Depone,2.60023e-08,1
Tina Malia,2.60023e-08,1
RoughSketch,2.59546e-08,3
Steven McNair,2.59293e-08,1
Photon Maiden,2.59145e-08,3
Omnia,2.58549e-08,2
Shogun,2.58218e-08,2
Matt Darey,2.58206e-08,3
Simon Patterson,2.58206e-08,3
Plastic Boy,2.58206e-08,3
Funabashi,2.58174e-08,2
Binary Finary,2.58174e-08,2
Arksun,2.58163e-08,1
Luminary,2.58163e-08,1
Pulser,2.58163e-08,1
Ridgewalkers,2.58163e-08,1
Yuri Kane,2.58163e-08,1
Bobina,2.58163e-08,1
cut_,2.58163e-08,1
System F,2.58163e-08,1
Photographer,2.58163e-08,1
Allen Watts,2.58163e-08,1
DJ’s United,2.58163e-08,1
Super8,2.58163e-08,1
Davey Asprey,2.58163e-08,1
Jorn van Deynhoven,2.58163e-08,1
Thomas Bronzwaer,2.58163e-08,1
Planet Perfecto Knights,2.58163e-08,1
Mike Foyle,2.58163e-08,1
Karen Overton,2.58163e-08,1
Adam White,2.58163e-08,1
8 Wonders,2.58163e-08,1
Sebastian Brandt,2.58163e-08,1
Sonic Inc.,2.58163e-08,1
DJ Shah,2.58163e-08,1
Richard Durand,2.58163e-08,1
Hilight Tribe,2.58163e-08,1
The Blizzard,2.58163e-08,1
Key4050,2.58163e-08,1
Veracocha,2.58163e-08,1
土師一雄,2.57635e-08,2
Fastway,2.57485e-08,2
Soul Swing,2.57343e-08,1
X-Men,2.57343e-08,1
i‐dle,2.56003e-08,2
AXiS,2.55993e-08,1
angela,2.55993e-08,1
ANS,2.55993e-08,1
DREAMCATCHER,2.55993e-08,1
YENA,2.55993e-08,1
AtHeart,2.55993e-08,1
八奈見杏菜,2.55993e-08,1
T‐ARA,2.55993e-08,1
Saint Snow,2.55993e-08,1
APRIL,2.55993e-08,1
Homeschool Dropouts,2.55993e-08,1
LONGMAN,2.55993e-08,1
さユり,2.55993e-08,1
HOT PLACE,2.55993e-08,1
Sol Bontempi,2.55993e-08,1
西川貴教,2.55993e-08,1
Ural 13 Diktators,2.55444e-08,1
G-REX,2.55265e-08,8
Time Zone,2.54401e-08,1
Srav3R,2.53399e-08,4
ESTi,2.5298e-08,5
シャロ,2.52878e-08,4
妖精帝國,2.52804e-08,3
桃黒亭一門,2.52793e-08,2
Ocelot,2.52783e-08,1
DJ TOTTO,2.52783e-08,1
＊なみりん,2.52783e-08,1
つなまる,2.52783e-08,1
はな,2.52783e-08,1
9mm Parabellum Bullet,2.52783e-08,1
U1 overground,2.52783e-08,1
和楽器バンド,2.52783e-08,1
鈴木康純,2.52783e-08,1
seleP,2.52783e-08,1
kradness,2.52783e-08,1
にーそっくすす,2.52783e-08,1
Imperial Circus Dead Decadence,2.52783e-08,1
Dunproofin’,2.52691e-08,2
Divide & Kreate,2.52691e-08,2
Кино,2.51977e-08,1
Eddie Cantor,2.50944e-08,1
Sharon Jones and the Dap‐Kings,2.5088e-08,2
Gordotoloko,2.50712e-08,1
Sanaas,2.49727e-08,2
Empty Blue,2.49654e-08,1
femtanyl,2.49654e-08,1
lafew,2.49654e-08,1
DreamWeaver,2.49654e-08,1
Gutterpink,2.49654e-08,1
nihigo,2.49654e-08,1
Zinc,2.47752e-08,1
Mary Elizabeth Frye,2.46814e-08,1
Marian Anderson,2.46814e-08,1
Thirteen Senses,2.46814e-08,1
Dear Reader,2.46814e-08,1
Londonbeat,2.45552e-08,1
DJ Die,2.45069e-08,7
Rosa Walton,2.44556e-08,3
Pooh Shiesty,2.43727e-08,1
Jack Harlow,2.43727e-08,1
Rappy,2.43639e-08,1
ELLEGARDEN,2.4333e-08,1
nano.RIPE,2.4333e-08,1
Rhodanthe*,2.4333e-08,1
情報処理部,2.4333e-08,1
grape milk,2.4331e-08,2
Remo-con,2.433e-08,1
ATLiens,2.42846e-08,1
Vikkstar,2.42846e-08,1
Rival,2.42846e-08,1
Jason Ross,2.42846e-08,1
Spag Heddy,2.42846e-08,1
Psy Trance Mafia,2.42846e-08,1
Moss,2.42846e-08,1
Andromedik,2.42846e-08,1
Jonth,2.42846e-08,1
ROY KNOX,2.42846e-08,1
Gammer,2.42846e-08,1
GG Magree,2.42846e-08,1
AVANCE,2.42846e-08,1
Afinity,2.42846e-08,1
The Fairlanes,2.42846e-08,1
nuphory,2.42846e-08,1
Modestep,2.42846e-08,1
Arcando,2.42846e-08,1
AYYBO,2.42772e-08,2
Pasteur Lappé,2.42772e-08,2
Workidz,2.42762e-08,1
Kyle Watson,2.42762e-08,1
Shakedown,2.42762e-08,1
Supershy,2.42762e-08,1
Bauhouse,2.42762e-08,1
Titeknots,2.42762e-08,1
Golden Features,2.42762e-08,1
POOLCLVB,2.42762e-08,1
Enzo is Burning,2.42762e-08,1
Alan Braxe & Fred Falke,2.42762e-08,1
Azrael‐II,2.42574e-08,1
Black Dresses,2.42574e-08,1
Mireille Mathieu,2.42036e-08,2
Wayne Smith,2.41664e-08,3
Rhythm Scholar,2.40328e-08,1
Copycat,2.40328e-08,1
Nachoman,2.40328e-08,1
Bobby Cook & The Explosions,2.4012e-08,1
Heinz Funk,2.4012e-08,1
Barney McAll,2.4012e-08,1
Tati Quebra Barraco,2.4009e-08,1
Leslie Bricusse,2.39317e-08,1
Jim Messina,2.39317e-08,1
Malique,2.39301e-08,5
Feather,2.38931e-08,1
TCB,2.38931e-08,1
strigidae,2.38931e-08,1
Nicole Dollanganger,2.38106e-08,1
MYTH & ROID,2.38106e-08,1
Poppy,2.38106e-08,1
Carl Carlton,2.3711e-08,3
Raphael Ravenscroft,2.34498e-08,1
la pumpkin,2.32727e-08,1
Esperanto,2.32081e-08,1
Peaches & Herb,2.31452e-08,1
American Cream Team,2.31452e-08,1
Martine Girault,2.31452e-08,1
Torch,2.28503e-08,2
The Users,2.28332e-08,1
Thanatos,2.28332e-08,1
IAMTHEKIDYOUKNOWWHATIMEAN,2.28152e-08,1
Dem Hoodstarz,2.27936e-08,1
Kiz,2.27215e-08,1
ヲタみん,2.26161e-08,2
Xavier,2.26145e-08,1
CobaltBW,2.26145e-08,1
Dobie Gray,2.25606e-08,1
ANGELGUTZ,2.25131e-08,1
Steve Reich and Musicians,2.24244e-08,8
Ralph MacDonald,2.24007e-08,2
Skapes,2.22005e-08,2
Mij Mack,2.22005e-08,2
Luke Abbott,2.21586e-08,2
Hugo Montenegro and His Orchestra,2.2149e-08,2
レム,2.21458e-08,1
Hijrah,2.21331e-08,1
Margeeah,2.21331e-08,1
The Fabulous Five Inc.,2.20936e-08,1
Zander,2.19134e-08,2
Robert Fripp,2.19006e-08,5
Nurse With Wound,2.18859e-08,1
Ghost,2.18859e-08,1
Jessica Bailiff,2.18859e-08,1
Mark Knopfler,2.18859e-08,1
Heaven 17,2.18859e-08,1
Five Way Mirror,2.18859e-08,1
Boom Bip,2.18859e-08,1
Trisomie 21,2.18859e-08,1
Telephone Jim Jesus,2.18859e-08,1
Robert Schroeder,2.18859e-08,1
Alvin Curran,2.18859e-08,1
AKI,2.17941e-08,3
Childs,2.16922e-08,1
Calexico,2.16922e-08,1
Deadbeat,2.16922e-08,1
christ.,2.16922e-08,1
Dirty Elegance,2.16922e-08,1
Chocolate,2.15996e-08,1
Brian May,2.15996e-08,1
Barack Obama,2.15996e-08,1
Pages,2.15511e-08,2
Side Effect,2.15398e-08,1
Subscape,2.15379e-08,3
Ojos de Brujo,2.13793e-08,1
Bukka White,2.13793e-08,1
Landlord,2.13722e-08,5
Sounds of Blackness,2.13578e-08,1
Country & Western,2.13578e-08,1
Dr. Atomic,2.13578e-08,1
DJ’s Rule,2.13578e-08,1
KIZAN518,2.13477e-08,9
Seventh Wave,2.13112e-08,2
Brennan Heart,2.10972e-08,1
Michael Henderson,2.10874e-08,3
Tito “El Bambino”,2.10502e-08,3
Ken Nordine,2.10179e-08,2
徳山秀典,2.09808e-08,2
Lani Hall,2.09692e-08,1
The Black Crowes,2.09692e-08,1
Masters of Reality,2.09692e-08,1
John Rowles,2.09692e-08,1
Atlantic Ocean,2.09692e-08,1
Gallagher & Lyle,2.09692e-08,1
Sounds Orchestral,2.09692e-08,1
Scars,2.09692e-08,1
Albert Hammond,2.09692e-08,1
Peter Reveen,2.09692e-08,1
R.T.Z.,2.09353e-08,2
Hardwe're,2.09017e-08,1
Shabazz the Disciple,2.09017e-08,1
COM.A,2.08791e-08,1
Amiri Baraka,2.08791e-08,1
森川由加里,2.08749e-08,1
オメガトライブ,2.08749e-08,1
Attitude,2.08749e-08,1
? and the Mysterians,2.08673e-08,1
Chimo Bayo,2.08673e-08,1
Phenomania,2.08673e-08,1
Frequency,2.08619e-08,1
Terra Incognita,2.08619e-08,1
De Lite,2.08619e-08,1
JMSN,2.05096e-08,1
100s,2.05096e-08,1
The Memphis Horns,2.04862e-08,1
Zed Bias,2.03754e-08,2
The Flying Lizards,2.02847e-08,2
奥井雅美,2.02736e-08,3
Nina Hagen,2.01369e-08,2
ALBATROSICKS,1.9986e-08,5
Donald Mclaughlin,1.99547e-08,1
Γιώργος Χατζηνάσιος,1.99426e-08,1
Young Koop,1.99426e-08,1
Dynasty,1.99274e-08,2
Yamajet,1.99081e-08,1
Nathan Abshire,1.97682e-08,1
Handsome Boy Modeling School,1.9733e-08,2
Liquid Gold,1.96077e-08,2
飯島真理,1.95219e-08,3
川田妙子,1.95186e-08,1
ダ・カーポ,1.95186e-08,1
松澤由美,1.95186e-08,1
伊藤さやか,1.95186e-08,1
中司雅美,1.95186e-08,1
ロビン,1.95186e-08,1
沢城みゆき,1.95186e-08,1
B.G.,1.95067e-08,1
Hot Boy$,1.95067e-08,1
Jonathan Toth,1.94817e-08,1
Sunny Hilden,1.93213e-08,1
Odyssey,1.92545e-08,1
Extrabreit,1.92012e-08,5
Die Doraus & Die Marinas,1.91985e-08,3
Chelsea Wolfe,1.91829e-08,2
angelworm,1.91264e-08,1
Perto,1.91264e-08,1
tdf,1.91264e-08,1
zootzie,1.91264e-08,1
Borgore,1.91104e-08,2
Rotteen,1.91097e-08,2
Jinder,1.91096e-08,1
Monstar,1.91096e-08,1
DJ Sneak,1.91096e-08,1
The Others,1.91096e-08,1
Ras Kass,1.91096e-08,1
Flinch,1.91096e-08,1
Datsik,1.91096e-08,1
Statelapse,1.91096e-08,1
Noah D,1.91096e-08,1
Recloose,1.90762e-08,1
African Project,1.90762e-08,1
Nancy Martinez,1.90762e-08,1
Ian Klug,1.88564e-08,1
Sean Szeles,1.88564e-08,1
Elisa,1.88542e-08,3
Dash Berlin,1.88533e-08,5
Frankie Bones,1.88147e-08,2
Martin Circus,1.88081e-08,1
DVA,1.87482e-08,2
Michael Riesman,1.87192e-08,4
ゆうゆ,1.86759e-08,3
4s4ki,1.86568e-08,2
aldrch,1.8656e-08,1
EDWARD(我),1.8656e-08,1
Jamie Principle,1.86161e-08,3
Jamalski,1.86145e-08,1
Jason Load,1.86145e-08,1
Brainstorm,1.86145e-08,1
Doc Severinsen,1.86056e-08,1
Arthur Prysock,1.86056e-08,1
D.O.K,1.85265e-08,3
Bad Boombox,1.84924e-08,1
DJ Wonder,1.84806e-08,1
Ghetts,1.84806e-08,1
Scratchy,1.84806e-08,1
Plastician,1.84806e-08,1
DJ NG,1.84806e-08,1
N-Type,1.84806e-08,1
DL,1.84806e-08,1
Magnetic Man,1.84806e-08,1
Headhunter,1.84806e-08,1
Fingaprint,1.84806e-08,1
Woody Guthrie,1.84414e-08,2
Lester Flatt & Earl Scruggs,1.84406e-08,1
Chris Barber,1.84313e-08,1
Denyo,1.84313e-08,1
Wallace Collection,1.84313e-08,1
Fischmob,1.84313e-08,1
Véronique Sanson,1.84229e-08,1
Masego,1.83607e-08,1
Fresh 3 MC’s,1.83012e-08,2
Korallreven,1.82027e-08,1
Harry Belafonte,1.82027e-08,1
SHIKI,1.80867e-08,23
Vince Tempera,1.79527e-08,1
flashygoodness,1.78369e-08,1
Temper,1.77085e-08,2
Alice Clark,1.76934e-08,1
鈴木広志,1.76934e-08,1
U.N.L.V.,1.76934e-08,1
Spliff,1.75919e-08,2
UKW,1.75867e-08,2
DJ Noriken,1.75716e-08,1
Hybrid Theory,1.7524e-08,1
Alex Session,1.7524e-08,1
Mister Parker,1.7524e-08,1
Joey McCrilley,1.7524e-08,1
Leda Stray,1.7524e-08,1
The Feels,1.7524e-08,1
Urbani,1.7524e-08,1
Wish,1.74031e-08,2
Rammellzee,1.74023e-08,1
Tucker Smith,1.74023e-08,1
Desmond Child,1.74023e-08,1
Funk Masters,1.73814e-08,1
Bas Noir,1.73814e-08,1
Alex Lee,1.73814e-08,1
Fierce Ruling Diva,1.72849e-08,2
Tim Follin,1.72201e-08,3
Andy Taylor,1.72168e-08,1
ayame,1.72019e-08,3
Polyphonix,1.72019e-08,3
Jack Marshall,1.70609e-08,1
DALI,1.70137e-08,1
美里,1.69551e-08,2
nachi,1.69544e-08,1
三澤秋,1.69544e-08,1
しほり,1.69544e-08,1
East,1.69272e-08,2
Buck 65,1.69265e-08,1
Lucio Battisti,1.69265e-08,1
Shirley Brown,1.69265e-08,1
Kaisa,1.69178e-08,1
Act 1,1.67965e-08,1
miraie,1.67781e-08,3
Winchester Cathedral Choir,1.67295e-08,1
Hildegard von Bingen,1.67295e-08,1
Anonymous 4,1.67295e-08,1
Labba,1.66181e-08,1
Big K.R.I.T.,1.66181e-08,1
DJ RaMeMes,1.66181e-08,1
B-Lovee,1.66181e-08,1
The Winans,1.66181e-08,1
IShowSpeed,1.66181e-08,1
Kilians,1.6558e-08,1
Drik de Bruijn,1.65006e-08,3
Larry Williams,1.64799e-08,2
Randy Crawford,1.64792e-08,1
Manfred Hübler,1.64372e-08,2
Villy,1.64072e-08,1
AlunaGeorge,1.63807e-08,2
Triple Discharge,1.638e-08,1
Lucio Dalla,1.63415e-08,1
Jowell & Randy,1.6312e-08,4
Coast to Coast,1.62516e-08,1
Аида Ведищева,1.61673e-08,1
Paul Mauriat et son orchestre,1.61301e-08,2
We Have Band,1.61296e-08,1
Jah Screechy,1.61109e-08,2
Asia,1.60614e-08,3
Kaiti Kink Ensemble,1.60213e-08,1
Nastya Lisa,1.60213e-08,1
MORGENSHTERN,1.60213e-08,1
Blvckholes,1.60213e-08,1
Нервы,1.60213e-08,1
Ірина Білик,1.60213e-08,1
MilleniumKid,1.60213e-08,1
Kabin Crew,1.60213e-08,1
Марионетка,1.60213e-08,1
Snow Banks,1.60159e-08,1
Femi Kuti,1.57645e-08,2
"Bob Crane, His Drums and Orchestra",1.56093e-08,1
Astral & Shit,1.55863e-08,5
Starvue,1.54132e-08,1
Synthis,1.53727e-08,1
Cats Millionaire,1.53727e-08,1
Mesogears,1.53727e-08,1
Monk Montgomery,1.53542e-08,1
Kansas City Express,1.53035e-08,2
LunyAlex,1.50503e-08,1
Diabarha,1.50342e-08,4
Corey Feldman,1.50285e-08,1
Tameka Starr,1.50085e-08,1
J Majik,1.50085e-08,1
みとせのりこ,1.49705e-08,2
相対性理論,1.49532e-08,4
Spanky & Our Gang,1.49309e-08,1
Leonardo Favio,1.49309e-08,1
Parque en el Espacio,1.49309e-08,1
Juicy,1.49117e-08,1
Deux,1.49026e-08,1
Marius Våreid,1.48596e-08,1
Laura Jones,1.48596e-08,1
Kim Ann Foxman,1.48596e-08,1
Miguel Campbell,1.48596e-08,1
Crazy P,1.48596e-08,1
Bonar Bradberry,1.48596e-08,1
Cosmic Kids,1.48596e-08,1
Greymatter,1.48596e-08,1
a/jus/ted,1.48596e-08,1
Satin Jackets,1.48596e-08,1
Francesca Lombardo,1.48596e-08,1
Lazaro Casanova,1.48596e-08,1
Monte,1.48596e-08,1
Motorcitysoul,1.48596e-08,1
Edward H. Dafis,1.48141e-08,5
Texas Radio Band,1.48042e-08,1
MC Mabon,1.48042e-08,1
Baobinga,1.44684e-08,1
Machines Don't Care,1.44684e-08,1
Li’ll Bo Tweak,1.44684e-08,1
Audiofly,1.44684e-08,1
Nacho Lovers,1.44684e-08,1
DJ Rob3,1.44684e-08,1
DJ Rush,1.44684e-08,1
Sawtooth Sucka,1.44684e-08,1
Fairmont,1.44684e-08,1
Bumblebeez,1.44684e-08,1
zircon,1.42632e-08,11
澤和雄,1.42548e-08,1
山岸継司,1.42548e-08,1
鈴木達郎,1.42548e-08,1
木村明美,1.42548e-08,1
LOLI RIPE,1.42373e-08,2
Hush,1.406e-08,3
Alliance,1.40576e-08,1
The Secret,1.40576e-08,1
Tony Terry,1.40576e-08,1
DJ Skribble,1.40302e-08,4
Bombo Rosa,1.40296e-08,3
M.A.N.D.Y.,1.40279e-08,1
Magazine 60,1.40279e-08,1
Ebo Taylor,1.38366e-08,1
Alberto José González,1.38218e-08,1
八幡浩暢,1.38218e-08,1
刀根麻理子,1.3783e-08,1
木村恵子,1.3783e-08,1
Luis Miguel,1.3783e-08,1
和田加奈子,1.3783e-08,1
Fade to Black,1.37722e-08,1
Prince Alla,1.37161e-08,3
52nd Street,1.36258e-08,3
Ujico*,1.36105e-08,2
新居昭乃,1.36098e-08,1
Adonis,1.35978e-08,2
後藤まりこ,1.35394e-08,1
Onichomp,1.35394e-08,1
やすな,1.35394e-08,1
SEREBRO,1.35394e-08,1
Bashy,1.34645e-08,1
Ernest Gold,1.34311e-08,1
Bill Landford & The Landfordaires,1.34311e-08,1
Linton Kwesi Johnson,1.34311e-08,1
Mary Gardner,1.34311e-08,1
Sylvia Robinson,1.34311e-08,1
Body Power,1.33837e-08,2
Dark Sky,1.33482e-08,2
After 7,1.33479e-08,2
Faf Larage,1.33421e-08,1
K‐Reen,1.33421e-08,1
KDD,1.33421e-08,1
Don Choa,1.33421e-08,1
Less du Neuf,1.33421e-08,1
Lino,1.33421e-08,1
Prestige,1.32883e-08,2
Shindoe,1.32798e-08,1
Vanity 6,1.32545e-08,2
Aldous Harding,1.31405e-08,1
Günter Kallmann Chor,1.31292e-08,5
Ohio Express,1.31237e-08,1
Mike Cannon,1.30259e-08,3
Roy,1.30259e-08,3
PUZIQUe,1.30252e-08,1
Caz Clay,1.30252e-08,1
Squash Gang,1.30076e-08,3
Ryan Paris,1.30071e-08,2
Topo & Roby,1.30071e-08,2
Time,1.30065e-08,1
Check Up Twins,1.30065e-08,1
Gaznevada,1.30065e-08,1
Oscar,1.30065e-08,1
Mauro Micheloni and F.M. Band,1.30065e-08,1
Spy 71,1.30065e-08,1
50 & 50 Brothers,1.30065e-08,1
Primero,1.30065e-08,1
Steel Mind,1.30065e-08,1
Moltocarina,1.30065e-08,1
Aki,1.30065e-08,1
Dr. Martini,1.30065e-08,1
Tommy Bow,1.30065e-08,1
Kirlian Camera,1.30065e-08,1
Quinn Martin,1.30065e-08,1
Christina,1.30065e-08,1
City-O’,1.30065e-08,1
Macho Gang,1.30065e-08,1
René,1.30065e-08,1
Sylvi Foster,1.30065e-08,1
Paul Paul,1.30065e-08,1
Stargo,1.30065e-08,1
Sun-La-Shan,1.30065e-08,1
Alba,1.30065e-08,1
Denise,1.30065e-08,1
Romano Bais,1.30065e-08,1
Ranko,1.30065e-08,1
Wish Key,1.30065e-08,1
Robert Camero,1.30065e-08,1
Lena,1.30065e-08,1
Nevada,1.30065e-08,1
A.G.F.,1.30065e-08,1
Jock Hattle,1.30065e-08,1
Max,1.30065e-08,1
Magic Men,1.30065e-08,1
Silver Pozzoli,1.30065e-08,1
Frank Tavaglione,1.30065e-08,1
Air Mail,1.30065e-08,1
Fred Ventura,1.30065e-08,1
Wanexa,1.30065e-08,1
The Voyagers,1.30065e-08,1
Dharma,1.30065e-08,1
Timerider,1.30065e-08,1
Cheaps,1.30065e-08,1
G.J. Lunghi,1.30065e-08,1
Dario Dell'Aere,1.30065e-08,1
Kriss,1.30065e-08,1
Rizzo,1.30065e-08,1
Fockewulf 190,1.30065e-08,1
Sphinx,1.30065e-08,1
Angie Care,1.30065e-08,1
Dyva,1.30065e-08,1
Chris Luis,1.30065e-08,1
Claudio Mingardi,1.30065e-08,1
Lisa G,1.30065e-08,1
Jimmy & Susy,1.30065e-08,1
Travel Sex,1.30065e-08,1
Bizzy & Co.,1.30065e-08,1
Brand Image,1.30065e-08,1
Mark Tower,1.30065e-08,1
Colors,1.30065e-08,1
Thomas & Schubert,1.30065e-08,1
Raggio di Luna,1.30065e-08,1
Charlie,1.30065e-08,1
Sabrina Salerno,1.30065e-08,1
If,1.30065e-08,1
Advance,1.30065e-08,1
Primadonna,1.30065e-08,1
Felli,1.30065e-08,1
Sly & Hunter,1.30065e-08,1
Mike Mareen,1.30065e-08,1
Deborah Haslam,1.30065e-08,1
G.G. Near,1.30065e-08,1
Love Kills,1.30065e-08,1
Danny Keith,1.30065e-08,1
Diego,1.30065e-08,1
Diviacchi,1.30065e-08,1
Sergio Delanuà,1.30065e-08,1
Mito,1.30065e-08,1
Brando,1.30065e-08,1
Faxe,1.30065e-08,1
Stylóo,1.30065e-08,1
Morgana,1.30065e-08,1
Cleo,1.30065e-08,1
Swan,1.30065e-08,1
Hugh Bullen,1.30065e-08,1
Noname,1.30065e-08,1
VIOLENT VIRA,1.30026e-08,3
Gisbo,1.30011e-08,2
Clowny,1.30011e-08,2
Parris Mitchell,1.29936e-08,1
The Unknown DJ,1.29936e-08,1
Reese & Santonio,1.29936e-08,1
Dopplereffekt,1.29936e-08,1
Knights of the Turntables,1.29936e-08,1
KT-19941,1.29936e-08,1
World Class Wreckin’ Cru,1.29936e-08,1
High Fidelity Three,1.29936e-08,1
Skinny Boys,1.29936e-08,1
石渡太輔,1.28753e-08,1
Rizz Records,1.28753e-08,1
Symbol,1.28742e-08,1
Spock,1.28742e-08,1
Digital Planet,1.28742e-08,1
D-Team,1.28742e-08,1
Elevation Worship,1.28105e-08,1
Richard Smallwood,1.28105e-08,1
Royal Flush,1.27589e-08,1
Speedy J,1.27279e-08,4
Shoebill,1.27136e-08,6
Up Above the World,1.26518e-08,1
MASI,1.26518e-08,1
Crunch,1.26518e-08,1
Soul Odyssey,1.26518e-08,1
DJ EFX,1.26518e-08,1
U.S.U.R.A.,1.26518e-08,1
The Acid Didj,1.25672e-08,1
Barada,1.25672e-08,1
Lemon8,1.25672e-08,1
Peelo,1.25672e-08,1
Teste,1.25672e-08,1
Jimmie Walker,1.2544e-08,1
Citizen Cope,1.2544e-08,1
Death From Above 1979,1.25015e-08,1
Drinking Electricity,1.25015e-08,1
Van She,1.25015e-08,1
Little Sis Nora,1.24864e-08,1
Laur,1.24864e-08,1
Maple,1.24864e-08,1
nora2r,1.24864e-08,1
Shades,1.24864e-08,1
Spott,1.24864e-08,1
♥ GOJII ♥,1.24864e-08,1
Haze,1.24864e-08,1
Bombers,1.24171e-08,1
MPIA3,1.24123e-08,2
Jailo,1.23386e-08,1
Dee Nasty,1.22753e-08,1
Nevermind,1.21933e-08,1
Koreless,1.21933e-08,1
Gutta,1.21454e-08,1
Curt Blakeslee,1.20705e-08,2
Alexander Robotnick,1.20593e-08,3
黒魔,1.1936e-08,1
LSPLASH,1.1936e-08,1
Smooth McGroove,1.19344e-08,1
John Cafferty,1.18397e-08,1
YoungBoy Never Broke Again,1.17801e-08,2
Pino D’Angiò,1.17159e-08,7
Transform,1.16991e-08,1
DJ Pierre,1.16991e-08,1
The Natural Four,1.16548e-08,1
Bell & James,1.16548e-08,1
JVNA,1.15973e-08,2
Miles Davis Sextet,1.15832e-08,1
Marty Maggio,1.15832e-08,1
Miles Davis Quintet,1.15832e-08,1
33 1/3 Queen,1.15368e-08,1
Destination,1.15314e-08,1
Sabre,1.1343e-08,1
Hydro,1.1343e-08,1
Mavado,1.1343e-08,1
Wuyuntana,1.13114e-08,1
Joe Gullace,1.12956e-08,3
Cappella,1.12933e-08,2
Gloria Estefan,1.1267e-08,5
The Finder's,1.10866e-08,1
Axel Boman,1.10793e-08,1
Ólafur Arnalds,1.10793e-08,1
Maribou State,1.10793e-08,1
Fatima,1.10793e-08,1
Cinema Recorded Music Library,1.10793e-08,1
Henry Saiz,1.10793e-08,1
Shurik’n,1.10793e-08,1
Andy Votel,1.10793e-08,1
Hauschka,1.10793e-08,1
Tom Misch,1.10793e-08,1
Hairy Diamond,1.10793e-08,1
Ametsub,1.10793e-08,1
J-Walk,1.10793e-08,1
Shandi Sinnamon,1.10206e-08,1
Simon Chamberlain,1.10004e-08,2
Moscow Military Brass Orchestra,1.10004e-08,2
Henk Habraken,1.10004e-08,2
Laurie Johnson,1.09691e-08,6
Lenze & de Buam,1.09655e-08,1
Haindling,1.09655e-08,1
Spider Murphy Gang,1.09655e-08,1
Badesalz,1.09655e-08,1
The Ventures,1.09027e-08,4
Donn Wilkerson,1.07756e-08,1
Darren Mitchell,1.07756e-08,1
Chapter 8,1.07438e-08,1
Marcin Przybyłowicz,1.07032e-08,2
Gerard K. Marino,1.07027e-08,1
Deceptikon,1.0699e-08,1
Ad Vanz,1.06556e-08,1
Armando,1.06556e-08,1
Lee Moses,1.06299e-08,1
Lee Michaels,1.06299e-08,1
Hubert Eaves III,1.06299e-08,1
Pat Martino,1.06299e-08,1
Firefly,1.0592e-08,1
Never on Sunday,1.0592e-08,1
CHARCOAL FILTER,1.04904e-08,1
mirai,1.04904e-08,1
Ixi,1.03993e-08,2
Franziska Menke,1.03947e-08,2
Jawoll,1.03947e-08,2
YUC'e,1.03761e-08,3
iroha(sasaki),1.03757e-08,3
Harmony's,1.03748e-08,1
Treow,1.03748e-08,1
Fun Boy Three,1.03369e-08,1
The Underdog Project,1.03369e-08,1
Bobby Vinton,1.03369e-08,1
Roey Marquis II.,1.03238e-08,2
40mP,1.02936e-08,2
のりぴー,1.02857e-08,1
ぶりる,1.02857e-08,1
DATEKEN,1.02857e-08,1
ryo,1.02857e-08,1
ハチ,1.02857e-08,1
Harry Romero,1.02783e-08,1
アイラミツキ,1.02669e-08,1
Client,1.02669e-08,1
Auto‐Auto,1.02669e-08,1
Tight Fit,1.0266e-08,1
Rishi Rich,1.02325e-08,1
Tricky Disco,1.01661e-08,4
Danny L Harle,1.01583e-08,2
C’hantal,1.00511e-08,7
見良津健雄,1.00292e-08,5
Jared Emerson-Johnson,1.00246e-08,1
Boston Pops Orchestra,1.00024e-08,2
DJ Pied Piper & The Masters of Ceremonies,9.99358e-09,1
owl＊tree,9.95692e-09,1
三毛猫ホームレス,9.9534e-09,6
Freeform,9.94745e-09,8
Au/Ra,9.92928e-09,3
ORESAMA,9.92183e-09,1
MONKEY MAJIK,9.92183e-09,1
John Lurie,9.90683e-09,1
Sunday After,9.86824e-09,1
OsamaSon,9.84832e-09,3
Ethereal,9.84667e-09,1
Rollin Thrax,9.84667e-09,1
prodby668,9.84667e-09,1
The Horace Silver Quintet,9.83687e-09,2
Gene Harris & The Three Sounds,9.77548e-09,2
The Ledgends,9.77507e-09,1
McKendree Spring,9.70236e-09,1
Kenny Nolan,9.70236e-09,1
Vince DiCola,9.66791e-09,5
Wall of Voodoo,9.66467e-09,1
Nektar,9.66467e-09,1
ササキトモコ,9.65214e-09,2
Priscilla Herdman,9.63619e-09,1
mihomi,9.57801e-09,1
YOOKiE,9.44107e-09,1
Shayne Ward,9.42163e-09,5
Smokey Brooks,9.41859e-09,1
Monk & Canatella,9.41859e-09,1
Ken Thorne,9.41859e-09,1
Johnnie Ray,9.41859e-09,1
APG550,9.36007e-09,1
Marten Hørger,9.35348e-09,3
Mafia Kiss,9.35309e-09,2
アンメルツP,9.34173e-09,10
The Bilinda Butchers,9.33757e-09,1
Hi-Five,9.33757e-09,1
橋本由香利,9.31929e-09,1
Hearts2Hearts,9.19724e-09,3
Blak Twang,9.07602e-09,1
Marcia Griffiths,9.07602e-09,1
Nixon,9.06596e-09,2
Bonnie Dobson,9.04678e-09,2
Gescom,9.03586e-09,2
Push Button Objects,9.03549e-09,1
Edge of Motion,9.03549e-09,1
Impulse,9.03549e-09,1
Disjecta,9.03549e-09,1
Lexis,9.03549e-09,1
Slowly,9.03549e-09,1
J.Period,9.00053e-09,1
Sơn Tùng M-TP,8.95438e-09,2
Kay Trần,8.95401e-09,1
Phan Mạnh Quỳnh,8.95401e-09,1
GAYLE,8.86685e-09,1
Plumb,8.86348e-09,1
Chris Rea,8.85423e-09,1
Unreal,8.84966e-09,2
でぃすとーしょん,8.84444e-09,1
Galimatias,8.84123e-09,2
Grimm,8.84086e-09,1
Fred V & Grafix,8.84086e-09,1
Whiney,8.84086e-09,1
Dawn Wall,8.84086e-09,1
BCee,8.84086e-09,1
Etherwood,8.84086e-09,1
Dimension,8.84086e-09,1
JOME,8.84086e-09,1
High Contrast,8.84086e-09,1
Pola & Bryson,8.84086e-09,1
טונה,8.83236e-09,1
Art Pepper,8.83236e-09,1
J.Views,8.83236e-09,1
DJ Jörg,8.83236e-09,1
דודו טסה,8.83236e-09,1
Gänsehaut,8.79858e-09,1
Kristi Kara,8.79858e-09,1
Dennis und die wilde 13,8.79858e-09,1
Snäp!,8.79858e-09,1
Deutsch Amerikanische Freundschaft,8.79858e-09,1
FEE,8.79858e-09,1
Rheingold,8.79858e-09,1
Herwig Mitteregger,8.79858e-09,1
Monopol,8.79858e-09,1
Steinwolke,8.79374e-09,2
Combo Colossale,8.79337e-09,1
Markus,8.79337e-09,1
Shut Up and Dance,8.79303e-09,3
Rche,8.78544e-09,1
Cellardore,8.77883e-09,2
Daze Prism,8.77883e-09,2
Vypes,8.75481e-09,2
Orginal Buam,8.75261e-09,3
Wally Badarou,8.73965e-09,4
Willie Colón,8.71741e-09,3
Gino Soccio,8.70604e-09,4
William Sheller,8.65368e-09,1
Sesame Street,8.65368e-09,1
The Poppy Family,8.65368e-09,1
Vicente Fernández,8.65368e-09,1
The Hooterville Trolley,8.65368e-09,1
The Real Thing,8.65332e-09,3
Merm4id,8.63816e-09,1
絢瀬絵里,8.63816e-09,1
A-RISE,8.63816e-09,1
CYaRon!,8.63816e-09,1
Moe Koffman,8.63402e-09,1
Jasmine Cephas‐Jones,8.63402e-09,1
戌神ころね,8.60123e-09,2
Epsilon,8.58391e-09,2
Key,8.58103e-09,2
Rita,8.58067e-09,1
Muslimgauze,8.57353e-09,2
Digital Emotion,8.57172e-09,1
X‐Ray Connection,8.57172e-09,1
Trans‐X,8.57172e-09,1
The McCoys,8.57172e-09,1
"Black Country, New Road",8.50727e-09,1
Yunggt3z,8.50727e-09,1
the Microphones,8.50727e-09,1
Farrah Abraham,8.50727e-09,1
Nozomu Matsumoto,8.50727e-09,1
YAYAYI,8.50727e-09,1
Les Sages Poètes de la Rue,8.44425e-09,1
Simon Carrington,8.40914e-09,3
Fairport Convention,8.39241e-09,2
Ambitious Lovers,8.39206e-09,1
Dick Haymes,8.39206e-09,1
Don Ray,8.39206e-09,1
Иван Купала,8.3689e-09,12
Жуки,8.36504e-09,1
Sheila Armstrong,8.34419e-09,6
Najee,8.32987e-09,1
Kitty,8.29372e-09,1
dvsn,8.27816e-09,2
24kGoldn,8.27781e-09,1
Classical M,8.22398e-09,1
The Panicks,8.22398e-09,1
Tarkus,8.22398e-09,1
Bessie Smith,8.09972e-09,2
The Night Writers,8.05682e-09,3
London Posse,8.05547e-09,1
Man Parrish,8.05547e-09,1
Sweet D,8.05547e-09,1
On the House,8.05547e-09,1
José González,7.98063e-09,2
Monsters of Folk,7.8676e-09,1
Swing Out Sister,7.8676e-09,1
Joanna Newsom,7.8676e-09,1
Blackrock,7.8676e-09,1
Machine,7.78514e-09,2
James Mason,7.78481e-09,1
Komputer,7.78156e-09,1
Brother + Sister,7.78156e-09,1
Abbey Lincoln,7.78156e-09,1
Luiz Henrique,7.69977e-09,4
Maísa Silva,7.65173e-09,1
3dNOW,7.65173e-09,1
天気予報,7.65173e-09,1
Letherette,7.65173e-09,1
Mainx,7.62459e-09,3
hummingdeath,7.56602e-09,1
Scarlxrd,7.56194e-09,1
Breach,7.56194e-09,1
Harumi,7.48625e-09,3
Cab Calloway,7.47162e-09,2
Antoine Duhamel,7.47131e-09,1
김완선,7.44544e-09,1
The Watts Prophets,7.40724e-09,1
Piebald,7.37639e-09,1
Lords of Acid,7.35028e-09,1
Erich Kunzel,7.34986e-09,1
Robert Parker,7.34986e-09,1
Group Home,7.33365e-09,1
Jacques Brel,7.33365e-09,1
weish,7.30397e-09,1
Gloria Barnes,7.30397e-09,1
The New Stan Getz Quartet,7.28637e-09,2
山本邦山,7.2855e-09,2
Derrick May,7.27345e-09,2
Intoxicated,7.20485e-09,1
許冠傑,7.20485e-09,1
Ollie & Jerry,7.20485e-09,1
本間勇輔,7.14485e-09,5
Lon Bender,7.09908e-09,1
Claude Dubois,7.09908e-09,1
Jerry Lee Lewis,7.06681e-09,4
Eddie Cochran,7.06533e-09,1
The Big Bopper,7.06533e-09,1
Chris Montez,7.06533e-09,1
Roy Wood,7.06533e-09,1
Dion,7.06533e-09,1
Montana,6.99937e-09,1
Denroy Morgan,6.99937e-09,1
Matt Keating,6.97286e-09,1
Prisonshake,6.97286e-09,1
The Colorblind James Experience,6.97286e-09,1
Roger Waters,6.9315e-09,5
Synthion,6.91288e-09,3
Midas Touch,6.8527e-09,1
timey/wimey,6.67219e-09,1
Plattenpapzt,6.6444e-09,2
DJ Tomekk,6.6444e-09,2
La Familia,6.64413e-09,1
Marius Müller‐Westernhagen,6.64413e-09,1
I.L.L. Will,6.64413e-09,1
Spiritual Warriors,6.64413e-09,1
Klippa,6.62362e-09,2
Adraen,6.62335e-09,1
Kitcaliber,6.62335e-09,1
Conrad & The Hurricane Strings,6.59056e-09,1
Jacob Miller,6.5754e-09,3
Al Campbell,6.57512e-09,2
Thelonious Monster,6.52121e-09,1
Peter Thomas Sound Orchestra,6.50694e-09,2
Sevdaliza,6.50104e-09,1
Ikkimel,6.50104e-09,1
Elley Duhé,6.50104e-09,1
Ascendant Vierge,6.50104e-09,1
Technical Difficulties,6.50057e-09,1
Shock,6.50057e-09,1
Darbo,6.50057e-09,1
大塚愛,6.48523e-09,5
The 2 Bears,6.47384e-09,1
John Abercrombie,6.46737e-09,2
"Choir of Clare College, Cambridge",6.44779e-09,1
Fire,6.44779e-09,1
Burial Hex,6.40015e-09,2
Elkka,6.37468e-09,1
François Muduga,6.37468e-09,1
Roy of the Ravers,6.37468e-09,1
Moonchild Sanelly,6.37468e-09,1
Zola Jesus,6.37468e-09,1
Sisso,6.37468e-09,1
DJ Haram,6.37468e-09,1
Judgitzu,6.37468e-09,1
Das Krause Duo,6.37468e-09,1
Sylvere,6.37468e-09,1
Tshegue,6.37468e-09,1
Two Shell,6.37468e-09,1
Sho Madjozi,6.37468e-09,1
Confidence Man,6.37468e-09,1
The Modern Institute,6.37468e-09,1
Maddalena Fagandini,6.37468e-09,1
Bruce Haack,6.37468e-09,1
DJ Travella,6.37468e-09,1
Journey to Ixtlan,6.37468e-09,1
Debmaster,6.37468e-09,1
Shackleton,6.37468e-09,1
Clara!,6.37468e-09,1
The Jammers,6.34066e-09,2
Holy Ghost Inc.,6.3404e-09,1
Lemon Sol,6.3404e-09,1
Abstract Minds,6.3404e-09,1
Rhythmatic,6.3404e-09,1
Daydreamer,6.3404e-09,1
XXDarkShadow79XX,6.30364e-09,1
Psychemagik,6.30116e-09,1
Gary Low,6.30116e-09,1
Smooth,6.29062e-09,1
Bubblegum Octopus,6.28477e-09,1
Buddy Richard,6.26368e-09,1
CYNE,6.26368e-09,1
Ilaria Graziano,6.25655e-09,1
J.D.S.,6.25655e-09,1
☺,6.25655e-09,1
Livin’ Joy,6.25655e-09,1
Édith Piaf,6.25245e-09,3
Nick Smalley,6.20054e-09,2
Blue Boy,6.15286e-09,1
Drumattic Twins,6.15286e-09,1
Jane Birkin,6.13428e-09,1
ILLIT,6.13175e-09,3
Pizzaman,6.06639e-09,2
Logo,6.05997e-09,1
Yaeji,6.04879e-09,2
Marlon,6.04003e-09,1
Bullet,5.99508e-09,1
Christian McBride,5.99508e-09,1
Hazhe,5.99508e-09,1
Peter Metro,5.9569e-09,1
Piero Piccioni,5.92277e-09,3
Cornell Campbell,5.90005e-09,2
ハッピーくるくる,5.88245e-09,3
Ruiness,5.87097e-09,1
ElectroKaplosion,5.87097e-09,1
Silver Note,5.87097e-09,1
Crusader!,5.87097e-09,1
Ponky,5.87097e-09,1
PhonyBrony,5.87097e-09,1
The Wonderbolts!,5.87097e-09,1
BlueBrony,5.87097e-09,1
The Wasteland Wailers,5.87097e-09,1
Saint Tropez,5.84524e-09,1
The Andrea True Connection,5.81704e-09,1
Redeilia,5.79864e-09,1
VALENTINE,5.79864e-09,1
lilbesh ramko,5.79864e-09,1
"nothing,nowhere.",5.79864e-09,1
AFK,5.79864e-09,1
Becko,5.79864e-09,1
結束バンド,5.79864e-09,1
Wavedash,5.79864e-09,1
NerdOut,5.75328e-09,1
Carey Johnson,5.74325e-09,1
Laura Olsher,5.72525e-09,1
The 4 Instants,5.72525e-09,1
DJ Electrohead,5.69924e-09,1
Johnny Crockett,5.67925e-09,1
Richard Grey,5.67925e-09,1
Pinch,5.65948e-09,2
Cardopusher,5.65944e-09,2
Airhead,5.6592e-09,1
Rob Sparx,5.6592e-09,1
Dev79,5.6592e-09,1
Charlie P.,5.6592e-09,1
The Sun Ra Arkestra,5.62085e-09,2
Lew Howard All Stars,5.62062e-09,1
Mort Stevens and His Orchestra,5.62062e-09,1
Waldir Calmon,5.62062e-09,1
Secret Service,5.58737e-09,1
Allan Holdsworth,5.58737e-09,1
Bruford,5.58737e-09,1
Digital Orgasm,5.57029e-09,2
Norma Jean Wright,5.54948e-09,2
Ray Barretto,5.54562e-09,2
InI,5.54539e-09,1
Gert Wilden & Orchestra,5.52375e-09,2
Skylark,5.51195e-09,1
Gals and Pals,5.51195e-09,1
הצ׳רצ׳ילים,5.51195e-09,1
The Almighty RSO,5.50225e-09,1
Pooh Man,5.50225e-09,1
Ten City,5.50225e-09,1
East Side Beat,5.50225e-09,1
Moek,5.50021e-09,1
Amsterdamse Politiekapel,5.50021e-09,1
Cor Swanenberg,5.50021e-09,1
Willy Alberti,5.50021e-09,1
Tréveris,5.50021e-09,1
Thieu Sijbers,5.50021e-09,1
Guuske Kotte,5.50021e-09,1
The Jack Lester Special Band,5.50021e-09,1
Jan Foolen,5.50021e-09,1
De Wambergers,5.50021e-09,1
Linnegoewd,5.50021e-09,1
Johan,5.50021e-09,1
Huub Van Grinsven,5.50021e-09,1
Niek Stein,5.50021e-09,1
James Galway,5.48454e-09,3
Chris Hülsbeck,5.47765e-09,1
Ultra-Sonic,5.47765e-09,1
Pete Lazonby,5.47765e-09,1
Hodgy,5.47358e-09,1
Pulsedriver,5.3982e-09,1
Earl Nightingale,5.37357e-09,1
Captain Ironhelm,5.3633e-09,1
Bartekko,5.3633e-09,1
Sonic Breakbeat,5.3633e-09,1
Matthew N.,5.3633e-09,1
MRPPony,5.3633e-09,1
UnderKeel,5.3633e-09,1
Metapony,5.3633e-09,1
Obrum,5.3633e-09,1
ArcaneSoul,5.3633e-09,1
PAS TASTA,5.3295e-09,2
Colatron,5.29284e-09,3
Luciano Berio,5.21597e-09,1
電音部,5.18744e-09,51
Renn Woods,5.1786e-09,1
Stacey Q,5.11319e-09,9
Michel Legrand,5.10611e-09,3
Grupo Bahía,5.09212e-09,1
Baraka,5.07126e-09,1
Dr. Alimantado,5.06648e-09,1
Linda Scott,5.06648e-09,1
Stooki Sound,5.03139e-09,1
Big Mike,4.99111e-09,2
Stephen Stills,4.96479e-09,2
Bobby Hutcherson,4.91864e-09,2
Art Blakey,4.91843e-09,1
John Patton,4.91843e-09,1
Crosby & Nash,4.88932e-09,1
Dalida,4.88932e-09,1
F.R. David,4.86442e-09,2
The Boomtown Rats,4.85096e-09,1
Nintendo EAD Sound Group,4.82587e-09,1
Aweminus,4.8224e-09,3
Pierce the Veil,4.81883e-09,2
Spice,4.81862e-09,1
Twilight Sparkle,4.80523e-09,1
Rebecca Shoichet,4.80523e-09,1
Sincerely Antique,4.74356e-09,1
Gayngs,4.74356e-09,1
Ali Farka Touré,4.74356e-09,1
The Joneses,4.74356e-09,1
Kill Sadie,4.74356e-09,1
Baxter,4.74356e-09,1
Song of Zarathustra,4.74356e-09,1
BREAD & BUTTER,4.71751e-09,1
オノマトペ大臣,4.71751e-09,1
Left/Right,4.67655e-09,1
Badjokes,4.67655e-09,1
Mr. Reds,4.67655e-09,1
MACE,4.67655e-09,1
Wes Smith,4.67655e-09,1
Pirate Jams,4.67655e-09,1
Marky Mark and the Funky Bunch,4.67655e-09,1
Common Underground,4.67655e-09,1
Iceberg Slim,4.66169e-09,1
The Vibrettes,4.65728e-09,1
Harolyn Blackwell,4.63403e-09,1
Lead Belly,4.62114e-09,2
Zimbo Trio,4.62095e-09,1
Ultra High Frequency,4.5979e-09,3
Horace Andy,4.57223e-09,2
Leroy Smart,4.57204e-09,1
Jackie Mittoo,4.57204e-09,1
Philip Frazier,4.57204e-09,1
Earl Zero,4.57204e-09,1
Rod Taylor,4.57204e-09,1
Slim Smith,4.57204e-09,1
Dennis Alcapone,4.57204e-09,1
Zachary Herbst,4.5354e-09,1
longstoryshort,4.53453e-09,1
Xavi&Gi,4.51006e-09,1
Daddy‐O,4.5017e-09,1
Monty Norman,4.5017e-09,1
Spaghetti Surfers,4.47982e-09,1
Rollo Goes Mystic,4.47982e-09,1
Mrs. Wood,4.47982e-09,1
The Original,4.47982e-09,1
Alex Party,4.47982e-09,1
Our House,4.47982e-09,1
Praxis,4.47982e-09,1
The Ethics,4.47982e-09,1
Diss-Cuss,4.47982e-09,1
Hi‐Lux,4.47982e-09,1
Wink,4.47982e-09,1
The Reese Project,4.47982e-09,1
Gladezz,4.47982e-09,1
Ջիվան Գասպարյան,4.47798e-09,2
Johnny Moore’s Three Blazers,4.47779e-09,1
大久保博,4.47153e-09,9
The Philadelphia Orchestra,4.46749e-09,4
Toby Romeo,4.46106e-09,1
Sabb,4.44852e-09,2
Lance DeSardi,4.44833e-09,1
Veerus & Maxie Devine,4.44833e-09,1
Fritz Carlton,4.44833e-09,1
Juliet Fox,4.44833e-09,1
Tiger Stripes,4.44833e-09,1
KiNK,4.44833e-09,1
Marc Marzenit,4.44833e-09,1
Mickey,4.44833e-09,1
Russ Chimes,4.44833e-09,1
Gewelt,4.44833e-09,1
Copy Paste Soul,4.44833e-09,1
Crom & Thanh,4.44833e-09,1
SHADED,4.44833e-09,1
Kaily,4.44833e-09,1
Andrew Davenport,4.42819e-09,1
Dandy Livingstone,4.41902e-09,1
Advanced Chemistry,4.41643e-09,2
CUS,4.41624e-09,1
Foamo,4.3896e-09,2
Obscene Frequenzy,4.38941e-09,1
Womba,4.38941e-09,1
Ink Project,4.38941e-09,1
De Nada,4.38941e-09,1
Echo Knight,4.38941e-09,1
Crawford,4.38941e-09,1
Morelia,4.38941e-09,1
Figures of Eighty,4.38941e-09,1
Tyler Clacey,4.38941e-09,1
Taiki Nulight,4.38941e-09,1
Worthy,4.38941e-09,1
So Schway,4.38941e-09,1
A.Motion,4.38941e-09,1
Pelikann,4.38941e-09,1
The Corporation,4.38941e-09,1
Gabe,4.38941e-09,1
Khésis,4.38941e-09,1
Taim,4.38941e-09,1
SaidWho,4.38941e-09,1
Lemon,4.37845e-09,1
Volition,4.37741e-09,1
Luca,4.37741e-09,1
Theatrix,4.37741e-09,1
Richter,4.37741e-09,1
Corrupted Mind,4.37741e-09,1
Matt Neux,4.37741e-09,1
Zeal,4.37741e-09,1
Battletek,4.37741e-09,1
Matys,4.37741e-09,1
Mojay,4.37741e-09,1
Coastal,4.37741e-09,1
R.M,4.37717e-09,1
Slim Hustla,4.37717e-09,1
Mall Grab,4.37717e-09,1
Hans Albers,4.37612e-09,1
Die Wildecker Herzbuben,4.37612e-09,1
René Carol,4.3752e-09,1
Nusrat Fateh Ali Khan,4.3752e-09,1
Christopher Tin,4.37484e-09,1
Christopher Williams,4.35135e-09,1
原口沙輔,4.34184e-09,1
The DJ Producer,4.32177e-09,2
Elizabeth Rose Bloodflame,4.30657e-09,2
ナナヲアカリ,4.3008e-09,1
リゼ・ヘルエスタ,4.3008e-09,1
Couple N,4.3008e-09,1
Natalie Bergman,4.29254e-09,1
Maladroit,4.29195e-09,1
Xian,4.29195e-09,1
Suicidal Rap Orgy,4.29195e-09,1
Toecutter,4.29195e-09,1
Syndicate,4.29195e-09,1
Misanthrope,4.29195e-09,1
Dokaka,4.29195e-09,1
エミリア,4.29104e-09,1
青山テルマ,4.29104e-09,1
Amuxax,4.29033e-09,1
美波,4.29033e-09,1
Niney the Observer,4.27275e-09,1
Said El Kurdi,4.27275e-09,1
Jerry “Boogie” McCain,4.27275e-09,1
David Gilmour,4.1589e-09,3
Phil RetroSpector,4.12713e-09,9
Ultimate III,4.1015e-09,1
Mark B & Blade,4.1015e-09,1
D.I.T.C.,4.09267e-09,1
Le Bal Brotto Lopez,4.07857e-09,1
Jeff Wayne,4.06869e-09,4
Hookfoot,4.06567e-09,1
Eddie Hodges,4.06567e-09,1
Special Forces,4.04907e-09,1
吉冨亮二,4.0389e-09,3
Ralphi Rosario,3.94786e-09,4
Gary’s Gang,3.94778e-09,4
Cyrus,3.91145e-09,5
Babe Instinct,3.90515e-09,2
Noel Pointer,3.76533e-09,1
Judy Cheeks,3.69854e-09,2
Artemas,3.6972e-09,3
Tone,3.67968e-09,1
Polarkreis 18,3.66134e-09,1
boy pablo,3.65603e-09,2
The Road Home,3.64275e-09,1
Maniac,3.60834e-09,4
Aritus,3.57363e-09,2
Black Riot,3.54107e-09,2
Neiltomo,3.52856e-09,2
Starcluster,3.51327e-09,2
The Hasbeens,3.51327e-09,2
Xeno & Oaklander,3.51312e-09,1
Ian Boddy,3.51312e-09,1
Lovelock,3.51312e-09,1
Mistral,3.51312e-09,1
Phochos,3.51312e-09,1
Scratch Massive,3.51312e-09,1
Gabriel Yared,3.42123e-09,2
La Cliqua,3.41781e-09,2
Bou,3.41124e-09,1
Van McCoy & The Soul City Symphony,3.40514e-09,3
Unique,3.40457e-09,1
Jerome Moross,3.40457e-09,1
Steinski and Mass Media,3.39749e-09,2
Gene and Jim Are Into Shakes,3.39734e-09,1
Myra Barnes,3.39633e-09,1
Babe Ruth,3.39633e-09,1
Vicki Anderson,3.39633e-09,1
Morat,3.34558e-09,1
Bad Bunny,3.34558e-09,1
Freestyle,3.31321e-09,1
Ravi Shankar,3.30989e-09,1
Otis Gayle,3.28756e-09,1
Love Corporation,3.25357e-09,1
Unique 3,3.25357e-09,1
Badder Than Evil,3.25357e-09,1
Power House,3.25357e-09,1
Dannii Minogue,3.22195e-09,1
Groove Theory,3.22195e-09,1
d.notive,3.2159e-09,2
MIU,3.21351e-09,1
CHOPS,3.17399e-09,1
Robert Armani,3.16898e-09,2
Skipworth & Turner,3.16728e-09,1
Nino Bravo,3.15819e-09,3
Codona,3.14e-09,2
Jesse Anderson,3.08514e-09,1
Ananda Shankar,3.08514e-09,1
XG,3.06575e-09,1
RESCENE,3.06575e-09,1
Ékoué,3.02806e-09,1
Benny Page,3.01837e-09,3
Random Rab,3.00494e-09,2
CloZinger,3.00481e-09,1
Lil’Fish,3.00481e-09,1
Warren Kime,2.9798e-09,1
The Briefs,2.96037e-09,1
Mary Lattimore,2.96037e-09,1
Scanners,2.95383e-09,1
Nomad,2.94215e-09,1
Jump,2.94215e-09,1
Nitro Deluxe,2.94215e-09,1
伊藤真澄,2.93124e-09,1
Autodidactic Studios,2.92642e-09,1
Glen Brown,2.91927e-09,1
Lighthouse Family,2.91927e-09,1
Tasmin Archer,2.91927e-09,1
Honeyz,2.91927e-09,1
Samantha Mumba,2.91927e-09,1
Deep West,2.87254e-09,2
AIKA,2.86669e-09,2
Aaron Cherof,2.86657e-09,1
Klique,2.83313e-09,1
菊池桃子,2.83313e-09,1
Ornette Coleman,2.82565e-09,1
Michael Howell,2.82565e-09,1
Robin Kenyatta,2.82565e-09,1
Charlie Mariano,2.82565e-09,1
Michael White,2.82565e-09,1
吉谷彩子,2.82497e-09,2
Acoustic Alchemy,2.79737e-09,3
Yemi Alade,2.77916e-09,1
Uncle Murda,2.77916e-09,1
An Endless Sporadic,2.77916e-09,1
Specifics,2.77916e-09,1
荘司朗,2.77653e-09,1
Ike Turner & the Kings of Rhythm,2.77462e-09,1
Sid LeRock,2.77345e-09,1
Richard Wright,2.7726e-09,2
Nick Mason,2.7726e-09,2
nuages,2.75306e-09,2
The Pentangle,2.70551e-09,2
The Pyramids,2.7054e-09,1
Pete Seeger,2.7054e-09,1
Elkie Brooks,2.7054e-09,1
Tracy Chapman,2.70023e-09,2
Dazey and the Scouts,2.6959e-09,1
Francis Cabrel,2.69153e-09,2
Norrin_Radd,2.68074e-09,1
星宮とと,2.67608e-09,12
Michel Magne,2.66968e-09,1
MC Cool Rock & MC Chaszy Chess,2.66968e-09,1
Bushy B,2.66968e-09,1
Lukid,2.66968e-09,1
leroy,2.66486e-09,2
Kabanagu,2.66475e-09,1
Zazie,2.64967e-09,1
Kyo,2.64967e-09,1
Au p’tit bonheur,2.64967e-09,1
Georges Brassens,2.64967e-09,1
Jean‐Jacques Goldman,2.64967e-09,1
Jean-Pierre François,2.64967e-09,1
Paul Lansky,2.64688e-09,1
Arthur Kreiger,2.64688e-09,1
MELL,2.64348e-09,3
George Bruns,2.61477e-09,2
Young Magic,2.61423e-09,2
Melissa Manchester,2.60186e-09,2
Cleveland Lounge,2.60098e-09,2
Philip Glass Ensemble,2.5979e-09,4
Bear McCreary,2.56873e-09,1
Aethral,2.56372e-09,2
鈴木さえ子,2.54959e-09,1
Future Islands,2.54959e-09,1
Marion Black,2.54784e-09,1
Lol Coxhill,2.54784e-09,1
Cris Williamson,2.54784e-09,1
Dz'Xa,2.54262e-09,1
Annoying Ringtone,2.54262e-09,1
ShyRin Mochimomiji,2.54262e-09,1
J-CORE SLiCER,2.54262e-09,1
Electric Company,2.53352e-09,1
Cex,2.53352e-09,1
梶芽衣子,2.53232e-09,1
Duralcha,2.51884e-09,1
Allen Ginsberg,2.48686e-09,2
The Beginerz,2.48046e-09,1
Natural Touch,2.44836e-09,1
Atlas Earth,2.44427e-09,1
Nuclear Hyde,2.43866e-09,2
Mashmakhan,2.43593e-09,1
Night Tempo,2.40683e-09,3
小林オニキス,2.35599e-09,2
Paperclip People,2.34697e-09,4
Gimpson,2.33693e-09,1
Booty Luv,2.33111e-09,1
Sebastian Ingrosso,2.32119e-09,1
Rockets,2.31801e-09,2
Bruce Patch,2.31792e-09,1
Q-Feel,2.31792e-09,1
À La Carte,2.31792e-09,1
The Members,2.31792e-09,1
THP Orchestra,2.31792e-09,1
Final Edition,2.31792e-09,1
Burgess Meredith,2.30409e-09,1
Greg Nice,2.29959e-09,1
Edmundo Ros and His Orchestra,2.27993e-09,2
eLan,2.2689e-09,1
Apparat,2.2689e-09,1
2562,2.2689e-09,1
Anstam,2.2689e-09,1
Blue Iverson,2.2678e-09,1
The Equatics,2.2678e-09,1
The Ruts,2.22448e-09,1
The California Poppy Pickers,2.21686e-09,1
Five Star,2.21141e-09,1
Rare Pleasure,2.19454e-09,2
Meemo Comma,2.16088e-09,1
DESURABBITS,2.14745e-09,9
AgileDash,2.14501e-09,1
Alsarah & the Nubatones,2.14193e-09,1
EPO,2.14193e-09,1
Mina,2.14193e-09,1
Wojciech Kilar,2.14193e-09,1
Putrefy Factor 7,2.14193e-09,1
Musique,2.14175e-09,3
Country Joe McDonald,2.14098e-09,2
Scred Connexion,2.12995e-09,1
Rockin’ Squat,2.12995e-09,1
2 Bal Niggets,2.12995e-09,1
Stanley Cowell Trio,2.12437e-09,1
Alfred 23 Harth,2.12437e-09,1
Constant Deviants,2.12437e-09,1
Gerry Mulligan,2.12437e-09,1
Gauge,2.12437e-09,1
Lolishit,2.09369e-09,4
Masayoshi Minoshima,2.09173e-09,20
Ripple,2.05722e-09,2
Josephine Foster,2.04256e-09,1
Anímic,2.03909e-09,1
Cubenx,2.03909e-09,1
Débruit,2.03909e-09,1
Enric Barbat,2.03909e-09,1
J.D. Blackfoot,2.02891e-09,1
Sir Lord Baltimore,2.02891e-09,1
Flash,2.02891e-09,1
The Jerry Hahn Brotherhood,2.02891e-09,1
Rory Gallagher,2.02891e-09,1
Wigwam,2.02891e-09,1
Badger,2.02891e-09,1
The Bob Seger System,2.02891e-09,1
Stevie Wright,2.02891e-09,1
どついたるねん,2.01279e-09,1
Gene Page,1.9793e-09,2
My Mine,1.92166e-09,1
Bama,1.91157e-09,1
The Mouseketeers,1.89491e-09,2
Louis Prima,1.89483e-09,1
Valerie Davis,1.89483e-09,1
Pete Schofield and the Canadians,1.87637e-09,1
Бутырка,1.87637e-09,1
Lennie Hibbert,1.85864e-09,2
Riff Raff,1.85856e-09,1
Gary Wilson,1.85856e-09,1
Mighty Flames,1.85856e-09,1
La Mont Zeno Theatre,1.85856e-09,1
Rob $tone,1.84966e-09,1
Lo Key,1.84966e-09,1
MC Money,1.84966e-09,1
Harold Budd,1.8395e-09,3
Owain,1.82818e-09,1
笠原弘子,1.82818e-09,1
Gus Dapperton,1.82801e-09,1
Catch My Soul,1.82801e-09,1
Mac DeMarco,1.82801e-09,1
Levity,1.80532e-09,1
The Chameleon,1.78772e-09,3
Rhodes Rodosu,1.78681e-09,1
RoBKTA,1.78681e-09,1
悲しい Android Apartment,1.78681e-09,1
GH,1.78681e-09,1
Jelly BonBon,1.78681e-09,1
Cero Rio,1.78681e-09,1
Digital Waves,1.78681e-09,1
Wee Papa Girl Rappers,1.77823e-09,1
K.I.D.,1.77823e-09,1
St. Regis,1.77823e-09,1
Voicedude,1.76428e-09,1
G3RSt,1.76428e-09,1
ToToM,1.76428e-09,1
RIAA,1.76428e-09,1
London Philharmonic Orchestra,1.75257e-09,6
Jupiter,1.74733e-09,2
DJ Madd,1.74e-09,4
Richie Brains,1.73956e-09,2
Surly,1.73956e-09,2
A Guy Called Gerald,1.73677e-09,3
Bent,1.73647e-09,1
Substance,1.67239e-09,2
Boobie Knight & the Soulciety,1.66286e-09,1
Devlin,1.65622e-09,1
Silverstein,1.6376e-09,2
Sarah Hopkins,1.6323e-09,1
Ray Brown,1.6323e-09,1
Paso Doble,1.60365e-09,2
Ina Deter Band,1.60131e-09,1
Orlando Julius,1.60088e-09,1
Toney Lee,1.59872e-09,5
The Delgados,1.58563e-09,1
Stanley Cowell,1.57312e-09,1
Quadrant,1.56458e-09,2
三留尚子,1.55742e-09,1
Willi Ninja,1.55482e-09,1
Voices in the Dark,1.55482e-09,1
Chet Baker Quartet,1.55367e-09,2
Mutabaruka,1.55232e-09,2
Bumblebee Unlimited,1.55232e-09,2
Tony Valor Sounds Orchestra,1.55226e-09,1
Garcia's Super Funk,1.55226e-09,1
Mystic Merlin,1.53263e-09,1
Chris & Cosey,1.51961e-09,2
本多俊之,1.51954e-09,1
Ken Corday,1.51592e-09,4
鏡音リン,1.51382e-09,1
YUKIYANAGI,1.49871e-09,2
Winston Groovy,1.48424e-09,1
Sir Harry,1.48424e-09,1
Flip Wilson,1.48424e-09,1
B.W.H.,1.48322e-09,1
All the People,1.46244e-09,3
Indila,1.43908e-09,5
Jean‐Luc Ponty,1.42949e-09,3
Tiger & Woods,1.42937e-09,1
Krystol,1.42937e-09,1
Steve Tibbetts,1.42937e-09,1
Richard Pinhas,1.42937e-09,1
Patrick Gauthier,1.42937e-09,1
Alain Renaud,1.42937e-09,1
Heldon,1.42937e-09,1
Todd Terje,1.42937e-09,1
Эдуард Артемьев,1.42937e-09,1
Leon Ndugu Chancler,1.4225e-09,1
Yamasuki,1.4225e-09,1
David Sancious,1.4225e-09,1
王菲,1.41272e-09,3
Rie fu,1.41249e-09,1
Bloody Vomit Bukkake,1.39574e-09,2
Miguel de Deus,1.39304e-09,2
Carolyn Crawford,1.3779e-09,2
Prince Jammy,1.36668e-09,2
フレネシ,1.36142e-09,1
渋谷凛,1.33718e-09,4
The Choir of All Saints,1.3369e-09,1
Lone Ranger,1.32801e-09,1
The Royals,1.32801e-09,1
Jim Brown,1.32801e-09,1
The Abyssinians,1.32801e-09,1
The Mighty Three’s,1.32801e-09,1
Yabby U,1.32801e-09,1
Burning Spear,1.32801e-09,1
Misty in Roots,1.32801e-09,1
Stars on 45,1.32178e-09,1
Serious Intention,1.32178e-09,1
MALINDA,1.29262e-09,4
Lucy Swann,1.29262e-09,4
Drum & Lace,1.29246e-09,1
Les Sœurs Boulay,1.28642e-09,1
Les Cowboys Fringants,1.28642e-09,1
ZoeEngine,1.28191e-09,2
siqlo,1.28186e-09,1
zeroth,1.28186e-09,1
rejection,1.28186e-09,1
savogy,1.28186e-09,1
Riku,1.28186e-09,1
Mylta,1.28186e-09,1
ZOEgirl,1.27401e-09,2
Krezip,1.25275e-09,1
Park In Soo,1.24428e-09,1
The Black on White Affair,1.24428e-09,1
신중현,1.24428e-09,1
MC 900 Ft Jesus,1.24343e-09,1
DJ Raisei,1.24293e-09,2
DJ Matt Hite,1.23633e-09,1
LeeDM101,1.23633e-09,1
World Famous Audio Hacker,1.23633e-09,1
Jan Driver,1.21938e-09,2
Caspar Pound,1.21938e-09,2
Danny Tenaglia,1.21933e-09,1
Lucid,1.21933e-09,1
Breeder,1.21933e-09,1
Humate,1.21933e-09,1
Silhouette,1.21933e-09,1
Space Manoeuvres,1.21933e-09,1
Orkidea,1.21933e-09,1
Libra,1.21933e-09,1
JX,1.21933e-09,1
Arrakis,1.21933e-09,1
Laguna Seca,1.21933e-09,1
Ecano,1.21933e-09,1
Tilt,1.21933e-09,1
Red Devil,1.21933e-09,1
Robert Junior,1.21933e-09,1
Mono Culture,1.21933e-09,1
CINDY,1.2191e-09,1
Yvonne Gage,1.2191e-09,1
久保田利伸,1.2191e-09,1
阿川泰子,1.2191e-09,1
Caron,1.2191e-09,1
Sybil Thomas,1.2191e-09,1
宮里久美,1.2191e-09,1
D. Kay,1.21466e-09,4
Unitz,1.2142e-09,1
Tes La Rok,1.2142e-09,1
"A Homeboy, A Hippie & A Funki Dredd",1.20997e-09,1
Schola Hungarica,1.20204e-09,1
Ghettosocks,1.17331e-09,1
DJ Narrows,1.16964e-09,2
lapix,1.16803e-09,6
SHIHO,1.13778e-09,2
MAKO,1.13773e-09,1
R.I.E,1.13773e-09,1
MARY,1.13773e-09,1
美妃,1.13773e-09,1
Ghost Loft,1.1354e-09,1
電音部 (真新宿GR学園),1.13037e-09,1
DJ C,1.12511e-09,3
Tedashii,1.10311e-09,4
YOU LOVE HER,1.09863e-09,1
宍戸留美,1.09863e-09,1
中西哲一,1.08916e-09,3
Xerxes,1.08528e-09,1
Derpy Hooves,1.07281e-09,3
SoaringFlight,1.07154e-09,1
ISSBROKIE,1.07023e-09,1
Blue Magic,1.06023e-09,2
Herb Alpert & the Tijuana Brass,1.06021e-09,1
Benediktiner Mönche Der Abtei Saint-Maurice & Saint-Maur,1.05969e-09,3
Israel Baker,1.0524e-09,9
水曜日のカンパネラ,1.05211e-09,1
Fog Lake,1.03479e-09,1
Nikolauss,1.03212e-09,1
Phantogram,1.02149e-09,1
Errol Dunkley,1.01132e-09,2
Bandolero,9.96801e-10,1
Carl Orff,9.94995e-10,1
Paul Giovanni,9.94995e-10,1
くるり,9.94773e-10,2
The John Benson Brooks Trio,9.88108e-10,1
Doris Day,9.84242e-10,3
Pere Ubu,9.72003e-10,1
The Excels,9.72003e-10,1
Palass,9.72003e-10,1
まりつみ,9.61591e-10,2
村上聖,9.61344e-10,1
Oxmo Puccino,9.58492e-10,1
Vibrasphere,9.48798e-10,1
Slusnik Luna,9.48798e-10,1
Steve Brian,9.48798e-10,1
Kay-D,9.48798e-10,1
Winkee,9.48798e-10,1
Future Disciple,9.48798e-10,1
Protoculture,9.48798e-10,1
Lowland,9.48798e-10,1
Nicholas Bennison,9.48798e-10,1
Bruce Faulconer,9.45201e-10,1
NateWantsToBattle,9.45201e-10,1
Waffle,9.45161e-10,1
M Dubs,9.31426e-10,1
Fan Death,9.15146e-10,1
Heartbreak,9.15146e-10,1
Friendly Fires,9.15146e-10,1
Dee D. Jackson,9.15146e-10,1
Grovesnor,9.15146e-10,1
Liar,9.14031e-10,1
Nat Adderley,9.1293e-10,4
Ricardo Ray & Bobby Cruz,9.12808e-10,1
Vakeró,9.12808e-10,1
Gala,9.12808e-10,1
アリス・カータレット,9.11469e-10,1
Universal,9.02383e-10,2
Babylon System,9.02122e-10,2
Sukh Knight,9.02122e-10,2
DZ,9.02084e-10,1
KRio,9.02084e-10,1
Ed Solo,9.02084e-10,1
Darkstar,9.02084e-10,1
Jim C. Nedd,8.91537e-10,1
Oyubi,8.91537e-10,1
TAH,8.91537e-10,1
Golden Donna,8.91537e-10,1
Secret Werewolf,8.91537e-10,1
CRYSTAL,8.91537e-10,1
Mafia Boyz,8.91537e-10,1
Lolina,8.91537e-10,1
Mr. Ho,8.91537e-10,1
CN,8.91537e-10,1
DJ Spookie,8.91537e-10,1
DJ Nehpets,8.91537e-10,1
Kanyon,8.91537e-10,1
Grain,8.91537e-10,1
DJ SWISHA,8.91537e-10,1
Michael J. Blood,8.91537e-10,1
G3,8.91537e-10,1
The Raining Heart,8.91537e-10,1
Markus Mann,8.91537e-10,1
Masarima,8.91537e-10,1
Maarten van der Vleuten,8.91537e-10,1
The Washboard Rhythm Kings,8.87452e-10,2
Conrad Schnitzler,8.86504e-10,1
MU,8.86504e-10,1
Poobah,8.86504e-10,1
Swans Way,8.86504e-10,1
Axemen,8.86504e-10,1
Intensity,8.85335e-10,1
Mirage,8.85335e-10,1
Smart Systems,8.85335e-10,1
Frank De Wulf,8.85335e-10,1
Axis,8.85335e-10,1
Hyper on Experience,8.85335e-10,1
Skin Divers,8.85335e-10,1
Chuck Roberts,8.85335e-10,1
r u s s e l b u c k,8.82848e-10,3
Musical Mob,8.80393e-10,2
Dollar Brand Quartet,8.80004e-10,1
Miami,8.80004e-10,1
Jamey Aebersold,8.80004e-10,1
Orchestre de la Suisse Romande,8.76065e-10,1
Philippe Jolivet,8.76065e-10,1
Symphonieorchester des Bayerischen Rundfunks,8.76065e-10,1
NHK交響楽団,8.76065e-10,1
Michel Dalberto,8.76065e-10,1
BBC Symphony Orchestra,8.76065e-10,1
Gabriel Tacchino,8.76065e-10,1
Симфонический оркестр Большого театра,8.76065e-10,1
English Chamber Choir,8.76065e-10,1
Orchestre national de France,8.76065e-10,1
Marie‐Claire Alain,8.76065e-10,1
Roland Pidoux,8.76065e-10,1
Maria Rosa Carminati,8.76065e-10,1
Lily Laskine,8.76065e-10,1
Maurice André,8.76065e-10,1
Mohammed Rafi,8.7605e-10,4
Mukesh,8.75903e-10,2
Hemant Kumar,8.75866e-10,1
Anne Dudley,8.73464e-10,1
A-0,8.70311e-10,4
Doctor Jeep,8.70037e-10,3
Alix Perez,8.69817e-10,2
Dotorado Pro,8.69781e-10,1
Fracture,8.69781e-10,1
Dub Phizix,8.69781e-10,1
DJ Earl,8.69781e-10,1
Iyer,8.69781e-10,1
Los,8.69781e-10,1
Jlin,8.69781e-10,1
6Blocc,8.69781e-10,1
Addison Groove,8.69781e-10,1
Sikka Rymes,8.69781e-10,1
Sam Binga,8.69781e-10,1
Marginal Men,8.69781e-10,1
Jubei,8.69781e-10,1
Homemade Weapons,8.69781e-10,1
DJ Spinn,8.69781e-10,1
KiiD,8.69781e-10,1
Lamont,8.69781e-10,1
Beauty Brain,8.69781e-10,1
Murlo,8.69781e-10,1
J:Kenzo,8.69781e-10,1
Om Unit,8.69781e-10,1
Cem Özel,8.21118e-10,1
Stephen Walking,8.15732e-10,2
Benoît Charest,8.07286e-10,1
The Chordettes,8.07286e-10,1
Sarah Brightman,8.05724e-10,1
Josh Garrels,8.05724e-10,1
Savlonic,8.05724e-10,1
Piero Cappuccilli,7.99743e-10,6
Brian Tyler,7.82683e-10,2
정재일,7.82651e-10,1
Rhythm & Sound,7.82289e-10,1
László Heltay,7.76828e-10,2
中川浩二,7.69052e-10,2
神前暁,7.69018e-10,1
Ella Jenkins,7.56848e-10,1
Al Stewart,7.56848e-10,1
おやすみホログラム,7.56436e-10,2
Cocoa Tea,7.55138e-10,1
Sumone,7.50072e-10,2
Prizna,7.50072e-10,2
Visa,7.37625e-10,1
高橋美佳子,7.37625e-10,1
The Todd Terry Project,7.28585e-10,1
Blow,7.28585e-10,1
Mac Thornhill,7.28585e-10,1
Aufnahme,7.28585e-10,1
Mr. Lee,7.28585e-10,1
LNR,7.28585e-10,1
Go Freek,7.22923e-10,1
Dicky Wells and His Orchestra,7.19868e-10,1
The Andrews Sisters,7.15997e-10,4
Suman Kalyanpur,7.14945e-10,1
Ephixa,7.1312e-10,2
Project 46,7.1309e-10,1
DotEXE,7.1309e-10,1
Sway Dasafo,7.09263e-10,3
Theatre of Voices,7.06459e-10,2
JAPSHITFUN,6.97868e-10,1
Myro,6.75822e-10,2
Wiener Philharmoniker,6.7044e-10,10
sampling masters MEGA,6.69162e-10,2
Educational rap,6.69046e-10,1
遠藤瑠香,6.69046e-10,1
The Tallest Man on Earth,6.6845e-10,1
Joey Valence & Brae,6.58062e-10,2
Arturo Stàlteri,6.49476e-10,1
American Composers Orchestra,6.49476e-10,1
Michel Jonasz,6.48748e-10,1
Bluelite,6.48748e-10,1
Dominik Eulberg,6.48265e-10,2
Dance With the Dead,6.48238e-10,1
Monolink,6.48238e-10,1
Betta Lemme,6.48238e-10,1
SIERRA VEINS,6.48238e-10,1
Zamilska,6.48238e-10,1
Aevion,6.48238e-10,1
Milkoi,6.40685e-10,2
Band of Horses,6.35202e-10,1
The McGuire Sisters,6.32083e-10,1
City Limits,6.32083e-10,1
米津玄師,6.21465e-10,1
Squid Squad,6.21465e-10,1
Ijahman Levi,6.21292e-10,1
The Muel,6.21292e-10,1
King Willonius,6.20475e-10,1
Patience & Prudence,6.20475e-10,1
Eddy Mitchell,6.20475e-10,1
Kashif,6.20475e-10,1
The Loving Sisters,6.20475e-10,1
ID Cℎίℯƒ,6.20016e-10,2
Nhato,6.18861e-10,5
Lindstrøm,6.13122e-10,1
Doechii,6.13068e-10,2
070 Shake,6.13042e-10,1
Don Harper,6.07578e-10,1
GUNSHIP,5.93879e-10,1
Roger Miller,5.91892e-10,1
Verbal Kent,5.87096e-10,2
Michael Wycoff,5.67914e-10,3
T.S. Monk,5.67914e-10,3
Jaki Graham,5.6789e-10,2
Freezer,5.64328e-10,11
Cloudier,5.57145e-10,2
The Floor,5.48468e-10,1
Greed,5.48468e-10,1
Michael Shrieve,5.36518e-10,1
Alain Barrière,5.35466e-10,1
Deadboy,5.35104e-10,2
Claudja Barry,5.3272e-10,2
The Pump Panel,5.28103e-10,1
Lock ’n Load,5.28103e-10,1
Lund,5.25879e-10,4
lux natura,5.23637e-10,1
Sulumi,5.22146e-10,1
Goto80,5.22146e-10,1
Jogeir Liljedahl,5.22146e-10,1
Siskid,5.22146e-10,1
MisfitChris,5.22146e-10,1
zabutom,5.22146e-10,1
Foxing,5.08343e-10,1
"Drop Dead, Gorgeous",5.08343e-10,1
Curt Cress,5.03146e-10,1
Nautic,5.03146e-10,1
Gilla,5.03146e-10,1
Adolf Stern,5.03146e-10,1
Another,5.03146e-10,1
Jan Garbarek,5.03146e-10,1
Колибри,5.03146e-10,1
M & G,5.03146e-10,1
Akeos,5.00589e-10,2
Neonix,5.00589e-10,2
Asmus Tietchens,4.99971e-10,4
Reflekt,4.94468e-10,2
Ocho,4.87976e-10,1
Yakkle,4.82272e-10,1
群雨アンブレイラ,4.80796e-10,1
ueotan,4.80715e-10,1
The Acid,4.77608e-10,1
Agnetha Fältskog,4.77116e-10,1
Anita Meyer,4.77116e-10,1
Greg Turner,4.60934e-10,2
山崎憲司,4.60934e-10,2
Phuture,4.60063e-10,1
Junior Walker,4.60063e-10,1
Shiver,4.57065e-10,2
Momo Joseph,4.56613e-10,1
Uta Bella,4.56613e-10,1
Elizio De Buzios,4.56613e-10,1
Tommy Dorsey,4.51406e-10,1
c4rl,4.49478e-10,1
BOØWY,4.41827e-10,1
Akure Wall,4.41809e-10,1
Trees,4.37137e-10,1
Nino Nardini,4.37137e-10,1
Please,4.37137e-10,1
Armando Trovajoli,4.37137e-10,1
Twink,4.37137e-10,1
The Eighth Day,4.37137e-10,1
Derek and Clive,4.32058e-10,1
ToonBoy Covers,4.3182e-10,2
Pháo,4.27298e-10,1
Sandy Marton,4.27298e-10,1
南春香,4.16351e-10,1
Kenny Rogers & The First Edition,4.07328e-10,1
The System,4.07311e-10,2
Coro del Teatro alla Scala di Milano,4.07294e-10,1
Lil’ Will,4.07294e-10,1
Daisy Chapman,4.07294e-10,1
Parralox,4.05783e-10,1
MIC,4.01946e-10,1
Rone,4.01946e-10,1
Daniel Licht,4.01946e-10,1
Absolute Ensemble,4.01946e-10,1
Cristobal Tapia de Veer,4.01946e-10,1
NTO,4.01946e-10,1
Yaul,4.01946e-10,1
Normand Corbeil,4.01946e-10,1
Black Blood,3.93104e-10,1
The Tony Hatch Sound,3.93104e-10,1
AYA,3.91785e-10,4
Louis Prima and His New Orleans Gang,3.88673e-10,2
Loreli,3.88414e-10,1
Fireball,3.87864e-10,3
Sir John Betjeman,3.86683e-10,1
OblivionFall,3.86008e-10,4
Sheila & B. Devotion,3.85661e-10,1
Christy Essien Igbokwe,3.8166e-10,1
米光美保,3.80145e-10,3
AAAMYYY,3.78218e-10,1
Derek Duke,3.77648e-10,4
Vivien Vee,3.77182e-10,1
Jato,3.77182e-10,1
Unclubbed,3.76481e-10,1
MEDUZA,3.76481e-10,1
Sasha Alex Sloan,3.76481e-10,1
Stevie B,3.76033e-10,1
Bong‐Ra,3.75052e-10,2
Strategy,3.75036e-10,1
DJ Rap,3.75036e-10,1
LoQtus,3.75036e-10,1
Monster Zoku Onsomb!,3.75036e-10,1
Wasteland,3.75036e-10,1
DJ Flack,3.75036e-10,1
Soundmurderer & SK-1,3.75036e-10,1
Krinjah,3.75036e-10,1
Aaron Spectre,3.75036e-10,1
KGBKid,3.75036e-10,1
RCola,3.75036e-10,1
Electro Organic Sound System,3.75036e-10,1
watson,3.68043e-10,3
相原隆行,3.63054e-10,1
渡部龍,3.63054e-10,1
K->,3.61597e-10,1
DezLandPlayz,3.61597e-10,1
Puppet,3.61597e-10,1
cokiyu,3.61387e-10,3
M-Neko,3.60708e-10,1
MUZIK SERVANT,3.60708e-10,1
DJ Schwarzenegger,3.60708e-10,1
Spy47,3.60708e-10,1
K1osk,3.60708e-10,1
ローマンRoman,3.55196e-10,2
Drupka Order from Thimphu and Punakha,3.53229e-10,1
Medwyn Goodall,3.53229e-10,1
aden,3.53022e-10,1
Hans Hotter,3.52952e-10,5
Daði Freyr,3.52491e-10,1
Anna Odobescu,3.52491e-10,1
松岡美羽,3.48445e-10,1
Washington Phillips,3.45219e-10,1
Go-qualia,3.33649e-10,4
Hawkeye,3.21043e-10,1
Egg Nog,3.21043e-10,1
Frassman,3.21043e-10,1
Mr. Vegas,3.21043e-10,1
Goofy,3.21043e-10,1
Kiprich,3.21043e-10,1
Mr. Lexx,3.21043e-10,1
Foxy Cat,3.21043e-10,1
Alley Cat,3.21043e-10,1
Major Sample,3.21043e-10,1
General Degree,3.21043e-10,1
Delon Reid,3.21043e-10,1
Madd Anju,3.21043e-10,1
Red Rat,3.21043e-10,1
Faro,3.17784e-10,2
John Gregory & His Orchestra,3.15436e-10,3
Platinum Hook,3.142e-10,1
濱本理央,3.13341e-10,2
travongle,3.11521e-10,1
Beni,3.11412e-10,1
スーパーセックス永遠にSUPERSEX420,3.10008e-10,1
Cape Coral,3.10008e-10,1
FIBRE,3.10008e-10,1
Levantine,3.10008e-10,1
渡辺量,3.06121e-10,2
宮倉恭子,3.06108e-10,1
佐野信義,3.06108e-10,1
Rossi B. & Luca,3.02783e-10,2
Walter Heath,3.02022e-10,1
Planetary Assault Systems,2.99115e-10,2
Griselda,2.99011e-10,1
キセノンP,2.98446e-10,25
The Rising Sons,2.97406e-10,1
Koenig Cylinders,2.97406e-10,1
3M,2.97406e-10,1
N.A.D.,2.97406e-10,1
Brothers Love Dubs,2.97406e-10,1
Innersphere,2.97406e-10,1
Experimentation,2.97406e-10,1
3 Phase,2.97406e-10,1
Morgan Fisher,2.97406e-10,1
Psychick Warriors ov Gaia,2.97406e-10,1
佐野電磁,2.95092e-10,2
Cappadonna,2.93548e-10,1
Fashawn,2.93548e-10,1
Andrew Huo,2.84789e-10,3
Beggar & Co,2.83945e-10,1
小川範子,2.83945e-10,1
当山ひとみ,2.83945e-10,1
RinneRadio,2.81923e-10,12
مصطفى قمر,2.75711e-10,1
Meshuggah,2.73193e-10,3
J‐Rocc,2.68261e-10,1
Bryan Ferry,2.67896e-10,4
Guido,2.67552e-10,1
Mosca,2.67552e-10,1
DJ 2000F,2.67552e-10,1
L‐Vis 1990,2.67552e-10,1
Girl Unit,2.67552e-10,1
Julio Bashmore,2.67552e-10,1
Live-O,2.67552e-10,1
Egyptrixx,2.67552e-10,1
Boris Dlugosch,2.67552e-10,1
King Oliver and His Creole Jazz Band,2.61209e-10,2
Colin Towns,2.60411e-10,1
The Florida Mass Choir,2.60411e-10,1
G‐Dragon,2.60411e-10,1
Manic Street Preachers,2.57501e-10,1
The Ultraviolet Catastrophe,2.57501e-10,1
Chris Travis,2.53825e-10,2
FISH TONE,2.53534e-10,2
Xavier Wulf,2.52885e-10,2
BVSSIC,2.50294e-10,1
Oolacile,2.50294e-10,1
SØL,2.50294e-10,1
Sound Online,2.47544e-10,2
David Gold,2.44351e-10,2
Karen Dalton,2.41358e-10,1
Jimmy Rogers,2.40216e-10,1
Hommarju,2.39992e-10,1
Hozokauh,2.38656e-10,2
roboticoder,2.38656e-10,2
Unknown Mortal Orchestra,2.3851e-10,1
Gerald Mallory,2.36557e-10,1
Jazzy System,2.34885e-10,3
Cise Star,2.33437e-10,2
濱野美奈子,2.30477e-10,2
簗田裕之,2.30467e-10,1
竹本晃,2.30467e-10,1
Matthew Scott,2.30467e-10,1
Brian L. Schmidt,2.30467e-10,1
田中光人,2.30467e-10,1
Allister Brimble,2.30467e-10,1
Jesper Kyd,2.30467e-10,1
Kevin Bateson,2.30467e-10,1
The Guo Brothers,2.27351e-10,1
Rebecca Luker,2.23167e-10,2
USAO,2.22059e-10,2
Red Axes,2.18988e-10,1
Bobmo,2.18988e-10,1
Jeremy Greenspan,2.18988e-10,1
I-F,2.18988e-10,1
Maelstrom,2.18988e-10,1
Djedjotronic,2.18988e-10,1
Daniel Avery,2.18988e-10,1
Creepy Autograph,2.18988e-10,1
Luke Eargoggle,2.18988e-10,1
Adam X,2.18988e-10,1
Brodinski,2.18988e-10,1
The Hacker,2.18988e-10,1
Cab Calloway and His Orchestra,2.18124e-10,1
kazeoff,2.16852e-10,1
Massive New Krew,2.16852e-10,1
Savage States,2.16852e-10,1
Paolo Sessa,2.1591e-10,1
Viewer,2.1591e-10,1
Алексей Батыченко,2.1591e-10,1
Vincent de Moor,2.15083e-10,1
山根麻以,2.13613e-10,1
Wasis Diop,2.11816e-10,1
Ray Bryant,2.09976e-10,1
The Good Girls,2.09976e-10,1
Erkut Taçkın,2.08095e-10,2
Jon and Vangelis,2.08087e-10,1
Norin & Rad,2.05157e-10,1
Estiva,2.05157e-10,1
Patti Jo,2.01164e-10,1
Gene Kelly,2.01155e-10,1
Bertha Egnos,2.01155e-10,1
Andy Kim,2.01155e-10,1
Joe Harriott and John Mayer Double Quintet,2.01155e-10,1
Djavan,1.96255e-10,2
Leila Pinheiro,1.96247e-10,1
Fafá de Belém,1.96247e-10,1
Emílio Santiago,1.96247e-10,1
Flaming Ember,1.94445e-10,1
pF㎊pF㎊pF㎊pF㎊pF㎊pF㎊pF㎊pF㎊pF㎊pF㎊pF㎊pF㎊pF㎊pF㎊pF㎊pF㎊pF,1.9435e-10,3
Robbie Seed,1.94175e-10,1
David Rose and His Orchestra,1.9162e-10,2
Alain Duvivier,1.87522e-10,1
Paul Mauriat,1.87522e-10,1
Tramaine Hawkins,1.87289e-10,1
יהונתן גפן,1.85128e-10,1
Zimbabwe Legit,1.8418e-10,1
La Paquera de Jerez,1.83027e-10,1
Justo Betancourt,1.83027e-10,1
Dylan & Loxy,1.82512e-10,2
Subhumans,1.81524e-10,1
中島愛,1.80995e-10,1
Nico Vega,1.80776e-10,1
Chihei Hatakeyama,1.80694e-10,2
ｓｋｙ 空,1.80694e-10,2
Bugs,1.78905e-10,1
Sly Withers,1.78905e-10,1
Naten,1.76836e-10,2
Lab’s Cloud,1.76231e-10,3
Sync24,1.76208e-10,2
Eskape,1.76201e-10,1
Obfusc,1.76201e-10,1
Padmasana,1.76201e-10,1
Ligea,1.76201e-10,1
Hammock,1.76201e-10,1
Gel-Sol,1.76201e-10,1
Bounty Killer,1.73531e-10,1
Kindness,1.70513e-10,2
いずれ菖蒲か杜若,1.66825e-10,2
Nyolfen,1.66825e-10,2
Sane Masayuki,1.66825e-10,2
Volcano the Bear,1.61851e-10,1
Urinals,1.61851e-10,1
Diane Cluck,1.61851e-10,1
Luminocolor,1.61851e-10,1
Rosa Yemen,1.61851e-10,1
Harry Pussy,1.61851e-10,1
The Sick Lipstick,1.61851e-10,1
House Proud People,1.59659e-10,1
Orson Karte,1.59659e-10,1
Megalon,1.59659e-10,1
Cal-Q-Lator,1.59659e-10,1
Kelli Hand,1.59659e-10,1
Math U Matix,1.59659e-10,1
Nicole,1.59659e-10,1
Secret Cinema,1.59659e-10,1
L.S.G.,1.59659e-10,1
Sysex,1.59659e-10,1
Professor And The Efficiency Experts,1.59444e-10,1
Ada Rook,1.59064e-10,1
yeule,1.59064e-10,1
Strawberry Hospital,1.59064e-10,1
Botch,1.59051e-10,1
Peter Pearson,1.58899e-10,2
The Karminsky Experience Inc.,1.58892e-10,1
Caia,1.58892e-10,1
Michael E,1.58892e-10,1
Peter White,1.58892e-10,1
Ph‐Wert,1.58892e-10,1
Mahoroba,1.58892e-10,1
Electrix,1.58892e-10,1
Eternal Love,1.58892e-10,1
Larry Heard,1.58892e-10,1
Longers,1.58892e-10,1
Rick Braun,1.58892e-10,1
CeCe Rogers,1.51789e-10,3
Roy Porter Sound Machine,1.50344e-10,2
SirensCeol,1.50313e-10,1
Park Bird,1.50313e-10,1
Zekk,1.50313e-10,1
KOTONOHOUSE,1.50313e-10,1
ミディ,1.50313e-10,1
hunz,1.48372e-10,3
face to face,1.46074e-10,1
Territoire,1.43125e-10,1
Swindle,1.40925e-10,4
Royal-T,1.40925e-10,4
元田恵美,1.40911e-10,1
Phaze 1,1.39997e-10,2
Neal Howard,1.38814e-10,2
Nexus 21,1.38809e-10,1
GODSPEED 音,1.36926e-10,6
Tommy McCook,1.34152e-10,1
Lustra,1.3217e-10,1
Artie Shaw,1.30604e-10,1
T‐Bone Walker,1.29288e-10,1
Carla Bley,1.29288e-10,1
Lionel Hampton,1.29288e-10,1
King Pleasure,1.29288e-10,1
Rubberlegs Williams,1.29288e-10,1
Blue Mink,1.29288e-10,1
Mental Instrum,1.29288e-10,1
GORE,1.28163e-10,5
Mabisyo,1.28074e-10,3
David Benoit,1.27813e-10,2
Rozz Dyliams,1.26912e-10,1
Bass Communion,1.25537e-10,3
Chicago London Underground,1.25365e-10,1
RLW,1.24993e-10,1
Collapse,1.24581e-10,2
Amateras Records,1.23777e-10,2
mican*,1.23772e-10,1
タカナシトリコ,1.23772e-10,1
savant shadow,1.23721e-10,2
Reactor,1.23673e-10,1
Bowa,1.23673e-10,1
Robert Winters & Fall,1.22175e-10,1
Heaven,1.22175e-10,1
Milcho Leviev,1.22175e-10,1
Ticon,1.20146e-10,2
slowerpace 音楽,1.19352e-10,2
LAWFUL CHAOTIC,1.19328e-10,1
Time Fragment,1.19328e-10,1
Pocket Money,1.19328e-10,1
Gold Blu-27,1.19328e-10,1
Maid Dresses,1.19328e-10,1
Lost Colossus,1.19328e-10,1
undersaken,1.19328e-10,1
GUILD MERCHANT,1.19328e-10,1
Dirty River,1.19328e-10,1
Professional Hairdresser,1.19328e-10,1
PERCUSSION OF A SOUND MIND,1.19328e-10,1
DEATH DEVOIR,1.19328e-10,1
Femalite,1.19328e-10,1
Neosir,1.19328e-10,1
ｄｒｋｔｒｘ テレパシーのビジョンを持つもの,1.19328e-10,1
Saturn駅,1.19328e-10,1
jj,1.18368e-10,1
ZK king,1.18363e-10,1
Aim,1.18129e-10,2
Martin Rev,1.18124e-10,1
Braintax,1.18124e-10,1
The Durutti Column,1.18124e-10,1
Vivien Goldman,1.18124e-10,1
Factory Floor,1.18124e-10,1
Boris Policeband,1.18124e-10,1
Mount Kimbie,1.18124e-10,1
Call O' Da Wild,1.18124e-10,1
Vex Ruffin,1.18124e-10,1
Sunburned Hand of the Man,1.18124e-10,1
Light Asylum,1.18124e-10,1
Laurindo Almeida,1.16719e-10,1
Nana Caymmi,1.16719e-10,1
Cannibal & the Headhunters,1.15557e-10,1
Ashford & Simpson,1.15477e-10,7
DJタコワサ将軍,1.12615e-10,1
Atlas,1.10896e-10,2
Frank Klepacki,1.10179e-10,3
Menno de Jong,1.05688e-10,1
Miikka Leinonen,1.05688e-10,1
Jaytech,1.05688e-10,1
"Cerf, Mitiska & Jaren",1.05688e-10,1
Anton Sonin,1.05688e-10,1
M6,1.05688e-10,1
Komytea,1.05688e-10,1
Coast 2 Coast,1.05688e-10,1
Signalrunners,1.05688e-10,1
Bissen,1.05688e-10,1
Mÿon,1.05688e-10,1
DT8 Project,1.05688e-10,1
Moonbeam,1.05688e-10,1
Monologue,1.05688e-10,1
Anthony Attalla,1.05688e-10,1
Patric La Funk,1.05688e-10,1
Marksun & Brian,1.05688e-10,1
Andy Tau,1.05688e-10,1
Foster Sylvers,1.05582e-10,2
Sweet Sensation,1.03743e-10,1
Night Works,1.03533e-10,1
Zach Gill,1.03533e-10,1
Lootpack,1.03533e-10,1
Kano,1.03533e-10,1
Sarah Vaughan,1.0338e-10,1
The Playmates,1.02643e-10,2
Salif Keita,1.02339e-10,1
1.8.7,1.02327e-10,1
藤原鞠菜,1.01059e-10,1
Joe O’Donnell,1.00211e-10,1
François‐Joël Thiollier,9.93391e-11,2
Paper Route,9.89146e-11,2
XM -Xenon Maiden-,9.76544e-11,5
黒うさP,9.76381e-11,1
Vishal Dadlani,9.59075e-11,1
فيروز,9.15053e-11,1
Non Phixion,9.12444e-11,1
.Casting,9.03804e-11,3
VECTOR GRAPHICS,9.03766e-11,2
COMPAQDREAMS,9.03766e-11,2
DATAGIRL,9.02672e-11,1
Sir Richard Rodney Bennett,9.02368e-11,2
Row Rocka,8.84178e-11,1
Sam O'Neall,8.84178e-11,1
JuicyTrax,8.84178e-11,1
Bali Bandits,8.84178e-11,1
Goja,8.84178e-11,1
Stimmhorn,8.68924e-11,1
"Morning, Noon & Night",8.68786e-11,1
Gal Costa,8.68786e-11,1
Crackin’,8.68786e-11,1
Ray Jay and the Eastsiders,8.68786e-11,1
DJ Slimzee,8.67917e-11,1
Napoleon XIV,8.67707e-11,1
ginkiha,8.60209e-11,2
Bliss,8.55236e-11,3
amiina,8.55093e-11,1
Jean de Sainte‐Colombe,8.55093e-11,1
Platon Andritsakis,8.55093e-11,1
Raz Ohara and The Odd Orchestra,8.55093e-11,1
Tindersticks,8.55093e-11,1
Monica Queen,8.55093e-11,1
ANOHNI and the Johnsons,8.55093e-11,1
PLEEG,8.35636e-11,1
wotaku,8.34684e-11,17
Yu Murakami,8.34124e-11,1
affable noise,8.34124e-11,1
Madegg,8.34124e-11,1
trorez,8.34124e-11,1
KanouKaoru,8.34124e-11,1
Phasma,8.34124e-11,1
yutaka hirasaka,8.34124e-11,1
asuka tanaka,8.34124e-11,1
R-Tyme,8.16891e-11,1
Terror Danjah,8.10741e-11,3
Blame,7.8295e-11,1
Maxx,7.57467e-11,1
Howlin’ Wolf,7.45991e-11,1
Atmosfear,7.43624e-11,1
John Williams,7.41415e-11,1
Albro T. Gaul,7.38202e-11,2
Kode9,7.04757e-11,2
Vanofox,7.04727e-11,1
Slack 1ne,7.04727e-11,1
MC Pogba,7.04727e-11,1
Λένα Πλάτωνος,7.04727e-11,1
Leod,7.04727e-11,1
Martin King,7.04727e-11,1
Tony Quattro,7.04727e-11,1
Les Sins,7.04727e-11,1
BLACK GIRL / WHITE GIRL,7.04727e-11,1
Barker,7.04727e-11,1
DJ Danifox,7.04727e-11,1
Oli XL,7.04727e-11,1
Mietze Conte,7.04727e-11,1
MC Sereia,7.04727e-11,1
STIPP,7.04727e-11,1
Snøw,7.04727e-11,1
DJ これからの緊急災害,7.04727e-11,1
ANTOPIKO3,7.04727e-11,1
Lewo Chyba,7.04727e-11,1
Daphni,7.04727e-11,1
cherry chola,7.04727e-11,1
Tino JJ,7.04727e-11,1
Faze Miyake,7.04625e-11,2
Starkey,7.04625e-11,2
Alan Dean Foster,6.97788e-11,2
Armani White,6.96694e-11,1
Misteria,6.80449e-11,1
The Deadkirks,6.80449e-11,1
Obscure FM,6.80449e-11,1
Bass Construction,6.80449e-11,1
U96,6.80449e-11,1
Mig 29,6.80449e-11,1
Radioactive Goldfish,6.80449e-11,1
Interactive,6.80449e-11,1
SteezTheProducer,6.63957e-11,1
ghastly,6.63957e-11,1
LAZER DIM 700,6.47833e-11,1
neva pray,6.47833e-11,1
Chuck Person,6.47833e-11,1
72crash,6.47833e-11,1
Oddwin,6.47833e-11,1
Introsik,6.47517e-11,1
Bodyscrub,6.4713e-11,2
萩原雪歩,6.45418e-11,1
Electronic Art Ensemble,6.27505e-11,2
The Norman Luboff Choir,6.13541e-11,1
Jerry Orbach,6.12305e-11,2
Trillville,6.04472e-11,1
Candy Girls,5.96434e-11,1
Chaah,5.96434e-11,1
666,5.96434e-11,1
Amen,5.96434e-11,1
Captain Kirk,5.96434e-11,1
Rachel Auburn,5.96434e-11,1
Reverse Psychology,5.95077e-11,2
A-Force,5.95052e-11,1
Jaira Burns,5.83006e-11,1
Colonel Abrams,5.77363e-11,2
NAMCO SAMPLING MASTERS,5.74608e-11,6
Apathy Point,5.71477e-11,1
Bob Crosby and the Bob Cats,5.63975e-11,1
Roger Nichols & The Small Circle of Friends,5.59651e-11,1
Luiz Bonfá,5.54527e-11,3
Leo Addeo and His Orchestra,5.54481e-11,1
Buddy Merrill,5.54481e-11,1
葉麗儀,5.54481e-11,1
Fiachra Trench,5.54481e-11,1
Wedlock,5.52524e-11,1
Tocadisco,5.51551e-11,1
Lemon D,5.39343e-11,2
Archaii,5.38589e-11,2
Walter Hagen-Groll,5.32446e-11,2
Tha Playah,5.27714e-11,2
Ivy Hollivana,5.26661e-11,1
~Avery~,5.26661e-11,1
Natbird,5.26661e-11,1
Kreühn Pöny,5.26661e-11,1
Captive Unicorns,5.26661e-11,1
Shekhar Ravjiani,5.24491e-11,2
George Fenton,5.21391e-11,1
Edlan,5.11453e-11,3
§E▲ ▓F D▓G§,5.09344e-11,2
nanoshrine,5.09344e-11,2
Flynn & Flora,5.08432e-11,1
Nasty Habits,5.08432e-11,1
Codename John,5.08432e-11,1
Digital,5.08432e-11,1
Andy C,5.08432e-11,1
S.O.S.,5.08432e-11,1
Doc Scott,5.08432e-11,1
Carla Vallet,5.05403e-11,2
AtWil,5.05052e-11,1
Circle City Band,5.05052e-11,1
Scott White,5.05052e-11,1
Tronikhouse,5.03599e-11,2
Sangue misto,5.00942e-11,1
Beat Happening,5.00942e-11,1
高橋菜々,5.00525e-11,2
DJ Hollywood,4.9866e-11,1
Theo Vaness,4.94939e-11,1
Innerpartysystem,4.94573e-11,1
Mr. Meeble,4.94573e-11,1
Necros,4.94573e-11,1
The In Crowd,4.91112e-11,1
ピノキオピー,4.87802e-11,12
Supreme Beings of Leisure,4.87745e-11,1
The Source,4.80111e-11,1
Kalyanji Anandji,4.79748e-11,4
The Mystiques,4.79688e-11,1
Jon Faddis,4.79688e-11,1
The Edge of Daybreak,4.79688e-11,1
LoPhi,4.79688e-11,1
Nightlife Unlimited,4.7786e-11,2
波のスタイルwavestyle96,4.51883e-11,1
COMPAQ-QUEST,4.51883e-11,1
ESPRIT 空想,4.51883e-11,1
Childhood,4.51883e-11,1
VTNLNX,4.51883e-11,1
//turntboiフォレバー95,4.51883e-11,1
ΣPSON,4.51883e-11,1
Minuit Café,4.51883e-11,1
Lancaster__,4.51883e-11,1
channel select,4.51883e-11,1
Leo Kottke,4.51184e-11,1
Monsoon,4.48782e-11,1
Rufige Kru,4.42153e-11,1
Paul T,4.39957e-11,5
The Abominable Iron Sloth,4.39208e-11,1
Meero,4.36202e-11,1
Srezcat,4.27322e-11,1
Henri Texier,4.16105e-11,1
NAOKI,4.13662e-11,1
HHH,4.13662e-11,1
Cannonball Adderley Sextet,3.94528e-11,1
飯吉新,3.93344e-11,6
Morusque,3.88818e-11,2
Jimmy Mayes,3.87489e-11,1
Tuxedo,3.87489e-11,1
7 Days of Funk,3.87489e-11,1
Walsh & McAuley,3.86291e-11,1
Lemon,3.86291e-11,1
A.R.D.I.,3.86291e-11,1
Rex Mundi,3.86291e-11,1
Almar,3.86291e-11,1
C‐Systems,3.86291e-11,1
Mark Pledger,3.86291e-11,1
Temple One,3.86291e-11,1
Ehren Stowers,3.86291e-11,1
Andy T.,3.85591e-11,1
Corrosion of Conformity,3.85591e-11,1
Run DMT,3.79746e-11,3
Hatcha,3.76815e-11,2
HeY WUSS POPPIN JIMBO,3.72473e-11,1
Malady of Knots,3.72473e-11,1
bedfordnoise,3.72473e-11,1
Rauppwar,3.72473e-11,1
The Biddu Orchestra,3.56169e-11,1
Renée Geyer,3.56169e-11,1
Mr. Mitch,3.52312e-11,1
Bok Bok,3.52312e-11,1
Spooky,3.52312e-11,1
P Money,3.52312e-11,1
P Jam,3.52312e-11,1
Treble Clef,3.52312e-11,1
TRC,3.52312e-11,1
S‐X,3.52312e-11,1
Trim,3.52312e-11,1
L‐Side,3.51966e-11,4
Command Strange,3.51966e-11,4
Reno Project,3.48894e-11,1
Alexander Courage,3.4885e-11,2
KH,3.46863e-11,1
Fouk,3.35712e-11,2
細井聡司,3.325e-11,1
Bucher & Kessidis,3.23674e-11,2
Terry Lee Brown Jr.,3.23674e-11,2
The Timewriter,3.23674e-11,2
Altor Ronda,3.23578e-11,2
Pagano,3.23565e-11,1
Mr. Bizz,3.23565e-11,1
Andres Campo,3.23565e-11,1
Christian Smith & John Selway,3.23565e-11,1
Balthazar & JackRock,3.23565e-11,1
Technasia,3.23565e-11,1
Anil Chawla,3.23565e-11,1
Stefano Pini,3.23565e-11,1
Madutec,3.23565e-11,1
Chus & Ceballos,3.23565e-11,1
Arjun Vagale,3.23565e-11,1
Chicago Loop,3.23565e-11,1
Spartaque,3.23565e-11,1
Raffaele Rizzi,3.23565e-11,1
Hollen,3.23565e-11,1
Steve Mulder,3.23565e-11,1
Michael Vorfeld,3.13752e-11,1
Lennie Tristano,3.13752e-11,1
Shelley Hirsch,3.13752e-11,1
Metro L.A.,3.06265e-11,1
The Serotonin Project,3.06265e-11,1
Carlos ‘After Dark’ Berrios,3.06265e-11,1
Montana Skies,3.00136e-11,3
Deedrah,2.89164e-11,2
MEGATEN,2.87304e-11,3
The Egyptian Lover,2.84675e-11,2
Idaho,2.7594e-11,5
ZYTOKINE,2.71953e-11,4
Bolcher,2.69294e-11,1
Googie Rene Combo,2.68368e-11,1
DJ Chap,2.63974e-11,3
Trammell Starks,2.63766e-11,2
Benny Dayal,2.62257e-11,2
Shahid Mallya,2.62246e-11,1
0F.digital,2.54672e-11,1
Arcipluvian,2.54672e-11,1
Agoraphobic Nosebleed,2.54672e-11,1
Edgey,2.54672e-11,1
Cephalic Carnage,2.54672e-11,1
Acid Species,2.54672e-11,1
Broken Hope,2.54672e-11,1
Kaoss Edge,2.54672e-11,1
⠽D⠑E⠎T⠙H⠕W⠕A⠍V⠼E⠃,2.54672e-11,1
Grottenolm,2.54672e-11,1
The Subhumanizer,2.54672e-11,1
VIRTUAL GARDEN,2.54672e-11,1
Drumcorps,2.54672e-11,1
Otto von Schirach,2.54672e-11,1
Unknown Caller,2.54672e-11,1
CR64HBRM,2.54672e-11,1
Integrity,2.54672e-11,1
消灯 Life,2.54672e-11,1
The Satan,2.54672e-11,1
Mark Instinct,2.53164e-11,2
Kevin Saunderson,2.51799e-11,1
Reese,2.51799e-11,1
The Good Men,2.51747e-11,1
Nexy,2.5171e-11,1
Hi-Fi,2.51699e-11,1
L.E.D.LIGHT-G,2.50231e-11,1
Nigel & Marvin,2.46826e-11,1
Chocolate Puma,2.46826e-11,1
Paul J. Smith,2.45855e-11,1
Oliver Wallace,2.45855e-11,1
Greg Phillinganes,2.44744e-11,1
Donald Glaude,2.44744e-11,1
Formula 7,2.36215e-11,1
Black Uhuru,2.36044e-11,1
Andy Mineo,2.32304e-11,1
MUTEMATH,2.32304e-11,1
Aests,2.22873e-11,1
Electric Choc,2.16862e-11,1
Black Needle Noise,2.14046e-11,2
Barney,2.0993e-11,3
Hi-5,2.09921e-11,2
SawanoHiroyuki[nZk],1.92631e-11,3
J99,1.91536e-11,2
L.E.D.,1.88778e-11,6
Family Tree,1.85252e-11,1
AKB,1.85252e-11,1
Black Rock,1.85244e-11,1
Nova Local,1.82074e-11,1
The Sven Libæk Orchestra,1.82074e-11,1
Roni Size,1.80724e-11,4
Need for Mirrors,1.75983e-11,2
Level 2,1.75983e-11,2
Serum,1.75983e-11,2
Submorphics,1.75983e-11,2
Big Bud,1.70484e-11,1
Agrume,1.67856e-11,1
Nachtbraker,1.67856e-11,1
Tim Deluxe,1.67856e-11,1
Harvey Sutherland,1.67856e-11,1
Art of Tones,1.67856e-11,1
Wolfgang Dauner Quintet,1.67397e-11,1
Five or Six,1.66094e-11,1
Deux Process,1.64755e-11,1
Strict Border,1.61837e-11,1
Jacksonville,1.61837e-11,1
Sasch BBC,1.61837e-11,1
Lukas Greenberg,1.61837e-11,1
Nima Gorji,1.61837e-11,1
Cosmic Cowboys,1.61837e-11,1
Andry Nalin,1.61837e-11,1
Tojami Sessions,1.61837e-11,1
Greg Parker,1.61837e-11,1
Nico Lahs,1.61837e-11,1
Solar & Poppcke & Virginia,1.61837e-11,1
Junior Gee,1.61837e-11,1
Smalltown Collective,1.61837e-11,1
Tomoki Tamura,1.61837e-11,1
Bas Amro,1.61837e-11,1
Solan,1.61837e-11,1
Aki Bergen,1.61837e-11,1
René Breitbarth,1.61837e-11,1
Burnski,1.61837e-11,1
Nikola Gala,1.61837e-11,1
サイトウ・キネン・オーケストラ,1.61286e-11,36
OSTER project,1.56898e-11,2
asa,1.56898e-11,2
PolyphonicBranch,1.56898e-11,2
Phil Grant,1.55428e-11,1
Sky Creackers,1.55428e-11,1
Drunkenmunky,1.54443e-11,1
Arts the Beatdoctor,1.52469e-11,1
sundial,1.52469e-11,1
Whynnel,1.52469e-11,1
Froogle,1.52469e-11,1
Luke Cusato,1.52469e-11,1
Ashdown,1.52469e-11,1
Basement Freaks,1.51881e-11,4
jazz.K.lipa,1.51824e-11,1
Trotter,1.51824e-11,1
mSdoS,1.51824e-11,1
Timewarp Inc.,1.51824e-11,1
Stereo 77,1.51824e-11,1
De Rigueur,1.51824e-11,1
James Beige,1.51824e-11,1
MustBeat Crew,1.51824e-11,1
Michael Devellis,1.51824e-11,1
CMC & Silenta,1.51824e-11,1
Johnny Pluse,1.51824e-11,1
Banderas,1.51824e-11,1
Jessie Ware,1.49691e-11,2
Three Point Turn,1.44582e-11,1
Sonic Fusion,1.44582e-11,1
Eargear,1.44582e-11,1
Chor der Bayreuther Festspiele,1.4132e-11,1
dstnt,1.40761e-11,1
Sydney Youngblood,1.40151e-11,1
Phil Thornton,1.37656e-11,1
Edu Lobo,1.36328e-11,1
Going Quantum,1.35216e-11,1
haircuts for men,1.32361e-11,13
Macroblank,1.32045e-11,4
Oblique Occasions,1.32045e-11,4
Kenny G,1.31883e-11,1
中山美穂,1.31883e-11,1
Baddmixx,1.31883e-11,1
Peter Buffett,1.31883e-11,1
eternal judge,1.30815e-11,4
Machina Pensant,1.30576e-11,3
Kevin Regamey,1.30407e-11,1
3R2,1.28791e-11,2
ココア,1.27481e-11,4
リゼ,1.27481e-11,4
QZB,1.26582e-11,1
Wingz,1.26582e-11,1
Vellum,1.26582e-11,1
Billain,1.26582e-11,1
Signal,1.26582e-11,1
Arbee,1.26582e-11,1
Clockvice,1.26582e-11,1
Revazz,1.26582e-11,1
Minnesota,1.26582e-11,1
Millbrook,1.26582e-11,1
Asa,1.26582e-11,1
Ivan Shopov,1.26582e-11,1
Razat,1.26582e-11,1
Krust,1.23643e-11,4
Shygirl,1.16958e-11,2
Carlos “Patato” Valdés,1.16953e-11,1
鼓童,1.16949e-11,1
The Michael Zager Band,1.13538e-11,3
All My Pretty Ones,1.13482e-11,1
Indianna Hale,1.13482e-11,1
hololive IDOL PROJECT,1.11489e-11,7
unknownsignals,1.10395e-11,2
Βαβυλώνα,1.09934e-11,1
The Ends,1.06116e-11,1
Greg & Steve,1.0496e-11,1
Circle Jerks,1.04339e-11,1
Carol Williams,1.00238e-11,9
Technicolour,1.00045e-11,1
Future Prophecies,1.00045e-11,1
Sixfingerz,1.00045e-11,1
Rebekka Karijord,1.00045e-11,1
Doctor Flake,1.00045e-11,1
OBESØN,1.00045e-11,1
Djuma Soundsystem,9.96468e-12,1
Brân,9.95828e-12,4
Flugschädel,9.64676e-12,1
佐宗綾子,9.57681e-12,1
SuperSweep,9.57681e-12,1
千夜,9.56106e-12,3
Mareux,9.52722e-12,1
BurnedKirby,9.49138e-12,1
DJ Nu‐Mark,9.29813e-12,1
R.B. Hudmon,9.18345e-12,1
The Treniers,8.86107e-12,1
William Onyeabor,8.85429e-12,3
Thomas Mapfumo & The Blacks Unlimited,8.85354e-12,1
ROMBREAKER,8.81094e-12,3
Daz Bailey,8.79914e-12,1
Tonk,8.79914e-12,1
Does Not Compute,8.79914e-12,1
Critycal Dub,8.79914e-12,1
Digital & Spirit,8.79914e-12,1
BTK,8.79914e-12,1
David Boomah,8.79914e-12,1
Murdock,8.79914e-12,1
Optiv & BTK,8.79914e-12,1
Random Movement,8.79914e-12,1
Savage Rehab,8.79914e-12,1
Saxxon,8.79914e-12,1
Kabuki,8.79914e-12,1
Jaybee,8.79914e-12,1
Mr Joseph,8.79914e-12,1
Dr Meaker,8.79914e-12,1
Simplification,8.79914e-12,1
Paul SG,8.79914e-12,1
MC Fats,8.79914e-12,1
Rowpieces,8.79914e-12,1
Bite Handle,8.70507e-12,2
HU?,8.5224e-12,1
Frederick,8.4202e-12,1
Getter Jaani,8.39033e-12,2
Yahel,8.38998e-12,1
みきとP,8.23697e-12,2
164,7.84521e-12,2
cosMo@暴走P,7.84488e-12,1
鬱P,7.84488e-12,1
一之瀬ユウ,7.84488e-12,1
YM,7.84488e-12,1
Jeromy Stuart,7.76598e-12,1
アゴアニキ,7.40556e-12,1
Coffee,7.36142e-12,1
Barcelona,7.36094e-12,1
ヒゲドライバー,7.23285e-12,1
NieN,7.14953e-12,2
Crystal Murray,7.10679e-12,1
小潘潘,7.06572e-12,2
四葉草,7.06542e-12,1
Tim Buckley,7.01544e-12,3
The Stan Tracey Quartet,7.01515e-12,2
Andi Dhoska,6.75622e-12,1
Stéphane Denève,6.72023e-12,15
אשמדאי,6.674e-12,3
Koveryl,6.39595e-12,1
Daniel Vangarde,6.39595e-12,1
Forecast,6.39595e-12,1
Pink Project,6.37699e-12,1
Dillinja,6.1824e-12,3
Ray Keith,6.18214e-12,2
NAOKI underground,5.98347e-12,2
Electronic Boutique,5.6958e-12,1
Hydroponic Sound System,5.67365e-12,1
Skillz,5.67365e-12,1
Eclipse,5.67341e-12,1
hololive Indonesia,5.57371e-12,2
兎田ぺこら,5.57371e-12,2
ロボ子さん,5.57371e-12,2
Pérez Prado,5.54199e-12,3
꧁꧂,5.51973e-12,1
CXRPSE,5.51973e-12,1
sleepy randy,5.51973e-12,1
Birds ’n’ Brass,5.21154e-12,1
Carleen & the Groovers,5.21154e-12,1
Mazdaratti,5.12873e-12,3
Nookie,5.12704e-12,1
Fingers Inc.,5.12704e-12,1
Nia Ben Aur,4.97914e-12,2
Sidan,4.97914e-12,2
Tebot Piws,4.97914e-12,2
Endaf Emlyn,4.97914e-12,2
Guto Roberts,4.97914e-12,2
DARK DESIRE,4.41742e-12,2
snowpoint lounge,4.41742e-12,2
TOMMYバード,4.39352e-12,1
modest by default,4.39352e-12,1
Maykretch,4.39352e-12,1
COSMIC CYCLER,4.35253e-12,1
Sinners Club,4.35253e-12,1
氷河,4.35253e-12,1
Hi-Gate,4.33234e-12,2
Grooveyard,4.32555e-12,1
Michael Rüsenberg,4.18686e-12,8
Herb Robertson,4.18616e-12,2
Chris Cutler,4.18616e-12,2
Os Cariocas,4.06627e-12,2
Harmony Sisters,3.82603e-12,1
Don Thompson,3.77773e-12,1
Neue Heimat,3.59323e-12,1
3rd Coast,3.57492e-12,2
Sugar Donut,3.57477e-12,1
Charlie Rich,3.56147e-12,6
Sandy Rivera,3.50758e-12,1
Kenny Larkin,3.4193e-12,3
B Beat Girls,3.40758e-12,2
Clubspeakers,3.32125e-12,1
David Ko,3.24801e-12,1
Petit Rabbit's with beans,3.18822e-12,10
tilt-six,3.18702e-12,1
Scorpio,3.09107e-12,1
Bill Riley,3.09107e-12,1
Roni Size & DJ Die,3.09107e-12,1
高垣楓,3.07941e-12,1
秋月律子,3.07487e-12,1
桜乃美々兎,3.04594e-12,2
灰島銀華,3.04556e-12,1
Marilyn Manson,3.02304e-12,1
The Buddy Rich Big Band,3.00437e-12,1
不知火フレア,2.78744e-12,2
hololive English -Myth-,2.78686e-12,1
hololive English,2.78686e-12,1
夜空メル,2.78686e-12,1
夏色まつり,2.78686e-12,1
Fehlfarben,2.49572e-12,1
Miri Mawr,2.48957e-12,1
Shwn,2.48957e-12,1
Yr Atgyfodiad,2.48957e-12,1
Huw Jones,2.48957e-12,1
Heather Jones,2.48957e-12,1
Eliffant,2.48957e-12,1
Injaroc,2.48957e-12,1
Meic Stevens,2.48957e-12,1
Delwyn Siôn,2.48957e-12,1
Ken Carson,2.47893e-12,3
you,2.4573e-12,1
喜多條敦志,2.45574e-12,1
RZA,2.43671e-12,1
アイロボ,2.41539e-12,1
佳織みちる,2.41539e-12,1
Trimatic,2.34073e-12,1
Das Modul,2.34073e-12,1
Kosmos,2.34073e-12,1
DÖF,2.34073e-12,1
Big X,2.34073e-12,1
Buddha Brand,2.22499e-12,1
Title Fight,2.22467e-12,1
Tanlines,2.18786e-12,1
Starparty,2.16617e-12,1
Ralph Fridge,2.16617e-12,1
Medicine Show,2.16617e-12,1
Earthspace,2.16562e-12,1
Barbara,2.03313e-12,1
Léo Ferré,2.03313e-12,1
Karin Krog,2.03313e-12,1
Steve Kuhn,2.03313e-12,1
Erich Kleinschuster Sextett,2.03313e-12,1
Sledge Hammer,1.95662e-12,1
RichaadEB,1.95214e-12,1
Gowan,1.91754e-12,1
Haywire,1.91754e-12,1
Rhythim Is Rhythim,1.70965e-12,2
The Essence of Nature,1.70958e-12,1
Brian Transeau,1.70958e-12,1
Dave Angel,1.70958e-12,1
Mike Dearborn,1.70958e-12,1
Deepside,1.70958e-12,1
DJ HMC,1.70958e-12,1
Guillaume la Tortue,1.70958e-12,1
Dance Fever,1.70958e-12,1
Galaxy 2 Galaxy,1.70958e-12,1
Solo,1.70357e-12,1
Patrick Cowley,1.63646e-12,2
Sound Remedy,1.57435e-12,1
Tek-One,1.57337e-12,1
JiNG*da*LaW,1.51696e-12,1
Hozier,1.37903e-12,1
Rhye,1.37903e-12,1
WeSSker,1.16505e-12,1
Saku,1.16505e-12,1
rouri404,1.16505e-12,1
カラーズ☆スラッシュ,1.12224e-12,1
wujiu,1.11249e-12,1
Kellen303,1.09809e-12,4
Audio Lotion,1.09733e-12,1
Amaze,1.09189e-12,2
Vicio Latino,1.09189e-12,2
Victor Ark,1.09182e-12,2
David Lyme,1.09182e-12,2
Charly Danone,1.09182e-12,2
Alan Cook,1.09175e-12,2
Daydream,1.09175e-12,2
鳳凰火凛,1.0877e-12,1
Rafa Barrios,1.0186e-12,1
PAX,1.0186e-12,1
Darío Núñez,1.0186e-12,1
Biscits,1.0186e-12,1
ESSEL,1.0186e-12,1
Smokin’ Jo,1.0186e-12,1
James Hurr,1.0186e-12,1
Sllash & Doppe,1.0186e-12,1
Black Machine,1.0186e-12,1
Low Steppa,1.0186e-12,1
San Pacho,1.0186e-12,1
René Amesz,1.0186e-12,1
Philip Kolak,1.0186e-12,1
Battery Crémil,1.01809e-12,1
scythe,8.95462e-13,7
pH-1,8.84357e-13,1
Leellamarz,8.84357e-13,1
RYUWAVE,8.72277e-13,3
工藤龍之介,8.50263e-13,3
石川智晶,8.38133e-13,1
SINN6R,8.26309e-13,1
Habstrakt,7.84593e-13,2
Jack Trombey,7.83349e-13,1
Polar Bear,7.83349e-13,1
Steve Martin,7.83349e-13,1
Lo‐Fi‐Fnk,7.83349e-13,1
Donna Allen,7.80716e-13,1
Joshua,7.80716e-13,1
Cirwo,7.58514e-13,2
Channel Live,7.09858e-13,1
Timothy Hugh,6.9999e-13,2
Arcángel,6.84118e-13,2
De La Ghetto,6.84089e-13,1
J Álvarez,6.84089e-13,2
ｂｏｄｙｌｉｎｅ,5.71625e-13,1
AESTHETICS PLEASE,5.71625e-13,1
Harris Cole,5.71625e-13,1
Unknown Caller,5.71625e-13,1
大きい兄,5.71625e-13,1
"幽霊, T O G E T H E R!",5.71625e-13,1
猫 シ Corp.,5.71625e-13,1
BBRAINZ,5.71625e-13,1
Phoenix #2772,5.71625e-13,1
waterfront dining,5.71625e-13,1
Pl4net Dust,5.49047e-13,2
Blackdown,5.49047e-13,2
Denham Audio,5.49047e-13,2
Squane,5.49047e-13,2
Norman,5.45945e-13,1
Tokio,5.45945e-13,1
Franz & Frankie,5.45945e-13,1
Mister X.,5.45945e-13,1
Steve Clark,5.45945e-13,1
Fresh,5.45945e-13,1
Jules Tropicana,5.45945e-13,1
Kristian Conde,5.45876e-13,1
Closed,5.45876e-13,1
Marce,5.45876e-13,1
Mata-Hari,5.45876e-13,1
The Higher Intelligence Agency,5.39021e-13,1
Jürgen von der Lippe,5.24471e-13,2
hanali,5.14583e-13,7
Kim Gordon,5.14432e-13,2
Sabrina Johnston,4.73637e-13,1
Sophia,4.73637e-13,1
Lick,4.73637e-13,1
Planxty,4.54653e-13,4
TMSV,4.38153e-13,2
ナユタン星人,4.35114e-13,1
八王子P,4.35098e-13,2
濁茶,3.91754e-13,1
Rising Appalachia,3.78393e-13,3
Gunna,3.75573e-13,1
SMTOWN,3.75573e-13,1
Như Quỳnh,3.75573e-13,1
Đàm Vĩnh Hưng,3.75573e-13,1
Xuân Mai,3.75573e-13,1
Gebrüder Blattschuss,3.6708e-13,1
Hape Kerkeling,3.6708e-13,1
Mike Krüger,3.6708e-13,1
さくらみこ,3.60716e-13,2
Milieu,3.59539e-13,1
Douglas Cummings,3.49995e-13,1
David Nebel,3.49995e-13,1
Silly Wizard,3.4099e-13,3
Matt Uelmen,2.85702e-13,6
Otm Shank,2.74524e-13,1
Lil Taty,2.74524e-13,1
Chesslo Junior,2.74524e-13,1
James Bangura,2.74524e-13,1
Mikey Dubs,2.74524e-13,1
Dreem Tran's,2.74524e-13,1
Gmak,2.74524e-13,1
Vern & Milla,2.74524e-13,1
Young H,2.74524e-13,1
Helix,2.74524e-13,1
Beneath,2.74524e-13,1
Big Hands,2.74524e-13,1
D-DOTs,2.74524e-13,1
Malleus,2.74524e-13,1
Truska,2.74524e-13,1
Dom 877,2.74524e-13,1
Kouslin,2.74524e-13,1
Akito,2.74524e-13,1
Lyeform,2.74524e-13,1
Riko Dan,2.74524e-13,1
Yumeka,2.74524e-13,1
Le Dom,2.74524e-13,1
Yak,2.74524e-13,1
Feadz,2.74524e-13,1
Miracles,2.74524e-13,1
Noble,2.74524e-13,1
Yilan,2.74524e-13,1
Goro,2.74524e-13,1
Aerotonin,2.74524e-13,1
Raphael,2.64928e-13,5
Wilhelm Kempff,2.53306e-13,3
Kyrstyn Pixton,2.52262e-13,2
Quixotic,2.52262e-13,2
The Pogues,2.27336e-13,3
Séamus Egan,2.27327e-13,2
The Bothy Band,2.27327e-13,2
Yoofee,2.19076e-13,1
Chango,2.19076e-13,1
Greazus,2.19076e-13,1
Pablo Dread,2.19076e-13,1
Abstrakt Sonance,2.19076e-13,1
Homesick,2.19076e-13,1
Root for The Villain,2.19076e-13,1
Nooch,2.19076e-13,1
Bulu,2.19076e-13,1
Hubwar,2.19076e-13,1
Dexta,2.19076e-13,1
The Rum Baba,2.19076e-13,1
Radar Bird,2.19076e-13,1
Samurai Breaks,2.19076e-13,1
GruuvElement’s,1.86701e-13,1
Weiss,1.86701e-13,1
Leftwing : Kody,1.86701e-13,1
Hot Since 82,1.86701e-13,1
Ben Grunnell,1.86701e-13,1
Alex Costa,1.86701e-13,1
Kintar,1.86701e-13,1
Ruben Mandolini,1.86701e-13,1
Stefano Noferini,1.86701e-13,1
Cristian Viviano,1.86701e-13,1
Simone Liberali,1.86701e-13,1
Prok & Fitch,1.86701e-13,1
wAFF,1.86701e-13,1
Re.You,1.86701e-13,1
I Hate You,1.86701e-13,1
Mihalis Safras,1.86701e-13,1
Drastic Duo,1.86701e-13,1
Paul C & Paolo Martini,1.86701e-13,1
Agent!,1.86701e-13,1
Raumakustik,1.86701e-13,1
Eric Cunningham,1.85207e-13,1
aphextwinsucks,1.7572e-13,2
user-704072988,1.7572e-13,2
Claudio Arrau,1.68871e-13,2
Krystian Zimerman,1.68871e-13,2
Эмиль Гилельс,1.68871e-13,2
Ramos,1.65564e-13,1
Tony Sineni,1.65564e-13,1
Sally Shapiro,1.47332e-13,1
Rude 66,1.47332e-13,1
Debbie Trusty,1.45666e-13,1
Ted Reedy,1.42851e-13,3
Tha Cat’s Pajamas,1.26131e-13,1
saQi,1.26131e-13,1
Danny Musengo,1.26131e-13,1
ill‐esha,1.26131e-13,1
Gone Gone Beyond,1.26131e-13,1
Ayla Nereo,1.26131e-13,1
Battlefield Band,1.13668e-13,2
Moving Hearts,1.13663e-13,1
Finbar & Eddie Furey,1.13663e-13,1
La Bottine Souriante,1.13663e-13,1
Adrian Simionescu,1.13663e-13,1
The Dubliners,1.13663e-13,1
Emer Mayock,1.13663e-13,1
ASA-CHANG&巡礼,1.00846e-13,1
Ryan Amon,9.52339e-14,2
Neal Acree,9.52339e-14,2
Berliner Philharmoniker,9.27643e-14,52
mossgarden,8.78599e-14,1
polkazur,8.78599e-14,1
user-530780552,8.78599e-14,1
Cooldown Reduction,8.78599e-14,1
ocotan,8.78599e-14,1
Napkin Terrorizer,8.78599e-14,1
Rehirable,8.78599e-14,1
wawawa,8.78599e-14,1
Andy pls,8.78599e-14,1
Reinhold Schmidt,8.44354e-14,1
Amadeus Quartet,8.44354e-14,1
Deutsches Symphonie‐Orchester Berlin,8.44354e-14,1
Salvatore Accardo,8.44354e-14,1
Jaheim,7.79471e-14,1
Sticky,7.79471e-14,1
Karl Hyde,7.71442e-14,1
Beatie Wolfe,7.71442e-14,1
Ascent,7.40826e-14,5
The Swingle Singers,7.34852e-14,1
Virginia Astley,7.34852e-14,1
Howard Blake,7.34852e-14,1
Dragon Ash,7.34852e-14,1
Alicks,6.86745e-14,1
Idjut Boys & Laj,6.51009e-14,1
Alpha Omega,6.51009e-14,1
Ed Young,6.13288e-14,1
ריטה,5.99468e-14,1
Lee Walker,5.77834e-14,1
Gewandhausorchester Leipzig,5.629e-14,2
Česká filharmonie,5.629e-14,2
התזמורת הפילהרמונית הישראלית,5.629e-14,2
Russell Brower,4.76169e-14,1
Asura,3.70399e-14,3
AES Dana,3.70386e-14,5
Ship Sket,3.65118e-14,1
Fiesta Soundsystem,3.65118e-14,1
Commodo,3.65118e-14,1
Breaka,3.65118e-14,1
Kusp,3.65118e-14,1
Heritage,3.65118e-14,1
St.Ives,3.65118e-14,1
Sumgii,3.65118e-14,1
Zonae,3.65118e-14,1
Noh Vae,3.65118e-14,1
Eliphino,3.65118e-14,1
Palf,3.65118e-14,1
smith.,3.65118e-14,1
FaltyDL,3.65118e-14,1
Objekt,3.65118e-14,1
Tailor Jae,3.65118e-14,1
Cocktail Party Effect,3.65118e-14,1
Yazzus,3.65118e-14,1
DIYR,3.65019e-14,1
Moldy,3.65019e-14,1
Jett Chandon,3.65019e-14,1
Bassbear!!,3.65019e-14,1
すりぃ,3.42966e-14,1
Alwoods,2.96343e-14,3
Astral Waves,2.96343e-14,3
Profondita,2.9633e-14,2
Moon Tripper,2.9633e-14,2
Mobitex,2.9633e-14,2
Tom Krause,2.81462e-14,2
Margaret Price,2.8145e-14,1
Julius Katchen,2.8145e-14,1
Wiener Haydn‐Orchester,2.8145e-14,1
Ingrid Haebler,2.8145e-14,1
Barry Tuckwell,2.8145e-14,1
諏訪内晶子,2.8145e-14,1
Camerata Salzburg,2.8145e-14,1
András Schiff,2.8145e-14,1
Bergen filharmoniske orkester,2.8145e-14,1
Daniel Chorzempa,2.8145e-14,1
Szymon Goldberg,2.8145e-14,1
Wiener Mozart Ensemble,2.8145e-14,1
MDR Rundfunkchor Leipzig,2.8145e-14,1
The Ghosts,2.7237e-14,1
Masterton,2.7237e-14,1
Cross End,2.7237e-14,1
Trashlagoon,2.7237e-14,1
Nicola Assi,2.7237e-14,1
Max Cooper,2.7237e-14,1
Soulspace,2.7237e-14,1
Bessiff,2.7237e-14,1
Nick Dow,2.7237e-14,1
Daniel Klose,2.7237e-14,1
Arno Motz,2.7237e-14,1
Tim Engelhardt,2.7237e-14,1
Ariose,2.7237e-14,1
Theo Meier,2.7237e-14,1
Frezel,2.7237e-14,1
QLONS,2.7237e-14,1
Reinier Zonneveld,2.7237e-14,1
Péter Császár,2.7237e-14,1
Paul David Heckhausen,2.7237e-14,1
Egokind,2.7237e-14,1
Module One,2.7237e-14,1
Bowsie,2.7237e-14,1
Jspr,2.7237e-14,1
sinDamaged,2.7237e-14,1
Van Did,2.7237e-14,1
Tominic,2.7237e-14,1
Luke Mandala,2.7237e-14,1
Oniris,2.7237e-14,1
Gabs,2.7237e-14,1
Amire Bendjeddou,2.7237e-14,1
Minotor,2.7237e-14,1
Mario Hammer,2.7237e-14,1
Koelenz,2.7237e-14,1
Paul Bart,2.7237e-14,1
Hansgod,2.7237e-14,1
Draso,2.7237e-14,1
Macajey,2.7237e-14,1
JJ Salinas,2.7237e-14,1
Extrawelt,2.7237e-14,1
Piotr Gajcy,2.7237e-14,1
S22,2.7237e-14,1
Sonority,2.7237e-14,1
Hannes Rasmus,2.7237e-14,1
Frazier,2.7237e-14,1
Richard Zagiba,2.7237e-14,1
Vamos Art,2.7237e-14,1
Opal Vessel,2.38965e-14,1
Etro Anime,2.38965e-14,1
Male Alchemy,2.38965e-14,1
VIRTUAL PLEASURE,2.38965e-14,1
THE WORLD WE LIVE IN 星,2.38965e-14,1
Azymuth,1.7081e-14,1
Wil Bolton,1.51627e-14,2
Mina,1.48165e-14,1
Dream Stalker,1.48165e-14,1
Digital Blue,1.48165e-14,1
Chronos,1.48165e-14,1
Lydia,1.48165e-14,1
Suduaya,1.48165e-14,1
I Awake,1.48137e-14,2
Solar Fields,1.48137e-14,2
Subgardens,1.48137e-14,2
Hybrid Leisureland,1.48137e-14,2
Mer-A,1.48137e-14,2
高橋弘太,1.31666e-14,1
Emanon,9.91185e-15,2
From First to Last,9.24173e-15,3
Okay Temiz,8.72704e-15,2
Ian Hawgood,7.58169e-15,2
Nicolas Bernier,7.58137e-15,1
Federico Durand,7.58137e-15,1
Far away Nebraska,7.58137e-15,1
ghost and tape,7.58137e-15,1
anthéne,7.58137e-15,1
Andrew Tasselmyer,7.58137e-15,1
Stefano Guzzetti,7.58137e-15,1
Fields We Found,7.58137e-15,1
36,7.40715e-15,2
bOb tracKer,7.40684e-15,1
Omnimotion,7.40684e-15,1
Amos,7.40684e-15,1
Lars Leonhard,7.40684e-15,1
Muridae,7.40684e-15,1
sgnl_fltr,7.40684e-15,1
Malik Trey,7.40684e-15,1
James Murray,7.40684e-15,1
Scann-Tec,7.40684e-15,1
Fingers in the Noise,7.40684e-15,1
Between Interval,7.40684e-15,1
Miktek,7.40684e-15,1
Antonio Testa,7.40684e-15,1
Circular,7.40684e-15,1
Ghostfriend,7.40684e-15,1
Cell,7.40684e-15,1
The Low Shoe Orchestra,6.66468e-15,1
Florito,6.66468e-15,1
The Echo of Koenigssee,6.66468e-15,1
Black Rings Under My Eyes,6.66468e-15,1
Roy Bebop,6.66468e-15,1
Dario Zenker,5.91688e-15,2
Perry & Rhodan,5.82156e-15,2
Foundation,4.95592e-15,1
Asheru and Blue Black of The Unspoken Heard,4.95592e-15,1
Lewis Parker,4.95592e-15,1
Masterminds,4.95592e-15,1
Lone Catalysts,4.95592e-15,1
All Natural,4.95592e-15,1
Yah Supreme,4.95592e-15,1
Dixie Flatline,4.09523e-15,1
Throbbing Gristle,4.02458e-15,3
Quasamodo,3.82542e-15,2
Kraak & Smaak,3.82542e-15,2
Dr. Rubberfunk,3.82542e-15,2
Skaggs,3.82542e-15,2
Laserdisc Visions,3.79019e-15,1
いよわ,3.50062e-15,3
Efdemin,2.95857e-15,2
Chris Carrier,2.95844e-15,1
Nina Kraviz,2.95844e-15,1
Hrdvsion,2.95844e-15,1
Arpanet,2.95844e-15,1
Fit,2.95844e-15,1
Cabin Fever,2.95844e-15,1
Samuel Deep,2.95844e-15,1
Jason Fine,2.95844e-15,1
Nathan Fake,2.95844e-15,1
Drew Sky,2.95844e-15,1
Levon Vincent,2.95844e-15,1
Mr. G,2.95844e-15,1
Steffi,2.95844e-15,1
ItaloJohnson,2.95844e-15,1
Morphosis,2.95844e-15,1
Sascha Rydell,2.95844e-15,1
Actress,2.95844e-15,1
Jackmate,2.95844e-15,1
Moodymann,2.95844e-15,1
XDB,2.95844e-15,1
Gabriela Robin,2.11964e-15,3
karuta,2.04564e-15,1
Gap Mangione,2.01221e-15,1
Gero,1.91271e-15,1
Soopasoul,1.91271e-15,1
Smoove & Turrell,1.91271e-15,1
Aldo Vanucci,1.91271e-15,1
Robin Parris,1.91271e-15,1
Cadien,1.91271e-15,1
Featurecast,1.91271e-15,1
Skeewiff,1.91271e-15,1
Hoglodytes,1.91271e-15,1
Sonu Nigam,1.09989e-15,3
Mercer,8.80398e-16,1
Power Rangers,8.80398e-16,1
vivi,7.91662e-16,1
Ojerime,4.90478e-16,1
Jan Akkerman,3.7136e-16,1
Secondcity,3.7136e-16,1
Jay Tee,3.7136e-16,1
Transs,3.7136e-16,1
Flowchart,2.94199e-16,1
Michel Schwalbé,7.78471e-17,4
C-Show,3.5655e-17,1
Wolfgang Meyer,1.94618e-17,1
The McCalmans,4.76687e-18,1
Andy M. Stewart,4.76687e-18,1
DJ Zen,3.74322e-18,3
Wonderfeel,2.49361e-18,2
C.J. Catalizer,1.24894e-18,2
SuryaDemaH,1.24681e-18,1
Silent Vigils,9.48835e-19,3
森英治,3.93602e-19,40
Slow Reels,3.16242e-19,1
Alexey Volkov,3.1135e-19,1
Stanislav Tolkachev,3.1135e-19,1
Arijit Singh,3.01246e-19,8
Engineers Without Fears,1.50923e-19,11
Celtarabia,1.4127e-19,15
Current Value,1.10437e-19,19
Digital Farm Animals,1.04352e-19,15
David Heartbreak,8.99307e-20,1
Amit Mishra,4.8021e-20,1
Pardeep Sran,4.8021e-20,1
CV,4.62176e-20,10
Nicole J. McCloud,4.42022e-20,7
Ernst Senff,3.99745e-20,16
MachineCode,3.84336e-20,6
Alec Holowka,2.43138e-20,8
Robert Glasper,2.20362e-20,10
Sam Dillard,1.99085e-20,4
HYE TEK,1.90247e-20,2
Kaisaschnitt,1.84867e-20,5
Yunomi,1.77906e-20,5
Active Member,1.67415e-20,6
Jedi Mind Tricks,1.66671e-20,3
Dean Rodell,1.40814e-20,3
Theodore Shapiro,1.35411e-20,3
Glenn Wilson,1.14245e-20,1
Counterstrike,1.14245e-20,1
David Essex,1.10151e-20,3
Dogs on Crack,9.501e-21,2
Syncopix,9.12886e-21,5
Andreya Triana,7.46989e-21,2
Fetisch Park,7.28862e-21,1
O Yuki Conjugate + Sons of Silence = Spoke,7.28862e-21,1
Systemwide,7.28862e-21,1
Bad Sector,7.28862e-21,1
Reptilicus,7.28862e-21,1
Alessandro Moreschi,6.70707e-21,3
Mitch Murder,6.66021e-21,6
Timo Maas,6.59049e-21,2
Quartz,6.29876e-21,2
Griffin Village,6.19951e-21,5
Nick Daring,6.19947e-21,1
2nd Sequel,6.19947e-21,1
Samuel Dan,6.19947e-21,1
Los Suruba,6.19947e-21,1
German Brigante,6.19947e-21,1
Strung Fellows,6.19947e-21,1
Coyu,6.19947e-21,1
Danny Ocean,6.19947e-21,1
Piemont,6.19947e-21,1
Denite,6.19947e-21,1
Ivan Picazo,6.19947e-21,1
González & Gonzalo,6.19947e-21,1
Deepnite,6.19947e-21,1
Barely March,6.13103e-21,2
D.A.V.E. The Drummer,5.89453e-21,2
Rido,5.38442e-21,3
Raiden,5.20514e-21,1
Proton Kid,5.20514e-21,1
Peter Kurten,5.20514e-21,1
Unkillaz,5.20514e-21,1
Maza,5.20514e-21,1
Protricity,4.99423e-21,1
Nutritious,4.99423e-21,1
Shirley Horn,4.70973e-21,4
N.Phect,4.4179e-21,3
Greeko,4.25173e-21,2
CRZKNY,4.06873e-21,4
DJ Q,3.765e-21,2
فرقة العقارب,3.73495e-21,1
Blind Willie McTell,3.73495e-21,1
Panda Bear,3.71998e-21,3
Kent,3.66048e-21,2
AFFKT,3.41272e-21,3
Mefjus,3.39157e-21,3
Deedubs,3.33687e-21,3
bLiNd,3.33687e-21,3
Julie Driscoll,3.32252e-21,2
Takumi Toki,3.2593e-21,1
Syrufit,3.22913e-21,2
シイナフユキ,3.22688e-21,2
Mental Broadcast,3.18196e-21,2
Stephen Roberts,3.14736e-21,1
Prince Daddy & The Hyena,3.06552e-21,1
Bomb the Music Industry!,3.06552e-21,1
Ashley Ninelives,3.06552e-21,1
D.J.SETUP,2.97394e-21,2
Walter Berry,2.87055e-21,2
sakuraburst,2.71723e-21,2
Mike Ratledge,2.71563e-21,2
麦コロッケ,2.69869e-21,2
SOUND HOLIC,2.66302e-21,2
anosa,2.57297e-21,3
Man in a Room,2.54638e-21,1
DJ Governor,2.45141e-21,2
LEVEL NINE,2.38596e-21,2
早見優,2.36447e-21,2
小林秀聡,2.34631e-21,1
堀田英邦,2.34631e-21,1
福山光晴,2.34631e-21,1
Wild at Heart,2.28122e-21,1
Aleister X,2.28122e-21,1
Jyc Row,2.21464e-21,1
Cynthia Onrubia,2.14992e-21,1
Charles Matthews,2.04959e-21,2
New Atlantic,1.92275e-21,1
N.R.G.,1.92275e-21,1
Silver Bullet,1.92275e-21,1
Motiv8,1.90388e-21,1
Francine McGee,1.8825e-21,1
firephlex productions,1.8057e-21,1
Charlie Parker,1.79298e-21,1
Luciano Supervielle,1.77018e-21,2
SoGreatandPowerful,1.72714e-21,2
Dennis Sheperd,1.70438e-21,1
Aysel,1.6084e-21,1
Mystification,1.59658e-21,2
Silicon Sound,1.59098e-21,1
Kemal,1.56237e-21,1
Telekinesis,1.56237e-21,1
Nymfo,1.56237e-21,1
Ron Gallo,1.55552e-21,3
NBC,1.52783e-21,5
TJ.hangneil,1.52001e-21,1
X-101,1.50923e-21,1
DāM‐FunK,1.50905e-21,1
sulga,1.49453e-21,1
UZUM3,1.49453e-21,1
Dennis St. James,1.49345e-21,4
Chuck D,1.48073e-21,1
Gazpacho,1.4529e-21,1
Russell Sherman,1.43914e-21,1
Lost Witness,1.41224e-21,1
Jimmy McGriff Organ and Blues Band,1.41095e-21,1
阿澄佳奈,1.40985e-21,1
Cousin Stizz,1.39632e-21,1
Brian McKnight,1.39632e-21,1
Engelbert Humperdinck,1.38694e-21,1
The Big Brother,1.37107e-21,2
Virgin Stigma,1.35519e-21,1
Mackenzies,1.35519e-21,1
John Cacavas,1.35519e-21,1
Terence Trent D’Arby,1.35393e-21,2
Plácido Domingo,1.35007e-21,2
MixmstrStel,1.32453e-21,1
BARELY ALIVE,1.32191e-21,3
Clipz,1.30862e-21,1
TORIENA,1.29966e-21,1
Utopian Concept,1.29491e-21,2
W.D. “Bama” Stewart,1.29308e-21,1
Betsie Larkin,1.28745e-21,1
Delirious?,1.27554e-21,1
M-Project,1.27008e-21,1
Aivi Tran,1.26257e-21,1
Glejs,1.25626e-21,1
GlacialSpoon,1.25626e-21,1
aluminum,1.25626e-21,1
MkVaff,1.25626e-21,1
PirateCrab,1.25626e-21,1
HeavenWraith,1.25626e-21,1
Gario,1.25626e-21,1
1nonly,1.23905e-21,1
MadeinTYO,1.23905e-21,1
Rae Sremmurd,1.23905e-21,1
Thelonious Monk Quartet,1.14032e-21,1
Ground Control,1.11503e-21,1
Rhydian,1.06434e-21,1
David Michael,1.06434e-21,1
Escala,1.06434e-21,1
Rahat Fateh Ali Khan,1.06116e-21,3
Issey Cross,1.04297e-21,2
Roger Rodier,1.03776e-21,1
Tayfun Erdem,1.03776e-21,1
Grotus,1.03776e-21,1
Hans Reichel,1.03776e-21,1
Michael Finnissy,1.03776e-21,1
Gil Trythall,1.03776e-21,1
Dome,1.03776e-21,1
Apollo Quartet,1.03776e-21,1
Melanie Pappenheim,1.03776e-21,1
Promoe,1.03487e-21,1
Young Boo,1.02927e-21,1
Crowder,1.0236e-21,1
Toronto Is Broken,1.02346e-21,1
Brad Mehldau,1.00232e-21,1
八月二雪,9.61178e-22,5
泰葉,9.50032e-22,2
William Harris,9.45244e-22,1
Drunken Tiger,9.08886e-22,1
Jónsi & Alex,9.05229e-22,1
Shungudzo,9.04404e-22,1
Michael Nyman,8.99685e-22,2
The Herb Shop,8.97294e-22,1
Monomate,8.96556e-22,1
Simply Red,8.86175e-22,1
Bajofondo,8.8509e-22,1
What So Not,8.69841e-22,1
Alexander Lewis,8.69841e-22,1
Yonder Mountain String Band,8.68786e-22,1
Area Code 615,8.68786e-22,1
Earthsuit,8.63201e-22,1
Koa,8.40226e-22,1
Geeta Dutt,8.33919e-22,1
Pritam,8.33919e-22,1
三村かな子,8.30933e-22,1
Human,8.29341e-22,1
Emile van Krieken,8.26224e-22,1
Ghost Rider,7.9872e-22,1
RAIN,7.98638e-22,1
Verbal Jint,7.98638e-22,1
AR8,7.98292e-22,1
Hertz,7.98292e-22,1
Nanotek,7.98292e-22,1
Hemanta Mukherjee,7.67405e-22,1
L Double,7.62932e-22,1
Yea Big + Kid Static,7.61028e-22,1
浜崎あゆみ,7.45088e-22,1
Elend,7.36015e-22,1
MIMIDEATH,7.31792e-22,1
Shibayan,7.24634e-22,1
남구민,7.19724e-22,1
Mel Tormé,7.17467e-22,1
Ilse DeLange,7.01046e-22,1
Merle Haggard,6.98393e-22,1
加藤ミリヤ,6.93332e-22,1
Niko,6.85537e-22,1
美優,6.76285e-22,2
Chris.SU,6.64472e-22,3
Farruko,6.54757e-22,1
ALiCE'S EMOTiON,6.50038e-22,1
Delicious Monster,6.44256e-22,1
VGR,6.38813e-22,1
Notch,6.14079e-22,1
Marina Van-Rooy,6.11147e-22,1
Scribe,6.11084e-22,1
Bots,6.05491e-22,1
The Highstreet Allstars,6.05491e-22,1
Chantal Goya,6.00697e-22,1
Fernando Corena,5.84494e-22,1
Helga Dernesch,5.84494e-22,1
Dread MC,5.69939e-22,1
DJ Misjah,5.60464e-22,1
Trash Compactor,5.60464e-22,1
Terpsichord,5.60464e-22,1
Tom Wax & Jan Jacarta,5.60464e-22,1
Jon the Dentist vs. Ollie Jaye,5.60464e-22,1
Nüw Idol,5.60464e-22,1
Hani,5.60464e-22,1
Parker & Clind,5.60464e-22,1
Kumara,5.60464e-22,1
Jon Doe,5.60464e-22,1
Terra Ferma,5.60464e-22,1
King Oliver’s Jazz Band,5.58874e-22,1
Vance Joy,5.5446e-22,1
Michael C. Hall,5.36666e-22,1
Everlast,5.31201e-22,1
Robert Hood,5.30147e-22,1
Deko,5.29832e-22,1
David Tudor,5.23866e-22,1
Copyright,5.19986e-22,2
nelward,5.19213e-22,1
阪口あや,5.19109e-22,1
Louis Chédid,5.01294e-22,1
AI,4.948e-22,1
Bo Carter,4.92093e-22,1
Logic,4.75419e-22,1
黄明志,4.6821e-22,1
Technical Itch,4.57332e-22,1
Mason,4.52501e-22,2
Bessie Smith & Her Band,4.45404e-22,1
Trei,4.45286e-22,1
Jade,4.45286e-22,1
Kryptomedic,4.45286e-22,1
Concord Dawn,4.45286e-22,1
André Heller,4.33261e-22,1
De Leon,4.32333e-22,1
WINK,4.30164e-22,1
Russell Dickerson,4.20226e-22,1
Malicia,4.19435e-22,1
Sweet Thursday,4.19435e-22,1
Nico Fidenco,4.13367e-22,1
Grauzone,4.05729e-22,1
Svinkels,3.98096e-22,1
Knoc‐Turn’Al,3.96797e-22,1
Anne Murray,3.94707e-22,1
Nazia Hassan,3.80834e-22,1
Billy Changer,3.75935e-22,1
Yung Sherman,3.67923e-22,1
Felo Man,3.59328e-22,1
Arcángel & De La Ghetto,3.57531e-22,1
EH!DE,3.57462e-22,1
Akabu,3.39861e-22,1
Wild Motherfuckers,3.38148e-22,1
The Saturdays,3.33188e-22,1
Secreto “El Famoso Biberón”,3.31269e-22,1
kamome sano,3.31047e-22,1
Manuel de Falla,3.29231e-22,1
Calibro 35,3.2836e-22,1
[bsd.u],3.24764e-22,1
Zion & Lennox,3.18451e-22,1
Chuala,3.17467e-22,1
ARTBAT,3.09386e-22,1
Danny Serrano,3.09386e-22,1
True Story,3.09386e-22,1
Habischman,3.09386e-22,1
Marcos in Dub,3.09386e-22,1
Baracuda,3.04792e-22,1
Afu‐Ra,3.00115e-22,1
oneboredjeu,2.9995e-22,1
The Funk Hunters,2.97577e-22,1
Riva,2.96523e-22,1
Yellow Note,2.93001e-22,1
Tragedy Khadafi,2.88109e-22,1
Surface 10,2.85784e-22,1
Refused,2.85429e-22,2
Bill Evans Trio,2.82317e-22,1
Los Legendarios,2.60761e-22,1
.｡*ﾟ+.*.𝓒𝓾𝓻𝓻𝓮𝓷｡+..｡*ﾟ+,2.59411e-22,1
Ансамбль Дмитрия Покровского,2.56002e-22,1
Eddie Lang,2.51467e-22,1
Chris & Carla,2.50971e-22,1
Merciless,2.37694e-22,1
Dave & Domino,2.24525e-22,2
柴田徹也,2.15595e-22,1
Cecilia Krull,2.13145e-22,1
Speed Gang,2.12114e-22,1
Maxo,2.06249e-22,1
The Wake,2.06009e-22,1
Zomby,2.06009e-22,1
Alka Yagnik,2.02548e-22,2
Tim Roth,2.02342e-22,1
MNDSCP,2.02342e-22,1
Kool Savas,2.00278e-22,1
MIEKO,1.943e-22,1
UNDER17,1.90889e-22,1
Kuraine,1.8957e-22,1
FuntCase,1.84096e-22,1
RTÉ National Symphony Orchestra,1.7818e-22,1
Capone‐N‐Noreaga,1.75407e-22,1
ADNY,1.7523e-22,1
f5f3fe,1.73776e-22,1
Nerio’s Dubwork,1.72797e-22,2
Virginyah,1.69e-22,1
Pentagon,1.57435e-22,1
Memory Tapes,1.57435e-22,1
AstroPilot,1.41454e-22,1
DOPEDROP,1.3355e-22,1
P-MODEL,1.30526e-22,1
Miguel Ríos,1.25592e-22,1
Kapten Röd,1.25592e-22,1
Dune,1.22839e-22,1
SISTAR19,1.2268e-22,1
Hunter,1.22201e-22,1
Speedwave,1.22201e-22,1
Ash King,1.19148e-22,1
Saul Stokes,1.09946e-22,1
Glitch Cat,1.07262e-22,1
Roman Messer,1.00046e-22,1
Jüri Pootsmann,9.34369e-23,1
Trust,9.12774e-23,1
Two Lone Swordsmen,8.94172e-23,1
A-One,8.86822e-23,2
Ella Washington,8.85511e-23,1
coffe-K,8.56852e-23,1
Cherry,8.29836e-23,1
FN2,7.54884e-23,2
FKJ,7.38873e-23,1
Temp,7.24236e-23,1
Aiobahn +81,6.9738e-23,1
John Kongos,6.93276e-23,1
Crouch End Festival Chorus,6.81417e-23,1
Zombie Cats,6.75356e-23,1
IllegallyEmbezzleMp3,6.67016e-23,1
Bushido,6.44156e-23,1
Scarlett Peace,5.90707e-23,1
FireOfFriendship,5.90707e-23,1
Joe,5.89687e-23,1
Harrison,5.83089e-23,1
Tridashie,5.55961e-23,1
Annie Cordy,5.1361e-23,1
Pierre Perret,5.1361e-23,1
Ammonite,5.091e-23,1
Johnny Pearson,4.98416e-23,1
Ted Mulry Gang,4.98416e-23,1
Solar Bears,4.85918e-23,1
Brian Fahey and His Orchestra,4.82964e-23,2
シティボーイズ,4.68724e-23,1
Lucky Millinder,4.50325e-23,1
Wisin,4.42084e-23,2
Ted Lewis and His Orchestra,4.3818e-23,1
Tate McRae,4.18459e-23,1
DRS,4.1648e-23,1
Moz-Art,4.13943e-23,3
Curse,3.75905e-23,1
Calicat,3.55318e-23,1
John Acquaviva,3.1085e-23,1
天の妃少女合唱団,3.04619e-23,1
John Coltrane Quartet,2.72066e-23,1
Gospel Soul Children,2.7192e-23,1
LukeNovember,2.7192e-23,1
Casper,2.43806e-23,1
Dr. Samuel J. Hoffman,2.13627e-23,1
ovine hall,2.04835e-23,1
Nieman J,1.84373e-23,1
Lewis,1.77557e-23,2
LemonDrop,1.64363e-23,1
Scoop,1.63052e-23,1
Gerry Mulligan Sextet,1.47151e-23,1
Kurt Hiltawsky,1.44809e-23,1
Evil Mothers,1.21816e-23,1
Maji,1.18319e-23,2
Guffy,9.5457e-24,1
The Alan Parsons Live Project,9.47228e-24,1
Martin Galway,5.29656e-24,1
Jasper Tygner,4.71526e-24,1
双海真美,1.38983e-24,1
Maxine Singleton,1.0316e-24,2
葛城ミサト,-0,0
メグ,-0,0
São Paulo,-0,0
nakinyko,-0,0
Mexican Dubwiser,-0,0
DJ Kaos,-0,0
The Pirates,-0,0
Moreno + 2,-0,0
L a z u l i _ y e l l o w,-0,0
The Rickrollerz,-0,0
Laborcase,-0,0
Strawberry Station,-0,0
ECO VIRTUAL,-0,0
Wobble,-0,0
Aitor Ronda,-0,0
Dust Devil,-0,0
Sto Nii,-0,0
Water Spirit,-0,0
Robin Jones,-0,0
Machine Girl,-0,0
Ram Trilogy,-0,0
ButeraMoonlight,-0,0
Nick Faber,-0,0
12Vince,-0,0
o29_831,-0,0
atnr,-0,0
Jeremy Blake,-0,0
BRN1NG BRA1N SOUND INDUSTRIES,-0,0
Cai Farrington,-0,0
Stevie Brock,-0,0
Burt Dogg,-0,0
DJもっちー,-0,0
lily-an,-0,0
Memesauce,-0,0
Aquarius,-0,0
MirroredReality,-0,0
Project One,-0,0
Земфира,-0,0
Gilli Conway,-0,0
Combat,-0,0
Noisia,-0,0
Bull Beats,-0,0
Thomas Bergersen,-0,0
An,-0,0
IMOJIST,-0,0
PANXI,-0,0
Norbert Stein,-0,0
paniq,-0,0
Eddie Thoneick,-0,0
Sidney C Nadon,-0,0
Scion,-0,0
리쌍,-0,0
Team Genius,-0,0
Fax Yourself,-0,0
Toni Peret,-0,0
Sickboy,-0,0
Slide,-0,0
Laing,-0,0
Remedmatika,-0,0
Martyrs of Apathy,-0,0
Jamie T,-0,0
Gerry Capó,-0,0
Sub-Level 03,-0,0
Andreas Tulley,-0,0
MAN‐CAT,-0,0
CHAN,-0,0
Sentsinkanteun,-0,0
Panic Girl,-0,0
RetroSpecter,-0,0
The Micronauts,-0,0
DJ Magnet,-0,0
r/vaporwave PLUS,-0,0
Sy & Unknown,-0,0
kony1015,-0,0
Warp Brothers,-0,0
Rude Lard,-0,0
Jakaranda,-0,0
The Toxic Avenger,-0,0
andres,-0,0
Wattie Green,-0,0
Mikill Pane,-0,0
She!K,-0,0
Kevin McCraney,-0,0
DJ Rob Boskamp,-0,0
江口孝宏,-0,0
White Wolf,-0,0
AmiGamer,-0,0
Hodgson,-0,0
Le$,-0,0
exnoiz,-0,0
Hood Surgeon,-0,0
ひろつぐ,-0,0
nonsynths,-0,0
W.L.A.K.,-0,0
Shinji Yoshimura,-0,0
Roy Valentín,-0,0
Soulwax,-0,0
The Upstairs,-0,0
enjoii,-0,0
RaveDJ,-0,0
Lovage,-0,0
＊-Teris,-0,0
Eric Burdon,-0,0
Juan RIOS,-0,0
Mysterious Traveller,-0,0
DJ Crystl,-0,0
KNOTS,-0,0
Duo Kie,-0,0
Swordy,-0,0
Nicole Toderas,-0,0
Lenlow,-0,0
Sean Jay,-0,0
矢鴇つかさ,-0,0
PokeRemixStudio,-0,0
Tony D,-0,0
Brandhärd,-0,0
DJ Tripp,-0,0
Omegaman,-0,0
C Ø R V U S,-0,0
Conceptsproject000,-0,0
nyaskomet,-0,0
Sonnig 991,-0,0
shadowh511,-0,0
Francisco Cerda,-0,0
7una,-0,0
Weekly Words and Grammar,-0,0
∀Ｓ∀,-0,0
Deluxe Ultra,-0,0
Manuel & Pony,-0,0
LiLA'c Records,-0,0
Groovetune,-0,0
Twit One,-0,0
Cory Mo,-0,0
kLap,-0,0
U.T.I.,-0,0
Mitsuruggy,-0,0
◻,-0,0
Vargskelethor,-0,0
Full Tilt Boogie Band,-0,0
DJ Crazy Chris,-0,0
HappyHappy,-0,0
Robin Skouteris,-0,0
AchtVier,-0,0
Myng,-0,0
Rabbit,-0,0
Pete Heller,-0,0
Cuckoo,-0,0
Janita,-0,0
Yold,-0,0
Antiserum,-0,0
Darien Brockington,-0,0
Liberation,-0,0
Rune Lindbæk,-0,0
kZ,-0,0
Noah23,-0,0
izna,-0,0
Dreadformation,-0,0
Klub des Loosers,-0,0
Dance 2 Trance,-0,0
Kevin Moore,-0,0
VADiANA,-0,0
Andy Feelin,-0,0
KPLECRAFT,-0,0
Robert H. P. White,-0,0
I.Feel.It,-0,0
千澄,-0,0
Madison Park,-0,0
Richard Wood,-0,0
Tyrese,-0,0
9th Wonder,-0,0
上田麗奈,-0,0
Iosun,-0,0
Jimmie Dodd,-0,0
Mastgrr,-0,0
Shy FX,-0,0
Paradox,-0,0
Antirest,-0,0
God Within,-0,0
Ca$his,-0,0
Nora en Pure,-0,0
Liquid Soul,-0,0
Paul Kalkbrenner,-0,0
INTERNET CLUB,-0,0
Discobuster,-0,0
Q Project,-0,0
Osublu,-0,0
Berri,-0,0
Jordan Fields,-0,0
Diabarha and me,-0,0
清水翔太,-0,0
MF Grimm,-0,0
Wick‐it the Instigator,-0,0
AMAZE,-0,0
IDG,-0,0
Reefa!,-0,0
DJ Arek,-0,0
CosmicRewind,-0,0
Contopp nd #Sloppit#,-0,0
AccessNowhere,-0,0
由末イリ,-0,0
selfworth,-0,0
ジミーサムP,-0,0
Jarod Ripley,-0,0
Jessikita,-0,0
Living Legends,-0,0
Carman,-0,0
SM:LY,-0,0
Blutch,-0,0
Mr. Moustache,-0,0
DEEN,-0,0
Ytatsl,-0,0
Pazul,-0,0
Mayster,-0,0
CRS,-0,0
Cabrini-Greens & Cornbread,-0,0
Clive Griffin,-0,0
Matheus Manente,-0,0
GrooveCube,-0,0
Saint Tropez Caps,-0,0
B.T. Express,-0,0
Ramiro Lopez,-0,0
Coo Coo Cal,-0,0
Kent Axell,-0,0
原紗友里,-0,0
Lily of the Moon,-0,0
BootyConsumer,-0,0
Chainsaw,-0,0
Sekel du 91,-0,0
Yvette Michele,-0,0
CreateLadyJ,-0,0
Poppy Star,-0,0
Jacob Collier,-0,0
LeToya Luckett,-0,0
Emmanuel,-0,0
DJSleepyHooves,-0,0
Cynodon,-0,0
ღDJ魔女っ娘ミラクるんღ,-0,0
Farming Simula,-0,0
UnanimousDelivers,-0,0
Solid STRGG,-0,0
yumenxc,-0,0
inanamateCD,-0,0
SZ,-0,0
Stereoman,-0,0
61degrees,-0,0
CunninLynguists,-0,0
インクキツネ,-0,0
KAI,-0,0
Indigo Girls,-0,0
Aline Brewer,-0,0
La Excepción,-0,0
POST ELVIS,-0,0
Леприконсы,-0,0
The John Alldis Choir,-0,0
Devin Davis,-0,0
LoLo,-0,0
Arjun,-0,0
DJ Iván Santana,-0,0
Somethin’ Sanctified,-0,0
Low Profile,-0,0
rarirama,-0,0
AliceBloodRabbit,-0,0
Booney,-0,0
Speech Defect,-0,0
glitch boy,-0,0
Substance,-0,0
Casio Lamb,-0,0
テレヴァペ,-0,0
bluchew,-0,0
Joshua Morse,-0,0
HarmoniCanadia,-0,0
TEABOY,-0,0
Desmu,-0,0
Henry Greenwood,-0,0
Vincent Cayeux,-0,0
中坪淳彦,-0,0
宮村優子,-0,0
DAVA,-0,0
Flashburn,-0,0
Erock,-0,0
Karina Longworth,-0,0
DSP Wanker,-0,0
Kenny Jaymes,-0,0
Mandinga,-0,0
Gabe Nezovic,-0,0
서태지,-0,0
MK,-0,0
AHM,-0,0
DJ P.O.L. Style,-0,0
イマクニ?,-0,0
Grand Menage,-0,0
SMOOCH~,-0,0
Chlorenn,-0,0
Cherri V,-0,0
Emm Bee Sea,-0,0
Rockers Hi‐Fi,-0,0
Kuraidesu,-0,0
Trademark,-0,0
Bill ‘Bojangles’ Robinson,-0,0
Fun‐Da‐Mental,-0,0
Xuxa,-0,0
Talk Hard Productions,-0,0
Mike G,-0,0
Dave London,-0,0
McSleazy,-0,0
Envy,-0,0
Мин Нет,-0,0
camoufly,-0,0
DJ IKU,-0,0
Saint Bernadette,-0,0
Struct,-0,0
Ring Snuten,-0,0
Luke’s Anger,-0,0
HayBombYT,-0,0
Jalapeno Sound System,-0,0
Turbo,-0,0
bouncytorch,-0,0
Culture Cruncher,-0,0
Bryce Vine,-0,0
Darth & Vader,-0,0
Enygma,-0,0
Issac Christopher,-0,0
山本椛,-0,0
Sofa Surfers,-0,0
Little Slaughter,-0,0
The Heavytrackerz,-0,0
Wugazi,-0,0
DJ Horizon,-0,0
DJ Dubz,-0,0
Brasstracks,-0,0
Aries,-0,0
MC Offside,-0,0
Michy Reincke,-0,0
The Ladbroke Groovers,-0,0
いち,-0,0
gazzzy,-0,0
Sgt. Slick,-0,0
Kid Rad,-0,0
GoldenEggs,-0,0
PFM,-0,0
NyaniKore,-0,0
j316,-0,0
Rex Viper,-0,0
Virus,-0,0
Different Heaven,-0,0
ARORA,-0,0
Kid606,-0,0
chloe moriondo,-0,0
DJ Earworm,-0,0
Gemi,-0,0
tfwamirite,-0,0
Spose,-0,0
Far East Recording,-0,0
jesus2099,-0,0
Cyberhound,-0,0
LIUFO,-0,0
GroovyRoom,-0,0
Stormtrooper,-0,0
Funk Assault,-0,0
Gizmote,-0,0
ToteKing,-0,0
J. Bloom,-0,0
villemdrillem,-0,0
Top Cat,-0,0
Andrew Herring,-0,0
Trans-Galactic Express,-0,0
Sugamotor,-0,0
Public Domain,-0,0
Hippomothamus,-0,0
Los Verdaderos Kreyentes de la Religión del Hip Hop,-0,0
Layo & Bushwacka!,-0,0
Sunday People,-0,0
DJ Matt Black,-0,0
DANG!!! WOW,-0,0
Grant Wakefield,-0,0
Kevin Björk,-0,0
S.Operator,-0,0
N-Zo,-0,0
The One AM Radio,-0,0
Rhythm Section,-0,0
Jomar,-0,0
Rebeat,-0,0
Play Paul,-0,0
ササノマリイ,-0,0
RitzCookies,-0,0
DJ Not-i,-0,0
Kasra,-0,0
DiGiTAL WiNG,-0,0
suicide simulator 1111,-0,0
Liam,-0,0
Dr. Z-Vago,-0,0
Ra Cailum,-0,0
ａｍａｙｉｔｉ,-0,0
Mumblz,-0,0
Sonic Experience,-0,0
DaPhinoXX,-0,0
Papa Zeus,-0,0
The Shapeshifters,-0,0
Stagga,-0,0
Bill McClintock,-0,0
alottadogs,-0,0
Koit Toome,-0,0
nzdastrack,-0,0
Bryce,-0,0
Togo-Chef,-0,0
DJ Red,-0,0
SakiZ,-0,0
Dr. Nobody,-0,0
CARSTN,-0,0
TheMelloYellow,-0,0
Scooby McSnack,-0,0
Jan Wayne,-0,0
The Lift Boys,-0,0
sumthin sumthin,-0,0
Onur Engin,-0,0
Les Rieurs,-0,0
TQ,-0,0
DJ DisOrientalist,-0,0
kz,-0,0
lhk,-0,0
aidenmixes,-0,0
Foyer des Arts,-0,0
Corey Browz,-0,0
SONICON,-0,0
DJ Daniel Wolf,-0,0
SMD,-0,0
MC Guimê,-0,0
FreeStyleGames,-0,0
Mike Waxx,-0,0
Teams,-0,0
dogbarkdogwoof,-0,0
The Tuners,-0,0
1tbsp,-0,0
Sterbinszky,-0,0
BOYO,-0,0
Gaston,-0,0
Lee Spoons,-0,0
Random Article,-0,0
Lil Moshpit,-0,0
Capella Grey,-0,0
Jarvis Cocker,-0,0
Trashman,-0,0
Jazz Master JD,-0,0
Omar Courtz,-0,0
arno1,-0,0
Jentina,-0,0
Paperboy,-0,0
Logic1000,-0,0
Trampa,-0,0
Kotori,-0,0
Wan Bushi,-0,0
Clinton Cerejo,-0,0
すぺらんかー,-0,0
International Rude Boyz,-0,0
Maestro Fresh‐Wes,-0,0
AG,-0,0
Penta,-0,0
Lamaita,-0,0
Gack,-0,0
Totalspark,-0,0
DJ Sakin,-0,0
Skyper,-0,0
Nivea,-0,0
DJ Dave Gee,-0,0
MYTK,-0,0
AmpLive,-0,0
huyfinn,-0,0
pencil,-0,0
Corina,-0,0
Phonte,-0,0
Sheryo,-0,0
Lord of Sp33d,-0,0
Unfit for Purpose,-0,0
3 Down,-0,0
j‐hope,-0,0
Master Genius,-0,0
daisyxkneesocks,-0,0
Infinitefreefall,-0,0
65daysofstatic,-0,0
GlitchxCity,-0,0
The Disposable Heroes of Hiphoprisy,-0,0
Trifonic,-0,0
Loyle Carner,-0,0
Choci,-0,0
Crapface,-0,0
Der Wolf,-0,0
DJ Le Roi,-0,0
l4ureleye,-0,0
カレーパイセン,-0,0
Schematic Wizard,-0,0
Fix,-0,0
12th Planet,-0,0
SoundCirclet,-0,0
ETHEREA,-0,0
DJ JimiG,-0,0
The Goats,-0,0
DJ Gollum,-0,0
Ka,-0,0
James High,-0,0
Bandetto,-0,0
きりん,-0,0
Jaz,-0,0
DatManOvaDer,-0,0
Frey Opossum,-0,0
Evershade,-0,0
えみぃ,-0,0
FIJI島の水,-0,0
DJ Trev,-0,0
Cookie Monsta,-0,0
Harpuia,-0,0
New Composers,-0,0
yukkerom,-0,0
DJ Nate Ro,-0,0
kyou1110,-0,0
Nxpnsv,-0,0
Vappasko,-0,0
Jive Bunny & the Mastermixers,-0,0
Cavalier,-0,0
Werner Wichtig,-0,0
Pastor Troy,-0,0
BONESAW,-0,0
Nach,-0,0
Paul Cronin,-0,0
Ramirez,-0,0
4 Clubbers,-0,0
Tyree,-0,0
Oto Jutsu,-0,0
ODNP,-0,0
Elaine | LMN,-0,0
Candyland,-0,0
テヅカ,-0,0
Smiechu,-0,0
Kadoc,-0,0
Yung Innanet,-0,0
Gravity,-0,0
Loze,-0,0
Huey Dunbar,-0,0
MOI/IOMO,-0,0
Yu2e,-0,0
Mexicans With Guns,-0,0
Jessy Lanza,-0,0
Simi,-0,0
Thuggie D.,-0,0
Ludachrist,-0,0
Nadastrom,-0,0
Black Knight,-0,0
肖央,-0,0
Memphis Bleek,-0,0
Perfect Combination,-0,0
٩(｡•́‿•̀｡)۶,-0,0
Zmoalăcazan,-0,0
KEV,-0,0
Abunai,-0,0
Soni,-0,0
Team Teamwork,-0,0
Jean Grae,-0,0
SUSHIBOYS,-0,0
Cream Soda,-0,0
DJ BAX,-0,0
RADD,-0,0
High Frequency Bandwidth,-0,0
Men of Vizion,-0,0
GosT,-0,0
DJ Helli,-0,0
Gemini,-0,0
Operation Phoenix,-0,0
Gladkill,-0,0
metrosexualthug,-0,0
Vodex,-0,0
Encore Dream,-0,0
DJ Y Alias JY,-0,0
lunarmoron,-0,0
Motorfunk,-0,0
hsiu,-0,0
N-R-Gee Posse,-0,0
RENREN,-0,0
Don Yute,-0,0
yeongrak,-0,0
Brothomstates,-0,0
Sana,-0,0
Josh Dean,-0,0
Roy Porter,-0,0
KAROL G,-0,0
黄歩鈴,-0,0
NegaRen,-0,0
Noize MC,-0,0
Jon Hitchen,-0,0
Nick OD,-0,0
DJイオ,-0,0
La Constellation,-0,0
Boga,-0,0
Hermann Weiss,-0,0
Knowledge & Wisdom,-0,0
Gaudi,-0,0
Perfect Project,-0,0
N-Driver,-0,0
Vincent,-0,0
Jimmi Jammes,-0,0
Kelbin,-0,0
Gabe Stilez,-0,0
nyxies,-0,0
David A,-0,0
Everclear,-0,0
Consolidated,-0,0
CUT_,-0,0
New Philharmonic Orchestra,-0,0
Too Strong,-0,0
Twine,-0,0
Witchmaster,-0,0
Asriel,-0,0
GARticuno,-0,0
Mosh,-0,0
Kkaydes,-0,0
Kirara Magic,-0,0
Scott Grooves,-0,0
Hannulelauri,-0,0
Bright Primate,-0,0
Frer 200,-0,0
Choker,-0,0
Mama Sana,-0,0
Parov Stelar,-0,0
patten,-0,0
jennifer1,-0,0
Digital Orchestra of Cats,-0,0
Hi-Fi,-0,0
Lil’ Sci,-0,0
iTOK,-0,0
Louise,-0,0
KNEECAP,-0,0
Heavy D,-0,0
Minor Threat,-0,0
Vanfleet,-0,0
ZVAARI,-0,0
Dr. Waumiau,-0,0
Gang Speed,-0,0
Cantina,-0,0
中沢伴行,-0,0
Dub Scout,-0,0
Clay Venezia,-0,0
CatboyNiko,-0,0
Bruno Furlan,-0,0
ric3show3r,-0,0
Sonny D,-0,0
cat tizzle Turbo,-0,0
kous,-0,0
FANGiRL,-0,0
Bishop McCoy,-0,0
Benja & Fatalis,-0,0
Internal Affairs,-0,0
Igorrr,-0,0
Dialga2239,-0,0
RockFam Lame-a,-0,0
oofteron99,-0,0
mt.lelah,-0,0
DJ X,-0,0
Jasper Street Co.,-0,0
𝙟☆𝙣𝙠𝙤!,-0,0
Bad Company UK,-0,0
Aloha Annie,-0,0
Heboyi,-0,0
☆puppy☆,-0,0
Trucks Factory,-0,0
DJ Bunuel and Miikka Kari,-0,0
DJ Nonstick Cookware,-0,0
Javier Colon,-0,0
prophetik music,-0,0
Michael Sealey,-0,0
Soul Providers,-0,0
Wax Tailor,-0,0
Stress Level,-0,0
Sunset Phase,-0,0
Cut & Run,-0,0
Christian Falk,-0,0
Mama Mystique,-0,0
DJ 2SKI,-0,0
Andres Bedoya,-0,0
Rhea Fowler,-0,0
Teki Latex,-0,0
fuluca,-0,0
Grave Danger,-0,0
Chosen Few,-0,0
Videogame Orchestra,-0,0
DJ SHION.Y,-0,0
dj lostboi,-0,0
Power Squad,-0,0
EGGS BENTLEY,-0,0
999 Heartake Sabileye,-0,0
Tomba Vira,-0,0
CB Mass,-0,0
Clovelt,-0,0
Filip Čihák,-0,0
Toofardark,-0,0
Richard Wagner,-0,0
DJ MaxEntropy,-0,0
bearface.,-0,0
EnderEmerald46,-0,0
kanata.t,-0,0
BlackJewishGays,-0,0
Ellie Spectacular,-0,0
Vials,-0,0
mrMarkosm,-0,0
DoubleAACE,-0,0
The Twelves,-0,0
Lonemoon,-0,0
Nicholas Craven,-0,0
DJ Clive$ter,-0,0
Seoul Philharmonic Orchestra,-0,0
turdl3,-0,0
"peak divide, dante",-0,0
Rocky Lolo,-0,0
Tatyana Ali,-0,0
EternalSushi,-0,0
GET IN THE RING,-0,0
DJ-PIE,-0,0
Different Gear,-0,0
East 57th St.,-0,0
JV5,-0,0
Les Refrès,-0,0
FRS,-0,0
Emray,-0,0
Mark McGuire,-0,0
Memdus,-0,0
Howard Shelley,-0,0
Xlos,-0,0
Joshua Garrison,-0,0
Jamde,-0,0
OVERWERK,-0,0
Futurist,-0,0
The Gaye Device,-0,0
Xtha,-0,0
DJ Ridoo,-0,0
Overdub,-0,0
LiterallyNoOne,-0,0
ptrckparker😐🖕🏻,-0,0
elamea,-0,0
Mandragora,-0,0
Emperor Chi,-0,0
Always wanted War,-0,0
Saradis,-0,0
Lance Herbstrong,-0,0
CRU5H3R,-0,0
KB,-0,0
Zai Kowen,-0,0
BLOND:ISH,-0,0
Juaninacka,-0,0
Glem Aces,-0,0
2nd II None,-0,0
Ivy Lab,-0,0
C.P.+Company,-0,0
DJ Red Alert & Mike Slammer,-0,0
The New Power Generation,-0,0
Deadly Avenger,-0,0
Summer Walker,-0,0
TrollPhace,-0,0
FORMAL,-0,0
sailortroon,-0,0
John Shirley‐Quirk,-0,0
Merz,-0,0
Nâdiya,-0,0
MilanMakesBeats,-0,0
nyancrimew,-0,0
Little People,-0,0
LISA,-0,0
cs127,-0,0
PhatBastard,-0,0
Paul Green,-0,0
ATW,-0,0
Task Horizon,-0,0
AK1200,-0,0
Chenard Walcker,-0,0
nect4r,-0,0
cheztheguy,-0,0
Francis Mercier,-0,0
Konepaja,-0,0
Mark Sherry,-0,0
Leo Moracchioli,-0,0
supwrman32,-0,0
Brian Ica,-0,0
Ian White,-0,0
Oyama,-0,0
LTJ Bukem,-0,0
Michelle Owen,-0,0
IDLES,-0,0
Уоки-токи,-0,0
Rigune,-0,0
Drought,-0,0
Urban Flow,-0,0
Yugi Boi,-0,0
Bart B More,-0,0
Trashcan Jack,-0,0
Chino,-0,0
Triple XXX,-0,0
Saitone,-0,0
Dave Wave,-0,0
Kurobara,-0,0
Lee Spencer,-0,0
Nice,-0,0
Altered:Carbon,-0,0
Massano,-0,0
ケーシー,-0,0
Disco Tech,-0,0
FPM,-0,0
Sonic Species,-0,0
Carpainter,-0,0
Kicks n Licks,-0,0
Demon,-0,0
Random House Project,-0,0
Oobie,-0,0
DNA,-0,0
Kon-Ga-Boy,-0,0
Leonce,-0,0
Raco Rabanne,-0,0
Sebwax,-0,0
骨架的,-0,0
White Panda,-0,0
Bun,-0,0
dgty,-0,0
José Castell,-0,0
shxpe,-0,0
Time All Stars,-0,0
Kur@ra,-0,0
Ben Frost,-0,0
Swami Sound,-0,0
Acoustic Department,-0,0
Snow Productions,-0,0
Adam Kontras,-0,0
Ben Westbeech,-0,0
Mr. Da-Nos,-0,0
Ben Liebrand,-0,0
Wolfgang Lohr,-0,0
Danny Boy,-0,0
Lennox,-0,0
q_p,-0,0
Netsky,-0,0
SennaRin,-0,0
DJ Bowler Hat,-0,0
LMC,-0,0
98°,-0,0
Muffin,-0,0
Panzers,-0,0
Garfunkel and Oates,-0,0
Bizz The Prince,-0,0
Wizkid,-0,0
Fourth Floor Collapse,-0,0
Crystal Kay,-0,0
Space Laces,-0,0
fwdslxsh,-0,0
Smokin Suckaz Wit Logic,-0,0
Hitori Sugar Music,-0,0
Thomas Rusiak,-0,0
Andrew Luce,-0,0
D.watt,-0,0
FreeTEMPO,-0,0
StraYawayƧ,-0,0
VANO 3000,-0,0
[PHYSICS],-0,0
DJ Physical,-0,0
Dave Navarro,-0,0
TABBY,-0,0
samtrax,-0,0
dannymacabre,-0,0
Aurelleah,-0,0
Ati-juf,-0,0
Windy City,-0,0
moldbelly,-0,0
2 Skinnee J's,-0,0
ElMayonesa,-0,0
Monster X,-0,0
Auralnauts,-0,0
Deep Sensation,-0,0
The Classic Men,-0,0
exaheva,-0,0
Aquacycle,-0,0
Kagwe,-0,0
Czar Nok,-0,0
Drop,-0,0
kjuː8,-0,0
市瀬るぽ,-0,0
Little-Sound Orchestra,-0,0
Durs,-0,0
Regina,-0,0
WOS,-0,0
Bitfiend,-0,0
S.A Music,-0,0
Rising Sun Nova,-0,0
yumeHolic,-0,0
A Lunatic’s Daydream,-0,0
Andromeda Phoenix,-0,0
berg8793,-0,0
Bitter:Sweet,-0,0
The Secret Life,-0,0
Raheem D,-0,0
WeDamnz,-0,0
JINUSEAN,-0,0
Dream Frequency,-0,0
Hiro,-0,0
Rockman,-0,0
LOBSTA B,-0,0
SNVFF,-0,0
Underground Software,-0,0
Wallace Robert Holt,-0,0
LUPINWAVE,-0,0
Sékou,-0,0
Yung Aura,-0,0
D.O. Cartel,-0,0
Higher Sense,-0,0
Mira,-0,0
Paul Bazooka,-0,0
Myeauxyoozi,-0,0
Criminal Code,-0,0
Intruder,-0,0
Shovelware,-0,0
Dimitri Z,-0,0
Player,-0,0
akca,-0,0
P‐Money,-0,0
Nick Holder,-0,0
砂川翔也,-0,0
Astrophysics,-0,0
mikuma,-0,0
Yo Gotti,-0,0
Great Statue,-0,0
New Dreams Ltd.,-0,0
swell,-0,0
Killboy,-0,0
DJ Useo,-0,0
Manix,-0,0
Innocence,-0,0
pawcord,-0,0
Androgyny Prince,-0,0
The Black Mighty Orchestra,-0,0
TBeatz,-0,0
CONSTANTAUTUMN,-0,0
Tar Baby,-0,0
Hush & Chop Shop,-0,0
Max Fractal,-0,0
ethanplus,-0,0
Hit‐Boy,-0,0
Furnier,-0,0
H.P. Sneakstep,-0,0
RUMBLERAGGA,-0,0
Dr. Peacock,-0,0
ROUK.O.,-0,0
Truth,-0,0
Tim Nable,-0,0
Massimo,-0,0
1981 Tokyo,-0,0
tomppabeats,-0,0
Grant Nelson,-0,0
DJ BP,-0,0
Pep Love,-0,0
Аркадий Стругацкий,-0,0
A+,-0,0
DARKSIDE,-0,0
NepTenn,-0,0
Fear of Tigers,-0,0
Remy & Sven,-0,0
Shahar Varshal,-0,0
Игорь Вдовин,-0,0
333 Boyz,-0,0
Steev Hise,-0,0
Alabina,-0,0
Chester W.,-0,0
Litehouse,-0,0
Eddie “Flashin” Fowlkes,-0,0
Nmesh,-0,0
伴都美子,-0,0
Harmonic Illusion,-0,0
Bogoss,-0,0
Grant Phabao,-0,0
The Latin Kings,-0,0
chard la plaga,-0,0
DJ Firth,-0,0
Randolph's Leap,-0,0
Professor X,-0,0
Pheugoo,-0,0
Compton’s Most Wanted,-0,0
DJ Vlad,-0,0
MC Melodee,-0,0
Nashua,-0,0
Adam WarRock,-0,0
"Antonio ""Drunk Beetle"" Edison",-0,0
Giove DJ,-0,0
DJ Tabernacle,-0,0
Pustulioooooo,-0,0
Andrew Huang,-0,0
Jesse Rose,-0,0
Armani Caesar,-0,0
TheDancingFishstick,-0,0
Barbara Tucker,-0,0
Kettenkrad,-0,0
Laminar,-0,0
Animal Crackers,-0,0
おかしい男ラース,-0,0
Fler,-0,0
skeler.,-0,0
Kill Bill: The Rapper,-0,0
MoistedArnoldPalmer,-0,0
Stumbleine,-0,0
Rollergirl!,-0,0
Shy Siesta,-0,0
James Pants,-0,0
ZeroMizKun Nightcore,-0,0
José María Castells,-0,0
Rikin8r,-0,0
B‐Legit,-0,0
Nizikawa,-0,0
No Ease,-0,0
Dirty Spaceman,-0,0
snoritz,-0,0
Ed Rush & Nico,-0,0
Apoplexia,-0,0
Jay Abey,-0,0
GUMI,-0,0
Baby Bumps,-0,0
Boxcar,-0,0
Burn Water,-0,0
Mashup-Germany,-0,0
Cult Member,-0,0
Robert Tear,-0,0
Tek 9,-0,0
Dreamcastle™,-0,0
なみぐる,-0,0
JL,-0,0
Ruff Muff,-0,0
Ronan de Castel,-0,0
4 Speed EG,-0,0
Dead Pixel,-0,0
Viclis,-0,0
Fox Sounds,-0,0
Leigh Harline,-0,0
MAILPUP,-0,0
Dynasty,-0,0
Koopa Troopa,-0,0
boy 2000,-0,0
shy lad :3,-0,0
Cookin’ Soul,-0,0
Kenny “Dope” Gonzalez,-0,0
HOSH A GO-GO,-0,0
The Born Again Floozies,-0,0
MOROSE,-0,0
FIGHT MAKI FIGHT,-0,0
The Beelzebubs,-0,0
Anika,-0,0
Aural Vampire,-0,0
T3NZU,-0,0
DJ Paralex,-0,0
DJ Soina,-0,0
Hylen,-0,0
Krafty Skillz,-0,0
Mateo & Matos,-0,0
Young Soldierz,-0,0
Mazanga Von Badman,-0,0
Zero T,-0,0
Bape Fiends,-0,0
EpicToast,-0,0
Jimmy Carr,-0,0
Ulf Langheinrich,-0,0
DaDood,-0,0
LeiaFox,-0,0
D.veloped,-0,0
CRIMEAPPLE,-0,0
HyperboltEDM,-0,0
Scum,-0,0
Jaybird Music Project,-0,0
Torpeedoh,-0,0
Ruffneck,-0,0
Dyro,-0,0
Aftermath,-0,0
MagnaDrake,-0,0
4th Disciple,-0,0
Law and Auder,-0,0
Opolopo,-0,0
TaQ,-0,0
Riccio,-0,0
Sodium Chloride,-0,0
UFO λM,-0,0
Nephos,-0,0
benjamin,-0,0
Gloo,-0,0
Otakuberg,-0,0
Zef,-0,0
Oddisee,-0,0
Soul Purpose,-0,0
Grand Slam,-0,0
The Golden Palominos,-0,0
Hidden Persuaders,-0,0
Genetikk,-0,0
RubyChan's Nightcore,-0,0
Allie Sherlock,-0,0
CORPSE,-0,0
Cold World,-0,0
𝔪𝔦𝔯𝔞𝔦,-0,0
steelix,-0,0
Magit Cacoon,-0,0
Sara Farell,-0,0
TheBusiness.,-0,0
ZILLA,-0,0
Malice,-0,0
Cool’n Cat,-0,0
marina,-0,0
Bronze Nazareth,-0,0
Soul Mekanik,-0,0
Natalie Bassingthwaighte,-0,0
Tremmme,-0,0
Da Brat,-0,0
Чика из Перми,-0,0
Roxy Breaks,-0,0
Memmy,-0,0
Cosmonet,-0,0
Allure,-0,0
Ty-Pesh,-0,0
Hijack,-0,0
Linko,-0,0
Lowkey,-0,0
lihanEAD,-0,0
Mr. Muthafuckin’ eXquire,-0,0
H.P. Vince,-0,0
DJ Brokenwindow,-0,0
Dub Empire Sound,-0,0
A Mozart,-0,0
Gecko,-0,0
Bankai,-0,0
Jane Dowe,-0,0
Roller Coaster,-0,0
X-Men,-0,0
Body Ocean,-0,0
Donna Summer,-0,0
DJ Outblast,-0,0
Don Amott K of C,-0,0
Blue Fairy,-0,0
J.A.M.,-0,0
יאיר ניצני,-0,0
Neophyte,-0,0
Lenny Dee,-0,0
beat_shobon,-0,0
Gracias,-0,0
Rebel MC,-0,0
Twonko,-0,0
Mahado,-0,0
Tokoloshes,-0,0
Drown,-0,0
Air Station,-0,0
SiIvaGunner,-0,0
B-Factory,-0,0
Dynamite Grizzly,-0,0
dreamloader,-0,0
E.T.A.,-0,0
Troublemakers,-0,0
Salif,-0,0
Airheadz,-0,0
Haze,-0,0
Kyradeen,-0,0
Maxey,-0,0
Juelz,-0,0
EastWest Rockers,-0,0
The House Keepers,-0,0
The Hypnotist,-0,0
Bemax,-0,0
deadman 死人,-0,0
Q‐Dee,-0,0
Małpa,-0,0
Die Krupps,-0,0
Dante Mars Ajeto！,-0,0
VEGO,-0,0
MATTN,-0,0
Kyle Bobby Dunn,-0,0
Don Leisure,-0,0
Partyraiser,-0,0
Jordan Rudess,-0,0
Troy Sands,-0,0
Aidan Swank,-0,0
Hucci,-0,0
NekRock,-0,0
糸魚健一,-0,0
FerroLad,-0,0
State of Mind,-0,0
CENTRL,-0,0
Dave Nada,-0,0
Alfredo Lietor,-0,0
Die In Progress,-0,0
Michael Pilarczyk,-0,0
The White Mandingos,-0,0
3Plusss,-0,0
gya9,-0,0
Backend,-0,0
Jamie Cullum,-0,0
Chrome Sparks,-0,0
Boriqua Tribez,-0,0
Foxfall,-0,0
BASSBABE,-0,0
Eugene Tsai,-0,0
House of Prayers,-0,0
Maciej Palicki,-0,0
Coast Contra,-0,0
Upland,-0,0
越田Rute隆人,-0,0
seizan,-0,0
Tomohiko Togashi,-0,0
Braxton Holmes,-0,0
Immuzikation,-0,0
Chibby,-0,0
MarinMashup,-0,0
MediaFired™,-0,0
Juno Reactor,-0,0
Norma Jean Bell,-0,0
安部菜々,-0,0
Blood Cultures,-0,0
Biz,-0,0
Slums Attack,-0,0
Norkkom,-0,0
Dj Alyaz,-0,0
T.Power,-0,0
enable secret,-0,0
Far Out,-0,0
Julie Slick,-0,0
MJ Fandango,-0,0
瀬戸海月,-0,0
E-603,-0,0
Clemek,-0,0
mojochronic,-0,0
DJ Dumpz,-0,0
Ol Kainry,-0,0
Sunday School,-0,0
Jean Jacques Smoothie,-0,0
TURBO,-0,0
Holder,-0,0
temura,-0,0
島村卯月,-0,0
bassy,-0,0
DJ エリ君,-0,0
Big Hair,-0,0
Quantic,-0,0
Captain Ahab,-0,0
Jay Electronica,-0,0
The National Cynical Network,-0,0
King Geedorah,-0,0
Michale Graves,-0,0
D.K$,-0,0
Craig G,-0,0
Elocnep,-0,0
Salt Tank,-0,0
DJ Jazzy Jeff,-0,0
Deep West,-0,0
Reelsoul,-0,0
Imani Coppola,-0,0
The GTAM Cover Band,-0,0
Deadly D,-0,0
Geshtro,-0,0
Suneel Gurpur,-0,0
Vektroid,-0,0
Goio,-0,0
Fangs,-0,0
Poperetta,-0,0
Glowy Pie,-0,0
Xanemusic,-0,0
nealturbo,-0,0
Zadig the Jasp,-0,0
DJ GBR,-0,0
Felix Jaehn,-0,0
Shit Hot Soundsystem,-0,0
Lumena-tan,-0,0
KUSO GVKI,-0,0
Khaligraph Jones,-0,0
Gabriel & Dresden,-0,0
Nu-Matic,-0,0
gorse panshawe,-0,0
DJ Gizmo,-0,0
Cosma,-0,0
Optometrist Prime,-0,0
yumeo,-0,0
starsculptor,-0,0
Sophie Hunter,-0,0
ころんば,-0,0
Cut and Paste,-0,0
Liquid Lines,-0,0
Staticca,-0,0
Jupiter Maroon,-0,0
Da Lench Mob,-0,0
JANNY,-0,0
ElectroSound,-0,0
Lyrical Lemonade,-0,0
Gears of the Apparatus,-0,0
Garrett,-0,0
Los del Mar,-0,0
Uffie,-0,0
White Chorus,-0,0
Stink,-0,0
Will Quadflieg,-0,0
SmadaLeinad,-0,0
櫻井智,-0,0
Omario009,-0,0
Kathy Rui,-0,0
MtH,-0,0
TheRandomSapphire,-0,0
VAST,-0,0
Mikeburns,-0,0
藤原ざくろ,-0,0
DJ Delirium,-0,0
Fatboy Roberts,-0,0
Fouria,-0,0
CHOCO CHESHIRE,-0,0
DJ USYN,-0,0
Radioseven,-0,0
Therese,-0,0
Physical Attraction,-0,0
Bukiko,-0,0
J. Logan,-0,0
cirrus,-0,0
2raumwohnung,-0,0
Kristof. R,-0,0
Freewave,-0,0
Mike Hunt,-0,0
Lost,-0,0
Diffusion,-0,0
Murphy TheLaw,-0,0
iBringDaLulz,-0,0
Goapele,-0,0
Jazzy Jeff,-0,0
Eternal Raijin,-0,0
Invandra,-0,0
Beefjerky007,-0,0
StepShy,-0,0
Housse de Racket,-0,0
Kurran1998,-0,0
KJ Mixes,-0,0
Dylan Locke,-0,0
Violadores del Verso,-0,0
DIVELA,-0,0
Kris,-0,0
DJ DaY-mar,-0,0
colin!,-0,0
reissecup,-0,0
東雲和音,-0,0
Sammus,-0,0
durfland121,-0,0
JustSomeRandomMusician,-0,0
Cashmere the PRO,-0,0
GO!! Light Up!,-0,0
Electrocado,-0,0
ハサキトオル,-0,0
Catorstrax,-0,0
Shikimi,-0,0
Hard Harmonizer,-0,0
megabuzz,-0,0
Solid Base,-0,0
r-906,-0,0
Cannibal Ox,-0,0
Torske,-0,0
DJ D1ed,-0,0
dakooters,-0,0
Bryson Tiller,-0,0
HITTING NOT MISSING,-0,0
Tenkitsune,-0,0
DJ Morgoth,-0,0
Assholes by Nature,-0,0
Defected Maidens,-0,0
大賀ルキア,-0,0
Chongo,-0,0
André 3000,-0,0
Shad Hottaboy,-0,0
Example,-0,0
豊嶋泰嗣,-0,0
TedEdFred,-0,0
岸谷五朗,-0,0
Alexis Jordan,-0,0
Eternal Khaos,-0,0
Jun Kamoda,-0,0
KETSU!,-0,0
Soprano,-0,0
Nadja,-0,0
MC Jin,-0,0
Retroactive,-0,0
Alligatoah,-0,0
The EOS Ensemble,-0,0
gauss,-0,0
Midcall,-0,0
Skylar Astin,-0,0
Dj Bamberino,-0,0
Rezodrone,-0,0
Mnemosyne,-0,0
Mad Rat Gang,-0,0
SomeBlackGuy,-0,0
Nick Robinson,-0,0
JAWNS,-0,0
FRACTALFUCK,-0,0
Abstract Foundation,-0,0
raytdaalz07,-0,0
Freestyle Orchestra,-0,0
DJ X-Rated,-0,0
Haroon Piracha,-0,0
Itch‐E & Scratch‐E,-0,0
djzuus,-0,0
ASHWAN,-0,0
Fetva,-0,0
Rob Tex,-0,0
Framewerk,-0,0
Lonely Tunes,-0,0
Charlie Beale,-0,0
pomDeter,-0,0
Siege,-0,0
Dukeyman,-0,0
Jar,-0,0
DoM,-0,0
Polygon Dream,-0,0
Matt Krupa,-0,0
wew lad,-0,0
Gary Jules,-0,0
Jonsp2000,-0,0
Taps,-0,0
Direct,-0,0
BbyMutha,-0,0
Ym1024,-0,0
Cash Kru,-0,0
King Gnu,-0,0
mucell,-0,0
Marvaless,-0,0
Pokémon,-0,0
Secret Service,-0,0
MJ,-0,0
Misplaced,-0,0
DjCyCO,-0,0
Cii,-0,0
Scream,-0,0
Junior Vasquez,-0,0
Pound & Harris,-0,0
JiKay,-0,0
Structure,-0,0
KaKi,-0,0
DJ Hurricane,-0,0
Schwesta Ewa,-0,0
Light MetaS,-0,0
Ester Brinkmann,-0,0
Honeysmack,-0,0
Sonic Juncture,-0,0
Open Skies,-0,0
Hypnotize,-0,0
Greystar,-0,0
Christopher Tyng,-0,0
Sadahzinia,-0,0
Rako,-0,0
Payo Malo,-0,0
The Opposites,-0,0
Dave & Nuage,-0,0
ryuzk,-0,0
Top Jimmy Page,-0,0
Almighty Associates,-0,0
XOOX,-0,0
Carl Thomas,-0,0
Ed Rush & Optical,-0,0
Blood Orange,-0,0
Andreas Zoeller,-0,0
Sister Machine Gun,-0,0
My Dry Wet Mess,-0,0
Srgt. Moon,-0,0
Tango,-0,0
Aura Qualic,-0,0
Bebo Best and The Super Lounge Orchestra,-0,0
David Rose,-0,0
Libythth,-0,0
xaviorthemachine,-0,0
TTR Allstars,-0,0
4nzu,-0,0
guilhox,-0,0
minindo,-0,0
New Power,-0,0
Meat Marionette,-0,0
Dragutesku,-0,0
Miguel Migs,-0,0
Dreamville,-0,0
obake,-0,0
DJPoyoshi,-0,0
DJ Smokey,-0,0
ZacharyChang,-0,0
Chantay Savage,-0,0
Дискотека Авария,-0,0
Twisty Tunes,-0,0
Barney Rubble,-0,0
WangleLine,-0,0
Razed in Black,-0,0
Absztrakkt,-0,0
Patrice Bäumel,-0,0
Invader Ler,-0,0
goloa,-0,0
Crowded Babes,-0,0
Pushmi-Pullyu,-0,0
Bass Kleph,-0,0
Vision Masters,-0,0
E Money Bags,-0,0
E_DEATH,-0,0
Tuff Crew,-0,0
ac1d vicious,-0,0
Jo Thrillz,-0,0
Eternal Sunset,-0,0
Poison Clan,-0,0
Shakaboyd,-0,0
Downlink,-0,0
Deathface,-0,0
Spacklequeen,-0,0
Trumpet Thing,-0,0
帝音国際学院,-0,0
Misiu,-0,0
ノヴィタ,-0,0
Son of Bazerk,-0,0
The Panacea,-0,0
Lightheaded,-0,0
mow,-0,0
Serji,-0,0
Cold Blank,-0,0
Late Replies,-0,0
webyte,-0,0
ShyBoy,-0,0
Jaden,-0,0
Wasted Mind,-0,0
Perry Sullivan,-0,0
オゾン,-0,0
CityOfFeelings,-0,0
SecretAsian6,-0,0
Carmada,-0,0
DJ Bishop,-0,0
CURE97,-0,0
fnjj,-0,0
Dirty House Crew,-0,0
DJ Mariano,-0,0
Gaszia,-0,0
Kirsty Hawkshaw,-0,0
李骏驹,-0,0
kity,-0,0
Johnny Corporate,-0,0
Venjent,-0,0
Pitto,-0,0
Andrewherring,-0,0
Jonny Miller,-0,0
Sharam Jey,-0,0
slippymudman,-0,0
Winno,-0,0
borji,-0,0
W.E.N.A.,-0,0
Def Rhymz,-0,0
dev,-0,0
Nayt,-0,0
"Kenny Dixon, Jr.",-0,0
Marcus King,-0,0
girls factory,-0,0
SuperRiderTH,-0,0
IchigoPony,-0,0
Aseul,-0,0
MixHell,-0,0
Love and Light,-0,0
Jace Norman,-0,0
maidable,-0,0
technokut,-0,0
Blu & Exile,-0,0
Taha,-0,0
Brat,-0,0
Juicy Cuts,-0,0
Asylum,-0,0
Quentin Mashups,-0,0
Tommi Eckart,-0,0
Vienna Lusthouse,-0,0
Jo,-0,0
Amanda Palmer & The Grand Theft Orchestra,-0,0
Boo Williams,-0,0
Young RJ,-0,0
ChickenSuitGuy,-0,0
Cassio Ware,-0,0
Young Pappy,-0,0
Cyte,-0,0
Attila,-0,0
Goddesses of Bagpipes,-0,0
Bambu,-0,0
Swoope,-0,0
I am Jemboy,-0,0
Divine Wrath,-0,0
gothicwvlff,-0,0
Woebn,-0,0
Hahnstudios,-0,0
Justice Cow,-0,0
Likonan,-0,0
Half A Cat,-0,0
Kcik,-0,0
DJ Fuzz,-0,0
Lightforce,-0,0
장혁,-0,0
Construction Kit,-0,0
King Sun-D Moet,-0,0
The Very Best,-0,0
Butch,-0,0
MINMI,-0,0
Greg Wilson,-0,0
飯塚昌明,-0,0
Alexis Knox,-0,0
Osunlade,-0,0
大友良英,-0,0
Yucatan,-0,0
All City Affairs,-0,0
R. Solution,-0,0
The Sheep Queen Experiment,-0,0
N2Deep,-0,0
Shadow FX,-0,0
秋赤音,-0,0
Leoni Jansen,-0,0
Whitetail,-0,0
Kuseki,-0,0
Alexander Rishaug,-0,0
MrMehster,-0,0
NACCXle,-0,0
Tanger,-0,0
Baschfire,-0,0
Alnaht,-0,0
TESTAROSAH,-0,0
sonnov,-0,0
Conga Squad,-0,0
Dave Clarke,-0,0
wait what,-0,0
Area 10,-0,0
King Charlie,-0,0
RedOgre,-0,0
Smashcolor,-0,0
Struka,-0,0
Buzz Fuzz,-0,0
Gio Washington,-0,0
Cranio Randagio,-0,0
Ficci,-0,0
Prosac,-0,0
Phoebe Ryan,-0,0
Meat Katie,-0,0
All That Jazz,-0,0
市蔵,-0,0
CRPRx,-0,0
HORSE the band,-0,0
eicheph,-0,0
Galactic Hole,-0,0
ハレトキドキ,-0,0
RosalinaSama,-0,0
Alex Hawka Hawkins,-0,0
Mighty Mike,-0,0
Meishi Smile,-0,0
Shellshock,-0,0
DJ Yoda,-0,0
Freakmaster K. One,-0,0
Sarvéproductions,-0,0
Sunscreem,-0,0
neetskills,-0,0
Døves Cry Springs Eternal,-0,0
Budzy,-0,0
ZOOLOOK,-0,0
MMWaters,-0,0
Chaze the Chat,-0,0
Bio Phobith,-0,0
The Freelance Hellraiser,-0,0
King Size Terror,-0,0
John McWhorter,-0,0
Hurricane G,-0,0
Frostycat,-0,0
Aidan Latham,-0,0
Ed Rush,-0,0
Amen Andrews,-0,0
aen,-0,0
Bstep,-0,0
Metalheads,-0,0
The Chicago Connection,-0,0
Alpha Wann,-0,0
J.A.C.E.,-0,0
Jaql,-0,0
Pieter Bouwman,-0,0
Untouchable 3,-0,0
Poetry N Motion,-0,0
N.B.S.,-0,0
Graveyard Productions,-0,0
Flexxip,-0,0
DJ Nerd42,-0,0
Nakarin,-0,0
Death Tape Super Bass,-0,0
Smoke City,-0,0
Mwano,-0,0
¥$,-0,0
Joey Beltram,-0,0
Jade Zoe,-0,0
.dotfile,-0,0
IamJstncrdble,-0,0
Stacy Kidd,-0,0
Foul Play,-0,0
שלמה ארצי,-0,0
danretsu,-0,0
Mixcut,-0,0
Alec Falconer,-0,0
Bingoboys,-0,0
svantana,-0,0
Zach Callison,-0,0
Tom Novy,-0,0
Black Attack,-0,0
Bubble Solution,-0,0
ohonta,-0,0
NO EMOTION,-0,0
oshi,-0,0
Devon Hendryx,-0,0
Ugly Lovely,-0,0
Kevin Abstract,-0,0
Louis Armstrong Quintet,-0,0
Mic the Microphone,-0,0
DJ Dan,-0,0
Intercloud 7,-0,0
Alfonzopancakes,-0,0
Mtell,-0,0
xaev,-0,0
DJ Earl-e,-0,0
@pplebukker,-0,0
dj twinturbo,-0,0
Banda Sonora,-0,0
diaxart,-0,0
Carolin Kebekus,-0,0
Sink Saiko,-0,0
PinkieOats,-0,0
Dyno Luke,-0,0
Jamie Anderson,-0,0
Powerhouse,-0,0
Goji,-0,0
Leann Grimes,-0,0
Queen Pen,-0,0
doriko,-0,0
塩見周子,-0,0
ABX,-0,0
Mr. Moods,-0,0
Dan Larkin,-0,0
Feryquitous,-0,0
KarameL,-0,0
青ウニ,-0,0
XANAKIN SKYWOK,-0,0
Boku no Gentoo,-0,0
Bobby Brown,-0,0
The Knuts,-0,0
GW,-0,0
Maeda Kenji,-0,0
Shing02,-0,0
Newlisk,-0,0
Fredro Starr,-0,0
Kittin,-0,0
Destroyer9283,-0,0
felipe.mp3,-0,0
Xarlable,-0,0
ASCA,-0,0
Deborah Wilson,-0,0
Aether,-0,0
Eveson,-0,0
momone,-0,0
TREFUEGO,-0,0
Kenny Cumberland,-0,0
Kakofonous A. Dischord,-0,0
Purple Vein,-0,0
Sonic Hybrid Orchestra,-0,0
DNEH,-0,0
Kewyo3,-0,0
lollo,-0,0
Balázs Fecó,-0,0
K''st,-0,0
cazsu,-0,0
BTH,-0,0
Shiroi-Ice,-0,0
Remi,-0,0
Death Cab for Yeezy,-0,0
datfootdive,-0,0
MC Purple,-0,0
The Cross Movement,-0,0
Mahbod Moghadam,-0,0
Jesse Hamel,-0,0
1 Giant Leap,-0,0
Ali Edwards,-0,0
Subject 13,-0,0
tg.blk,-0,0
Harrison BDP,-0,0
Space,-0,0
RSK,-0,0
Max B,-0,0
Faux Pas,-0,0
Frank Churchill,-0,0
inafade,-0,0
キャプテンミライ,-0,0
Nusrat Fateh Ali Khan & Party,-0,0
Zakk Wylde,-0,0
Joshua Rocha,-0,0
Fobos Hailey,-0,0
Jupiter,-0,0
Theo Howard,-0,0
Wave Meow,-0,0
伊藤絵里歌,-0,0
succducc,-0,0
Tim Harper,-0,0
Paul Basic,-0,0
DJ Flash,-0,0
Neil Trix,-0,0
Krishna Chetan,-0,0
GRK,-0,0
Hithouse,-0,0
PandaBoY,-0,0
Rich Brian,-0,0
CheddarMemes,-0,0
DJ Sabrina the Teenage DJ,-0,0
YITT,-0,0
Tom Aspaul,-0,0
Maxo Kream,-0,0
This Nude World,-0,0
kittydog,-0,0
shoopfex,-0,0
Shu※,-0,0
hyi,-0,0
Zurdeimvar Gragz,-0,0
Esham,-0,0
Brazooka Squad,-0,0
The Magician,-0,0
DJ O-Face,-0,0
Rumble Militia,-0,0
REAL SHIT BASTARDS,-0,0
taqumi,-0,0
Flagrant Fowl,-0,0
TRANSMISSION PLUS,-0,0
Nofvncity,-0,0
LASER GHOST,-0,0
anosci,-0,0
Ronnie Urini,-0,0
DJ Haven,-0,0
Reppop,-0,0
JXC,-0,0
Brainkiller Prodigy,-0,0
altitude.,-0,0
asáu,-0,0
aimaiishitsu,-0,0
Walt Disney,-0,0
RamonPang,-0,0
Quincy Jointz,-0,0
Mabinogion,-0,0
Kane West,-0,0
FreshNerd,-0,0
Pizet,-0,0
Daft Grips,-0,0
A s t h e t i c D r e a m s,-0,0
Yoinkin,-0,0
Soho,-0,0
Westend,-0,0
Kids & Explosions,-0,0
Party Ben,-0,0
KnightOfGames,-0,0
Saccao,-0,0
Spider Loc,-0,0
Calvertron,-0,0
ANA,-0,0
DreamReaper,-0,0
Kouek,-0,0
DarkOwl,-0,0
Cnof,-0,0
Caleb Calloway,-0,0
YOTTO,-0,0
Kunal Ganjawala,-0,0
El Límite,-0,0
Luccas Neto,-0,0
Yage,-0,0
Capchii,-0,0
[VIAN],-0,0
Latin Line,-0,0
Do or Die,-0,0
A-Saph,-0,0
Jamangar,-0,0
Halle,-0,0
Xtrullor,-0,0
Tyler Woods,-0,0
Trotters,-0,0
vertigoaway,-0,0
Dok2,-0,0
NOKKO,-0,0
Cool D,-0,0
Shae Fields,-0,0
Небритые,-0,0
Keith Murray,-0,0
MsChickenSandwich,-0,0
Henry Mancini & His Orchestra,-0,0
Grizzly Bear,-0,0
Tw3Lv3,-0,0
Waiting For Network,-0,0
Tomba,-0,0
Chrosky,-0,0
Rafiq Bhatia,-0,0
Shashwat Sachdev,-0,0
DiGi Valentine,-0,0
Kay Cee,-0,0
Rare,-0,0
Distortions,-0,0
The Shoes,-0,0
Cloud 9,-0,0
RUON,-0,0
DJ Chidow and Myūjikku,-0,0
アツシオハラ,-0,0
sumijun,-0,0
TripleBlueShell,-0,0
Vinylgroover,-0,0
Litmus,-0,0
Rabbit in the Moon,-0,0
AyooLii,-0,0
Hade,-0,0
irucaice,-0,0
satis5d,-0,0
Lé,-0,0
Thee Tom Hardy,-0,0
Forte Escape,-0,0
Funktimizer,-0,0
toyod ine,-0,0
DJ Fac,-0,0
iascas,-0,0
SharaX,-0,0
DJ Infiniti,-0,0
raspmary,-0,0
aDeAD,-0,0
Nightcore Vaporwave,-0,0
Mouse on tha Track,-0,0
Amazon II,-0,0
DJ Butcher,-0,0
HeaT Flare,-0,0
vincent 20angels,-0,0
Hard Lights,-0,0
CaӤdy🍬Syлc,-0,0
DJ Aristocat,-0,0
Cyrax,-0,0
James Davies,-0,0
SLLID,-0,0
LSDXOXO,-0,0
Big Shug,-0,0
Anenon,-0,0
Bustafunk,-0,0
Slut Burger,-0,0
Flëur,-0,0
DJ Luck & MC Neat,-0,0
Haywyre,-0,0
Kool A.D.,-0,0
Kiko,-0,0
Vaenus,-0,0
Stuntmasterz,-0,0
Anna Morgan,-0,0
CLXCKWXRK,-0,0
JOYRYDE,-0,0
¥ØU$UK€ ¥UK1MAT$U,-0,0
Princess Nyah,-0,0
DJSadEyez,-0,0
The Darkman,-0,0
Norbi,-0,0
Panzah Zandahz,-0,0
Marc et Claude,-0,0
Alex Farolfi,-0,0
BTK,-0,0
FrozenFire,-0,0
Motormark,-0,0
Ejeca,-0,0
Smoky,-0,0
Taylor Bennett,-0,0
榊田智之,-0,0
glance,-0,0
Oldeaf,-0,0
Tspeiro,-0,0
Edward J,-0,0
Ludibrolo,-0,0
FLY,-0,0
Amboss,-0,0
Sports,-0,0
Bergheim 34,-0,0
hiræth,-0,0
Funky Belek,-0,0
Descendants of Erdrick,-0,0
Santiago Rael,-0,0
lesserjoke,-0,0
Joe Hawley,-0,0
Quarashi,-0,0
Ca7riel,-0,0
H-Foundation,-0,0
Funkdoobiest,-0,0
Huk Don Phun,-0,0
Tony Yazbeck,-0,0
Insulino Dependiente,-0,0
CT-01,-0,0
Luciano,-0,0
Heimanu,-0,0
Woesum,-0,0
DAJI,-0,0
Vanic,-0,0
BK,-0,0
Takh,-0,0
Liam Walsh,-0,0
GNG,-0,0
DVNEK,-0,0
UNKLE Sounds,-0,0
umellu,-0,0
Ironing,-0,0
ElevenWAV,-0,0
Bryan Rudge,-0,0
Lorentz & Sakarias,-0,0
Mik,-0,0
"Letni, chamski podryw",-0,0
ΔXIUS LIИK,-0,0
Oblyvaeon,-0,0
OAKK,-0,0
Jack Gibson,-0,0
PhucY∞u,-0,0
DJ Supreme,-0,0
A$AP Nast,-0,0
ろぼくろ,-0,0
Babalos,-0,0
Jacknife Lee,-0,0
くるぶっこちゃん,-0,0
I’ve,-0,0
Unnatural Selection,-0,0
Hexadigital,-0,0
Stephen O’Malley,-0,0
Special Request,-0,0
watering,-0,0
STV SLV,-0,0
InkPony,-0,0
irit*,-0,0
Jay-R,-0,0
DECOYTRIO,-0,0
snny,-0,0
IN-KYA in Canada,-0,0
Sean&Bobo,-0,0
ZEEBRA,-0,0
Sunset Strippers,-0,0
Flatlinerz,-0,0
Prof. m. Stereo,-0,0
Rawtekk,-0,0
野本かりあ,-0,0
EricWithTheGlockInHisSock,-0,0
Phunk Junkeez,-0,0
Rappin’ 4‐Tay,-0,0
micro-hacker,-0,0
ほたる,-0,0
DiscoSid,-0,0
Soda Stereo,-0,0
Xatar,-0,0
Helios the vaporwave elf,-0,0
King Ojem,-0,0
マチゲリータ,-0,0
Above the Law,-0,0
It's Dynamite,-0,0
unda-grnd,-0,0
Reality Jonez,-0,0
めろくる,-0,0
UNDERTALE: Epic Mode,-0,0
MIDI Lidi,-0,0
Dogma 3000,-0,0
宇都圭輝,-0,0
Nitroglitch,-0,0
dssctveself,-0,0
L∆VINCi,-0,0
Jersey,-0,0
Roxy Radclyffe,-0,0
Ancora,-0,0
The Prophet,-0,0
Lasse Marhaug,-0,0
Tanikugu,-0,0
Goodkush,-0,0
Craig Rutenberg,-0,0
KatazTrophee,-0,0
Teo Mandrelli,-0,0
Zef Parisoto,-0,0
ceelka,-0,0
Tesher,-0,0
GuyThatDoesMusic,-0,0
Golden Astrobe,-0,0
Suzanne Dando,-0,0
BASSDOG,-0,0
Galactik Knights,-0,0
Octavia,-0,0
Sergent Garcia,-0,0
Artifacts,-0,0
MusiCamera,-0,0
Guilt Chip,-0,0
Monifah,-0,0
松澤友和,-0,0
NeedsMoreDjent,-0,0
松田聖子,-0,0
Shimon & Andy C,-0,0
William Singe,-0,0
Fabetsol,-0,0
Cedar,-0,0
西邑在処,-0,0
Repercussions,-0,0
Cj Borika,-0,0
2 Brothers on the 4th Floor,-0,0
fuckcore,-0,0
Omen,-0,0
Abel,-0,0
Innominate,-0,0
Native Rapper,-0,0
DRRTYWULVZ,-0,0
dark cat,-0,0
Charli Baltimore,-0,0
Hot Coffee,-0,0
Altrice,-0,0
oxadelagnia,-0,0
Bynar,-0,0
David Hopper,-0,0
Indo Tribe,-0,0
Tufos Mashups,-0,0
ARuFa,-0,0
6e,-0,0
DJ Scenius,-0,0
Grambam36,-0,0
SuperVision,-0,0
Naomi Segal,-0,0
Brancaccio & Aisher,-0,0
Lafidki,-0,0
Teleputer,-0,0
LEE HI,-0,0
VTQ,-0,0
Lizard,-0,0
bryface,-0,0
Hard Rock Sofa,-0,0
Supastition,-0,0
Dubmatique,-0,0
Roland Kayn,-0,0
Fu,-0,0
Bolt,-0,0
Red Snapper,-0,0
Eko Fresh,-0,0
Goldie Lookin Chain,-0,0
Goldmaster,-0,0
lil figurative,-0,0
Record Club,-0,0
Deniz Koyu,-0,0
Flipboitamidles,-0,0
Buccaneer,-0,0
DJ Cam,-0,0
team9,-0,0
Moody Good,-0,0
Bushwick Bill,-0,0
Porno,-0,0
Paul Schwartz,-0,0
Ayano☆ＵＬＴＲＡ,-0,0
Kim Kihlström,-0,0
ミカヅキBIGWAVE,-0,0
Kase.O,-0,0
Sudden Def,-0,0
Russell Howard,-0,0
The Nick Show,-0,0
Glenn Underground,-0,0
Kiki,-0,0
Albert Cabrera,-0,0
Ken Ishii,-0,0
Russell Haswell,-0,0
Kap Slap,-0,0
megamanlego,-0,0
zep,-0,0
Miss Frenchie,-0,0
RudBag,-0,0
DJ Pacifier,-0,0
szjdfgs,-0,0
PawllyDee,-0,0
MiYAMO,-0,0
XYClanKILLER2,-0,0
Little Axe,-0,0
The 411,-0,0
DJ Koze,-0,0
Falamansa,-0,0
Exposure,-0,0
E-Dancer,-0,0
YSIWTOO,-0,0
いえぬ,-0,0
COEO,-0,0
Finnebassen,-0,0
Asterisk,-0,0
Young Pulse,-0,0
Bizarre,-0,0
The Paragons,-0,0
Freezin,-0,0
Lo Fidelity Allstars,-0,0
Louie Lastic,-0,0
ZJ Wolf,-0,0
(həd) p.e.,-0,0
Mr. SOS,-0,0
Another Level,-0,0
DJ DVD RIP,-0,0
szri,-0,0
Alison Wonderland,-0,0
Treasure MammaL,-0,0
Kuma Kid,-0,0
Classified,-0,0
Thorpey,-0,0
owl starlight,-0,0
heavyconfetti,-0,0
Krizis,-0,0
~AcquiredTaste,-0,0
Haunted Shores,-0,0
White Noise Mashups,-0,0
µThunder,-0,0
じーえふ,-0,0
Bryan Gee,-0,0
Calaveritas,-0,0
자우림,-0,0
Star Man,-0,0
Sonny Black,-0,0
GC MASHIE,-0,0
立椅子かんな,-0,0
Christian Michaels,-0,0
QRV,-0,0
DJ 一戸建,-0,0
Dom & Roland,-0,0
Iperyt,-0,0
Djar One,-0,0
Lindsheaven Virtual Plaza,-0,0
without.directive,-0,0
t e l e p a t h テレパシー能力者,-0,0
Chee,-0,0
Sleaford Mods,-0,0
DJ Riko,-0,0
Deela,-0,0
Trogdorbad,-0,0
The Monitors,-0,0
mrsimon,-0,0
Thread,-0,0
Sealion Dion vs. Cigar Ros,-0,0
Country Parish Music,-0,0
Eiksho,-0,0
Craig Bratley,-0,0
Mans & Romstick,-0,0
Undercover Anarchist,-0,0
Jason M. Yu,-0,0
Иzюм,-0,0
Alessandro Taccini,-0,0
ScHoolboy Q,-0,0
C4FF31N3,-0,0
DOG NOISE,-0,0
Sunday PM,-0,0
2 Xperience,-0,0
Jedi,-0,0
Aggro1,-0,0
Johnny Mac,-0,0
Lil Mediafire,-0,0
El Chojin,-0,0
Porn Kings,-0,0
み〜こ,-0,0
Spacemonkeyz,-0,0
DJ Nix’on,-0,0
Ron Browz,-0,0
Luciano Crime Family,-0,0
Eva Twin,-0,0
lunaht_,-0,0
Stev Dive,-0,0
Memo Rios,-0,0
Ahmaykmewsik,-0,0
Rittz,-0,0
Iz & Diz,-0,0
PNC,-0,0
Daniel Bortz,-0,0
4Dboy,-0,0
Re-Drum,-0,0
T. Ark,-0,0
Viktor Vaughn,-0,0
All Saints,-0,0
[Oppy],-0,0
Sylvver,-0,0
Initial Talk,-0,0
Hazelstorm,-0,0
Cherax Destructor,-0,0
MisdaFurious,-0,0
Celina Müllner,-0,0
Greg Davies,-0,0
Flippa Mafia,-0,0
Larry June,-0,0
MashMike,-0,0
Umbresp,-0,0
Against All Logic,-0,0
Blizzard Brothers Inc.,-0,0
Agatka Iskra,-0,0
Thorinair,-0,0
ZSunder,-0,0
tracey brakes,-0,0
Hive,-0,0
Stephan F,-0,0
Robin Hannibal,-0,0
The Maghreban,-0,0
黒鳥,-0,0
Max Tannone,-0,0
appy,-0,0
NBGMusic,-0,0
9freak9,-0,0
2AT,-0,0
dorencore,-0,0
Darkchrist,-0,0
Michel Teló,-0,0
Mindelixir,-0,0
karat,-0,0
LaFee,-0,0
MadMan,-0,0
JerryTerry,-0,0
Fabe,-0,0
omgrino,-0,0
-... .. --. ..-. .- --.,-0,0
DitzyRhythm,-0,0
Lil Debbie,-0,0
Hermes House Band,-0,0
Håkan Lidbo,-0,0
KuroKun,-0,0
Koxie,-0,0
F.E.V.E.R.,-0,0
Guzmaphobia,-0,0
J‐Live,-0,0
Dream,-0,0
柏木るざりん,-0,0
Miikka Kari,-0,0
Bentz,-0,0
John Lord Fonda,-0,0
DOUBLE,-0,0
Fidelfatti,-0,0
Walt & Feliz,-0,0
Too Phat,-0,0
Cat333Pokemon,-0,0
Super_Collider,-0,0
Kevin McKay,-0,0
drwual,-0,0
Pukesquid,-0,0
陳奕迅,-0,0
Nugatory,-0,0
CamelPhat,-0,0
Biddy Fox,-0,0
Milk Steak,-0,0
Waving the Guns,-0,0
DJ br0dy,-0,0
Deadly Guns,-0,0
DJ BAHLER,-0,0
Straight No Chaser,-0,0
Isaiah Rashad,-0,0
Drumatix,-0,0
PikoHammerJim,-0,0
miwafoxl,-0,0
Ricco Harver,-0,0
ミナグ,-0,0
Momo's Keys,-0,0
Ccmk,-0,0
chrispop,-0,0
Act of Dog,-0,0
Hamsly,-0,0
Fighter X,-0,0
Yung Gravy,-0,0
Justify Mashups,-0,0
Fireboy DML,-0,0
Chinese Man,-0,0
phem,-0,0
Mooner,-0,0
The Upbeats,-0,0
Skanna,-0,0
Kathis Wolkenraver,-0,0
Calum Slingerland,-0,0
Dave Pearce,-0,0
Вася Пряников,-0,0
Toadface,-0,0
Playing for Change,-0,0
Peter Kuli,-0,0
Ricky Tinez,-0,0
Gravité Zéro,-0,0
Eneff12,-0,0
Lil Tonya,-0,0
Alice.,-0,0
Mahiane,-0,0
BackHaze,-0,0
Rabbit Junk,-0,0
Cropstar,-0,0
D.J. Chuck Chillout & Kool Chip,-0,0
Tandy Ogmo,-0,0
JayB,-0,0
Andrés,-0,0
Vanguard,-0,0
Chuckie Nugget,-0,0
Caramella Girls,-0,0
Screwball,-0,0
Jaguar Rays,-0,0
Ed Starink,-0,0
Bobby Jimmy and the Critters,-0,0
CrystalForce,-0,0
Sean Finn,-0,0
Nyanakaru,-0,0
Fabulous Baker Boys,-0,0
iMAJ,-0,0
Tour‐Maubourg,-0,0
Inverse Phase,-0,0
安達昌宣,-0,0
Rachel K Collier,-0,0
Wedge of Cheese,-0,0
Paris Hilton,-0,0
Rookie!,-0,0
Scr33Ch1ng C07d5,-0,0
A.way,-0,0
Cherish,-0,0
Cassidy,-0,0
Sonny Shimoda,-0,0
無力P,-0,0
Mr. Hoosteen,-0,0
mmph,-0,0
nyanyannya,-0,0
DJ AP,-0,0
Echo,-0,0
Sol Brothers,-0,0
Ro James,-0,0
The Benjamin Gate,-0,0
Zach Syrylo,-0,0
Friends Without Faces,-0,0
Anotha Level,-0,0
ZPU,-0,0
Coalescence,-0,0
45 Roller,-0,0
工藤夕貴,-0,0
Sean NH,-0,0
James Fraser,-0,0
FoxWithGuns,-0,0
DJ Erb,-0,0
Kindred the Family Soul,-0,0
トラボルタ,-0,0
Tone Broke,-0,0
Pat Chilla The Beat Gorilla,-0,0
The Northern Boys,-0,0
Brayden Potts,-0,0
Cappuccino,-0,0
Kate,-0,0
JCMLOTR,-0,0
Kawashin,-0,0
Progress,-0,0
Cuban Boys,-0,0
KillaGraham,-0,0
Corcovado Frequency,-0,0
CasioNova,-0,0
Chris Webby,-0,0
Thee Jamie Starr Scenario,-0,0
Little Brother,-0,0
Peer Kusiv,-0,0
Dr. Drycer,-0,0
SLIMKID3,-0,0
G.O.D.,-0,0
Tony Cirone,-0,0
Norwegian Recycling,-0,0
ピヨ団,-0,0
犬吠埼紫杏,-0,0
Toxic Two,-0,0
Silicone Soul,-0,0
David Toop,-0,0
A Boogie Wit da Hoodie,-0,0
G. Twilight,-0,0
Daniel Swain,-0,0
Daniel Kendall,-0,0
Vampyx,-0,0
Agent-X,-0,0
Grill Z,-0,0
Raoul Juke,-0,0
Sajo1111111,-0,0
Isosine,-0,0
Playaz,-0,0
loopcoda,-0,0
Dinah Washington,-0,0
niu arx,-0,0
Philip Oakey,-0,0
Sonic Boom,-0,0
Nowhere Men,-0,0
Malakai Beats,-0,0
hyquo,-0,0
VanilluxePavilion,-0,0
Sup the Chemist,-0,0
Joseph Shirley,-0,0
Mistah F.A.B.,-0,0
PaulGMashups,-0,0
St. Teresa's Secondary School,-0,0
Dexplicit,-0,0
Sarahsson,-0,0
DDRKirby(ISQ),-0,0
Block & Crown,-0,0
DJ John,-0,0
nitro,-0,0
Mac Zimms,-0,0
RNG,-0,0
TheHeroOfMobius,-0,0
Dyland & Lenny,-0,0
Daniel Saylor,-0,0
Bassnectar,-0,0
Sons of Aliens,-0,0
whizzer0,-0,0
Former Hero,-0,0
afro,-0,0
DJ Soviet Russia Pony,-0,0
Groove Cats,-0,0
鼓膜シュレッダー,-0,0
The Quiett,-0,0
R O C K Y,-0,0
Phèdre,-0,0
Jamelia,-0,0
"Willie Moore, Jr.",-0,0
kiwipz,-0,0
Andy Buchan,-0,0
Famicom Fountains,-0,0
Sanditio,-0,0
DJ Mink,-0,0
Big Dipper,-0,0
Josh Levi,-0,0
Winterberry,-0,0
Hendersin,-0,0
King Lil G,-0,0
fetchrover,-0,0
Future Funk Monthly,-0,0
LoreRD,-0,0
SWIRF,-0,0
Spenca,-0,0
APOLLO,-0,0
Qrion,-0,0
Presidente,-0,0
TJ Lien,-0,0
PAWLIE POIZN,-0,0
Jurassic Harp,-0,0
Arrival Project,-0,0
コバルト爆弾αΩ,-0,0
La Honda Militia,-0,0
Garry Gee,-0,0
Da Backwudz,-0,0
Marlon Caro,-0,0
ちより☆,-0,0
Krusha,-0,0
Heather B.,-0,0
Alexander Popov,-0,0
Turbobrain,-0,0
R.ef,-0,0
Grup Ses,-0,0
MSMV,-0,0
Eluvium,-0,0
Hardknox,-0,0
PAV4N,-0,0
Emdasche,-0,0
wac,-0,0
69,-0,0
Mamono,-0,0
Enjoy Tribe Monster,-0,0
石野卓球,-0,0
The Deacon,-0,0
peeinmysock,-0,0
SLAKE,-0,0
GVA,-0,0
Ken Spencer,-0,0
Arca,-0,0
Faith Marie,-0,0
DeeM,-0,0
Shunks,-0,0
Mutherpluckin’ B,-0,0
Ash Taylor,-0,0
Ben Böhmer,-0,0
blaccmass,-0,0
Wisp,-0,0
Chonny Jash,-0,0
Murcof,-0,0
Govinda,-0,0
Gail Blanco,-0,0
Dickie Goodman,-0,0
Torchkas,-0,0
Big Time Charlie,-0,0
nek*N-PRJ,-0,0
Yves Tumor,-0,0
Groovy Godzilla,-0,0
和路なつみ,-0,0
Kwezydoctor,-0,0
すてらべえ,-0,0
sdhizumi,-0,0
Sfork,-0,0
puupuu,-0,0
Flavor Flav,-0,0
Toris Badic,-0,0
Will Young,-0,0
Himbiote,-0,0
Acen,-0,0
Chjolo,-0,0
EnglishNarwhal,-0,0
Mystik,-0,0
Banger,-0,0
Lazerbeat,-0,0
Toby Emerson,-0,0
Pianoman,-0,0
Lushlife,-0,0
Leon Bolier,-0,0
mirai,-0,0
Trixie Mattel,-0,0
Antimatter,-0,0
Pro>Tech,-0,0
Chris Avantgarde,-0,0
Schwester S.,-0,0
bank pain,-0,0
Architecture in Tokyo,-0,0
Ugly Duckling,-0,0
AsaphDaKing,-0,0
MC Boing,-0,0
Iron Curtain,-0,0
Biter MC,-0,0
DAYOx2,-0,0
Los Devil Dudes,-0,0
dazegxd,-0,0
TB2K,-0,0
Duosseudo,-0,0
Stephan Remmler,-0,0
kagi's toilet,-0,0
4thImpulse,-0,0
Gaullin,-0,0
SkylarDB,-0,0
Thomas Prime,-0,0
Alex Giudici,-0,0
ヤスオ,-0,0
Xray,-0,0
DJ Romain,-0,0
Favorite,-0,0
Majestic 12,-0,0
Macklemore,-0,0
KCB,-0,0
Blargg,-0,0
Carlos Mena,-0,0
Oliver Hart,-0,0
Wesley Safadão,-0,0
Mixrace,-0,0
RIOT,-0,0
Louis Tomlinson,-0,0
Sahy Uhns,-0,0
Acción Sánchez,-0,0
Gridlok,-0,0
Athom,-0,0
Crisis Loan,-0,0
Alan Menken,-0,0
morgrip,-0,0
Sbeast,-0,0
TANUKI,-0,0
cast heal,-0,0
Braces Tower,-0,0
DJ Dain,-0,0
Dlake,-0,0
Ian Wilkie,-0,0
OdiakeS,-0,0
defyer,-0,0
Orchester der Deutschen Oper Berlin,-0,0
HIV+,-0,0
Niko+,-0,0
The Fog,-0,0
Square Tune Magician,-0,0
Paul Jacobs,-0,0
Tsuruda,-0,0
Drive45,-0,0
Mahoney,-0,0
前馬宏充,-0,0
Global Goon,-0,0
Mickey Oliver,-0,0
OnBP,-0,0
Stakka Bo,-0,0
Common Sense,-0,0
Top Authority,-0,0
Etika,-0,0
deardieari,-0,0
Cormega,-0,0
矢崎早彩,-0,0
wakana,-0,0
KC Flightt,-0,0
Curtis Alto,-0,0
CL,-0,0
わた篠,-0,0
Nigel Stanford,-0,0
Kazik Staszewski,-0,0
Green Ice,-0,0
DJ Sa9,-0,0
Littletsu,-0,0
Crossover,-0,0
Superorganism,-0,0
Paul Dakeyne,-0,0
gyuris,-0,0
B.U.S,-0,0
Late Nite Tuff Guy,-0,0
Soul for Real,-0,0
Freeform Five,-0,0
BMDoubbleBass,-0,0
Criminal Vibes,-0,0
Phaux,-0,0
Keisha Jackson,-0,0
Such,-0,0
Drum Island,-0,0
Damon Dash,-0,0
Listie,-0,0
Lucky Luke,-0,0
Mush,-0,0
Unikorn,-0,0
Augustin Hurez,-0,0
racc,-0,0
PMP,-0,0
Vacations,-0,0
Kenny Meriedeth,-0,0
Doofcake,-0,0
Thelonious Monk Big Band,-0,0
Mister Softy,-0,0
McMaNGOS,-0,0
larsht_,-0,0
Sunryze,-0,0
Caleb Hyles,-0,0
Anoiysz,-0,0
Reks,-0,0
Peter Lloyd,-0,0
Wrashi,-0,0
Escape Route,-0,0
Lzie,-0,0
Olive Fredricks,-0,0
Miles Davis + 19,-0,0
Thee U.P.,-0,0
DJ Erndogg,-0,0
EveryDayDashie,-0,0
Ill,-0,0
Designer Music,-0,0
Martin Pieters,-0,0
小塚良太,-0,0
okadada,-0,0
That Tojo,-0,0
Cooper Barnes,-0,0
nekutsu,-0,0
1200 Micrograms,-0,0
Phife Dawg,-0,0
Duffinimo,-0,0
This Way Up,-0,0
Kinder Malo,-0,0
SAYGRACE,-0,0
Veridis Project,-0,0
Maxim,-0,0
au miel,-0,0
Joseph Terruel,-0,0
Blind Summer,-0,0
A1,-0,0
Dr. John and The Nite Trippers,-0,0
Akfamilyhome,-0,0
Geier Sturzflug,-0,0
DJ Bromide,-0,0
Fusion,-0,0
Dummy Run,-0,0
Christophe Ratier,-0,0
OPM,-0,0
Bolide,-0,0
Timeflies,-0,0
Mochipet,-0,0
Block McCloud,-0,0
DJ.TKC,-0,0
Vincent Remember,-0,0
Outlaw Posse,-0,0
Harlem World,-0,0
Meitz,-0,0
浅倉大介,-0,0
DJ Giac,-0,0
Size 9,-0,0
B4SSfreq,-0,0
Shashwati Phukan,-0,0
TOMOSUKE,-0,0
Reyrzy,-0,0
bomberzx (PACHI87),-0,0
Spirit,-0,0
DJ Rasoul,-0,0
LW Mashups,-0,0
gvrlstink,-0,0
Saka,-0,0
Stakka & K.Tee,-0,0
MONOLITH,-0,0
梨本うい,-0,0
DubVision,-0,0
Jo Paciello,-0,0
Friendship Baptist Church Mass Choir,-0,0
Battlemuffins,-0,0
Every Little Thing,-0,0
DJ Cable,-0,0
민지운,-0,0
Teairra Marí,-0,0
CyanBlue,-0,0
suzukiiiiiiiiii,-0,0
The Juan MacLean,-0,0
Carré Rouge,-0,0
Brooke Valentine,-0,0
Revelries,-0,0
John Thomas,-0,0
David Guthrie Music,-0,0
Rush Garcia,-0,0
DJ Dano,-0,0
Monstercat,-0,0
PRINCESS MOLASSES,-0,0
Weiland,-0,0
Das Glow,-0,0
McGruff,-0,0
Fidelium,-0,0
Nicolas Jaar,-0,0
DJ Noodles,-0,0
The Subdudes,-0,0
Zefiroxable,-0,0
Neha Kakkar,-0,0
Klaus & Klaus,-0,0
Leila K,-0,0
Basto,-0,0
Rollergirl,-0,0
Fanny Fink,-0,0
Neil Norman,-0,0
Yonas,-0,0
Terry Riley,-0,0
tapiocattundra,-0,0
Snivys,-0,0
OG Bachata,-0,0
DJ Depath,-0,0
Justus,-0,0
Tech Nine,-0,0
girldick,-0,0
Monali Thakur,-0,0
Тито,-0,0
Urin-8,-0,0
Liquid,-0,0
しのりゅー,-0,0
QURELESS,-0,0
Rillen Rudi,-0,0
Fvrwvrd,-0,0
D.ST,-0,0
JAMONMEAT,-0,0
Mic The Snare,-0,0
Blazin’ Squad,-0,0
SAK.,-0,0
Ivan Mastermix,-0,0
Social Club Misfits,-0,0
All Tvvins,-0,0
Thes One,-0,0
DJ Reset,-0,0
Frenchbloke & Son,-0,0
Michael Marshall,-0,0
Kevin Lester,-0,0
John Clarence Stewart,-0,0
Nylon,-0,0
Marc Hackenberg,-0,0
DJ Master Kohta,-0,0
Chocomang,-0,0
xiiiac13,-0,0
coltrane,-0,0
Cynthoni,-0,0
Extrenor,-0,0
TAG,-0,0
Pipe Bueno,-0,0
Kamal Khan,-0,0
The L‐Train,-0,0
Cezary Ostrowski,-0,0
Coco Jones,-0,0
nevermade,-0,0
fict.ion,-0,0
cvrsed,-0,0
Rixile,-0,0
Drunken Masters,-0,0
CloZee,-0,0
ꜱᴄɪ ꜰɪ ꜱᴄʜᴇᴍᴇ,-0,0
Prong,-0,0
Hi_Tack,-0,0
Jamie Bull,-0,0
Andrew Weatherall,-0,0
otherlink,-0,0
Buddy Peace,-0,0
KIRK,-0,0
5*LEAF,-0,0
CRT Soundsystem,-0,0
DonnieTheGuy,-0,0
Buzzy Bus,-0,0
Hollertronix,-0,0
The Fabulous Beatmashers,-0,0
fluttershy will never die,-0,0
Acid=Stone Valley,-0,0
DOMINO,-0,0
Andrew Rothman,-0,0
Fracture,-0,0
DJ Cummerbund,-0,0
Dwells,-0,0
Sech,-0,0
Pantsmode,-0,0
Bernhard Günter,-0,0
Chiddy Bang,-0,0
DJ Geoffro,-0,0
Bexxie,-0,0
Foxsky,-0,0
Freeloaders,-0,0
Man Machine,-0,0
Akala,-0,0
XXYYXX,-0,0
Break,-0,0
The Get Down Brothers,-0,0
Shareefa,-0,0
Spin 4th,-0,0
Pnk & Blu,-0,0
Goldlust,-0,0
A Tasteless Flying Insect,-0,0
DJ J-Brew,-0,0
DJ Paul V.,-0,0
Blue Lab Beats,-0,0
DJ Peaking,-0,0
ICE BAHN,-0,0
The P.J. Project,-0,0
Gazebo,-0,0
Katdrop,-0,0
Bradley D. Hinkle,-0,0
Shapednoise,-0,0
Sir Warts on my Cock III,-0,0
Nutta Butta,-0,0
Skydreams,-0,0
Japanese “RPG” McSwordguy,-0,0
sampling masters AYA,-0,0
Fresh B.,-0,0
Asura,-0,0
kyokuP,-0,0
"DJ Freddy, King of Pants",-0,0
ERWIN,-0,0
Poetic Ammo,-0,0
Junk Circuit,-0,0
CORE ZONE,-0,0
TCLB,-0,0
The LASTTRAK,-0,0
Spikey Wikey,-0,0
Sanfear,-0,0
M.M.C.,-0,0
DJmegan23,-0,0
Ben Briggs,-0,0
LANIc0re,-0,0
Johnny Go Mental,-0,0
D’Menace,-0,0
Gusto,-0,0
Nemozob,-0,0
Stan Bush,-0,0
Sickless,-0,0
Sandy Denny,-0,0
Kill The Zo,-0,0
MarkieV101,-0,0
Psy Floyd,-0,0
E-Rick & Tactic,-0,0
Nekophiliac,-0,0
くっちー,-0,0
Lewis Scarole,-0,0
Articolo 31,-0,0
BOYFRIENDZ,-0,0
DJ 31 Degreez,-0,0
Kasumi,-0,0
minuteforce,-0,0
Lee and Herring,-0,0
Beats Atlas,-0,0
waven,-0,0
Cavan Brady,-0,0
Par-T-One,-0,0
HandBraJeans,-0,0
Shame 69,-0,0
舐達麻,-0,0
This American Life,-0,0
DatWhackProducer,-0,0
Sahram,-0,0
Toka Project,-0,0
GUSTAVOEGATOTV,-0,0
Alkalino,-0,0
Paradox,-0,0
いぬ,-0,0
DΛRTHxWΛVE,-0,0
Daybehavior,-0,0
BIT4,-0,0
o0o,-0,0
ASTRO☆PUP,-0,0
Raury,-0,0
Noizenecio,-0,0
yoxtellar,-0,0
Forgemasters,-0,0
Cryptidd Mashups,-0,0
小林未郁,-0,0
OSCOB,-0,0
HyperZyle,-0,0
Maskillah,-0,0
Sax,-0,0
J. Flexx,-0,0
Polarlicht,-0,0
Prime Time,-0,0
Peggy‐P,-0,0
Zondax,-0,0
Harpsibored,-0,0
Rchetype,-0,0
Abyss X,-0,0
M&S,-0,0
Knucks,-0,0
utopianradical,-0,0
Bacalao & Sonne,-0,0
Michelle Heafy,-0,0
Sabrina Setlur,-0,0
Kevin DuBrow,-0,0
Darryl Pandy,-0,0
Sorry about my face,-0,0
mark veins,-0,0
Leela James,-0,0
204,-0,0
mindvacy,-0,0
Ras,-0,0
Ebonii,-0,0
Suite Soprano,-0,0
Naska,-0,0
Star Industry,-0,0
Marta Sánchez,-0,0
Algorithm Dude,-0,0
Lacheque,-0,0
Jazzy,-0,0
黒鉄たま,-0,0
ALEXANDER DIOGENES,-0,0
Carlos Zíngaro,-0,0
Andy Clarke,-0,0
Christdriver,-0,0
Amoraboy,-0,0
Larry Williams and His Band,-0,0
HOTTOEBi,-0,0
Ranvision,-0,0
安井洋介,-0,0
qzqor,-0,0
Faul,-0,0
JayMoney,-0,0
Big Spider's Back,-0,0
Benjamin Drury,-0,0
M2M,-0,0
Delancey Throne,-0,0
Sylvia Greenberg,-0,0
mythic,-0,0
Spielmen and Women,-0,0
Luke Slater,-0,0
The Legion of Doom,-0,0
Judith Siirila,-0,0
wellow,-0,0
Baasik,-0,0
Power‐Pill,-0,0
DHL,-0,0
NeonCryptid,-0,0
AM_JACK,-0,0
Macy Gray,-0,0
Crooklyn Clan,-0,0
Miss K8,-0,0
Savas Pascalidis,-0,0
Bronko Yotte,-0,0
Shādz of Lingo,-0,0
Fiera,-0,0
RedScreen,-0,0
Doctor Ice,-0,0
Kobaryo,-0,0
Margaret Fingerhut,-0,0
RAVEDOG,-0,0
Бригада United,-0,0
Backwud Marc,-0,0
asukrai,-0,0
Rockwell,-0,0
UMI,-0,0
low quality anime profile pic,-0,0
Young Black Teenagers,-0,0
Simon Iddol,-0,0
Airborn,-0,0
King Dale,-0,0
Harris & Ford,-0,0
bye2,-0,0
0081,-0,0
REVERB LITE,-0,0
Pete Tong,-0,0
DJ Peter Perplexe,-0,0
Likko,-0,0
Lewis Lovebump,-0,0
Spit,-0,0
ツLuddy,-0,0
Cee-Roo,-0,0
SUYT,-0,0
DJ Russ Harris,-0,0
Makell Bird,-0,0
Flufftronix,-0,0
マヤ,-0,0
Strawberry 3000,-0,0
DJ SS,-0,0
Annoying,-0,0
Bling Bling,-0,0
Hoffman,-0,0
cosmochild,-0,0
Go Yama,-0,0
Mauricio Cury,-0,0
The Heartists,-0,0
Ivan B,-0,0
Vivian Green,-0,0
MMT,-0,0
Mandar,-0,0
GRV Music,-0,0
Starless Zenith,-0,0
BringMeTheMashup,-0,0
chris†††intosh plus,-0,0
Prolix,-0,0
Spiller,-0,0
Morgan Seatree,-0,0
Kyrality,-0,0
kkbutterfly27xx,-0,0
Tina Leon,-0,0
The Godfathers,-0,0
NiKU,-0,0
Cuebism,-0,0
Tadeo,-0,0
Matt Furniss,-0,0
DJ Lee,-0,0
チノ,-0,0
mondai1112,-0,0
The Captain,-0,0
R.E.A.L,-0,0
La Caution,-0,0
スズム,-0,0
iloveyoueze,-0,0
Yoshino Yoshikawa,-0,0
港白金女学院,-0,0
Element6,-0,0
Creutzfeld & Jakob,-0,0
NHKira,-0,0
sabi_c,-0,0
Osymyso,-0,0
Nukumachi,-0,0
Draslyer,-0,0
MACINTOSH MINUS,-0,0
Mind of a Dragon,-0,0
EpicCandySweets,-0,0
talkwalker,-0,0
Dropbass,-0,0
iii!!!,-0,0
Something J,-0,0
LibraH,-0,0
TrakkSounds,-0,0
NeLiME,-0,0
Soapy Skylines,-0,0
Elegia,-0,0
counterclockwise,-0,0
MHz,-0,0
Catherine Zeta‐Jones,-0,0
Chris Morris,-0,0
GPF,-0,0
Lizardking,-0,0
Joined at the Head,-0,0
Drop Die,-0,0
Kosu.,-0,0
Alibi,-0,0
D.R.I.,-0,0
Clean Tears,-0,0
Mouse and Level,-0,0
SixtyTunes,-0,0
E Jake,-0,0
BGD,-0,0
Unwucht,-0,0
Gibusnipu,-0,0
Hawkins,-0,0
Steve Everson,-0,0
Juc-E3,-0,0
Awkwerd,-0,0
Brimstone,-0,0
Pujadubz,-0,0
神宮前参道學園,-0,0
Intoxication Advice,-0,0
orale!,-0,0
Gouryella,-0,0
Chrisette Michele,-0,0
Tethrahhy,-0,0
Zebo,-0,0
2manydjs,-0,0
Hangin' From A Cloud,-0,0
D‐Block & S‐te‐Fan,-0,0
Gruff Rhys,-0,0
Buzz Trillington,-0,0
Nihad Tule,-0,0
John Oswald,-0,0
Iari,-0,0
Kapotte Muziek,-0,0
DJ Psy,-0,0
lynxfyre,-0,0
Jan Hinke,-0,0
JohNick,-0,0
ark_ui,-0,0
Tai Jason,-0,0
Eminus,-0,0
La Lupita,-0,0
gwEm,-0,0
The Evolution Control Committee,-0,0
Róisín Murphy,-0,0
HuxP,-0,0
DJ Slon,-0,0
Mark E,-0,0
Op:l Bastards,-0,0
Derrick Jamerson,-0,0
Casual,-0,0
Sarah Millican,-0,0
Vernal Equinox,-0,0
Tan-Ru,-0,0
Felipe Avelar,-0,0
House of Krazees,-0,0
King Midas Sound,-0,0
Garbage Dick,-0,0
Dream Warriors,-0,0
DJ Loli Hemorrhoids,-0,0
FutanariVorestep.exe,-0,0
Big Audio Dynamite,-0,0
ConsciousThoughts,-0,0
Mick Boogie,-0,0
Geoffrey Day,-0,0
Robokabuto,-0,0
Hari Mata Hari,-0,0
Klaus Badelt,-0,0
Trinity House Music,-0,0
burein-ita,-0,0
Monomer,-0,0
Peter Maffay,-0,0
The Benny Goodman Sextet,-0,0
KR$NA,-0,0
Alina Baraz,-0,0
Cookie Crew,-0,0
Tony Holiday,-0,0
Grayfruit,-0,0
Parasol,-0,0
NightcoreLounge,-0,0
northboii,-0,0
Corporal Blossom,-0,0
Danny Byrd,-0,0
Danielle Brooks,-0,0
Usual Suspects,-0,0
sevenism,-0,0
Nia Archives,-0,0
The Melker Project,-0,0
Alfa,-0,0
Field Mob,-0,0
r e z n o v k a 波 . 2049,-0,0
zetoban,-0,0
⌭ IceMorph ⌬,-0,0
Zugezogen Maskulin,-0,0
Jonny Rock,-0,0
Killa Productions,-0,0
Viper,-0,0
Mucho Muchacho,-0,0
Emdyion,-0,0
Klaus Veen,-0,0
saib.,-0,0
cold kiss,-0,0
dj newtown,-0,0
Sound Stream,-0,0
Damn Skippy,-0,0
BLÆRG,-0,0
Kilamanzego,-0,0
Doc Fritz,-0,0
DCT,-0,0
FC Kahuna,-0,0
Tim Legend,-0,0
石川智久,-0,0
Dub & Wheel,-0,0
Erb N Dub,-0,0
Bluey Robinson,-0,0
(un)familiar.,-0,0
Truth Hurts,-0,0
Kurtis Rush,-0,0
KRAL,-0,0
Neofall,-0,0
Y Lladron,-0,0
ゆるふわギャング,-0,0
Moustiluigi Random,-0,0
X-ystem,-0,0
Solaris,-0,0
内田有紀,-0,0
DJ Slow,-0,0
E.V.,-0,0
Leslie Carter,-0,0
tommy,-0,0
Abhijit Vaghani,-0,0
Modo,-0,0
Wade Waters,-0,0
A-bee,-0,0
Astrojo,-0,0
Brawlcats,-0,0
Dmytro Hubyak,-0,0
MIKE,-0,0
declares.,-0,0
Flaky,-0,0
The Bazeman,-0,0
StoneBridge,-0,0
Anomalie,-0,0
Robot Koch,-0,0
DJ Deeon,-0,0
FOR THE CVLTVRE,-0,0
WEST Mashups,-0,0
dyalla,-0,0
DaunWaun,-0,0
Johi,-0,0
Khaled Freak,-0,0
mashiro exists,-0,0
Les Ogres de Barback,-0,0
Waldo,-0,0
The Gerogerigegege,-0,0
Various Production,-0,0
MA55IVE THE RAMPAGE,-0,0
ivy,-0,0
Christophe Jourdan,-0,0
Club Dogo,-0,0
Vetrom,-0,0
Izum1,-0,0
The 4th,-0,0
しもがみ,-0,0
TOKYOPILL,-0,0
eg_9371,-0,0
D-Shake,-0,0
The International Bankers,-0,0
KubuntuFan013,-0,0
the sub account,-0,0
Santos Party House,-0,0
Lil' Vicious,-0,0
HTCAT,-0,0
Francisco López,-0,0
Lewis Wake,-0,0
Netyasha Roozi,-0,0
Mounika.,-0,0
かんな,-0,0
Kina Grannis,-0,0
Sadist,-0,0
sleeper.spaceborn,-0,0
Dynamic Duo,-0,0
Relient K,-0,0
Ten-ichi,-0,0
Miles Farewell,-0,0
BRONSON,-0,0
DJ Icey,-0,0
Staple God,-0,0
jsn,-0,0
SILPH SKYLINE,-0,0
Al Kent,-0,0
Fantasia,-0,0
Eric Benét,-0,0
桃宮いちご,-0,0
Brian Bright,-0,0
xaviersobased,-0,0
Elliot Next,-0,0
Black Strobe,-0,0
nelde,-0,0
Gaz Glasses,-0,0
神崎蘭子,-0,0
Saigon,-0,0
Blended Babies,-0,0
Reach & Spin,-0,0
Elvis Costello & The Imposters,-0,0
YASUHIRO,-0,0
RBX,-0,0
Kaysha,-0,0
ARM,-0,0
WD2N,-0,0
Chris Voiceman,-0,0
Toddla T,-0,0
sanathathoe,-0,0
めらみぽっぷ,-0,0
Octobre Rouge,-0,0
EVILLAIRE,-0,0
Die Firma,-0,0
FVLCRVM,-0,0
Zed Peace,-0,0
duuzu,-0,0
Erbman,-0,0
Bombalurina,-0,0
Rosso Barocco,-0,0
davhors!,-0,0
Marito Baracus,-0,0
Klásico,-0,0
Warvadal,-0,0
small mistake,-0,0
Cooling Prongs,-0,0
Geeneus,-0,0
Steve Murano,-0,0
Truongasm,-0,0
VITICZ,-0,0
Gunz for Hire,-0,0
yaseta,-0,0
w0lf,-0,0
Flay!,-0,0
Snild Dolkow,-0,0
Alemán,-0,0
Freiband,-0,0
MaedaSalt,-0,0
Detroit Soul Project,-0,0
Pomai,-0,0
La Fève,-0,0
Bombay Vikings,-0,0
Abigail Brady,-0,0
Lisa Kucharski,-0,0
Kill_mR_DJ,-0,0
Hexacube,-0,0
Indian Ropeman,-0,0
Super Furry Animals,-0,0
Controller 7,-0,0
Section Fu,-0,0
中山ケイ,-0,0
The Marking Dude,-0,0
Damon Wild,-0,0
AJCW,-0,0
LCY,-0,0
Syke,-0,0
Husky Rescue,-0,0
Odyssey,-0,0
Tamar Braxton,-0,0
Fetlocked,-0,0
Omnirock,-0,0
Thomas Jack,-0,0
Nebula II,-0,0
Jupiter Ace,-0,0
Rick Mashups,-0,0
HYPERTEXT,-0,0
Ocean Ghosts,-0,0
Waze & Odyssey,-0,0
Gorge,-0,0
ウラボロシ,-0,0
Sha Hef,-0,0
The Collective,-0,0
rtnario,-0,0
Janaway,-0,0
K‐Flex,-0,0
Disfunctional DJ,-0,0
Сектор Газа,-0,0
Joel Corry,-0,0
Paula Robison,-0,0
Paris & Healey,-0,0
Jonwayne,-0,0
M.I.C (The Master of Inane Conversation),-0,0
Minty Fresh Beats,-0,0
Bee Kirby,-0,0
duncathan,-0,0
AKKI,-0,0
Namoy Budaya,-0,0
ikaruga_nex,-0,0
SQUARE ENIX MUSIC,-0,0
Mellow Trax,-0,0
Amongst Thieves,-0,0
christheidiot,-0,0
伊東真紀,-0,0
Trüby Trio,-0,0
Адреналин,-0,0
Blade,-0,0
Nalin Inc.,-0,0
Andrew Wilson,-0,0
Deadушки,-0,0
Ground Control,-0,0
ZONΞ ΞATΞR,-0,0
kudasaibeats,-0,0
Rollin B.,-0,0
DJ P,-0,0
Endvorte,-0,0
DJSUSIEDELTARUNE,-0,0
GUIDO,-0,0
EssenceGlory,-0,0
Foxxy Dekay,-0,0
MC Zappa,-0,0
Ambient Nudism,-0,0
Ammo,-0,0
Esselfortium,-0,0
The Cut Up Boys,-0,0
Stem,-0,0
The Narcissists,-0,0
Pinkie Cake,-0,0
Dyan Dxddy,-0,0
Virtual DJ,-0,0
Nyarla,-0,0
celesti whispers,-0,0
Captain Yossarian,-0,0
Elijah & Skilliam,-0,0
ricesnot,-0,0
DEMON POWER HOUSE,-0,0
Instamatic,-0,0
Yann Walcker,-0,0
Cole Medina,-0,0
module 6,-0,0
Hervé,-0,0
Sector 7,-0,0
Rite Bros,-0,0
FOTH,-0,0
Agostino Di Scipio,-0,0
DJ Ozz,-0,0
The Cynphetic Collective,-0,0
Hinchy,-0,0
张靓颖,-0,0
アベ,-0,0
James Holden,-0,0
Magnitude Zero,-0,0
annieversary,-0,0
Break of Reality,-0,0
Madinstance,-0,0
Takanashi Sachiko,-0,0
Blaq Poet,-0,0
Piñata,-0,0
Ryleo Goldridge,-0,0
Idris Elba,-0,0
BAVR,-0,0
bxnwxghxrn,-0,0
Air France,-0,0
ShikaP,-0,0
Bad Brilliance,-0,0
Milkfish,-0,0
GUHROOVY,-0,0
Funky Junky,-0,0
Kevin Sweeney,-0,0
Nora Zion,-0,0
Gabriel o Pensador,-0,0
DJ Frankus,-0,0
Xontron,-0,0
Rollz,-0,0
DJ Topcat,-0,0
Jon Hassell and Bluescreen,-0,0
Kasino,-0,0
GASPARsoul,-0,0
A‐Love,-0,0
Kerri Chandler,-0,0
Pupscud,-0,0
The Interrogator,-0,0
[dunkelbunt],-0,0
Beanfield,-0,0
iWillBattle,-0,0
Sigi di Collini,-0,0
Havana Project,-0,0
Moochie Mack,-0,0
Lil Woofy Woof,-0,0
Anthony Keyrouz,-0,0
DJ Hype,-0,0
DJ Hifi Brown,-0,0
Richard X,-0,0
Killer Kowalski,-0,0
Autograf,-0,0
Vinyl Syndicate,-0,0
Krayzie Bone,-0,0
Slax,-0,0
Bill Bolin,-0,0
KeepOnRockin’,-0,0
Icon,-0,0
C2C4,-0,0
roboi85,-0,0
Gilo,-0,0
Senmuth,-0,0
Miyuka,-0,0
Reble,-0,0
Gary Karr,-0,0
KIDNAMEDFINGER,-0,0
chocomilk-chan,-0,0
DJ AM,-0,0
Hobart Smith,-0,0
Pedro Winter,-0,0
GrlCHEXXIT!!,-0,0
Sebastian Fennec,-0,0
Vice Vic,-0,0
Terry Wogan,-0,0
Bitrok,-0,0
T.H.U.G. Angelz,-0,0
Black Girl Singer,-0,0
SWING HOLIC,-0,0
Dj CUTMAN,-0,0
¡Holé!,-0,0
Nikki Nair,-0,0
DAW-GUN,-0,0
Laura Sad,-0,0
Dem 2 Ruff,-0,0
Party Trash,-0,0
Dot Allison,-0,0
A$AP Croissant,-0,0
Joss Stone,-0,0
Elizabeth Joan Kelly,-0,0
Trevor Something,-0,0
Shashwat Singh,-0,0
Mastodon,-0,0
SAYMYNAME,-0,0
The Untouchables,-0,0
Faither,-0,0
Saba,-0,0
Experimental Audio Research,-0,0
Niion,-0,0
friendly,-0,0
DJ Sunderland,-0,0
Rahzel,-0,0
Buxxi,-0,0
Automatic Jack,-0,0
cosmicosmo,-0,0
YoSi*,-0,0
døves,-0,0
baker,-0,0
Rin,-0,0
Punky Brewskies,-0,0
Ens,-0,0
General Jaydonius,-0,0
The Jesus and Mary Chain,-0,0
COCO COCAINE,-0,0
hololive English -Justice-,-0,0
The Black Opera,-0,0
Wicked,-0,0
幾砂襷,-0,0
Junk,-0,0
H Mafia,-0,0
756,-0,0
djeb,-0,0
AniMe,-0,0
Froyo,-0,0
OS2 // WARP,-0,0
Kawaii amen girl,-0,0
cittan*,-0,0
Sreerama Chandra,-0,0
Uncy Dave,-0,0
Afriqua,-0,0
Miri Ben‐Ari,-0,0
dARKVICe,-0,0
PopChop,-0,0
Karl Jenkins,-0,0
CRAZY TARDIS,-0,0
Alcala,-0,0
AgonyOST,-0,0
Super Mash Bros.,-0,0
The Soul of John Black,-0,0
Psychedelic Kitchen,-0,0
Nicky Blackmarket,-0,0
Gadiel,-0,0
TALES,-0,0
wünsche,-0,0
Ph0ton,-0,0
DJ Animebby,-0,0
Jwles,-0,0
b a k m a h n,-0,0
Fettdog,-0,0
Richard Strauss,-0,0
Coconut Hemluck,-0,0
TECHNOBOYS PULCRAFT GREEN-FUND,-0,0
Maverick Mayhem,-0,0
Big Brother Hakim,-0,0
cuhlet,-0,0
Redpill,-0,0
The Krauts,-0,0
Aphelion Barz,-0,0
Doritos Pope,-0,0
中田ヤスタカ,-0,0
芥田レンリ,-0,0
MC Wigger & DJ Wanna-B,-0,0
Phantoms,-0,0
Civilian,-0,0
P.T. Grimm,-0,0
Ten Years Lost,-0,0
Dimlite,-0,0
P.P. Arnold,-0,0
モザイクメモリー,-0,0
阿吽,-0,0
let's be real,-0,0
nailcliper,-0,0
Din-ST,-0,0
Freaky随喜,-0,0
Wynardtage,-0,0
[FaRe'N'HiTe],-0,0
Rockestra Club,-0,0
藍沢みんと,-0,0
High Five The Birthday Boy,-0,0
Shyheim,-0,0
S Curro,-0,0
Vanrip,-0,0
Broken Chip,-0,0
Mikal kHill,-0,0
DJ Mek,-0,0
Games,-0,0
Buzz Compass,-0,0
Melonia,-0,0
Jad Abstrock,-0,0
Fritz von Runte,-0,0
MowtenDoo,-0,0
Pocket Groovy,-0,0
cocore,-0,0
luvnyte,-0,0
FAZIE,-0,0
luvgraveyardgirl,-0,0
Omar LinX,-0,0
Ben Levin,-0,0
Capone,-0,0
Mekon,-0,0
Kidda,-0,0
Duality,-0,0
WC,-0,0
Rostam,-0,0
Tina the Cyclops girl,-0,0
Aase Nordmo Løvberg,-0,0
Schusei,-0,0
Wreck the System,-0,0
Fake Shark,-0,0
Hobe,-0,0
Arty Smokes,-0,0
16bard,-0,0
Corey TheHuman,-0,0
Lex,-0,0
Steve Kerr,-0,0
Pop Up!,-0,0
Ryan Hemsworth,-0,0
Naughty Naughty,-0,0
Adiemus,-0,0
eufrik,-0,0
Kay Kap,-0,0
Tim G,-0,0
_itsyaboi,-0,0
Ethical,-0,0
Solomon Childs,-0,0
The Gentleman Thieves,-0,0
Leon Vynehall,-0,0
神威がくぽ,-0,0
Tyler Sontag,-0,0
Munchyjr,-0,0
Lute,-0,0
AKA Brothers,-0,0
Falsalarma,-0,0
Akshan,-0,0
Kyle Edwards,-0,0
S U B W A Y S,-0,0
Iras,-0,0
Vextor,-0,0
yuigot,-0,0
Old Jim,-0,0
Slaughterhouse,-0,0
Steiner,-0,0
The Airport District,-0,0
Master Barf,-0,0
Daft Beatles,-0,0
"quickly, quickly",-0,0
Shimon,-0,0
The Mystery DJ,-0,0
Тони Танго,-0,0
Pure Sugar,-0,0
T-Junction,-0,0
Spinabenz,-0,0
shortfacedbear,-0,0
lor2mg,-0,0
The Noble Demon,-0,0
kuraudo,-0,0
Fraxo,-0,0
Dam Swindle,-0,0
クレイジーケンバンド,-0,0
Break Science,-0,0
Noise Base,-0,0
Neo,-0,0
溝口ゆうま,-0,0
Masters at Work,-0,0
Zbigniew Karkowski,-0,0
Gustavo Cerati,-0,0
Qua Rush,-0,0
Kevala,-0,0
Holier Than Thou?,-0,0
YUI,-0,0
Indra,-0,0
Richard Wood,-0,0
Darmo,-0,0
TheLaxOne,-0,0
shota,-0,0
Cewlmine,-0,0
SkyMarshall Arts,-0,0
Sha Gz,-0,0
Tenement Yard,-0,0
Deep Dish,-0,0
Vŏdû 155,-0,0
Bad Azz,-0,0
44Nifty,-0,0
Bus Stop,-0,0
綾波レイ,-0,0
The Avener,-0,0
Brent Kennedy,-0,0
The Legendary Villain,-0,0
Supersaw Hoover,-0,0
Grizzly,-0,0
Looney Tunes,-0,0
Pictureplane,-0,0
Danny Breaks,-0,0
Rapsody,-0,0
Tape Girl,-0,0
Ohmega Watts,-0,0
Massimo Pericolo,-0,0
Killer Mike,-0,0
Exige,-0,0
sixwing,-0,0
hanahata,-0,0
The Vaccines,-0,0
Pete Blaker,-0,0
David Begun,-0,0
Rob,-0,0
U‐God,-0,0
10SAI,-0,0
Laf_R,-0,0
Timmy the Tapeworm,-0,0
Sempiternus,-0,0
Lappy,-0,0
Shantel,-0,0
Viridian クリス,-0,0
KILL SAFARI,-0,0
Retro Gaming,-0,0
Sandra Kolstad,-0,0
Frail Limb Purity,-0,0
Acquaviva & Lützenkirchen,-0,0
Benelli,-0,0
Robscure,-0,0
The UMC’s,-0,0
Guillamino,-0,0
submerse,-0,0
Prodigy,-0,0
luce,-0,0
minato,-0,0
IRON ATTACK!,-0,0
North-T,-0,0
Monica Colonna,-0,0
Vaiko Eplik,-0,0
DJ Face,-0,0
BROKN,-0,0
Will & Tim,-0,0
baaskaT,-0,0
Scabloopy Floop,-0,0
OmenXIII,-0,0
Jcran,-0,0
SKiBiLiBoP,-0,0
KEIKO,-0,0
巡音ルカ,-0,0
My Little Pony: Equestria Girls,-0,0
Matt Prasty,-0,0
Ilai,-0,0
Dani Ro,-0,0
Casualle,-0,0
DJ Kuroneko,-0,0
WAGDUG FUTURISTIC UNITY,-0,0
FROMTHEHEART,-0,0
NightcoreReality,-0,0
HappyHoppyHappy,-0,0
Ark Patrol,-0,0
Kevin Eldon,-0,0
DJ French Bloke,-0,0
Epik High,-0,0
vimae,-0,0
Bleep Bloop,-0,0
Crayondroids,-0,0
The People Movers,-0,0
Zerius,-0,0
Leaders of the New School,-0,0
Tallboy,-0,0
House Pimps,-0,0
thev216,-0,0
E.P.S. & 2-Vibe,-0,0
Roxane Genot,-0,0
Marc Johnce,-0,0
DJ Spooky Mulder,-0,0
MoozE,-0,0
laiopsol9987,-0,0
Phil Mac,-0,0
Fabio,-0,0
owatax,-0,0
masuka,-0,0
Architect,-0,0
Kali Uchis,-0,0
Matthias Arfmann,-0,0
Kurogen,-0,0
Killah Priest,-0,0
Yakui,-0,0
Rick and Morty,-0,0
Rag’n’Bone Man,-0,0
Phish,-0,0
C418 Community,-0,0
DREAM GIRL,-0,0
Balloon,-0,0
140 ударов в минуту,-0,0
LOLI-LECTRO,-0,0
PIG,-0,0
slappintosh plus,-0,0
P.A.S.,-0,0
Emmanuel Top,-0,0
12 Rounds,-0,0
Ultralash,-0,0
Naam Brigade,-0,0
Breakmaster Cylinder,-0,0
Gregory Whitehead,-0,0
Modena City Ramblers,-0,0
Kool Shen,-0,0
Azur1s,-0,0
This Place Is Haunted,-0,0
Riley Reinhold,-0,0
Rennie Pilgrem,-0,0
633397,-0,0
Ryan Preston,-0,0
DJ Tronky,-0,0
tian nya,-0,0
Shy FX & T Power,-0,0
Johnny D & Nicky P,-0,0
Homeboy Sandman,-0,0
Eiko Ishiwata,-0,0
Peter Gallagher,-0,0
WUZ,-0,0
Norma Ray,-0,0
ebiten,-0,0
Bran Van 3000,-0,0
waiting to die,-0,0
Patra,-0,0
Noyz Narcos,-0,0
SmokyThrill77,-0,0
Elecktroids,-0,0
Le Rat Luciano,-0,0
yoshiki-narutaki,-0,0
Stack&Mash,-0,0
Horny United,-0,0
dextrust,-0,0
Andy MacMillan,-0,0
KAS:ST,-0,0
Sneaky Tim,-0,0
user-177606669,-0,0
NxxxxxS,-0,0
NoteBlock,-0,0
DJ Ubermech,-0,0
Adam Neely,-0,0
Озон,-0,0
piratecovejoe,-0,0
Chaosphere,-0,0
Chrome Canyon,-0,0
Orgasmic,-0,0
Calyx,-0,0
DJ Safe,-0,0
"응과사전, Shittypedia - Free Shit Encyclopedia",-0,0
Rifti Beats,-0,0
hujiba,-0,0
Pliant,-0,0
L.A Teeter,-0,0
Bang Bang,-0,0
Lexos,-0,0
Society Suckers,-0,0
nagomu tamaki,-0,0
Wots My Code,-0,0
Gunjack,-0,0
Yves Deruyter,-0,0
godheadSilo,-0,0
ざにお,-0,0
Falk,-0,0
JCRG,-0,0
Braiden,-0,0
NIKANON,-0,0
Safari Sounds,-0,0
板垣祐介,-0,0
Snowpixels,-0,0
Junkie XL,-0,0
Kosakii,-0,0
Adventures in Slumberland,-0,0
Evan Roth,-0,0
Circulation,-0,0
Crowns,-0,0
Cofresi,-0,0
Marcella Detroit,-0,0
Mike 303,-0,0
Gabriela Ascioli,-0,0
Bejjo,-0,0
Ken Carson,-0,0
ah!,-0,0
Hollis P. Monroe,-0,0
Smoothe da Hustler,-0,0
Linda Gail Lewis,-0,0
markwahlbird,-0,0
Trigga Man,-0,0
Darkspeen Shore,-0,0
N∆NCIE,-0,0
Youandewan,-0,0
Шао? Бао!,-0,0
crafter2011,-0,0
Deacon the Villain,-0,0
Waxman,-0,0
Odaira,-0,0
Carlos Niño,-0,0
Shadow Dash,-0,0
ナイトNaito,-0,0
T-Ford and the Boneshakers,-0,0
大神纏,-0,0
Amtrac,-0,0
Roberts Gobziņš,-0,0
Shadysoup,-0,0
TV Junkeez,-0,0
Vinil Motion,-0,0
Eddie Matos,-0,0
Carbonic Twinlkedust,-0,0
Vargoroth,-0,0
YZOX,-0,0
Milli Cul,-0,0
Not a Number,-0,0
Bob Ostertag,-0,0
Fennesz,-0,0
DJ QBert,-0,0
"NAMCO ""RIDGE RACER V"" Sound Team",-0,0
Dancer,-0,0
MapleJournal,-0,0
DJ Dub Rush,-0,0
sadfem,-0,0
144p,-0,0
DJ WILDPARTY,-0,0
panda_riot,-0,0
Funsai,-0,0
The Beast That Killed Bunny Downe,-0,0
dannyrom288,-0,0
ComaR,-0,0
Troublemaker,-0,0
いろがねりんご,-0,0
Florence Welch,-0,0
Saltwater,-0,0
Michael Thomas Grant,-0,0
Dave!,-0,0
Pierre Wax,-0,0
Plexi Music,-0,0
Mr. Meridies,-0,0
POLO PERKS <3 <3 <3,-0,0
Bobby Martini,-0,0
The Sandowski Files,-0,0
Dulverton Blues,-0,0
NAOKI in the MERCURE,-0,0
Faheem,-0,0
Shigeo Tamaru,-0,0
Michmash,-0,0
The Marginal Prophets,-0,0
Steve Frisco,-0,0
佐藤直紀,-0,0
night_owlll,-0,0
tmpl,-0,0
ブブゼラ,-0,0
Mendo,-0,0
ミーティPAWS,-0,0
Strangeloop,-0,0
Rocketman,-0,0
Mick Jagger,-0,0
The Nightcrawlers,-0,0
Teori Johnson,-0,0
Parasite,-0,0
Dimestore Cowboys,-0,0
Butch Ross,-0,0
Gemitaiz,-0,0
Lizzart,-0,0
Quench,-0,0
Vanessa,-0,0
EVoL_InTheory,-0,0
国士無双,-0,0
Ortega Cartel,-0,0
Geo22,-0,0
Ethan Hein,-0,0
DJ WINDOW,-0,0
Starving Trancer,-0,0
Double Decka,-0,0
Nii Co.,-0,0
Demrick,-0,0
ArinInflux,-0,0
LU-I,-0,0
Каста,-0,0
DJ Flashback,-0,0
Phazmidi,-0,0
WAKARAN GIRL,-0,0
YonKaGor,-0,0
DJ Reverend P,-0,0
oitudobem,-0,0
Viikatory,-0,0
Grossomodo,-0,0
Christoph Haberer,-0,0
Christian Löffler,-0,0
DJ Silence,-0,0
DJ Jayhood,-0,0
John Kenza,-0,0
Forbidden Poetry,-0,0
Influx,-0,0
Queen,-0,0
Benjamin Bear,-0,0
Aaron F. Bianchi Jupiter,-0,0
Vampire Money,-0,0
Joseph James,-0,0
DJ Schmolli,-0,0
DJ Juwan,-0,0
TrueGreen7,-0,0
DJ Craze,-0,0
Sedat Erdogan,-0,0
Le Wanski,-0,0
Airis,-0,0
The Golden Pony,-0,0
Riedler Musics,-0,0
Primitive Radio Gods,-0,0
Terror Reid,-0,0
TRVSHBXVT,-0,0
Dwarf,-0,0
Dr. Evil,-0,0
Girls on Top,-0,0
AIYU,-0,0
Akcent,-0,0
Johnny Marsiglia,-0,0
太田雅友,-0,0
Ill Poetic,-0,0
Soul Choc,-0,0
Pleaser,-0,0
Alinut,-0,0
bumbum,-0,0
Disembowelment,-0,0
Rhythms del Mundo,-0,0
ludosmo,-0,0
Space Jazz Dub Men,-0,0
Douleur2vivre,-0,0
Huss und Hodn,-0,0
joxer,-0,0
Spectre,-0,0
youmi,-0,0
Agency 1.9.9.4,-0,0
M.C. 12,-0,0
Steven Carvalho Mashups,-0,0
Isabela Eyris,-0,0
Nick Trovert,-0,0
MC Paul Barman,-0,0
Michal Menert,-0,0
Pionieris,-0,0
牧歌電子,-0,0
CosmicMashups,-0,0
Ventriloquist Snakes,-0,0
Philly,-0,0
Mr Lange,-0,0
Tha Dynasty,-0,0
Nazar,-0,0
Diablo,-0,0
Dirty Projectors,-0,0
Funky People,-0,0
Sir Ridley,-0,0
土屋憲一,-0,0
Drive‐By Truckers,-0,0
The Illuminoids,-0,0
reach,-0,0
Tsukasa,-0,0
Vrey Is Grey,-0,0
Plan B,-0,0
今村貴文,-0,0
Mauro Picotto,-0,0
NicksPatties,-0,0
TAROLIN,-0,0
Jex Opolis,-0,0
kyo,-0,0
A_Rival,-0,0
Floorplan,-0,0
不覚にもムエタイ,-0,0
Johann Strauss,-0,0
Stadiumx,-0,0
Белые Тени,-0,0
People Under the Stairs,-0,0
Black Colibri,-0,0
Qubic,-0,0
before saudade,-0,0
Lick Back Organisation,-0,0
DJ SPR4,-0,0
Afterdark,-0,0
Itsbizkit,-0,0
BotanicSage,-0,0
5ubaruu,-0,0
Jesus Loves Junkies,-0,0
Gargoyle,-0,0
Josip On Deck,-0,0
VALLEYSTONE,-0,0
The Beatle,-0,0
dj ray william johnson,-0,0
Rob E Rob,-0,0
Tems,-0,0
MEGAREX,-0,0
Eleven Tigers,-0,0
Power Music Workout,-0,0
heartstation,-0,0
Shirobon,-0,0
Sun Diego,-0,0
古川竜也,-0,0
Piezas & Jayder,-0,0
Simon Callow,-0,0
Lisa Marie Experience,-0,0
Dax Riders,-0,0
Kroko Jack,-0,0
Leila,-0,0
Tyree,-0,0
The Brandals,-0,0
スズキサン,-0,0
London Symphony Chorus,-0,0
cell m8,-0,0
Biotronix,-0,0
JetHawk95,-0,0
Arcade Jump,-0,0
Gene Farris,-0,0
#mashup,-0,0
Simon Livingstone,-0,0
Attalus,-0,0
JWLS,-0,0
Kan Sano,-0,0
Victor Serna,-0,0
Basic Rhythm,-0,0
MC Fresh Dawg 3000,-0,0
Keljet,-0,0
Alex Lacamoire,-0,0
Pilchard,-0,0
Peter Cetera,-0,0
Bass-D & King Matthew,-0,0
Packy,-0,0
DaisyChannel,-0,0
Eldi,-0,0
RedOne,-0,0
MPT,-0,0
Johnatron,-0,0
Zamali,-0,0
Shay Shaz,-0,0
Sean Brosnan,-0,0
Young De,-0,0
JoBoxers,-0,0
James Egbert,-0,0
Rosabel,-0,0
Dywindel,-0,0
LFO Demon,-0,0
Paul Weller,-0,0
Ransom,-0,0
Karriem Riggins,-0,0
Expansion Union,-0,0
CO-DO.,-0,0
UnderpΩny,-0,0
Northern Zone,-0,0
Yomanda,-0,0
Device,-0,0
Syleena Johnson,-0,0
Nakk Mendosa,-0,0
Henry01,-0,0
KAZUMA,-0,0
Fellsius,-0,0
RHMan,-0,0
Michael Nyman Band,-0,0
Lag,-0,0
Stu,-0,0
Omik K,-0,0
lomi,-0,0
Uniting Nations,-0,0
Media Limits,-0,0
LISA,-0,0
Tzant,-0,0
SFDK,-0,0
Giffari Rifki,-0,0
NORTH POSSE,-0,0
Clot,-0,0
Solcofn,-0,0
Bigbadaz,-0,0
System 7,-0,0
DJ Eric,-0,0
Windows96,-0,0
Diesel # 1,-0,0
JONATHAN JOESTAR,-0,0
Debaser,-0,0
Simple E,-0,0
Money-G,-0,0
Martin Horntveth,-0,0
Recklezz Mari,-0,0
TwoThirds,-0,0
Giant Pink,-0,0
O. Keitel,-0,0
SEARCHING,-0,0
RicoWright,-0,0
DJ Flex,-0,0
Jason Forrest,-0,0
Quadra,-0,0
Yari,-0,0
Mardial,-0,0
Mandalay,-0,0
Oriental Cravings,-0,0
Craig Alexander,-0,0
DJ Radical R$,-0,0
SPECTRA*paris,-0,0
Cosmic Latte,-0,0
Himera,-0,0
Icy D. & Doc Daze,-0,0
Casey,-0,0
Jori Hulkkonen,-0,0
Subnation,-0,0
Mr. Carmack,-0,0
BNYX,-0,0
Lathun,-0,0
beastboy,-0,0
DJ Poulpi,-0,0
Martinn,-0,0
Argy,-0,0
Midnight Wave,-0,0
Here Are the Facts You Requested,-0,0
Rom Di Prisco,-0,0
DJ Wielki Huj,-0,0
Trigg Bambino,-0,0
The Rose,-0,0
DJ Stylewarz,-0,0
nice job bro0o0o0o0o0o0o0,-0,0
Antihelden,-0,0
Luna‐C,-0,0
LeeSaM,-0,0
Tristan Shout,-0,0
Dan K,-0,0
Cinikill,-0,0
MarshMix Plaza,-0,0
Joe Boyd Vigil,-0,0
MURDER CLUB,-0,0
Halo33,-0,0
Organised Grime,-0,0
Mutated Forms,-0,0
惣流・アスカ・ラングレー,-0,0
MashmyAs$,-0,0
Hugo,-0,0
BlVkarot,-0,0
Davwuh,-0,0
Joe Hardy,-0,0
Ćelo & Abdï,-0,0
Tusken Raiders,-0,0
Kenneyon,-0,0
Nightforce,-0,0
Frank T,-0,0
Tala Day dreamer,-0,0
6th Borough Project,-0,0
Webbafied,-0,0
Zara Larsson,-0,0
Kururu*Bloom Records,-0,0
Pokestir,-0,0
Percussions,-0,0
Rod Layman,-0,0
Blissed Out,-0,0
粉川武大,-0,0
Source Direct,-0,0
Swing Republic,-0,0
Olga Tañón,-0,0
WAVE,-0,0
Sapaa,-0,0
Wooli,-0,0
Scalie Bloke,-0,0
Hi‐C,-0,0
No Remorze,-0,0
YESCLIP,-0,0
Mara Sattei,-0,0
DJ Gauffie,-0,0
Spehs,-0,0
Prime Tones,-0,0
WEKEED,-0,0
SAVAGE BOYS,-0,0
Jacopo Sb,-0,0
Eonothem,-0,0
Espion,-0,0
DJ Mei-Lwun,-0,0
Chacho Brodas,-0,0
JENNIE,-0,0
Jump Cutz,-0,0
Dontcha,-0,0
Mitchell,-0,0
116,-0,0
Terence Blanchard,-0,0
Клава Кока,-0,0
Chips4breakfast,-0,0
Dead DJ Joke,-0,0
Rock Emo Nightcore,-0,0
Chroma Key,-0,0
Dropout Marsh,-0,0
Lola Sebastian,-0,0
Aaron Hall,-0,0
Victor Menegaux,-0,0
Moses Mayes,-0,0
Pan Sonic,-0,0
picco,-0,0
Soundbites,-0,0
FFF,-0,0
Kurtis Mantronik,-0,0
Mike Love,-0,0
Mark Pritchard,-0,0
アサヒ,-0,0
MasterJace,-0,0
Skyshard,-0,0
Passengers,-0,0
forest runaways,-0,0
Bardoq,-0,0
gassyoh,-0,0
Shaft,-0,0
The Deadman,-0,0
Keiko Dash,-0,0
YACA IN DA HOUSE,-0,0
Hypnatos,-0,0
Pish Posh,-0,0
JoFes SkillzMen,-0,0
HXLY KXSS,-0,0
2/5 BZ,-0,0
Roaxx J,-0,0
Sunnexo,-0,0
Boot Of Fighters,-0,0
John Faulkner,-0,0
pisca,-0,0
Loden,-0,0
Brock Landars,-0,0
A‐WAX,-0,0
Lóbo,-0,0
Ｃ：\\Ｕｓｅｒ,-0,0
Roc the Dilettante,-0,0
L3dgy,-0,0
Individual Distortion,-0,0
Georgia,-0,0
高瀬一矢,-0,0
Milke,-0,0
Sex Of Insects,-0,0
samebeam,-0,0
Christophe,-0,0
TCMusic!,-0,0
Gary Gee,-0,0
Nirban,-0,0
Bill Haley,-0,0
Ray C Mashups,-0,0
Gottfried Engels,-0,0
Colin Munroe,-0,0
DJ Vee,-0,0
Busta Flex,-0,0
Aki Omori,-0,0
Raspberry Jelly Donuts,-0,0
K3WRO,-0,0
Nom De Strip,-0,0
JS16,-0,0
dooks,-0,0
David Cummings,-0,0
Hidenobu Ito,-0,0
Woody/mC,-0,0
MadMixMustang,-0,0
Plan B,-0,0
Velure,-0,0
Dev/Null,-0,0
ΛDRIΛNWΛVE,-0,0
Element,-0,0
DJ Harbinger,-0,0
Mala Rodríguez,-0,0
BeanJammin,-0,0
Mt Eden,-0,0
The Nobodies,-0,0
Flair Guy,-0,0
Mac Glocky,-0,0
Kid Lib,-0,0
Ethan Merlyn,-0,0
Relanium,-0,0
Elyanna,-0,0
Jacques Renault,-0,0
Basement Clash,-0,0
YB,-0,0
David0Mario,-0,0
Ethan64Music,-0,0
Known To Be Lethal,-0,0
TAYLOR,-0,0
HVME,-0,0
Mastery,-0,0
D.Rec.or.d,-0,0
Domingo,-0,0
Flemming Dalum,-0,0
Tchami,-0,0
Dick Lucas,-0,0
GØD,-0,0
Paul Bradley,-0,0
Burt Reynolds,-0,0
Ultimazone,-0,0
EchoLane,-0,0
KK Null,-0,0
LYNY,-0,0
Jonesmann,-0,0
Hair Stylistics,-0,0
chiArosCuro,-0,0
Fast Crew,-0,0
Vessy Boneva,-0,0
nacho,-0,0
Bernache,-0,0
Enduser,-0,0
GANKAi,-0,0
B-EAST,-0,0
FELIX,-0,0
KruSound,-0,0
Aoshi,-0,0
AshleyTV,-0,0
YOOKEE,-0,0
Burnt Friedman,-0,0
Matter Mos,-0,0
Greg Hale Jones,-0,0
Bro Safari,-0,0
Groovezone,-0,0
MabelSama,-0,0
TigerVegan,-0,0
Made Men,-0,0
Ferrichrome,-0,0
DJ Sprinter,-0,0
コバソロ,-0,0
Sou el Flotador,-0,0
Emoticon,-0,0
TeeVex,-0,0
MrCrackles,-0,0
DJ Axel,-0,0
B-Rock & The Bizz,-0,0
Durango 95,-0,0
Geroyche,-0,0
Euphrosyne,-0,0
Gypsymen,-0,0
C-Mon & Kypski,-0,0
Kiss Kriss,-0,0
Sam Snee,-0,0
Cruel Intentionz,-0,0
中矢博元,-0,0
Witt Lowry,-0,0
Pagefire,-0,0
Bedlam Ago Go,-0,0
Roughcut,-0,0
Naitklub,-0,0
Cloud Mac,-0,0
RHTL,-0,0
XIO,-0,0
Paolo Monti,-0,0
T.O.Y.,-0,0
dokxid,-0,0
butckhe,-0,0
Esoteks,-0,0
Rachael Naylor,-0,0
ForteFortissimo,-0,0
Transglobal Underground,-0,0
MAX,-0,0
Gelbart,-0,0
Cement City,-0,0
Aditi Singh Sharma,-0,0
Superfunk,-0,0
Laurent X,-0,0
Revolte,-0,0
TERSKELEPCE,-0,0
Evil Oil Man,-0,0
DJ Greg J,-0,0
yQwO,-0,0
Blankie-,-0,0
若菜,-0,0
Maria Lawson,-0,0
Subliminal Code,-0,0
Vinnie Maniscalco,-0,0
Teddyyy,-0,0
Bendromeda,-0,0
KGB Man,-0,0
Ninja McTits,-0,0
gaymichaelafton,-0,0
Nathan Cadelina,-0,0
Miss Cyberpink,-0,0
Eddy Soulo,-0,0
Copykat,-0,0
Charlotte Plank,-0,0
Sonic4ever,-0,0
RoughSkreamZ,-0,0
Midfield General,-0,0
Dark Arkade,-0,0
Markante Handlungen,-0,0
Mikhu,-0,0
Arno Cost,-0,0
Tub Ring,-0,0
RaidAr,-0,0
DJ SPIZDIL,-0,0
GROUND-ZERO,-0,0
Smokin Beats,-0,0
C0PLE,-0,0
Altered Crates,-0,0
Makai,-0,0
Wizard of Loneliness,-0,0
Ben 10,-0,0
Fly By Nightcore,-0,0
碧川れたす,-0,0
Schatz,-0,0
iPunx,-0,0
Minor Arth,-0,0
Filterheadz,-0,0
Carrots The Rabbi,-0,0
Moose‐Mouse,-0,0
R de Rumba,-0,0
Simon Fisher Turner,-0,0
Twintale,-0,0
TeeBee,-0,0
TheTimebreaker,-0,0
opal東京,-0,0
Mastermix,-0,0
Freestyle Fellowship,-0,0
Kotra,-0,0
Black Masses,-0,0
Afra & The Incredible Beatbox Band,-0,0
Run,-0,0
ImBN,-0,0
Danny Greyiers,-0,0
M.I.C.O.Y.C,-0,0
DJ Sike,-0,0
Epowga,-0,0
Little Stranger,-0,0
213,-0,0
J-88,-0,0
minecire,-0,0
Lotte,-0,0
前線,-0,0
Supreme Team,-0,0
ちゃーりー,-0,0
aeiou music,-0,0
TheHolyT-Bo,-0,0
Bknapp,-0,0
GaL,-0,0
影虎。,-0,0
Sloppy Seconds,-0,0
Acrylo,-0,0
Huts,-0,0
London Elektricity,-0,0
Dr Packer,-0,0
Quantum Dreams,-0,0
Rogue,-0,0
Flash‐Man,-0,0
Look Twice,-0,0
clppng,-0,0
Stéphane Deschezeaux,-0,0
Cruz,-0,0
Sans Souci,-0,0
Smile,-0,0
Black Hippy,-0,0
Phocust,-0,0
Rudeejay,-0,0
Herve Pagez,-0,0
Monie Love,-0,0
Alexander Lynch Totheark,-0,0
Cinema Bizarre,-0,0
Grandpamini,-0,0
MF PICKLE-O,-0,0
maychanxfate,-0,0
DJ Tristan,-0,0
reason,-0,0
Butch le Butch,-0,0
Negrata Estudios,-0,0
Brownstone,-0,0
maki ligon,-0,0
DJ Surda,-0,0
Ice Paper,-0,0
El‐P,-0,0
oblivion,-0,0
DZZ,-0,0
NightColt,-0,0
Osanzi,-0,0
Yolk,-0,0
Bluecoats,-0,0
Cloudjumper,-0,0
Haruka Tamasaki,-0,0
Jeff Mills,-0,0
jefftheworld,-0,0
Koriass,-0,0
Zéphyr 21,-0,0
Monolake,-0,0
Lime,-0,0
Fortran 5,-0,0
dive to the heart,-0,0
Séraphitüs-Séraphîta,-0,0
dj nagureo,-0,0
易坤林,-0,0
49ers,-0,0
Gant Garrard,-0,0
toonlink,-0,0
NoteGeek,-0,0
Rbm noise ensemble,-0,0
長谷川迷子,-0,0
Chambaland,-0,0
Tor,-0,0
Mr. Lee,-0,0
GST大好き,-0,0
이반석,-0,0
Marvellous Cain,-0,0
187 Lockdown,-0,0
TOKiMONSTA,-0,0
CSR Superstars,-0,0
dj g2g,-0,0
Theo Parrish,-0,0
Kognitif,-0,0
JJokerDude,-0,0
Guaranteed Raw,-0,0
Loctek,-0,0
LAZ,-0,0
yandere,-0,0
Ember,-0,0
Eiden XII,-0,0
Los 4,-0,0
Twilike Wonder,-0,0
john=hive,-0,0
Limp Pumpo,-0,0
mycutiemarkisagun,-0,0
Porter Ricks,-0,0
Kevin Lyttle,-0,0
MC ENE,-0,0
Danger,-0,0
Jackie House,-0,0
Jondrette Den,-0,0
U-Niq,-0,0
El Reno Renardo,-0,0
ROUDS,-0,0
Crookram,-0,0
Mystery Man,-0,0
DJ Reche,-0,0
Meme Machine MKII,-0,0
+666†V∆ND∆L∂∂∂*+.\\>\\>\\>†\\//\\\\/\\\\'>/\\\\_⤴⤴⤴™√Æı∆Æ|†◊æ~∂æ¬,-0,0
Gak,-0,0
Kryptogram,-0,0
NotherWael,-0,0
OVe‐NaXx,-0,0
lovbug,-0,0
Cashmere Cat,-0,0
Tatsunoshin,-0,0
Odd Nosdam,-0,0
Xenon Odyssey,-0,0
N8E,-0,0
אמילי קרפל,-0,0
Felckin,-0,0
Shu,-0,0
Perpetual Motion,-0,0
Javi Boss,-0,0
Zach CG,-0,0
Ouro Kronii,-0,0
Ben Double M,-0,0
QBass,-0,0
Neutered Kat Analyst,-0,0
4gotten Morb,-0,0
proloxx,-0,0
Shadow the Machine Angel,-0,0
Tempus Tonic Philharmonic,-0,0
Swales,-0,0
らき☆すたのみんな,-0,0
Ruth Segal,-0,0
gladde paling,-0,0
Oblivion,-0,0
Jugglerz,-0,0
DJ SymBiotiX,-0,0
The Truman Show Band,-0,0
James Swill,-0,0
Sharon Paige,-0,0
Trap Remix Guys,-0,0
peЯoco.,-0,0
Claires,-0,0
Rebelion,-0,0
DJ Ezg,-0,0
BoyKoy,-0,0
Samantha Carter,-0,0
Bling Crosby,-0,0
Jimmy “Orion” Ellis,-0,0
dossyx,-0,0
Xam,-0,0
Loui,-0,0
가리온,-0,0
barnacle boi,-0,0
Cecil Remmler,-0,0
The Tribalmastaz,-0,0
Bushwacka!,-0,0
Bentley Jones,-0,0
DEXAMP,-0,0
The Hood Internet,-0,0
leenuz,-0,0
DJ ICE,-0,0
Tortoise,-0,0
DJ Nekbath,-0,0
Lordz of Brooklyn,-0,0
Trinity,-0,0
Scanty Sandwich,-0,0
Too Fast for Mellow,-0,0
Car Sofa,-0,0
David Vunk,-0,0
Titus Jones,-0,0
Trends of Culture,-0,0
El Sicario,-0,0
J Pearl,-0,0
stereoberry,-0,0
Gusttavo Lima,-0,0
Pawston,-0,0
Ford & Lopatin,-0,0
Angie Stone,-0,0
Carter the Unstoppable Sex Machine,-0,0
Cheryl Stelli,-0,0
渡辺岳夫,-0,0
Irish Steph,-0,0
HIR,-0,0
Y&Co.,-0,0
Morph.,-0,0
Caveat,-0,0
S-Bam,-0,0
Moon Man,-0,0
Phats & Small,-0,0
Hande Yener,-0,0
Fried,-0,0
DJ Mando,-0,0
The Ultimate Seduction,-0,0
P.Y.T.,-0,0
PsoGnar,-0,0
MICHAELBRAILEY,-0,0
Thee Mike B,-0,0
Tom Newton,-0,0
DJ M.I.F.,-0,0
Bella2855,-0,0
Shako el SH,-0,0
nordloef,-0,0
Michael Staple,-0,0
Only Child,-0,0
Loop Guru,-0,0
ProleteR,-0,0
Pound Boys,-0,0
Somasis,-0,0
JEON SOMI,-0,0
Tunnan och Moroten,-0,0
Christian Burns,-0,0
ABIS,-0,0
hisboyelroy,-0,0
Prince d’Arabee,-0,0
NeatNeet,-0,0
Evol Waves,-0,0
SQUΛD GOΛLS,-0,0
Yukmouth,-0,0
MLM3,-0,0
Grandtheft,-0,0
Riccardo Muti,-0,0
PBR Streetgang,-0,0
DJ UMB,-0,0
Sami Habra,-0,0
BBYKOCAINE,-0,0
DJ Funk U Up,-0,0
El Barto & Liam B,-0,0
DSA Commando,-0,0
KetVector,-0,0
Турбомода,-0,0
DJ Supreme,-0,0
Petit Rabbit’s,-0,0
Jadiel,-0,0
Scenick,-0,0
vgmtdaalz07,-0,0
FPPC,-0,0
Eli Robinson,-0,0
Saints & Sinners,-0,0
DJ Alex F,-0,0
Caliente Mirage,-0,0
Delphic,-0,0
Bad Copy,-0,0
Negative A,-0,0
L.A. Nash,-0,0
Nightime Burnout,-0,0
☆ L U C K Y ☆,-0,0
Mohican Sandbag,-0,0
Information,-0,0
Poplica*,-0,0
oki,-0,0
totsumal,-0,0
Palami,-0,0
GRADES,-0,0
Tanya Morgan,-0,0
DJ Rolando,-0,0
Skadanks,-0,0
Claudio Simonetti,-0,0
Def Squad,-0,0
Erich Wolfgang Korngold,-0,0
Zusebi,-0,0
Eugene the Dream,-0,0
ox33n,-0,0
guitarhero,-0,0
David Dallas,-0,0
Derris-Kharlan,-0,0
Ms. Dynamite,-0,0
ÜberTriangle,-0,0
Vorso,-0,0
David Rees,-0,0
DJ Cipha Sounds,-0,0
w3madeit,-0,0
Smeedge,-0,0
GulloHack,-0,0
I:gor,-0,0
Nimo,-0,0
One eskimO,-0,0
Los Autómatas Inteligentes,-0,0
DJ Rudec,-0,0
Jawnhto,-0,0
Richard Harvey,-0,0
TranceParty,-0,0
Paul MTQ,-0,0
Atom and His Package,-0,0
djkirakira,-0,0
Moop Mama,-0,0
⛤▓▒░▒▓⛤,-0,0
Tudd,-0,0
Fruit Loops,-0,0
Quiroga,-0,0
Cube Panda,-0,0
Deine Lieblings Rapper,-0,0
Joolz,-0,0
Praxis,-0,0
Inta Warriors,-0,0
COPYCATT,-0,0
Nebita,-0,0
Christoph Korn,-0,0
The Tiberian Sons,-0,0
fan_3,-0,0
IzzyKart57,-0,0
Delta V,-0,0
Ewun,-0,0
William Crooks,-0,0
uno,-0,0
Cherry 葵 Nightcore,-0,0
grande1899,-0,0
KENTENSHI,-0,0
Pocketmaster,-0,0
Psiryn,-0,0
Gardens,-0,0
Don Carlos,-0,0
Yem,-0,0
Archigram,-0,0
SU0MIF0X!,-0,0
Bernardo Pinheiro,-0,0
しんなりちゃん,-0,0
Ponytronic,-0,0
Lil’ Mo,-0,0
The Boy Wunda,-0,0
Michael Murray,-0,0
cYsmix,-0,0
Jackson Browne,-0,0
Noise Factory,-0,0
Ca$h Bandicoot,-0,0
SimoFrost,-0,0
Idiot Pop,-0,0
earthm🌎vers,-0,0
Uncle Fill,-0,0
赤卵,-0,0
Billy Raffoul,-0,0
BlaDesa,-0,0
藍良あれれ,-0,0
Duskfall,-0,0
Immoskyl,-0,0
Puff Freude,-0,0
Ivy Queen,-0,0
Stretch Armstrong,-0,0
AURORA,-0,0
1086 Productions,-0,0
The Lions,-0,0
mc chris,-0,0
Powell,-0,0
Uebok,-0,0
Boylan,-0,0
zorg,-0,0
Rundfunkchor Berlin,-0,0
HYPERPUP,-0,0
Jobless Music,-0,0
Caparezza,-0,0
Logic Wave,-0,0
Nuuro,-0,0
Stephan Bodzin vs. Marc Romboy,-0,0
Arty Fufkin,-0,0
Fredo & Thang,-0,0
The Cooper Temple Clause,-0,0
Eurohead,-0,0
The Firm,-0,0
Brandon Liew,-0,0
Beeyoudee,-0,0
tirestires,-0,0
Anonite,-0,0
DJ Screw,-0,0
Chri XsX tiaN,-0,0
Snowva,-0,0
Electroset,-0,0
Real McCoy,-0,0
Junior Jack,-0,0
DJ Zeph,-1.64759e-25,2
シモン,-4.49268e-24,1
ヨーコ,-4.49268e-24,1
Kill Paris,-4.72497e-24,1
Rev. J.M. Gates,-5.77125e-24,1
Brian Tuey,-1.37008e-23,1
Freddy Fresh,-1.43473e-23,1
Sugar Bear,-1.48747e-23,1
Jason Barty,-1.83339e-23,1
Snowflake,-1.96807e-23,1
Seduction,-2.69507e-23,1
Xscape,-3.12659e-23,1
jan Misali,-3.33395e-23,2
Alex Gopher,-3.38725e-23,1
Jago,-3.38725e-23,1
The More Extended Versions,-3.89045e-23,1
Traore,-3.95033e-23,1
Fulborn Teversham,-3.95033e-23,1
iconoclasm,-4.29349e-23,1
Risk Junk,-4.29349e-23,1
State of Alert,-4.51198e-23,1
Александр Порфирьевич Бородин,-4.60244e-23,1
Young Sid,-4.61448e-23,1
Third Avenue Blues Band,-5.04852e-23,1
Subdaio,-5.04852e-23,1
Stanislav Teterevlev,-5.11213e-23,1
Chick Corea,-5.38001e-23,1
KŪKO,-6.06444e-23,1
Lane 8,-6.17019e-23,1
F.U.S.E.,-6.19855e-23,1
Jimmy Dorsey and His Orchestra,-6.62629e-23,1
Zack Fox,-6.94754e-23,1
Nanne,-7.58399e-23,1
カラテクノ,-7.63448e-23,1
Bettye Swann,-7.645e-23,1
Daniela Rathana,-7.69935e-23,1
Andrei Tudor,-7.69935e-23,1
Shizen no Teki-P,-8.40007e-23,1
GIRakaCHEEZER,-8.5208e-23,1
翡乃イスカ,-8.71572e-23,1
shtk9u,-8.71687e-23,1
Central Cee,-9.09219e-23,1
User,-9.42691e-23,1
Tyler Lyle,-9.55513e-23,1
Bob Marley,-9.59584e-23,1
Shankar,-9.70043e-23,2
Tricil,-9.77255e-23,2
The Fauns,-1.01748e-22,1
Tim Carleton,-1.03105e-22,1
Elizaveta,-1.07495e-22,2
Oby Onyioha,-1.08634e-22,1
Leda,-1.09219e-22,1
Brad Breeck,-1.10217e-22,1
Ryan Leslie,-1.13933e-22,1
Skids,-1.15475e-22,1
Bjørn Torske,-1.15605e-22,1
Jason Weaver,-1.21963e-22,1
James Gameboy,-1.22699e-22,1
Kabuki,-1.31811e-22,2
Sik‐K,-1.33632e-22,1
Iambia,-1.40017e-22,1
Aya & Chika from D&D,-1.42259e-22,1
Folder 5,-1.42259e-22,1
D&D,-1.42259e-22,1
HINOIチーム,-1.42259e-22,1
Dino Verde,-1.43407e-22,1
Marilyn McCoo,-1.45735e-22,1
Twisted Freq,-1.46623e-22,1
光GENJI,-1.5269e-22,2
Karthik,-1.56719e-22,1
Yaggfu Front,-1.64831e-22,1
The Ocular Invisible,-1.66262e-22,1
HeyLasFas!,-1.66262e-22,1
HALIENE,-1.76701e-22,1
Kid Culture,-1.7826e-22,1
Unders,-1.7826e-22,1
D.Y.A,-1.7826e-22,1
Pete Oak,-1.7826e-22,1
Mike Ravelli,-1.7826e-22,1
Chaty,-1.7826e-22,1
TJ Davis,-1.80436e-22,1
Sway,-1.83415e-22,1
Conexion,-1.83415e-22,1
Rob Ellis,-1.87426e-22,1
Charlie Chaplin,-1.89739e-22,1
Darlyn Vlys,-1.94407e-22,5
GNB CHILI,-1.95793e-22,1
チマメ隊,-2.00073e-22,1
Girls Dead Monster,-2.00431e-22,11
Eddie Palmieri,-2.12463e-22,1
Beverly Glenn‐Copeland,-2.17269e-22,2
Louis Philippe,-2.2688e-22,1
45RPM,-2.27547e-22,1
That Petrol Emotion,-2.3095e-22,2
DVRST,-2.37853e-22,1
Propaganda,-2.38093e-22,1
emon(Tes.),-2.55429e-22,1
Avilon,-2.55557e-22,1
world’s end girlfriend,-2.57556e-22,1
*Luna,-2.6705e-22,2
Love is Same All,-2.73556e-22,1
Novo Amor,-2.75388e-22,1
J. Boogie’s Dubtronic Science,-2.77239e-22,1
Romanowski,-2.77239e-22,1
Mocca,-2.80152e-22,1
Wisin & Yandel,-2.82284e-22,3
DJ Ruffkutt,-2.86399e-22,1
サツキ,-2.86806e-22,1
Jacques Lancelot,-2.87352e-22,1
Probot,-2.90744e-22,1
Maxi-Beat,-2.93587e-22,1
Freestyle,-2.95884e-22,1
中森明菜,-2.95884e-22,1
Tino Casal,-2.95884e-22,1
PAX217,-2.97756e-22,1
モーニング娘。,-3.02368e-22,1
Veell,-3.03231e-22,1
タンポポ,-3.03231e-22,1
Carl Hall,-3.13788e-22,1
Rockabye Baby!,-3.1757e-22,2
細江慎治,-3.20565e-22,1
Cranky,-3.24397e-22,1
Wes Montgomery,-3.25951e-22,1
Kalabrese,-3.29918e-22,1
Mack 10,-3.33302e-22,1
Reasons,-3.37661e-22,1
Mýa,-3.38174e-22,2
Shanahan,-3.43687e-22,1
讃州中学勇者部,-3.80415e-22,1
Cookin’ on 3 Burners,-3.81208e-22,1
The Andrew Oldham Orchestra,-3.82255e-22,1
Zubeen Garg,-3.90816e-22,1
Too Funk,-3.93808e-22,1
Alvvays,-4.07354e-22,1
James Kochalka Superstar,-4.07718e-22,1
富永真央,-4.08328e-22,1
Sweet Robots Against the Machine,-4.08878e-22,2
Paul Young,-4.09112e-22,1
Norrie Paramor,-4.09112e-22,1
Keinemusik,-4.1186e-22,1
The Majesticons,-4.24425e-22,1
The Legendary Stardust Cowboy,-4.38158e-22,1
K.Flay,-4.44649e-22,1
4EverfreeBrony,-4.49415e-22,1
Terry Day,-4.51594e-22,2
Ağaçkakan,-4.54693e-22,1
Dadub,-4.56288e-22,1
The London Theatre Orchestra,-4.60747e-22,1
Sonny Fodera,-4.6577e-22,1
Banco de Gaia,-4.68213e-22,1
Gus Backus,-4.74712e-22,1
IRF,-4.74986e-22,1
BMB,-4.75361e-22,1
加賀美セイラ,-4.82277e-22,2
D-CELL SOUND TEAM,-4.84313e-22,1
زياد الرحباني,-4.89471e-22,1
Roger Sanchez,-4.89471e-22,1
Crustation,-4.89471e-22,1
Joe Jackson Band,-4.90086e-22,1
Xavier Omär,-4.9785e-22,1
Generation X,-5.037e-22,1
Digital Mystikz,-5.07043e-22,1
Dan le Sac vs. Scroobius Pip,-5.08851e-22,1
Orkiestra Symfoniczna Filharmonii Narodowej,-5.2143e-22,1
Nintendo,-5.33407e-22,1
Quazar,-5.33407e-22,1
Snayk,-5.33407e-22,1
Tommy february⁶,-5.34002e-22,1
10-FEET,-5.34002e-22,1
Capital Kings,-5.3899e-22,4
Psynwav,-5.42347e-22,1
Friendship,-5.42347e-22,1
Игорь Фёдорович Стравинский,-5.43843e-22,1
空手王,-5.55685e-22,1
The Searchers,-5.5593e-22,2
Adam Walaciński,-5.7806e-22,1
Xxtarlit⚸,-5.89561e-22,1
Loxy,-5.97717e-22,1
Metermaids,-6.07859e-22,1
Siva Six,-6.13409e-22,1
The Cheetah Girls,-6.22771e-22,1
Lalaine,-6.22771e-22,1
Omar,-6.26771e-22,1
Lágrima Ríos,-6.26771e-22,1
Schwartz,-6.28475e-22,1
TheLegendofRenegade,-6.33615e-22,1
You’ll Never Get to Heaven,-6.33615e-22,1
タナカトモノリ,-6.33615e-22,1
Himeko Katagiri,-6.3449e-22,3
L’Entourloop,-6.45605e-22,1
Pent Up Pup,-6.50926e-22,1
Walter “Tangle Eye” Jackson,-6.62417e-22,2
Sampha,-6.63991e-22,1
岩崎良美,-6.75518e-22,1
Tom Tykwer,-6.91073e-22,5
Zar,-6.92016e-22,1
Pix'L,-6.92016e-22,1
Key Glock,-6.9616e-22,1
Adam Ten,-6.98106e-22,1
Memphis Minnie,-7.04615e-22,1
IAmMelloYellow,-7.09544e-22,1
KK,-7.18515e-22,2
David Seville,-7.26949e-22,1
Dennis Farnon & His Orchestra,-7.26949e-22,1
J.C. Davis,-7.26949e-22,1
あき,-7.30402e-22,1
謎の人物K,-7.30402e-22,1
美木優希奈,-7.30402e-22,1
きこうでんみさ,-7.30402e-22,1
NAGISA,-7.30402e-22,1
KEiNA,-7.30402e-22,1
あおい愛,-7.30402e-22,1
DJ Command,-7.30754e-22,1
Serge Reggiani,-7.32789e-22,2
Steve Marshall,-7.32937e-22,1
Tom Baker,-7.46282e-22,1
Slow Motion Centerfold,-7.47244e-22,1
Joe Taylor,-7.61855e-22,1
Shaï,-7.78707e-22,1
Руки вверх!,-7.85943e-22,1
Sfire,-7.92193e-22,1
Paralell Manifesto,-7.92989e-22,1
オワタP,-7.9362e-22,1
Maker,-8.01432e-22,1
Ginger Baker’s Air Force,-8.01432e-22,1
Ghena Dimitrova,-8.01567e-22,1
Quirby64,-8.02098e-22,2
Mr. L,-8.07548e-22,2
Simin Ghanem,-8.14659e-22,1
Improved Sound Limited,-8.14659e-22,1
Bettye LaVette,-8.14659e-22,1
Felix de Luxe,-8.20183e-22,4
Zero 7,-8.22496e-22,1
Oran “Juice” Jones,-8.35356e-22,1
Melodosis,-8.3714e-22,1
Jazzanova,-8.47897e-22,1
Papon,-8.57245e-22,1
Anand Shinde,-8.57245e-22,1
The Congos,-8.68e-22,2
Neon Indian,-8.77379e-22,1
Shelleyan Orphan,-8.84377e-22,1
Andrés Jiménez “El Jíbaro”,-8.98939e-22,1
Don Omar,-8.98939e-22,1
Tego Calderón,-8.98939e-22,1
El Gran Combo de Puerto Rico,-8.98939e-22,1
blackwinterwells,-9.02827e-22,1
Alasen,-9.02827e-22,1
安室奈美恵,-9.17077e-22,3
WATCHMAN,-9.25596e-22,1
Rian Basilio and The Roosters,-9.33475e-22,1
Хлеб,-9.44337e-22,1
Ruback,-9.57347e-22,1
AXEL.K,-9.74321e-22,3
The Lady of Rage,-9.76613e-22,1
Richie Stephens,-9.79054e-22,1
onoken,-9.96936e-22,1
siromaru,-9.96936e-22,1
ボビー,-9.99152e-22,1
Cloud One,-1.04149e-21,1
The Dandy Warhols,-1.05774e-21,1
Duke Ellington and His Orchestra,-1.05808e-21,1
DJ Hektek,-1.07106e-21,1
Detest,-1.07106e-21,1
The Speed Freak,-1.07106e-21,1
Christa Lee,-1.10792e-21,1
nasanoa,-1.11761e-21,2
Ian Dury,-1.13093e-21,5
CoLD SToRAGE,-1.16537e-21,1
Matthew Dekay,-1.16537e-21,1
Harold Williamson,-1.16686e-21,3
Renato Carosone,-1.16885e-21,1
TERRANOVA,-1.20655e-21,1
millstones,-1.22516e-21,4
Starchildren,-1.23887e-21,1
Billy Corgan,-1.23887e-21,1
Perri Alleyne,-1.25964e-21,1
Caustic Window,-1.26475e-21,1
Masta Ace,-1.27026e-21,1
茅弘二,-1.28121e-21,1
Elvis Depressedly,-1.2865e-21,1
JQ the #1 Contender,-1.28877e-21,1
Naldo,-1.28877e-21,1
DJ Nelson,-1.28877e-21,1
Yelsid,-1.28877e-21,1
Nova & Jory,-1.28877e-21,1
Don Laka,-1.29722e-21,1
菅野よう子,-1.30436e-21,2
Martha and the Muffins,-1.32542e-21,1
Total,-1.34119e-21,1
No Authority,-1.36883e-21,1
Artefact,-1.36883e-21,1
Klangstabil,-1.36883e-21,1
Woody Bianchi,-1.36956e-21,1
Apes & Androids,-1.38025e-21,1
Domino,-1.38396e-21,2
Triple‐Q,-1.3858e-21,1
HIROSHI WATANABE,-1.40463e-21,2
Ryoji Ikeda,-1.41985e-21,1
Jowell,-1.4413e-21,1
Ángel & Khriz,-1.4413e-21,1
J King & Maximan,-1.4413e-21,1
三葉彩夏,-1.4608e-21,2
KA$TRO,-1.46893e-21,1
Toumani Diabaté,-1.47029e-21,2
O’Keefe Music Foundation,-1.48153e-21,1
Nicholas Lens,-1.48153e-21,1
Houdini,-1.50157e-21,2
Anne Clark,-1.50877e-21,2
Luca Agnelli,-1.50937e-21,1
Ben Kim,-1.50937e-21,1
Catrin Finch,-1.51545e-21,1
Stardrive,-1.53948e-21,1
Pina Carmirelli,-1.54772e-21,2
Sofie Letitre,-1.59735e-21,2
Roger Wagner,-1.60313e-21,2
At the Drive‐In,-1.62446e-21,1
Guayo Man & O.G. Black,-1.63062e-21,2
DOLLVOiD,-1.66362e-21,1
The Agonist,-1.66362e-21,1
Puschkin,-1.66362e-21,1
Yomicid,-1.66362e-21,1
Ulver,-1.68035e-21,6
DJ /rupture,-1.73635e-21,1
UndreamedPanic,-1.76852e-21,1
Third Son,-1.81398e-21,2
Eddy Senay,-1.90256e-21,1
Yoko Ono,-1.91298e-21,3
Heresy,-1.92769e-21,1
SHOKK青,-1.94553e-21,1
Kyo Itachi,-1.97518e-21,1
El Pep's,-1.97518e-21,1
CHAM rapper,-1.97518e-21,1
Ron Brice,-1.97518e-21,1
Gueule d’ange,-1.97518e-21,1
Flynt,-1.97518e-21,1
Hugo TSR,-1.97518e-21,1
La Vilerie,-1.97518e-21,1
Sameer Ahmad,-1.97518e-21,1
Sako,-1.97518e-21,1
L'ADLD,-1.97518e-21,1
Djo Ginkgo,-1.97518e-21,1
Karlito,-1.97518e-21,1
Infinit',-1.97518e-21,1
Mani Deïz,-1.97518e-21,1
Zekwé Ramos,-1.97518e-21,1
Seth Gueko,-1.97518e-21,1
404Billy,-1.97518e-21,1
Souffrance,-1.97518e-21,1
Hemo,-1.97518e-21,1
Dany Dan,-1.97518e-21,1
Fizzi Pizzi,-1.97518e-21,1
La Rumeur,-1.97518e-21,1
Le Téléphone Arabe,-1.97518e-21,1
VII,-1.97518e-21,1
Keroué,-1.97518e-21,1
MikyFlex,-1.97518e-21,1
Akbal,-1.97518e-21,1
Ockney,-1.97518e-21,1
Mr JL,-1.97518e-21,1
Lion MUSASHI,-1.99619e-21,1
John Reuben,-2.01371e-21,2
NormalM,-2.04625e-21,1
Volumetrique,-2.04625e-21,1
Soulusions,-2.04625e-21,1
A／I,-2.04625e-21,1
D’art-,-2.04625e-21,1
ReeK,-2.04625e-21,1
PSYQUO,-2.04625e-21,1
DJ BoBo,-2.05903e-21,2
MisterWives,-2.21954e-21,1
The Grid,-2.21954e-21,1
Anilah,-2.23426e-21,1
EXILE,-2.23848e-21,2
Fox Amoore,-2.24952e-21,1
Steam Powered Giraffe,-2.24952e-21,1
Novakk,-2.25733e-21,2
Mattia Pompeo,-2.25733e-21,2
eleventwelfth,-2.28233e-21,6
戸越まごめ,-2.29411e-21,4
Jade,-2.3e-21,1
ニラパセリ,-2.3e-21,1
waffle*,-2.3e-21,1
SERUiRE,-2.3e-21,1
TLC,-2.3e-21,1
かに風味,-2.3e-21,1
Wam,-2.3e-21,1
三品湊,-2.3e-21,1
バンドメンバー募集,-2.3e-21,1
Lovely Peaches,-2.32323e-21,3
Upercent,-2.36845e-21,3
石原慎一,-2.56243e-21,2
Dizharmonia,-2.56672e-21,1
Billie Fountain,-2.56672e-21,1
Radeckt,-2.56672e-21,1
Ran Salman,-2.56672e-21,1
Notize,-2.56672e-21,1
Marc DePulse,-2.56672e-21,1
Rafael Cerato,-2.56672e-21,1
Oliver Schories,-2.56672e-21,1
최강창민,-2.58893e-21,1
Oh Wonder,-2.63551e-21,7
Արամ Խաչատրյան,-2.65665e-21,1
Matophonia,-2.70715e-21,1
Dubmood,-2.70715e-21,1
June Miller,-2.72799e-21,1
InsideInfo,-2.72799e-21,1
Enei,-2.72799e-21,1
PON,-2.86472e-21,2
Zutt,-2.86472e-21,2
miko,-2.89084e-21,2
加藤ありさ,-2.92161e-21,4
YURiCa/花たん,-2.92161e-21,4
黒崎れおん,-2.92161e-21,4
Rosie,-2.92161e-21,4
神谷奈緒,-3.02721e-21,1
Seahaven,-3.1353e-21,1
Seaway,-3.1353e-21,1
Bearings,-3.1353e-21,1
Belmont,-3.1353e-21,1
The Amity Affliction,-3.1353e-21,1
Just Friends,-3.1353e-21,1
Hybrid Minds,-3.2089e-21,2
日高零奈,-3.34436e-21,3
twinkle*twinkle,-3.52034e-21,1
Scott McKenzie,-3.5833e-21,3
李香蘭,-3.59837e-21,1
白光,-3.59837e-21,1
白虹,-3.59837e-21,1
周璇,-3.59837e-21,1
姚莉,-3.59837e-21,1
Trébol Clan,-3.89834e-21,2
Wash Dennis & Charlie Sims,-4.06068e-21,1
Kelly Pace and Group,-4.06068e-21,1
Shokii,-4.09249e-21,2
LordAndiso,-4.09249e-21,2
Kingdom,-4.1717e-21,2
Recovering Hikikomori,-4.22084e-21,4
Watussi,-4.30379e-21,2
The Android Sisters,-4.30632e-21,2
The Aztec Mystic,-4.33137e-21,2
Jory Boy,-4.34492e-21,2
Lexie,-4.6e-21,2
Psilodump,-4.7165e-21,4
Plastyc Buddha,-4.88397e-21,2
The Story So Far,-4.95868e-21,3
Fantômas,-5.12788e-21,4
Koda,-5.22399e-21,1
Koegawa,-5.22399e-21,1
hu-zin,-5.22399e-21,1
Ko-Shan,-5.22399e-21,1
TKG,-5.22399e-21,1
Raphlesia,-5.22399e-21,1
VORTOM,-5.22399e-21,1
jeNoth,-5.22399e-21,1
Scutoid,-5.22399e-21,1
TMX BOOM,-5.22399e-21,1
seatrus,-5.22399e-21,1
amohS,-5.22399e-21,1
HearThuG,-5.35347e-21,3
Emperor,-5.45599e-21,2
Dubloadz,-5.4942e-21,2
The Human Experience,-5.87963e-21,2
Project One,-5.94468e-21,2
Freeze Corleone,-5.96048e-21,2
CYTOKINE,-7.04069e-21,2
うさ,-7.46336e-21,5
Arthur Brown’s Kingdom Come,-7.74661e-21,2
Mirani,-8.05801e-21,2
Christine Shipp,-8.12136e-21,2
Akira Rabelais,-8.18088e-21,1
Éva Csizmadia,-8.18088e-21,1
Moluk Zarrābi Darāmad,-8.18088e-21,1
Irān‐od‐Dowleh Helen,-8.18088e-21,1
Susan Alcorn,-8.18088e-21,1
Joe Meek,-8.18088e-21,1
不失者,-8.18088e-21,1
Huub Ten Hacken,-8.18088e-21,1
Hans Kennel,-8.18088e-21,1
Spiridon Shishigin,-8.18088e-21,1
Kodomo,-8.44363e-21,1
L.E.D.LIGHT,-8.72179e-21,4
デッドボールP,-8.8056e-21,7
3L,-8.96106e-21,3
V0iD,-9.31649e-21,3
Barış Manço,-1.01574e-20,6
Arnold Jarvis,-1.07856e-20,1
aivi & surasshu,-1.15439e-20,3
Louis Armstrong and His Hot Seven,-1.16741e-20,1
魂音泉,-1.43235e-20,1
雨宿どみ乃,-1.43235e-20,1
桃箱,-1.43235e-20,1
Montakhab-oz-Zākerin,-1.63618e-20,2
Antonius Rex,-1.63618e-20,2
Angus MacLise,-1.63618e-20,2
Booka Shade,-1.89458e-20,8
Louise Kirkby-Lunn,-2.06707e-20,6
Louis Armstrong & His Orchestra,-2.55273e-20,3
Daddy Yankee,-2.81794e-20,9
空音,-2.8647e-20,2
Exteria,-2.98713e-20,5
隣人,-3.07983e-20,7
Dottor Dag,-3.20583e-20,5
J. M. Dillard,-3.76498e-20,4
katsu,-4.01425e-20,5
Blue Effect,-5.4636e-20,4
François‐Bernard Mâche,-6.20357e-20,6
BUNDA,-6.53683e-20,6
donGURALesko,-6.83228e-20,14
Detroit Swindle,-9.19346e-20,7
Louis Armstrong & His All-Stars,-1.02109e-19,12
BillmaZter,-1.36383e-19,9
