artist,betweenness
Beyoncé,0.00570852
The Weeknd,0.00570221
近藤浩治,0.00531264
Psynwav,0.00529571
JAY‐Z,0.00523078
Fatboy Slim,0.00512805
2Pac,0.00495199
DJ Shadow,0.00489371
Beastie Boys,0.00465812
Eminem,0.00442722
"Earth, Wind & Fire",0.00431358
Ye,0.00425342
DRAM,0.00411543
James Brown,0.00402334
De La Soul,0.00299605
J. Cole,0.00262502
Eric B. & Rakim,0.00258167
Britney Spears,0.00242604
Mariah Carey,0.00235596
Porter Robinson,0.00230103
Playboi Carti,0.00224036
The Notorious B.I.G.,0.00221864
Björk,0.00206831
Gil Scott‐Heron,0.0020667
Sasha,0.00199176
A Tribe Called Quest,0.00196847
Daft Punk,0.00191016
Madeon,0.0018527
Madonna,0.00172906
Armin van Buuren,0.00159656
Run‐D.M.C.,0.00158449
Ghostface Killah,0.00149413
50 Cent,0.00149062
Rose Royce,0.00133486
Drake,0.00117966
Prince,0.00113988
Dr. Dre,0.00110333
N.W.A,0.00107954
Charli xcx,0.00104053
Suzanne Vega,0.00100806
LL Cool J,0.00100127
Busta Rhymes,0.000966586
Clipse,0.000932734
M|A|R|R|S,0.000918346
Justice,0.000903879
Blue Sky Black Death,0.000879847
Kendrick Lamar,0.000876764
Major Lazer,0.000874228
Snoop Dogg,0.000858809
Nas,0.000856336
M.I.A.,0.000846074
Lady Gaga,0.000838609
Public Enemy,0.000837268
Depeche Mode,0.000812401
Michael Jackson,0.000809485
T.I.,0.00079166
The Prodigy,0.000782726
XXXTENTACION,0.000766405
Mic Geronimo,0.000674422
長沼英樹,0.000613974
Queen,0.000613885
Nine Inch Nails,0.00060701
Amerigo Gazaway,0.000583552
Trackademicks,0.000582531
Fedde Le Grand,0.000573169
Jokers of the Scene,0.000572138
Moby,0.000570165
Mobb Deep,0.000565137
Wu‐Tang Clan,0.000552441
G Jones,0.000551069
Skrillex,0.000548711
Janet Jackson,0.000532953
Common,0.000532533
21 Savage,0.000524865
Death Grips,0.000523182
UNKLE,0.000495817
Sex Pistols,0.000487956
Zedd,0.000485558
Calvin Harris,0.000482585
Kylie Minogue,0.000471393
Congorock,0.000465621
100 gecs,0.000464947
Pusha T,0.000464811
Katy Perry,0.000464357
Aesop Rock,0.000462617
C418,0.000461488
Jungle Brothers,0.000460397
Benny Benassi,0.000460396
"Tyler, The Creator",0.000447439
Yasiin Bey,0.000446817
Kid Cudi,0.000438626
The KLF,0.000437877
The Chemical Brothers,0.000425838
Method Man,0.000423721
AC Slater,0.00042036
EPMD,0.000406553
t.A.T.u.,0.000366384
Fabolous,0.000363243
Cam’ron,0.000359612
The Avalanches,0.000347393
Knife Party,0.000346995
Kero Kero Bonito,0.000345907
Massive Attack,0.000345243
Aretha Franklin,0.000344242
Paul van Dyk,0.000338262
Fred again..,0.000336768
Virtual Self,0.000334422
Aphex Twin,0.000333756
deadmau5,0.000331415
Armand van Helden,0.00032848
Public Image Ltd,0.00032067
Justin Bieber,0.000319971
Beck,0.000318428
Rihanna,0.000314424
J Dilla,0.000311561
Big Kap,0.0003096
Cardi B,0.000306295
Gang Starr,0.000304595
Kate Bush,0.000303805
Lupe Fiasco,0.000302273
Circuitfry,0.000299162
dvsn,0.000294581
Negativland,0.000294499
Mark Ronson,0.000293927
Sia,0.000290742
Baby Keem,0.000267585
Shoebill,0.000265613
Limp Bizkit,0.000261598
Boogie Down Productions,0.000259194
Orkidea,0.000258769
Bone Thugs‐n‐Harmony,0.00025448
Sade,0.000253687
Juicy J,0.000252098
Alicia Keys,0.000251353
MGMT,0.000249158
Krewella,0.000248348
Styles P,0.000246404
PinkPantheress,0.000245224
m‐flo,0.000239702
目黒将司,0.000239552
Pete Rock,0.000238947
Toby Fox,0.000236943
かめりあ,0.000235235
Neil Cicierega,0.000234671
702,0.000233481
House of Pain,0.000233305
Noisia,0.000232979
Lecrae,0.000232031
Example,0.000231974
Pretty Lights,0.000231286
Yaggfu Front,0.000231218
Kabuki,0.00023115
Coil,0.000231083
Chance the Rapper,0.000231021
Vylet Pony,0.000231015
Intense,0.000230947
Zomby,0.000230947
Diplo,0.000230947
Shut Up and Dance,0.000230812
Caribou,0.000230812
Necro,0.000230744
Slum Village,0.000230677
KA$TRO,0.000230677
Mack 10,0.000230564
Modjo,0.000230507
Jay Green’s stuff,0.000228385
Akon,0.000224674
Wiz Khalifa,0.000222178
Future,0.000217338
Missy Elliott,0.000209795
Paul Oakenfold,0.000207318
Digitalism,0.000201458
Boys Noize,0.000197594
Carlos Bess,0.000195927
Danny L Harle,0.000195098
Metal Fingers,0.000193354
Cypress Hill,0.000189206
Gareth Emery,0.000188935
Fugees,0.000187888
Ice‐T,0.000180772
A$AP Rocky,0.000180132
Excision,0.000179126
Will Smith,0.00017789
Solarstone,0.000174886
Aaliyah,0.000171598
The Beatnuts,0.000164605
Vanilla Ice,0.000160925
KRS‐One,0.000159064
Hi‐Tek,0.000154082
Way Out West,0.000153281
Black Eyed Peas,0.000152912
Miles Davis,0.000150747
Makaveli,0.00014881
Cut Chemist,0.000146574
SWV,0.000146489
Ice Cube,0.000144925
Bloodhound Gang,0.000143506
Redman,0.000141517
4hero,0.000138562
Ninjasonik,0.000138036
Ashanti,0.000137249
Mase,0.000136858
OutKast,0.000135137
The Roots,0.000133808
Pete Rock & C.L. Smooth,0.000131963
Dog Blood,0.00012924
Jurassic 5,0.000125814
Elvis Presley,0.000125363
Swedish House Mafia,0.000123594
The Pharcyde,0.000122999
Madvillain,0.000121942
The Living Tombstone,0.000121189
Lil Jon & The East Side Boyz,0.000118766
Ticklish,0.000117968
Basement Jaxx,0.000116473
Mac Miller,0.000112803
TLC,0.000112326
Knxwledge,0.000111759
Squarepusher,0.000108702
Method Man & Redman,0.000107302
Altern 8,0.000103431
Nicki Minaj,0.000102373
S3RL,0.000102242
Timbaland,0.000100941
DMX,9.58454e-05
Placebo,9.38286e-05
Delerium,9.16861e-05
goreshit,9.13271e-05
Left at London,9.12742e-05
The Orb,9.09894e-05
Derek Minor,8.82993e-05
Fat Joe,8.7849e-05
Talib Kweli,8.60571e-05
Camp Lo,8.50505e-05
Falco,8.45656e-05
Brandy,8.38493e-05
3rd Bass,8.35069e-05
Groove Armada,8.29234e-05
UGK,8.28218e-05
Willie Hutch,8.19459e-05
Aceyalone,7.98886e-05
Joey Valence & Brae,7.98526e-05
B.o.B,7.96303e-05
P.O.S,7.95308e-05
Joey Bada$$,7.90944e-05
Big Pun,7.81842e-05
Gucci Mane,7.80441e-05
Blondie,7.74916e-05
Saint Etienne,7.64295e-05
Ludacris,7.55577e-05
Lizzo,7.34398e-05
Nosferatu,7.32582e-05
Jennifer Lopez,7.32158e-05
Kelis,7.1245e-05
Meat Beat Manifesto,7.10211e-05
Estelle,7.05329e-05
CJ Bolland,6.96428e-05
Stacy Lattisaw,6.92931e-05
Arca,6.72253e-05
SpaceGhostPurrp,6.64903e-05
Zeds Dead,6.56119e-05
Metro Boomin,6.40736e-05
The xx,6.37794e-05
Eagles,6.36256e-05
Kreayshawn,6.33877e-05
2 Chainz,6.30552e-05
Le Knight Club,6.30535e-05
Koreless,6.25564e-05
Whodini,6.23448e-05
Puff Daddy & the Family,6.22223e-05
Chumbawamba,6.16356e-05
Digable Planets,6.13309e-05
070 Shake,6.13309e-05
Utah Saints,6.11795e-05
George Michael,6.10851e-05
SL2,6.09732e-05
Gotye,6.00107e-05
Manfred Mann’s Earth Band,5.98131e-05
PEEKABOO,5.9731e-05
Coldplay,5.97274e-05
A. G. Cook,5.94092e-05
CYNE,5.90825e-05
odaxelagnia,5.85678e-05
David Guetta,5.84814e-05
Megan Thee Stallion,5.76273e-05
Laura Les,5.73532e-05
Xzibit,5.66188e-05
DJ Jazzy Jeff & the Fresh Prince,5.60157e-05
Frank Ocean,5.53042e-05
RL Grime,5.51471e-05
REZZ,5.5128e-05
Aviators,5.49439e-05
Bon Iver,5.48762e-05
Portishead,5.46793e-05
Lil Wayne,5.44479e-05
FKA twigs,5.40931e-05
Lana Del Rey,5.38828e-05
Philip Glass,5.38505e-05
Big Daddy Kane,5.3779e-05
D’Angelo,5.35127e-05
Afrojack,5.34258e-05
Pink Floyd,5.26652e-05
Lil Peep,5.24707e-05
The Beatles,5.12539e-05
Gorillaz,5.11975e-05
Icona Pop,5.09459e-05
Peter Schilling,5.078e-05
Linkin Park,4.98471e-05
U2,4.96619e-05
Cassius,4.85769e-05
Naughty by Nature,4.84174e-05
Nelly Furtado,4.83956e-05
MF DOOM,4.74081e-05
Bastille,4.73988e-05
Aleister X,4.6699e-05
will.i.am,4.54774e-05
Daniel Ingram,4.54447e-05
Scissor Sisters,4.42771e-05
oneboredjeu,4.42094e-05
G‐Unit,4.40277e-05
Tiësto,4.40079e-05
Enigma,4.33379e-05
Salt‐N‐Pepa,4.31913e-05
Richard M. Sherman,4.24295e-05
Gravediggaz,4.23493e-05
Barry De Vorzon,4.23167e-05
Empire of the Sun,4.21812e-05
ATOLS,4.19781e-05
Stereo MC’s,4.15008e-05
Raekwon,4.12464e-05
4lung,4.11085e-05
かたぎり,4.08955e-05
BONES,4.03906e-05
Panic! at the Disco,4.0095e-05
Grabbitz,3.98721e-05
Craig David,3.82486e-05
808 State,3.81978e-05
Biz Markie,3.81907e-05
Rhymefest,3.81048e-05
Ariana Grande,3.78595e-05
Chase & Status,3.66604e-05
Kx5,3.66039e-05
dead prez,3.64059e-05
Young Buck,3.60103e-05
Shygirl,3.59409e-05
Doja Cat,3.47245e-05
Mint Royale,3.3921e-05
Coldcut,3.38957e-05
John Williams,3.38533e-05
tofubeats,3.38533e-05
ピノキオピー,3.38533e-05
Radiohead,3.38533e-05
Shogun,3.36299e-05
John Barry,3.35825e-05
Kesha,3.2811e-05
The Disco Boys,3.23778e-05
Erykah Badu,3.17285e-05
CeeLo Green,3.16258e-05
No Mana,3.16019e-05
Raw Man,3.15537e-05
Boyz II Men,3.09627e-05
O.C.,3.06762e-05
Big Tymers,2.95229e-05
Three 6 Mafia,2.94134e-05
Masta Ace Incorporated,2.92092e-05
ATB,2.89897e-05
Metallica,2.87894e-05
James Blake,2.87065e-05
Juvenile,2.86543e-05
Hardwell,2.85158e-05
Scooter,2.80785e-05
Orchestral Manoeuvres in the Dark,2.77474e-05
Birdman,2.74644e-05
Darude,2.70003e-05
Everything but the Girl,2.69156e-05
Bomb the Bass,2.68102e-05
Silkk the Shocker,2.65199e-05
A.Skillz,2.62235e-05
Silva Hound,2.61411e-05
Pet Shop Boys,2.58089e-05
Red Hot Chili Peppers,2.57477e-05
椎名もた,2.57285e-05
Project Pat,2.56898e-05
Rob Base & D.J. E‐Z Rock,2.568e-05
Peking Duk,2.56405e-05
Travis Scott,2.55931e-05
Lil Jon,2.54126e-05
Louis Armstrong,2.539e-05
Santigold,2.539e-05
KIDS SEE GHOSTS,2.539e-05
Jaylib,2.539e-05
Klaus Wunderlich,2.539e-05
Bruno Mars,2.539e-05
Eric Prydz,2.52546e-05
Ski Mask the Slump God,2.51869e-05
gyrofield,2.43733e-05
Grandmaster Flash & The Furious Five,2.43262e-05
Deee‐Lite,2.41969e-05
Extrabreit,2.39145e-05
Death in Vegas,2.38384e-05
Kid ’n Play,2.35456e-05
LMFAO,2.33531e-05
MUST DIE!,2.27229e-05
Z‐Ro,2.23444e-05
Diddy,2.23237e-05
Jeru the Damaja,2.22354e-05
Clams Casino,2.21457e-05
Lil Nas X,2.21427e-05
The Smashing Pumpkins,2.15599e-05
Faith No More,2.12909e-05
Flux Pavilion,2.12204e-05
Queen Latifah,2.07037e-05
Amerie,1.98034e-05
Mary J. Blige,1.94697e-05
Rakim,1.93398e-05
Jadakiss,1.93284e-05
Credit to the Nation,1.9319e-05
Madlib,1.92185e-05
W&W,1.91881e-05
John Legend,1.90127e-05
Lil’ Kim,1.89313e-05
Together,1.88394e-05
Avicii,1.83153e-05
The Ting Tings,1.80422e-05
Brian Eno,1.78542e-05
Boards of Canada,1.78531e-05
Beanie Sigel,1.77797e-05
Dash Berlin,1.77391e-05
GZA/Genius,1.77109e-05
Mat Zo,1.77019e-05
Art of Noise,1.7668e-05
Zack de la Rocha,1.74503e-05
DJ Krush,1.73397e-05
Crush 40,1.72313e-05
Just‐Ice,1.72059e-05
Malcolm McLaren,1.71975e-05
Madison Avenue,1.71772e-05
Candi Staton,1.71636e-05
Seven Lions,1.71512e-05
Lauryn Hill,1.7124e-05
Canibus,1.70959e-05
Renard,1.70756e-05
Chamillionaire,1.70756e-05
Taylor Swift,1.70621e-05
Vangelis,1.70621e-05
澤野弘之,1.70621e-05
Betty Wright,1.70621e-05
The Shamen,1.69944e-05
T‐Pain,1.69346e-05
Romy,1.69267e-05
Benny Will Richardson,1.69267e-05
Manic Street Preachers,1.69267e-05
New York Philharmonic,1.69267e-05
Passion Pit,1.69267e-05
Shreya Ghoshal,1.69267e-05
Foozogz,1.69267e-05
[theatre],1.69267e-05
Rammstein,1.69267e-05
Chicane,1.69267e-05
ミト,1.69267e-05
The Killers,1.6859e-05
Sean Paul,1.67235e-05
Usher,1.6723e-05
ゆよゆっぺ,1.66558e-05
Frankie Goes to Hollywood,1.66558e-05
Keyboard Cat,1.65204e-05
EDDIE,1.56619e-05
Shaquille O’Neal,1.56117e-05
Bee Gees,1.49304e-05
Imogen Heap,1.48334e-05
JPEGMAFIA,1.48041e-05
Jeezy,1.44057e-05
The Pack,1.44001e-05
Dillon Francis,1.43482e-05
Bob Marley & The Wailers,1.40773e-05
Nena,1.40762e-05
Tritonal,1.38178e-05
Brand Nubian,1.37417e-05
Lulu,1.36407e-05
Twista,1.33799e-05
chris†††,1.27783e-05
Q‐Tip,1.26626e-05
Burial,1.26407e-05
Annie,1.25138e-05
Smokey Robinson,1.24469e-05
Too $hort,1.23836e-05
Underworld,1.23389e-05
Arrested Development,1.22481e-05
Westside Gunn,1.21563e-05
Moguai,1.19801e-05
Blake Baxter,1.19182e-05
KMD,1.14943e-05
Royce da 5′9″,1.13408e-05
Apollo 440,1.12899e-05
Renegade Soundwave,1.11176e-05
The 2 Live Crew,1.09409e-05
Eazy‐E,1.09049e-05
Avril Lavigne,1.07552e-05
MC Eiht,1.07267e-05
Oasis,1.06114e-05
Lords of the Underground,1.04155e-05
Goodie Mob,1.02638e-05
Jamiroquai,1.02034e-05
8Ball & MJG,1.01109e-05
Laibach,9.94611e-06
Mere Notilde,9.90293e-06
Whitney Houston,9.9021e-06
The Last Poets,9.7986e-06
The D.O.C.,9.72832e-06
PSY,9.67133e-06
Tone‐Lōc,9.65282e-06
Snap!,9.57888e-06
Old World Disorder,9.50488e-06
Onyx,9.47104e-06
Scarface,9.42787e-06
Doug Lazy,9.30176e-06
JoinedTheHerd,9.27581e-06
Swing Out Sister,9.26571e-06
Ty Dolla $ign,9.24196e-06
Frank Zappa,9.22578e-06
Alstroemeria Records,9.16297e-06
Destiny’s Child,9.16135e-06
Jodeci,9.15797e-06
P!nk,9.1088e-06
The Offspring,9.05576e-06
Robyn,9.00498e-06
Far East Movement,8.97919e-06
Cannonball Adderley,8.94179e-06
M.A.N.D.Y.,8.93728e-06
宇多田ヒカル,8.88962e-06
Lord Tariq & Peter Gunz,8.86618e-06
Alter Ego,8.80186e-06
Mr. Oizo,8.74318e-06
Chicago,8.71463e-06
Lily Allen,8.69692e-06
Samantha Fox,8.67773e-06
Asha Bhosle,8.66645e-06
La Roux,8.66645e-06
The Alchemist,8.65855e-06
Blue Boy,8.65705e-06
A.D.O.R.,8.62131e-06
Yellow Magic Orchestra,8.60008e-06
μ's,8.59874e-06
Bessie Smith,8.59874e-06
John Lennon,8.59874e-06
Lil Scrappy,8.5615e-06
The Big Pink,8.53292e-06
ASA-CHANG&巡礼,8.53104e-06
Ray Charles,8.53104e-06
Chaka Khan,8.53104e-06
John Coltrane,8.53104e-06
Al Green,8.53104e-06
The All Seeing I,8.4859e-06
Janelle Monáe,8.47687e-06
Emily Montes,8.47392e-06
Céline Dion,8.47392e-06
Jimmy McGriff,8.46333e-06
Unknown Artist,8.46333e-06
Newsboys,8.46333e-06
Caroline Rose,8.46333e-06
Tame Impala,8.46333e-06
DBX,8.46333e-06
Player,8.46333e-06
高橋洋子,8.46333e-06
Action Bronson,8.46333e-06
PrinceWhateverer,8.46333e-06
Ian Dury & the Blockheads,8.46333e-06
The Flying Lizards,8.46333e-06
Joachim Witt,8.46333e-06
Thelonious Monk,8.46333e-06
Boston Pops Orchestra,8.46333e-06
The Human League,8.46333e-06
sci,8.46333e-06
Barry Manilow,8.46333e-06
Max Coveri,8.46333e-06
TOWA TEI,8.46333e-06
坂本龍一,8.46333e-06
Rasmus,8.46333e-06
Crazy Frog,8.46333e-06
Giuseppe Ottaviani,8.46333e-06
Davey Asprey,8.46333e-06
The 2 Bears,8.46333e-06
Gangsta Boo,8.46333e-06
Recoil,8.46333e-06
Bappi Lahiri,8.46333e-06
Bear McCreary,8.46333e-06
Above & Beyond,8.46333e-06
Markus Schulz,8.46333e-06
Paul Simon,8.46333e-06
Elton John,8.46333e-06
Pryda,8.46333e-06
Tom Waits,8.46333e-06
Baby D,8.46333e-06
本田未央,8.46333e-06
Big Sean,8.46333e-06
The Verve,8.46333e-06
Oh No,8.46333e-06
Sigur Rós,8.46333e-06
Tiny Tim,8.46333e-06
Santana,8.46333e-06
JX,8.46333e-06
Young Robbery,8.46333e-06
Ron Grainer,8.46333e-06
Yolanda Be Cool,8.46333e-06
Jane’s Addiction,8.46333e-06
Da Bush Babees,8.46333e-06
The Source,8.46333e-06
Outsidaz,8.46333e-06
Nadia Ali,8.46333e-06
Lange,8.46333e-06
Egon,8.46333e-06
I Monster,8.46333e-06
Storm,8.46333e-06
Sam Cooke,8.46333e-06
Ørjan Nilsen,8.46333e-06
Bounty Killer,8.46333e-06
Iron Maiden,8.46333e-06
General Mumble,8.46333e-06
The Fall,8.46333e-06
Benga,8.46333e-06
Ed Sheeran,8.46333e-06
Miley Cyrus,8.46333e-06
Shai,8.46333e-06
SOPHIE,8.46333e-06
Crime Mob,8.46333e-06
Alan Parsons,8.46333e-06
Aerosmith,8.46333e-06
Desiigner,8.46333e-06
Bad Brains,8.46333e-06
Mr. Fingers,8.46333e-06
Peter Gabriel,8.46333e-06
The Cranberries,8.46333e-06
The Whispers,8.46333e-06
Rod Stewart,8.46333e-06
Jackle App,8.46333e-06
Andrew Rayel,8.46333e-06
David Bowie,8.46333e-06
Dela,8.46333e-06
Monty Norman,8.46333e-06
Paolo Nutini,8.46333e-06
Black Flag,8.46333e-06
Breathe Carolina,8.46333e-06
YG,8.42873e-06
SpongeBob SquarePants,8.39562e-06
Kavinsky,8.39562e-06
Slayer,8.32792e-06
Insane Clown Posse,8.32542e-06
Diana Ross,8.26021e-06
Double 99,8.26021e-06
Imagine Dragons,8.22636e-06
Autechre,8.00658e-06
M.O.P.,7.97461e-06
R.E.M.,7.95553e-06
Alice Cooper,7.92506e-06
R. Kelly,7.89064e-06
Shawnna,7.81227e-06
Jason Derulo,7.55606e-06
Gene Harris,7.5019e-06
Goldfrapp,7.27846e-06
Dizzee Rascal,7.16839e-06
DJKurara,7.09264e-06
Henry Mancini,7.05503e-06
Young MC,7.03774e-06
QB Finest,7.03773e-06
Kardinal Offishall,6.99579e-06
Ferry Corsten,6.8079e-06
Yes,6.54465e-06
HUGEL,6.49664e-06
IShowSpeed,6.46598e-06
Sander van Doorn,6.41762e-06
Stars in Autumn,6.33057e-06
BROCKHAMPTON,6.2295e-06
MC Lyte,6.15537e-06
Junior M.A.F.I.A.,5.85388e-06
Jim Jones,5.33754e-06
Stardust,5.29401e-06
Sexyy Red,5.13382e-06
Rahul Dev Burman,4.99961e-06
Curtis Mayfield,4.99941e-06
ZZ Top,4.87488e-06
Stormwolf,4.84102e-06
Young Gunz,4.7144e-06
Monica,4.65752e-06
Luniz,4.62407e-06
The Madd Rapper,4.57834e-06
Leftfield,4.45375e-06
Jocelyn Brown,4.4127e-06
Slick Rick,4.35325e-06
The B‐52s,4.31581e-06
Logic,4.30412e-06
Kishore Kumar,4.19781e-06
Nirvana,4.03322e-06
Black Sheep,4.03249e-06
Stetsasonic,3.92732e-06
James L. Venable,3.88437e-06
Shlohmo,3.86831e-06
Blumentopf,3.72387e-06
Foremost Poets,3.58281e-06
Merzbow,3.52075e-06
BSOD,3.41145e-06
Florence + the Machine,3.41096e-06
The Time,3.38308e-06
Erick Sermon,3.38023e-06
Quasimoto,3.37469e-06
"Grover Washington, Jr.",3.1523e-06
Rav,2.92154e-06
Rage Against the Machine,2.84849e-06
Pitbull,2.83199e-06
$uicideboy$,2.75146e-06
Meek Mill,2.74276e-06
Die Fantastischen Vier,2.70827e-06
Syzy,2.67441e-06
Dr. Octagon,2.66517e-06
Mario,2.45453e-06
Dan Mason,2.43744e-06
Basshunter,2.40068e-06
Flamingosis,2.37989e-06
Paul Johnson,2.26817e-06
Feed Me,2.23746e-06
Anyma,2.192e-06
Christina Aguilera,2.1867e-06
Eurobeat Brony,2.16661e-06
Coolio,2.16661e-06
Gabrielle,2.12994e-06
AussieAsher,2.09891e-06
SAINT PEPSI,2.0825e-06
Paul McCartney,2.0546e-06
CG5,2.00299e-06
Macintosh Plus,1.97478e-06
Tommy Wright III,1.86048e-06
Clean Bandit,1.77166e-06
The Police,1.73893e-06
MC Hammer,1.73248e-06
Masayoshi Minoshima,1.72652e-06
Sara Landry,1.71523e-06
Doechii,1.69267e-06
Fifth Harmony,1.68501e-06
blink‐182,1.66107e-06
The Treacherous Three,1.6443e-06
Timbaland & Magoo,1.64289e-06
Kool G Rap & DJ Polo,1.6291e-06
City Girls,1.62141e-06
Sir Mix‐A‐Lot,1.6181e-06
Marusha,1.56139e-06
Kill the Noise,1.48732e-06
Assertive,1.42184e-06
The Jam,1.42184e-06
Furries in a Blender,1.34285e-06
Mirwais,1.31915e-06
Rick Ross,1.30306e-06
Gescom,1.28643e-06
Uppermost,1.258e-06
Reizoko Cj,1.24532e-06
Super Cat,1.21485e-06
Lou Rawls,1.20476e-06
Doug E. Fresh,1.17584e-06
Earl Sweatshirt,1.16375e-06
3LAU,1.15245e-06
Darlyn Vlys,1.15101e-06
Selena Gomez,1.15101e-06
Herbie Hancock,1.13247e-06
Kid Rock,1.11887e-06
Digital Underground,1.0914e-06
MixmstrStel,1.08331e-06
Schoolly D,1.0595e-06
Ian Pooley,1.04945e-06
Sewerslvt,1.04945e-06
Shankar,1.04155e-06
Denzel Curry,1.0156e-06
Phil Collins,9.99963e-07
Jane Remover,9.81746e-07
N*E*R*D,9.57673e-07
Playa Poncho,9.47893e-07
Afrika Bambaataa & Soulsonic Force,8.67935e-07
Backstreet Boys,8.46333e-07
Clark Powell,8.46333e-07
Sugar Bear,8.38434e-07
Post Malone,8.22896e-07
Ciara,8.1248e-07
Nhato,8.1248e-07
Black Sun Empire,8.1248e-07
RoughSketch,8.1248e-07
Richie Hawtin,8.1248e-07
Spice Girls,8.08457e-07
Jimi Hendrix,7.63392e-07
Funkmaster Flex,7.52672e-07
HAIM,7.43161e-07
Fine Young Cannibals,7.19383e-07
Amateras Records,7.1092e-07
The Sugarhill Gang,7.07722e-07
Camila Cabello,6.87483e-07
Del the Funky Homosapien,6.86739e-07
Marcus Miller,6.83945e-07
Rocko,6.79323e-07
Fettes Brot,6.77066e-07
underscores,6.77066e-07
Mefjus,6.77066e-07
The Go! Team,6.77066e-07
Damian “Jr. Gong” Marley,6.77066e-07
Melissa,6.6014e-07
SoGreatandPowerful,6.0936e-07
Kaskade,6.0936e-07
Soulja Boy,6.0936e-07
Oneohtrix Point Never,6.0936e-07
TCB,6.0936e-07
The Bloody Beetroots,6.0936e-07
美里,6.0936e-07
Vince Staples,6.0936e-07
Asia,6.06733e-07
Weezer,5.86227e-07
Infusion,5.76227e-07
Stezo,5.68575e-07
E‐40,5.5858e-07
Freeway,5.57371e-07
Daedelus,5.42858e-07
London Symphony Orchestra,5.41653e-07
d.notive,5.41653e-07
Lou Bega,5.41653e-07
Steve Reich,5.41653e-07
Marilyn Manson,5.41653e-07
Pete Oak,5.41653e-07
Fall Out Boy,5.41653e-07
Spank Rock,5.41653e-07
Yung Joc,5.30369e-07
Mark J. Hadley,5.078e-07
DJ Falcon,4.96515e-07
Thomas Bangalter,4.96515e-07
Michael Guy Bowman,4.96515e-07
Crystal Castles,4.90873e-07
Garbage,4.90873e-07
*NSYNC,4.87488e-07
Rich Boy,4.7454e-07
Spice 1,4.45735e-07
Ultramagnetic MC’s,4.29426e-07
J‐Kwon,4.17524e-07
鹿乃,4.0624e-07
Nujabes,4.0624e-07
DANGERDOOM,4.0624e-07
Pendulum,4.0624e-07
渋谷凛,4.0624e-07
Infected Mushroom,4.0624e-07
Sam Smith,4.0624e-07
Rameses B,4.0624e-07
HEALTH,4.0624e-07
Daddy Yankee,4.0624e-07
kors k,4.0624e-07
Room 5,3.88185e-07
Jim Morrison,3.87809e-07
Vengaboys,3.83671e-07
Big K.R.I.T.,3.83671e-07
Grandmaster Flash,3.67067e-07
Lloyd Banks,3.61102e-07
Audio Two,3.55743e-07
Big Boi,3.5546e-07
S Club,3.53848e-07
Mr. Cheeks,3.46432e-07
Baha Men,3.38533e-07
Dan le Sac vs. Scroobius Pip,3.38533e-07
DJ TECHNORCH,3.38533e-07
luxury elite,3.38533e-07
Booka Shade,3.38533e-07
Photek,3.38533e-07
P*Light,3.38533e-07
HALCALI,3.38533e-07
t+pazolite,3.38533e-07
Childish Gambino,3.20478e-07
Lord Finesse,3.1446e-07
Blackstreet,3.07321e-07
Hot Chip,3.06937e-07
sanodg,3.05061e-07
The Pump Panel,2.76469e-07
NERO,2.71166e-07
Sound Remedy,2.70827e-07
ODESZA,2.70827e-07
anubasu-anubasu,2.70827e-07
L.E.D.,2.70827e-07
DJ Command,2.70827e-07
CRO,2.70827e-07
Astral Waves,2.70827e-07
Frou Frou,2.70827e-07
Lisa Stansfield,2.70827e-07
K’naan,2.70827e-07
HI‐LO,2.70827e-07
Dem Franchize Boyz,2.70827e-07
Ja Rule,2.70827e-07
Armando,2.70827e-07
Godflesh,2.70827e-07
Cranky,2.70827e-07
Wagon Christ,2.70827e-07
The Smiths,2.70827e-07
Dragon Ash,2.70827e-07
Mura Masa,2.70827e-07
Sean Kingston,2.539e-07
Ying Yang Twins,2.36973e-07
Akira Yamaoka,2.36973e-07
ARTY,2.36973e-07
Phoenix,2.25689e-07
Fergie,2.25689e-07
Ini Kamoze,2.25689e-07
Shaggy,2.25125e-07
Trick Daddy,2.16661e-07
Flo Rida,2.16661e-07
The Neighbourhood,2.08762e-07
The Ones,2.05377e-07
ALiCE'S EMOTiON,2.0312e-07
Mohammed Rafi,2.0312e-07
Moloko,2.0312e-07
Atari Teenage Riot,2.0312e-07
Don Miguelo,2.0312e-07
Caustic Window,2.0312e-07
New Young Pony Club,2.0312e-07
Ben Kim,2.0312e-07
電音部,2.0312e-07
DJ Fresh,2.0312e-07
Jay Robinson,2.0312e-07
NOMA,2.0312e-07
Diamond and The Psychotic Neurotics,2.0312e-07
SebastiAn,2.0312e-07
Tinlicker,2.0312e-07
New Order,2.0312e-07
Supermode,2.0312e-07
bis,2.0312e-07
ESTi,2.0312e-07
Tracy,2.0312e-07
Chad Jackson,2.0312e-07
Ron van den Beuken,2.0312e-07
Mr. Bill,2.0312e-07
Deftones,2.0312e-07
NoMeansNo,2.0312e-07
Amy Winehouse,1.86193e-07
Foxy Brown,1.78472e-07
The 45 King,1.69267e-07
Prince Paul,1.68702e-07
Sybil,1.48955e-07
Consequence,1.48578e-07
Seal,1.46698e-07
Ziggy Marley and the Melody Makers,1.44763e-07
Inner Circle,1.42738e-07
The Upsetters,1.35583e-07
One Direction,1.35583e-07
Deichkind,1.35413e-07
dj TAKA,1.35413e-07
Jax Jones,1.35413e-07
96-glass,1.35413e-07
Dune,1.35413e-07
“Fast” Eddie Smith,1.35413e-07
コナミ矩形波倶楽部,1.35413e-07
Bicep,1.35413e-07
Vader,1.35413e-07
Oliver Tree,1.35413e-07
DJ Ruffkutt,1.35413e-07
Speedy J,1.35413e-07
Canned Heat,1.35413e-07
Zion,1.35413e-07
Adina Howard,1.35413e-07
Enei,1.35413e-07
Adventure Club,1.35413e-07
U1 overground,1.35413e-07
Wiener Philharmoniker,1.35413e-07
Ozzy Osbourne,1.35413e-07
さつき が てんこもり,1.35413e-07
大谷智哉,1.35413e-07
高橋弘太,1.35413e-07
Pegboard Nerds,1.35413e-07
Timo Maas,1.35413e-07
glue70,1.35413e-07
Vicetone,1.35413e-07
WZRD,1.35413e-07
The Grouch & Eligh,1.35413e-07
C.J. Catalizer,1.35413e-07
emotion x,1.35413e-07
Pimp C,1.35413e-07
2 in a Room,1.35413e-07
Lil Uzi Vert,1.35413e-07
源屋,1.35413e-07
AES Dana,1.35413e-07
Freezer,1.35413e-07
TRF,1.35413e-07
D.J.SETUP,1.35413e-07
Lavender,1.35413e-07
シートベルツ,1.35413e-07
Baby Bash,1.31652e-07
Skee‐Lo,1.26386e-07
Gwen Stefani,1.24129e-07
Dana Dane,1.23968e-07
DJ Kool,1.20905e-07
Aly & Fila,1.12844e-07
Blank & Jones,1.01687e-07
Black Box,1.0156e-07
Jamie Foxx,1.0156e-07
David Banner,1.0156e-07
Wale,1.0156e-07
Spor,1.0156e-07
3LW,1.0156e-07
Master P,1.0156e-07
Trey Songz,1.0156e-07
Montell Jordan,9.99479e-08
Benny the Butcher,9.65626e-08
Soul II Soul,9.02755e-08
Chubb Rock,9.02755e-08
Sinéad O’Connor,9.02755e-08
Robbie Williams,8.46333e-08
DJ Class,8.1248e-08
Wildchild,7.89911e-08
The Folk Implosion,7.33489e-08
Alanis Morissette,7.16894e-08
Ocelot,6.77914e-08
桃井はるこ,6.77914e-08
Chronos,6.77914e-08
チマメ隊,6.77914e-08
Billy Idol,6.77914e-08
The Mae Shi,6.77066e-08
Monsta,6.77066e-08
The Buffalo Bunch,6.77066e-08
Jessie J,6.77066e-08
Bibio,6.77066e-08
Sleigh Bells,6.77066e-08
Heavy D. & the Boyz,6.77066e-08
Shawty Lo,6.77066e-08
hanali,6.77066e-08
ヒゲドライバー,6.77066e-08
onoken,6.77066e-08
Sheck Wes,6.77066e-08
AFX,6.77066e-08
Duke Ellington,6.77066e-08
Murphy Radio,6.77066e-08
Lab’s Cloud,6.77066e-08
Joe Jackson,6.77066e-08
Hayden James,6.77066e-08
Single Gun Theory,6.77066e-08
Cupid,6.77066e-08
DEV,6.77066e-08
シャロ,6.77066e-08
Ghost Town DJ’s,6.77066e-08
Muse,6.77066e-08
Siva Six,6.77066e-08
L.A. Style,6.77066e-08
折戸伸治,6.77066e-08
Vanessa Hudgens,6.77066e-08
MOSAIC.WAV,6.77066e-08
Fox Stevenson,6.77066e-08
Bruce Hornsby,6.77066e-08
大野雄二,6.77066e-08
ｓｋｙ 空,6.77066e-08
Nicky Romero,6.77066e-08
Mason,6.77066e-08
Keys N Krates,6.77066e-08
Ember Island,6.77066e-08
White Town,6.77066e-08
P9,6.77066e-08
Frank De Wulf,6.77066e-08
Switch,6.77066e-08
Milli Vanilli,6.77066e-08
GoldLink,6.77066e-08
Scott Brown,6.77066e-08
光吉猛修,6.77066e-08
The LOX,6.77066e-08
Headhunterz,6.77066e-08
Lady Sovereign,6.77066e-08
じん,6.77066e-08
Nine Days,6.77066e-08
RVFS,6.77066e-08
Alan Braxe,6.77066e-08
Helloween,6.77066e-08
Gramatik,6.77066e-08
Kelela,6.77066e-08
LFO,6.77066e-08
Beginner,6.77066e-08
DJ Die,6.77066e-08
Jonny L,6.77066e-08
Friction,6.77066e-08
strigidae,6.77066e-08
Anne‐Marie,6.77066e-08
Bloc Party,6.77066e-08
LCD Soundsystem,6.77066e-08
Stephan Jacobs,6.77066e-08
Shannon,6.77066e-08
Jackal Queenston,6.77066e-08
Bizarre Inc,6.77066e-08
Citizen King,6.77066e-08
小林オニキス,6.77066e-08
Visage,6.77066e-08
Paradise Lost,6.77066e-08
Jazmine Sullivan,6.77066e-08
Teste,6.77066e-08
Frankie Bones,6.77066e-08
Conjure One,6.77066e-08
Brandon Flowers,6.77066e-08
Thomas Newman,6.77066e-08
Rob Dougan,6.77066e-08
Bogdan Raczynski,6.77066e-08
ZAYN,5.64222e-08
The Family Stand,5.64222e-08
Terror Squad,4.51378e-08
GWAR,4.51378e-08
Kodak Black,4.0624e-08
Tamia,3.38957e-08
Feist,3.38533e-08
DJ Duke,3.38533e-08
Webbie,3.38533e-08
Royal House,3.38533e-08
Harry Enfield,3.38533e-08
アトラスサウンドチーム,3.38533e-08
Bell Biv DeVoe,2.70827e-08
The Cool Kids,2.25689e-08
The Lightning Seeds,2.25689e-08
Slim Thug,1.69267e-08
Romeo Miller,1.69267e-08
Gene Harris & The Three Sounds,1.69267e-08
The Crash Crew,1.12844e-08
Pat Benatar,1.01192e-08
葛城ミサト,0
Bob Prescott,0
メグ,0
Human Resource,0
São Paulo,0
Star Academy 1,0
Sid LeRock,0
Rock Hotel,0
State Cows,0
Adolescents,0
nakinyko,0
Mexican Dubwiser,0
Buju Banton,0
DJ Kaos,0
The Pirates,0
XXDarkShadow79XX,0
Magik Markers,0
No Authority,0
Moreno + 2,0
L a z u l i _ y e l l o w,0
Ted Allen,0
Agnes Obel,0
Arksun,0
Europe,0
MSTRKRFT,0
ASD,0
Volcano the Bear,0
The Rickrollerz,0
Schoolboy,0
WHIPPED CREAM,0
柴田徹也,0
Laborcase,0
We the Kings,0
Phantogram,0
Strawberry Station,0
ECO VIRTUAL,0
The Nu People,0
Black Noise,0
The Three Degrees,0
Vince DiCola,0
Akira Rabelais,0
Wobble,0
EMF,0
Taking Back Sunday,0
Aitor Ronda,0
UndreamedPanic,0
The Acid Didj,0
CINDY,0
Dust Devil,0
Axwell Λ Ingrosso,0
小林秀聡,0
Moek,0
Sto Nii,0
Water Spirit,0
Clarence Reid,0
Robin Jones,0
Gewandhausorchester Leipzig,0
Watussi,0
Machine Girl,0
Saskrotch,0
Ram Trilogy,0
Pagano,0
ButeraMoonlight,0
Henrik Schwarz,0
Falcons,0
Never on Sunday,0
Simon Curtis,0
Nick Faber,0
12Vince,0
Arrow,0
o29_831,0
Miri Mawr,0
atnr,0
A Plus D,0
DJ Jean,0
Jeremy Blake,0
Smokey Brooks,0
BRN1NG BRA1N SOUND INDUSTRIES,0
Cai Farrington,0
Koveryl,0
Stevie Brock,0
Starparty,0
Burt Dogg,0
USK,0
DJもっちー,0
Speed Freaks,0
Gvcci-Hvcci,0
lily-an,0
Memesauce,0
Gisbo,0
Aquarius,0
Lionel Richie,0
Intoxicated,0
Marco V,0
MirroredReality,0
Mouth & MacNeal,0
APG550,0
Project One,0
Земфира,0
Jack Parow,0
Полина Гагарина,0
川村ゆみ,0
Gilli Conway,0
Au/Ra,0
Entombed,0
Combat,0
Zap Mama,0
Judy Garland,0
Noisia,0
tiktok nightmare,0
Addictia,0
Bull Beats,0
Latee,0
Thomas Bergersen,0
Katerine,0
Aswad,0
Axel Boman,0
Gary Puckett & the Union Gap,0
Push Button Objects,0
Circuit Breaker,0
Shampoo,0
London Posse,0
Tokio Hotel,0
Daniel Nielsen,0
Ornette Coleman,0
Tridashie,0
An,0
IMOJIST,0
Extra T’s,0
DJタコワサ将軍,0
JQ the #1 Contender,0
PANXI,0
Norbert Stein,0
Glejs,0
paniq,0
Eddie Thoneick,0
Time,0
Jimmie Rodgers,0
鬼怒川カスミ,0
The Sounds,0
Chris Carrier,0
Morris,0
Rico Nasty,0
Hilary Summers,0
Cybotron,0
Sidney C Nadon,0
Scion,0
Sheila Chandra,0
Nigo,0
LEVEL NINE,0
리쌍,0
Alan Dean Foster,0
Team Genius,0
Scorpio,0
Fax Yourself,0
Olivia Rodrigo,0
Toni Peret,0
Sickboy,0
Martin Rev,0
P.O.D.,0
Slide,0
Intensity,0
Laing,0
MUZZ,0
Max Wright,0
Dizharmonia,0
Leonard Bernstein,0
Remedmatika,0
Empress Of,0
The Gap Band,0
Big Youth,0
Plastikman,0
Rafa Barrios,0
Sonny Rollins Quartet,0
Bullet for My Valentine,0
David Crosby,0
清水信之,0
Martyrs of Apathy,0
Menno de Jong,0
茅弘二,0
Jamie T,0
The High School Musical Cast,0
Thomas Jones Chase,0
KMFDM,0
Jinder,0
Gerry Capó,0
Sub-Level 03,0
Chris Cornell,0
Kausion,0
Andreas Tulley,0
Introsik,0
Taco,0
Arctic Monkeys,0
The Almighty RSO,0
MAN‐CAT,0
Sally Shapiro,0
CHAN,0
西隆宏,0
Jack Ü,0
Richie Brains,0
Sentsinkanteun,0
猫又おかゆ,0
Panic Girl,0
RetroSpecter,0
Luminary,0
Wayne Fontana,0
Annie Cordy,0
UNDER17,0
Rabbit Rabbit,0
Check Up Twins,0
The Micronauts,0
Hush,0
DJ Magnet,0
Redfoo,0
Executive Sound Producer,0
r/vaporwave PLUS,0
VØJ,0
The Death Set,0
TryHardNinja,0
Anna Odobescu,0
Three Point Turn,0
Hatena,0
WINK,0
J. M. Dillard,0
Uncle Louie,0
Zander,0
Sy & Unknown,0
kony1015,0
横田真人,0
Warp Brothers,0
Astronaut,0
Kage,0
Derrick Harriott,0
Rude Lard,0
Grupo Bahía,0
1st Infantry,0
Jakaranda,0
The Evasions,0
"A Homeboy, A Hippie & A Funki Dredd",0
Jukka Tolonen,0
Meyhem Lauren,0
bOb tracKer,0
The Toxic Avenger,0
Tony Allen,0
どついたるねん,0
Los Legendarios,0
SNAILS,0
Chilly Gonzales,0
andres,0
Central Cee,0
Alliance,0
Malcolm Brown,0
Metro L.A.,0
Wattie Green,0
Strict Border,0
Laurent Wolf,0
De La Ghetto,0
Lorenzo,0
The Reborn Identity,0
Eric Dolphy,0
Fredrik Kempe,0
Sammy Virji,0
DJ Wonder,0
Steely Dan,0
Sex Bob‐Omb,0
Jupiter,0
Mikill Pane,0
Paolo Sessa,0
F.U.S.E.,0
Meat Loaf,0
Secret Service,0
Carla,0
She!K,0
Kevin McCraney,0
大原ゆい子,0
Cabaret Voltaire,0
後藤まりこ,0
Trevor Dandy,0
DJ Misjah,0
Monstar,0
PAX,0
DJ Rob Boskamp,0
Evil Mothers,0
江口孝宏,0
Labba,0
DJ Mehdi,0
The New Apocalypse,0
Orchester & Chor Eric Frantzen,0
Margaret Price,0
Bumblebee Unlimited,0
Judy Clay,0
Pwin ▲▲ Teaks,0
Dick Hyman,0
DJ Hell,0
Lyrics Born,0
The Shadow,0
Nina Kraviz,0
Noisettes,0
White Wolf,0
Hrdvsion,0
AmiGamer,0
MC Lars,0
India,0
Hodgson,0
Leonard Cohen,0
Le$,0
Billie Fountain,0
exnoiz,0
Orchestre de la Suisse Romande,0
Payday,0
Greg Turner,0
Pixie Lott,0
Hood Surgeon,0
Al Campbell,0
DaniLeigh,0
Vernon Burch,0
ひろつぐ,0
nonsynths,0
Michael Gray,0
Miikka Leinonen,0
W.L.A.K.,0
Gaznevada,0
Shinji Yoshimura,0
The Breeders,0
Roy Valentín,0
Soulwax,0
Cavendish Music,0
Die Doraus & Die Marinas,0
Aweminus,0
The Upstairs,0
Sarah Vaughan,0
enjoii,0
Maker,0
RaveDJ,0
Afu‐Ra,0
RICHIE ROZEX,0
光田康典,0
Hank Williams,0
Yngwie Malmsteen,0
Lovage,0
Ashford & Simpson,0
Me Me Me,0
Danny Tenaglia,0
＊-Teris,0
Eric Burdon,0
Infernal,0
Lil’ Louis,0
Jolie Chérie,0
Priscilla Herdman,0
Bachman–Turner Overdrive,0
Juan RIOS,0
Mysterious Traveller,0
DJ Crystl,0
Howard Roberts,0
Édith Piaf,0
KNOTS,0
Rude-α,0
Duo Kie,0
Swordy,0
Matisyahu,0
Cannibal & the Headhunters,0
Quality Control,0
Oscar,0
Manfred Mann,0
Sabrina Johnston,0
Nicole Toderas,0
Strategy,0
Kristofer Maddigan,0
Samantha Jade,0
Matt Lange,0
Mike Cannon,0
ALI=3NS,0
The Natural Four,0
Lenlow,0
Sean Jay,0
八木侑紀,0
Lemon,0
Society London,0
The Diamonds,0
Trina,0
Dotorado Pro,0
矢鴇つかさ,0
Soul Throbs,0
PokeRemixStudio,0
Tony D,0
Brandhärd,0
daniwellP,0
AZALEA,0
DJ Tripp,0
いずれ菖蒲か杜若,0
Omegaman,0
Universal,0
Guitar Vader,0
C Ø R V U S,0
The Other Brothers,0
jazz.K.lipa,0
Conceptsproject000,0
The Rising Sons,0
Whopper Millionaire,0
Gabriel Yared,0
桜庭統,0
nyaskomet,0
siqlo,0
OblivionFall,0
Kyo Itachi,0
Sonnig 991,0
Don Joe,0
さよならポニーテール,0
Goo Goo Dolls,0
Daughter,0
shadowh511,0
Ginette Reno,0
Frisco17,0
Bolcher,0
Bob James,0
Fly Pan Am,0
Frost Children,0
Flo Milli,0
Bogus Order,0
Хлеб,0
Francisco Cerda,0
7una,0
Weekly Words and Grammar,0
Conway & Temple,0
仲野順也,0
Sabrepulse,0
∀Ｓ∀,0
Ray,0
Deluxe Ultra,0
Dj Yirvin,0
Manuel & Pony,0
A Day to Remember,0
LiLA'c Records,0
The Family Circle,0
Groovetune,0
Twit One,0
Riz Ortolani,0
Cory Mo,0
Mauro Micheloni and F.M. Band,0
Kenny G,0
kLap,0
U.T.I.,0
Mitsuruggy,0
Barbatuques,0
◻,0
Pauline Oliveros,0
Vargskelethor,0
Full Tilt Boogie Band,0
DJ Crazy Chris,0
M Dubs,0
HappyHappy,0
RZRKT,0
Protostar,0
Robin Skouteris,0
Les Rita Mitsouko,0
Jim Reeves,0
Samba Soul,0
AchtVier,0
Jacques Lancelot,0
Trash Compactor,0
Hrvatski,0
Amanaz,0
元田恵美,0
Giant Crab,0
Power Glove,0
Myng,0
Mrs. GREEN APPLE,0
[redacted],0
William Hanna,0
Kool Keith,0
Rabbit,0
Pete Heller,0
Andy Quin,0
本多俊之,0
Kelsea Ballerini,0
Cuckoo,0
Audien,0
Janita,0
Key,0
Shania Twain,0
Yold,0
Father,0
Antiserum,0
Brenda Lee,0
Darien Brockington,0
Liberation,0
Trei,0
S!RENE,0
Spineshank,0
Rune Lindbæk,0
Malky,0
زياد الرحباني,0
kZ,0
Robin Beanland,0
Mother Mallard’s Portable Masterpiece Company,0
Noah23,0
THE IDOLM@STER CINDERELLA GIRLS,0
What So Not,0
Damjan Mravunac,0
Melt‐Banana,0
Upercent,0
Brad Breeck,0
Glenn Miller,0
Elkka,0
J.O.B. Orquestra,0
Static‐X,0
E‐Rotic,0
izna,0
Charlie Puth,0
フレネシ,0
Orgy,0
Dreadformation,0
The Osmonds,0
Klaus Weiss,0
Mazdaratti,0
Klub des Loosers,0
Dance 2 Trance,0
Kevin Moore,0
Ransom,0
VADiANA,0
José Feliciano,0
Freaky DNA,0
Double Virgo,0
Peter Rudenko,0
Sincerely Antique,0
Dreams We’ve Had,0
Chain Algorithm,0
Andy Feelin,0
KPLECRAFT,0
Scanners,0
Vanofox,0
Robert H. P. White,0
NiRé AllDai,0
Volition,0
I.Feel.It,0
Gayngs,0
Amadou & Mariam,0
Lil’ Sko,0
千澄,0
光GENJI,0
Hunters & Collectors,0
Dub Specialist,0
Rob Marmot,0
Madison Park,0
Steve Conte,0
Lucky Twice,0
Simon V,0
Richard Wood,0
WhenTheMusketsAreRad,0
Kacey Musgraves,0
Gossip,0
Tom Petty,0
Grant,0
Bryan Adams,0
Handbraekes,0
Act 1,0
Tyrese,0
Gary Toms Empire,0
Qba,0
Jerry Fish & The Mudbug Club,0
とろ美,0
Poet and the Roots,0
Joan of Arc,0
AtWil,0
Tokyo Police Club,0
Sublime,0
9th Wonder,0
L‐Side,0
Douglas Perry,0
Ultimate III,0
上田麗奈,0
Iosun,0
Jimmie Dodd,0
Prince Daddy & The Hyena,0
Shwn,0
Mastgrr,0
Rhydian,0
Loxy,0
Deux Process,0
Mighty Dub Katz,0
2AM Club,0
Shy FX,0
Krumb Snatcha,0
Machinedrum,0
Cartola,0
Holy Ghost!,0
Paradox,0
El Tri,0
Antirest,0
God Within,0
Emma Pollock,0
HYE TEK,0
Skylark,0
Ca$his,0
Leeroy Orville Erwin Jr.,0
Nora en Pure,0
Plone,0
Stanton Warriors,0
Juli,0
Thursday,0
Mindless Self Indulgence,0
Liquid Soul,0
TeddyLoid,0
Morris Corti,0
Gary’s Gang,0
James Arthur,0
Colatron,0
Brenmar,0
Paul Kalkbrenner,0
Nice & Smooth,0
Nyck Caution,0
Big Bud,0
Termanology,0
Coheed and Cambria,0
Hawkeye,0
Probe,0
INTERNET CLUB,0
The Brothers Grimm,0
Electronic Boutique,0
Discobuster,0
Q Project,0
Osublu,0
Berri,0
Deep West,0
Jordan Fields,0
TAKU INOUE,0
Diabarha and me,0
Adam Walaciński,0
Elliptisoar,0
清水翔太,0
LilDeuceDeuce,0
虹原いんく,0
Tay Zonday,0
Jill Scott,0
MF Grimm,0
whereisalex,0
The Honey Drippers,0
Wick‐it the Instigator,0
Black Rob,0
The Animals,0
Rhythm & Sound,0
dufde,0
Frederick,0
FERG,0
Jamalski,0
Lou Reed,0
Chor der Deutschen Oper Berlin,0
Norrin_Radd,0
The Flirts,0
Max Yasgur,0
Craig Mack,0
Arturo Stàlteri,0
Arpanet,0
Young Maylay,0
AMAZE,0
Philippe Jolivet,0
Organized Konfusion,0
ELLEGARDEN,0
nekodex,0
Ben Sidran,0
Joey Dee & the Starliters,0
Riton,0
Sơn Tùng M-TP,0
Nardo Wick,0
Ammonite,0
IDG,0
Language Lab,0
Formula IV,0
Reefa!,0
DJ Arek,0
Oversoul 7,0
Pulser,0
Gunna,0
Hugh Hopper,0
LE SSERAFIM,0
Alan Watts,0
Sylvia St. James,0
Lenno,0
WeSSker,0
Thompson Twins,0
CosmicRewind,0
The Manhattans,0
Tanlines,0
SHAKALABBITS,0
Contopp nd #Sloppit#,0
Hans Albers,0
Nitty,0
The B-Boys,0
Workidz,0
AccessNowhere,0
由末イリ,0
Stealers Wheel,0
戌神ころね,0
Qumu,0
Alain Goraguer,0
LADY,0
Botnek,0
Hex,0
The Hues Corporation,0
selfworth,0
DJ Rap,0
ジミーサムP,0
Pat Metheny Group,0
Earl Klugh,0
Yung Mazi,0
DVRST,0
Andy T.,0
Belle and Sebastian,0
Michael Wycoff,0
Frank O'Hara,0
Otm Shank,0
S.O.U.L.,0
Fierce Ruling Diva,0
Eric Clapton,0
Jarod Ripley,0
Jessikita,0
Lil’ Flip,0
Huey Lewis and the News,0
Hookfoot,0
DeeJay Punk‐Roc,0
Motörhead,0
The Gabriel Hardeman Delegation,0
STYLE FIVE,0
Rodney Franklin,0
Great Pride,0
Flugschädel,0
Gene Page,0
Rachel Platten,0
Melvin Bliss,0
Night Works,0
Fairport Convention,0
Little Sis Nora,0
Bea Miller,0
Living Legends,0
Carman,0
Green Day,0
Paul Humphrey,0
El Pep's,0
SM:LY,0
Blutch,0
Jessica Baio,0
Frequency,0
ｂｏｄｙｌｉｎｅ,0
En Vogue,0
Mr. Moustache,0
DEEN,0
パキラ,0
Samson & Delilah,0
Ytatsl,0
Nintendo,0
上田雅美,0
Simone Benyacar,0
The Mash,0
Pazul,0
Mayster,0
SEMATARY,0
Andrew Prahlow,0
Con Funk Shun,0
Richie Stephens,0
The Singers Unlimited,0
مصطفى قمر,0
CRS,0
Cabrini-Greens & Cornbread,0
Bruce Patch,0
0F.digital,0
OG Maco,0
Breakbeat Era,0
Clive Griffin,0
Matheus Manente,0
Jim C. Nedd,0
Blue Effect,0
Amon Tobin,0
Conrad Schnitzler,0
The Shining,0
GrooveCube,0
The Undertones,0
Double Trouble,0
Saint Tropez Caps,0
Pl4net Dust,0
Dog Eat Dog,0
Norman Candler,0
B.T. Express,0
Jay Rock,0
hololive IDOL PROJECT,0
Ramiro Lopez,0
Keith Sweat,0
Coo Coo Cal,0
VHS Glitch,0
Billy Joel,0
The Biddu Orchestra,0
Molotov,0
Kent Axell,0
Mortician,0
AstroPilot,0
Emile van Krieken,0
Sfire,0
原紗友里,0
Desire,0
23 Unofficial,0
Lily of the Moon,0
Jeep Beat Collective,0
BootyConsumer,0
MexikoDro,0
The Ends,0
SirensCeol,0
Chainsaw,0
DAVIN,0
Alvin Cash Scott Bros Orch.,0
فرقة العقارب,0
Sekel du 91,0
Yvette Michele,0
Park Bird,0
John Holt,0
CreateLadyJ,0
Touch and Go,0
Poppy Star,0
Jacob Collier,0
Full Crate,0
Break Machine,0
LeToya Luckett,0
Gene McDaniels,0
PARTYNEXTDOOR,0
アネモネリア,0
Emmanuel,0
DJSleepyHooves,0
鈴木さえ子,0
Carl Hancock Rux,0
Julie London,0
おおくまけんいち,0
Cynodon,0
Jerry Reed,0
Raiden,0
ღDJ魔女っ娘ミラクるんღ,0
Nicole Dollanganger,0
Smokepurpp,0
Farming Simula,0
DJ Paul,0
Erick E,0
Arcipluvian,0
Caspar Pound,0
Pestilence,0
Future 2000,0
UnanimousDelivers,0
Solid STRGG,0
Operation Ivy,0
yumenxc,0
ሙላቱ አስታጥቄ,0
Maroon 5,0
Syl Johnson,0
Hilary Duff,0
inanamateCD,0
Your Favorite Martian,0
The Damned,0
Harry Cox,0
SZ,0
Stereoman,0
61degrees,0
Hunnid-P,0
Lou Donaldson,0
Merm4id,0
Black Rebel Motorcycle Club,0
the pillows,0
Keith & Supabeatz,0
CunninLynguists,0
Ridgewalkers,0
インクキツネ,0
KAI,0
Nicky Van She,0
Bo Diddley,0
Indigo Girls,0
Theodore Shapiro,0
Aline Brewer,0
The New York Community Choir,0
People Like Us,0
DJ Sneak,0
La Excepción,0
簗田裕之,0
POST ELVIS,0
Леприконсы,0
The John Alldis Choir,0
Ruins,0
Devin Davis,0
Misfits,0
The Spencer Davis Group,0
LoLo,0
Robin Schulz,0
音無小鳥,0
Die Atzen,0
Arjun,0
Cornershop,0
Black Sabbath,0
Teminite,0
DJ Iván Santana,0
Somethin’ Sanctified,0
Lou Garcia,0
A-Force,0
Sumone,0
Earthsuit,0
Young Leosia,0
Ghetts,0
Low Profile,0
Kalafina,0
rarirama,0
AliceBloodRabbit,0
nano.RIPE,0
Booney,0
Speech Defect,0
Jake Chudnow,0
glitch boy,0
공중도둑,0
Sulumi,0
シティボーイズ,0
Eskape,0
Rolly Unite,0
Rhythm Heritage,0
Obscene Frequenzy,0
Waka Flocka Flame,0
Lacuna Coil,0
Shindoe,0
Substance,0
魂音泉,0
Black Grape,0
Casio Lamb,0
Edwyn Collins,0
eLan,0
Young Thug,0
Alcazar,0
テレヴァペ,0
Kungliga Filharmonikerna,0
Razorlight,0
Fernando Corena,0
bluchew,0
Jeff Williams,0
Sam the Sham & the Pharaohs,0
Joshua Morse,0
HarmoniCanadia,0
Philharmonia Orchestra,0
The Freaks,0
Mirco de Govia,0
Moondog,0
中川浩二,0
Charles Deluxe,0
Brian Russell,0
Billie Holiday and Her Orchestra,0
Lewis,0
16 BIT,0
TEABOY,0
カラーズ☆スラッシュ,0
Kindness,0
Michael Damian,0
The Nashville Opera Orchestra,0
Faf Larage,0
เทพพร เพชรอุบล,0
MisterWives,0
Desmu,0
Momo Joseph,0
Phat Kat,0
Plastic Ono Band,0
Semi Detached,0
Saint Tropez,0
Alan Walker,0
Daz Bailey,0
Henry Greenwood,0
Vincent Cayeux,0
Kalwi & Remi,0
中坪淳彦,0
DJ TOTTO,0
Fit,0
FKJ,0
Gero,0
Kay Kyser and His Orchestra,0
Ramones,0
The Karminsky Experience Inc.,0
宮村優子,0
Clara La San,0
DAVA,0
Gay Aunt Jane,0
Soopasoul,0
Alsarah & the Nubatones,0
Flashburn,0
Erock,0
Stonebank,0
Karina Longworth,0
Petit Biscuit,0
Slack 1ne,0
DSP Wanker,0
Aaron Smith,0
Stanley Myers,0
Jack Wagner,0
Owain,0
Motiv8,0
Autodidactic Studios,0
L.O.A.S,0
NMIXX,0
Kenny Jaymes,0
Fantômas,0
Michael McCann,0
B.B. King,0
Magic System,0
Fred,0
Johnny “Guitar” Watson,0
Dr. Samuel J. Hoffman,0
Sweet,0
DJ Pon-3,0
The House of Love,0
Teddy Pendergrass,0
Jeff Alexander & His Orchestra,0
Jón Hallur Haraldsson,0
The Common Linnets,0
Mandinga,0
Mark Ayres,0
Gabe Nezovic,0
Psilodump,0
서태지,0
MK,0
Nick Daring,0
The Fuzz,0
AHM,0
Agoraphobic Nosebleed,0
DJ P.O.L. Style,0
Billy Stewart,0
Miss Madeline,0
Werner Müller und sein Orchester,0
イマクニ?,0
佐宗綾子,0
Audio Bullys,0
Grand Menage,0
Gutta,0
Linked Horizon,0
Peter Calandra,0
SMOOCH~,0
Chlorenn,0
Smoove & Turrell,0
Cherri V,0
Emm Bee Sea,0
Supersister,0
Rockers Hi‐Fi,0
Kuraidesu,0
Trademark,0
Chase Atlantic,0
Alphaville,0
Bill ‘Bojangles’ Robinson,0
Fun‐Da‐Mental,0
Johnny Mandel,0
Sous Le Manteau,0
The Clark Sisters,0
The Acid,0
Fink,0
Xuxa,0
Srezcat,0
Peace Treaty,0
Underground Resistance,0
Bowling for Soup,0
Third Avenue Blues Band,0
DJ Chap,0
Key Glock,0
Rhythm Scholar,0
Talk Hard Productions,0
Dubble D,0
The Fucking Champs,0
Mike G,0
Sīpoli,0
KryptoDigital,0
Johnny Thunder,0
The Floor,0
Mann,0
Wild Nothing,0
Trip Lee,0
100% Pure Poison,0
Collie Buddz,0
Dave London,0
McSleazy,0
Alice in Chains,0
Ship Sket,0
Phil Harris,0
Envy,0
Matophonia,0
Nicolas Bernier,0
Silver Convention,0
Мин Нет,0
camoufly,0
Com Truise,0
Yesterday's Obsession,0
Maarten de Jong,0
Luca,0
DJ IKU,0
Saint Bernadette,0
Kayla Nicole,0
Kasbo,0
Struct,0
安室奈美恵,0
Charlie Musselwhite,0
Ring Snuten,0
Luke’s Anger,0
Darondo,0
John Ottman,0
DJ Khaled,0
HayBombYT,0
Parry Gripp,0
才羽モモイ,0
Jalapeno Sound System,0
Turbo,0
Supersax,0
AXiS,0
Julius Katchen,0
El Chombo,0
The Beatmasters,0
Lonyo,0
Fox the Fox,0
Rock Master Scott & The Dynamic Three,0
Blasterjaxx,0
Alton McClain & Destiny,0
bouncytorch,0
Spy 71,0
Krezip,0
Culture Cruncher,0
Bryce Vine,0
Udo Lindenberg,0
"Emerson, Lake & Palmer",0
Darth & Vader,0
gupi,0
Van McCoy & The Soul City Symphony,0
Enygma,0
Issac Christopher,0
山本椛,0
Sofa Surfers,0
René Costy,0
Little Slaughter,0
The Heavytrackerz,0
Cyriak,0
Wugazi,0
DJ Horizon,0
The Floating,0
Remy Zero,0
Girls Dead Monster,0
DJ Dubz,0
Kodak to Graph,0
John Abercrombie,0
bbno$,0
Brasstracks,0
Arts the Beatdoctor,0
Bob Seger & the Silver Bullet Band,0
Mori Calliope,0
Aby Ngana Diop,0
Zonderling,0
Waylon Jennings,0
ATLiens,0
The Others,0
My Life With the Thrill Kill Kult,0
Tony Romera,0
J.D. Blackfoot,0
M-Neko,0
Aries,0
MC Offside,0
Michy Reincke,0
The Ladbroke Groovers,0
いち,0
gazzzy,0
DOLLVOiD,0
King Cannibal,0
Sgt. Slick,0
Tuneboy,0
Paul Wall,0
Kid Rad,0
One Night Only,0
GoldenEggs,0
PFM,0
Ballin’ Jack,0
1nonly,0
Bettye Crutcher,0
Fracture,0
Aura,0
Mr. Probz,0
Marvin Sapp,0
NyaniKore,0
j316,0
Houz' Mon,0
PAO,0
John O’Callaghan,0
AESTHETICS PLEASE,0
ARTBAT,0
Rex Viper,0
Virus,0
Ixi,0
Different Heaven,0
ARORA,0
Mike Simpson,0
DARK DESIRE,0
Cement Tea,0
Kid606,0
chloe moriondo,0
Walsh & McAuley,0
Funk Inc.,0
Kohmi,0
Rev. James Cleveland,0
Walter Hagen-Groll,0
Ιάννης Ξενάκης,0
Nomad,0
戸部田英樹,0
南春香,0
FIFTY FIFTY,0
Nevermen,0
Sean Pratt,0
Breton,0
DJ Earworm,0
Gemi,0
amiina,0
Teyana Taylor,0
tfwamirite,0
Akinyele,0
Dariush Eghbali,0
Spose,0
Throttle,0
The Contours,0
Steve Jeffries,0
Icosahedron,0
The Essence of Nature,0
Thirsty Merc,0
Far East Recording,0
jesus2099,0
Da Youngsta’s,0
Chip tha Ripper,0
Wave Racer,0
OMNI,0
DALI,0
Hi‐Fi Set,0
Nick Smalley,0
Busdriver,0
Dollar Brand Quartet,0
Cyberhound,0
LIUFO,0
GroovyRoom,0
Wesley Willis,0
Stormtrooper,0
Funk Assault,0
Michael Howell,0
Willis Jackson,0
Gizmote,0
Yvonne Gage,0
Color Me Badd,0
Rita Ora,0
ToteKing,0
That Petrol Emotion,0
J. Bloom,0
villemdrillem,0
DIYR,0
François Muduga,0
Albert Jones,0
Top Cat,0
Scred Connexion,0
NATURE,0
Andrew Herring,0
Brick,0
UFO,0
Nivaya,0
Black Riot,0
Errol Dunkley,0
Trans-Galactic Express,0
Planxty,0
Sugamotor,0
Opal Vessel,0
Don Harper,0
DJ /rupture,0
Garnet Mimms,0
Southside Movement,0
Chemotex,0
Artsythesecond,0
Public Domain,0
50 & 50 Brothers,0
The Crucifucks,0
Hippomothamus,0
§E▲ ▓F D▓G§,0
Los Verdaderos Kreyentes de la Religión del Hip Hop,0
Layo & Bushwacka!,0
Vanilla,0
Glenn Jones,0
東方神起,0
G.L.O.B.E & Whiz Kid,0
Digital Orgasm,0
James Last,0
Fiesta Soundsystem,0
The Herbaliser,0
Dingo,0
Sunday People,0
DJ Matt Black,0
Caster,0
DANG!!! WOW,0
Primero,0
It Dies Today,0
Grant Wakefield,0
Michael Kamen,0
Philwit & Pegasus,0
The Funk Hunters,0
Gänsehaut,0
Larenz Tate,0
Bravehearts,0
K12,0
いよわ,0
Traore,0
Vibrasphere,0
Nurse With Wound,0
Firefall,0
Kevin Björk,0
S.Operator,0
Harris Cole,0
N-Zo,0
The One AM Radio,0
Tony Igy,0
Dntel,0
MC Pogba,0
De Jeugd van Tegenwoordig,0
ASAGEN,0
Wiener Haydn‐Orchester,0
Rhythm Section,0
Beggar & Co,0
Jomar,0
Omoinotake,0
Mr. Bizz,0
Poor Righteous Teachers,0
Rebeat,0
Play Paul,0
James Mason,0
ササノマリイ,0
André van Duin,0
Bo Burnham,0
Peter Brown,0
RitzCookies,0
Gnarls Barkley,0
Nipsey Hussle,0
DJ Not-i,0
Serge Reggiani,0
DJ Drama,0
Kasra,0
Funky G,0
DiGiTAL WiNG,0
Dead Can Dance,0
Scratchy,0
Alix Perez,0
Silk,0
極♨落女会,0
Wee,0
suicide simulator 1111,0
Liam,0
Dr. Z-Vago,0
Ra Cailum,0
Leon Ndugu Chancler,0
Trébol Clan,0
Sebastian Knight,0
The Modulations,0
ａｍａｙｉｔｉ,0
Spaghetti Surfers,0
Mumblz,0
Sonic Experience,0
The Ghosts,0
Eddy Grant,0
Nappy Roots,0
Roger Troutman,0
Laura Lee,0
Marco Antonio Muñiz,0
Lil Taty,0
DaPhinoXX,0
De Staat,0
Zombie Cats,0
Papa Zeus,0
Foster the People,0
The Shapeshifters,0
Detroit Grand Pubahs,0
six impala,0
Edgey,0
Simian,0
Steppenwolf,0
Ghost,0
Stagga,0
Bill McClintock,0
Иван Купала,0
alottadogs,0
Koit Toome,0
nzdastrack,0
Bola Sete,0
Saucerpan,0
Incognito,0
Robert Armani,0
angela,0
Bryce,0
cupcakKe,0
Tonk,0
Togo-Chef,0
Teenage Fanclub,0
JB,0
The Queenstons,0
The Byrds,0
Mausberg,0
Mousse T.,0
Radiorama,0
Q-Feel,0
Witch House,0
Marius Våreid,0
DJ Red,0
I-Cue,0
Bots,0
Codeine,0
The Shirelles,0
Tigers Jaw,0
SakiZ,0
Dr. Nobody,0
Walter Heath,0
CARSTN,0
TheMelloYellow,0
Stargard,0
Scooby McSnack,0
Steady Rain,0
SEGA,0
Jan Wayne,0
Seventh Wave,0
The Lift Boys,0
sumthin sumthin,0
Chuck D,0
Years,0
The Trammps,0
Sandra Richardson,0
Theatrix,0
LoQtus,0
Onur Engin,0
DRS,0
Mina,0
Les Rieurs,0
Skyfixing,0
The Wideboys,0
The People's Workshop,0
Mary Hopkin,0
Hopsin,0
Steel Mind,0
24‐Carat Black,0
MUZIK SERVANT,0
Pearl Jam,0
Birds ’n’ Brass,0
Wir sind Helden,0
TQ,0
33 1/3 Queen,0
Captain Ironhelm,0
Chesslo Junior,0
DJ DisOrientalist,0
Lemon Demon,0
kz,0
Hatcha,0
lhk,0
Jacksonville,0
Proxy,0
aidenmixes,0
Jennifer Hudson,0
Greg Tate's Garage Band,0
Mike Candys & Jack Holiday,0
Foyer des Arts,0
Tim MacGregor,0
Whitehouse,0
Corey Browz,0
SONICON,0
Anímic,0
Artefact,0
Masterton,0
Kodomo,0
DJ Daniel Wolf,0
高坂穂乃果,0
SMD,0
MC Guimê,0
Chris Isaak,0
Bad Cabbage,0
Sunlounger,0
FreeStyleGames,0
James Blunt,0
Keyshia Cole,0
Tyler Smyth,0
Mike Waxx,0
K‐Reen,0
Joe Budden,0
Buck 65,0
Minnie Riperton,0
Teams,0
Junior Walker,0
dogbarkdogwoof,0
Paradisio,0
Herb Ohta,0
The Tuners,0
Guido,0
TTC,0
HMage,0
1tbsp,0
Learke,0
The Buddy Rich Big Band,0
Gaia,0
Sterbinszky,0
Doopees,0
Doctor’s Cat,0
The Rapture,0
BOYO,0
Niniola,0
Circuit Freq,0
Nancy Sinatra,0
Gaston,0
ClariS,0
Felt,0
Carl Dawkins,0
John Cafferty,0
Lee Spoons,0
Color Theory,0
Random Article,0
Aim,0
Rob Zombie,0
P.M. Dawn,0
Level 42,0
Lance DeSardi,0
Ray Bryant,0
Lil Moshpit,0
Sasch BBC,0
Alexander Robotnick,0
Dub Phizix,0
Bros,0
Rick Wakeman,0
Capella Grey,0
Jarvis Cocker,0
Wayne and Shuster,0
石原慎一,0
ぺのれり,0
Trashman,0
Jazz Master JD,0
Danger Mouse & Jemini,0
岡田有希子,0
Queens of the Stone Age,0
Omar Courtz,0
Montell Fish,0
An Albatross,0
Tommee Profitt,0
arno1,0
OJ da Juiceman,0
Tears for Fears,0
!!!,0
Vladimir Cosma,0
Saalschutz,0
Augustus Pablo,0
Chapter 8,0
DJ C,0
Sanaas,0
White Noise,0
Los Campesinos!,0
Jentina,0
LAWFUL CHAOTIC,0
水月陵,0
Paperboy,0
Nick Straker Band,0
Logic1000,0
Trampa,0
Kotori,0
Wan Bushi,0
Maísa Silva,0
Clinton Cerejo,0
すぺらんかー,0
International Rude Boyz,0
Rollo Goes Mystic,0
Dan Satch & His Atomic 8 Dance Band of Aba,0
Maestro Fresh‐Wes,0
AG,0
竹本晃,0
Young Mooski,0
DJ Starscream,0
Lukas Greenberg,0
Roxy Music,0
Penta,0
Be Be K'Roche,0
Jordin Sparks,0
Crowded House,0
À La Carte,0
Lamaita,0
Celly Cel,0
Chuck Mangione,0
Robert Hood,0
Gack,0
Totalspark,0
DJ Sakin,0
Skyper,0
Nivea,0
Down With Webster,0
AOSOON,0
Bobby Prince,0
Funki Porcini,0
Camille,0
DJ Dave Gee,0
Danny Serrano,0
The McGuire Sisters,0
Neil Norman and His Cosmic Orchestra,0
Laura Jones,0
MYTK,0
AmpLive,0
huyfinn,0
pencil,0
Corina,0
Yea Big + Kid Static,0
Phonte,0
Sheryo,0
Time Fragment,0
HeY WUSS POPPIN JIMBO,0
HUNTR/X,0
Lord of Sp33d,0
Kraftwerk,0
Unfit for Purpose,0
The Pentangle,0
3 Down,0
Il rovescio della medaglia,0
j‐hope,0
刀根麻理子,0
Harlan Ellison,0
Ikonika,0
Filippo Trecca,0
Kevin Saunderson,0
Master Genius,0
KDD,0
Second Layer,0
daisyxkneesocks,0
Infinitefreefall,0
Dan Wool,0
Meshuggah,0
65daysofstatic,0
Lemon D,0
Pocket Money,0
GlitchxCity,0
The Disposable Heroes of Hiphoprisy,0
Andi Dhoska,0
澤和雄,0
Trifonic,0
Las Ketchup,0
Loyle Carner,0
Ali Farka Touré,0
osquinn,0
Choci,0
Crapface,0
Snooky Pryor,0
Sophie Ellis‐Bextor,0
Der Wolf,0
The Ritchie Family,0
Ca$h Out,0
Funeral for a Friend,0
Cold Grits,0
KSHMR,0
Kim Ann Foxman,0
blackwinterwells,0
Morusque,0
DJ Le Roi,0
RAIZHELL,0
l4ureleye,0
William Doyle,0
Creedence Clearwater Revival,0
カレーパイセン,0
Six of Lasers,0
Dillinja,0
Schematic Wizard,0
Fix,0
The Common People,0
Gobekli,0
Louise Kirkby-Lunn,0
12th Planet,0
Dub Peddla,0
Lauv,0
Foxygen,0
Benzino,0
Mr. Mitch,0
AISHA,0
Alkbottle,0
Ted Reedy,0
BVSSIC,0
Ingrid Haebler,0
Bang on a Can All-Stars,0
Hospitality,0
Kayzo,0
Akeos,0
The Independents,0
Agrume,0
Chris Lake,0
Roosbeef,0
Looptroop Rockers,0
Halcya,0
Mudeth,0
Frida,0
Neonix,0
Jamie xx,0
SoundCirclet,0
Nines,0
Solar Quest,0
Señor Stereo,0
ETHEREA,0
DJ JimiG,0
Willi Ninja,0
Parris Mitchell,0
Bob Marley,0
The Goats,0
Scorpions,0
DJ Gollum,0
Ka,0
BAR9,0
High Rankin,0
Koto,0
Les DeMerle,0
Budgie,0
Archie Bell & the Drells,0
Fitz and the Tantrums,0
K/DA,0
Michel Magne,0
James High,0
TERRANOVA,0
三宅優,0
Bandetto,0
DJ Seinfeld,0
Nuclear Hyde,0
きりん,0
Lil’ KeKe,0
Mako,0
Donny Hathaway,0
Booba,0
Jaytech,0
社長,0
Yuri Kane,0
Maxi Priest,0
Connie Price & The Keystones,0
Coleman Hawkins’ Swing Four,0
Badawi,0
Des’ree,0
Jaz,0
Badly Drawn Boy,0
DatManOvaDer,0
Lunde Bros,0
Frey Opossum,0
Evershade,0
えみぃ,0
Ilaria Graziano,0
DJ Sprinkles,0
Pantera,0
Houston Person,0
Kstylis,0
FIJI島の水,0
Columbia Symphony Orchestra,0
DJ Trev,0
Cookie Monsta,0
Ina Wroldsen,0
Harpuia,0
SWAN K,0
New Composers,0
Aldo Vanucci,0
Baobinga,0
F.O.O.L,0
yukkerom,0
DJ Nate Ro,0
kyou1110,0
Koda,0
Xavier,0
La Familia,0
Band of Thieves,0
Nxpnsv,0
Hybrid Theory,0
DJ Matt Hite,0
cosMo@暴走P,0
Louis Armstrong & His All-Stars,0
Queen + Paul Rodgers,0
Air,0
平田祥一郎,0
Vappasko,0
ALBATROSICKS,0
The Chain Gang of 1974,0
Jive Bunny & the Mastermixers,0
Cavalier,0
Werner Wichtig,0
Chairmen of the Board,0
Pastor Troy,0
The Frank Cunimondo Trio,0
BONESAW,0
Nach,0
Jimmy Giuffre,0
Paul Cronin,0
Electric Choc,0
Joe Simon,0
杏里,0
Ramirez,0
4 Clubbers,0
Tyree,0
Oto Jutsu,0
ODNP,0
Elaine | LMN,0
Boris,0
Ralf Bendix,0
The Kay‐Gees,0
Candyland,0
Vikkstar,0
菅野よう子,0
Marcin Przybyłowicz,0
Freda Payne,0
Mr.C,0
Yves,0
Derek Jameson,0
angelworm,0
我那覇響,0
テヅカ,0
Smiechu,0
Kadoc,0
D-Tek,0
Lone Ranger,0
Moltocarina,0
Burgess Meredith,0
Cephalic Carnage,0
Jack Trombey,0
西浦智仁,0
Yung Innanet,0
Jorge Rivera-Herrans,0
Jega,0
Family Dogg,0
فريد الأطرش,0
Gravity,0
Jaki Graham,0
Loze,0
Frank Howard & the Continentals,0
菊田裕樹,0
Huey Dunbar,0
MOI/IOMO,0
The Escorts,0
C-Tec,0
Yu2e,0
Mexicans With Guns,0
Outlander,0
Jessy Lanza,0
hololive Indonesia,0
Simi,0
Mercyful Fate,0
Zar,0
泰葉,0
Snail Mail,0
Bryan White,0
Stanley Cowell Trio,0
טונה,0
Thuggie D.,0
The Gits,0
Nona Gaye,0
Holy Ghost Inc.,0
Ludachrist,0
Fissunix,0
Bartekko,0
Random,0
Nadastrom,0
Tim Toupet,0
Black Knight,0
Geeta Dutt,0
肖央,0
Maurice Ravel,0
Memphis Bleek,0
Zach Gill,0
Jain,0
Eric B.,0
DJ Duro,0
Almeta Lattimore,0
The Script,0
Perfect Combination,0
Red Axes,0
Papa Roach,0
Lonnie Liston Smith & the Cosmic Echoes,0
Heresy,0
Aki,0
Quilapayún,0
Billy Boyo,0
٩(｡•́‿•̀｡)۶,0
Current Value,0
Basil Poledouris,0
Pablo Gad,0
"Ray, Goodman & Brown",0
Renaud,0
Storm and Stress,0
John Sebastian,0
Zmoalăcazan,0
KEV,0
Abunai,0
久保直人,0
Dense & Pika,0
Soni,0
Darkthrone,0
Team Teamwork,0
Fishbone,0
Jean Grae,0
Planetakis,0
Clairo,0
The Polyphonic Spree,0
SUSHIBOYS,0
Firefly,0
KUURO,0
Dr. Martini,0
Cream Soda,0
The Apex Theory,0
Mike James Kirkland,0
DJ BAX,0
Baby Rockstar,0
ROMBREAKER,0
donGURALesko,0
John Davis and the Monster Orchestra,0
Armands,0
Louisa,0
RADD,0
Gospel Soul Children,0
High Frequency Bandwidth,0
Men of Vizion,0
GosT,0
DJ Helli,0
黒魔,0
The Spinners,0
Gemini,0
Adam Lambert,0
Ark,0
Arab on Radar,0
Pumpkin and the Profile All‐Stars,0
The La’s,0
Operation Phoenix,0
Gladkill,0
ORESAMA,0
metrosexualthug,0
Phil Pratt All Stars,0
Cyber People,0
のりぴー,0
Deniece Williams,0
The Lady of Rage,0
Vodex,0
Encore Dream,0
DJ Scissorkicks,0
DJ Y Alias JY,0
HOME,0
lunarmoron,0
Λένα Πλάτωνος,0
Takumi Toki,0
La Bouche,0
Tally Hall,0
Ross,0
Scott McKenzie,0
Fripp & Eno,0
Motorfunk,0
hsiu,0
N-R-Gee Posse,0
최강창민,0
Matthew Scott,0
RENREN,0
GruuvElement’s,0
Artwork,0
Don Yute,0
Rob $tone,0
John Klemmer,0
yeongrak,0
Unknown Mortal Orchestra,0
Richter,0
Kris Kross,0
TTNW,0
Torch,0
Brothomstates,0
Kenny Loggins,0
Sana,0
Josh Dean,0
Ilse DeLange,0
Andreas Bourani,0
Brian Transeau,0
Roy Porter,0
KAROL G,0
RAIN,0
Cross End,0
Lucio Dalla,0
黄歩鈴,0
Norman,0
Phase,0
John Desire,0
NegaRen,0
Noize MC,0
Jon Hitchen,0
Virginyah,0
Corrupted Mind,0
Nick OD,0
Shannon Noll,0
The Story So Far,0
Reggie Stepper,0
Keane,0
DJイオ,0
La Constellation,0
Skolashnikov,0
Rui da Silva,0
Boga,0
Don Robertson,0
Rob Pfeifer,0
Oby Onyioha,0
Howard Jones,0
RADWIMPS,0
New Edition,0
Brad Carow,0
Hermann Weiss,0
Knowledge & Wisdom,0
Cornell Campbell,0
Mike Ratledge,0
ZYTOKINE,0
Gaudi,0
Edmundo Ros and His Orchestra,0
Perfect Project,0
Scro,0
Stevie B,0
N-Driver,0
Danny Brown,0
Vincent,0
Jimmi Jammes,0
Kelbin,0
Gabe Stilez,0
The Unknown DJ,0
The Thermals,0
BillmaZter,0
nyxies,0
David A,0
Sherrill Milnes,0
August Alsina,0
Everclear,0
ShibayanRecords,0
Consolidated,0
Guzior,0
CUT_,0
New Philharmonic Orchestra,0
Séamus Egan,0
Benoît Charest,0
2nd Sequel,0
Too Strong,0
Tony Orlando & Dawn,0
Twine,0
Oxmo Puccino,0
Witchmaster,0
Pino Donaggio,0
Nia Ben Aur,0
Reverend McFly,0
Jürgen von der Lippe,0
Paul Hardcastle,0
Chagrin d’amour,0
Asriel,0
JDS,0
Charlie Hodson‐Prior,0
Perto,0
GARticuno,0
Miguel Campbell,0
Mosh,0
Kkaydes,0
Kirara Magic,0
Scott Grooves,0
Lilicub,0
Rozalla,0
Elliot Goldenthal,0
Milton Wright,0
Ulver,0
ZachGG,0
Hannulelauri,0
Bright Primate,0
空崎ヒナ,0
久保田利伸,0
Mafia Kiss,0
Alain Barrière,0
Alex Rosetti,0
Frer 200,0
Spooky Tooth,0
Choker,0
Mama Sana,0
Parov Stelar,0
patten,0
本間勇輔,0
jennifer1,0
D.J. Rogers,0
Heatwave,0
Digital Orchestra of Cats,0
Claude François,0
UZ,0
Jeffrey Fayman,0
House Proud People,0
Hi-Fi,0
Lil’ Sci,0
Françoise Hardy,0
iTOK,0
Sapo,0
Louise,0
Barclay James Harvest,0
KNEECAP,0
Plump DJs,0
Heavy D,0
Minor Threat,0
YUKIYANAGI,0
Little Eva,0
Malady of Knots,0
Mamonis,0
Vanfleet,0
Baracuda,0
Flatbush ZOMBiES,0
Shel Silverstein,0
sampling masters MEGA,0
Murray Roman,0
Bruce Faulconer,0
ZVAARI,0
下村陽子,0
Dr. Waumiau,0
Bomb the Music Industry!,0
Gang Speed,0
Dave Rodgers,0
Cantina,0
しも,0
Leod,0
中沢伴行,0
鬱P,0
Sting,0
Dz'Xa,0
Andrés Jiménez “El Jíbaro”,0
JAPSHITFUN,0
ステファニー・ドーラ,0
Günther,0
The Odd Couple,0
Starpoint,0
The Mountain Goats,0
Dub Scout,0
Shyne,0
Clay Venezia,0
Steinwolke,0
Hijack,0
CatboyNiko,0
Brian Griffin,0
Bruno Furlan,0
Baby Boy da Prince,0
The Controllers,0
Puppy Dog Pals,0
Save the Robot,0
Lyle Divinsky,0
Empty Blue,0
築山さえ,0
サカナクション,0
ric3show3r,0
Puzique,0
The Postal Service,0
Sonny D,0
Lew Howard All Stars,0
波のスタイルwavestyle96,0
Chick Corea,0
Novakk,0
Blahzay Blahzay,0
AR8,0
cat tizzle Turbo,0
kous,0
YoungBloodZ,0
Khalid,0
THEATRE BROOK,0
Andrew W.K.,0
iteachvader,0
James A. Moorer,0
MC Cool Rock & MC Chaszy Chess,0
FANGiRL,0
Isaac Hayes,0
Juicy,0
Leroy Smart,0
Doc Severinsen,0
Bishop McCoy,0
Drupka Order from Thimphu and Punakha,0
Ridiculon,0
QZB,0
S-Type,0
D. Kay,0
Freemasons,0
ピコ太郎,0
Benja & Fatalis,0
Grand Funk Railroad,0
Kaleidoscope,0
Futurecop!,0
Dead Poetic,0
Renée Geyer,0
Acid Species,0
Internal Affairs,0
Igorrr,0
American Authors,0
The Archies,0
Buckethead,0
Dialga2239,0
Patrick Doyle,0
Jones & Collins Astoria Hot Eight,0
Lani Hall,0
Harpers Bizarre,0
Capital Kings,0
Mo Beats,0
RockFam Lame-a,0
Cakebuilder,0
David Garrett,0
Esthero,0
Smoke DZA,0
oofteron99,0
Montakhab-oz-Zākerin,0
Ferrante and Teicher,0
The Low Shoe Orchestra,0
Leto,0
Reuben Bell,0
Piero Umiliani,0
Delph,0
riya,0
mt.lelah,0
DJ X,0
Jasper Street Co.,0
𝙟☆𝙣𝙠𝙤!,0
Jamie Lidell,0
Ethernet,0
The Outhere Brothers,0
Bad Company UK,0
MIEKO,0
Molemen,0
Aloha Annie,0
Βαβυλώνα,0
Heboyi,0
NewJeans,0
Fab 5 Freddy,0
Medwyn Goodall,0
Quazar,0
Man Man,0
☆puppy☆,0
David Axelrod,0
Trucks Factory,0
San Holo,0
The Todd Terry Project,0
BamBam Babylon Bajasch,0
Semiotics,0
Flosstradamus,0
femtanyl,0
Bishop Lamont,0
Rustie,0
Speed Gang,0
Koenig Cylinders,0
DJ Bunuel and Miikka Kari,0
4MAT4,0
DJ Nonstick Cookware,0
Barry Louis Polisar,0
The Soggy Bottom Boys,0
Egg Nog,0
Jack Johnson,0
Javier Colon,0
Norman Connors,0
Gowan,0
Yaki-Da,0
DJ Trajic,0
prophetik music,0
Élégance,0
Fatman Scoop,0
Michael Sealey,0
The Tamperer featuring Maya,0
Samuel Dan,0
Turboneger,0
The Belmonts,0
The Ocular Invisible,0
Soul Providers,0
Cold Blood,0
Wax Tailor,0
Stress Level,0
Bill Conti,0
JT Company,0
John Van Tongeren,0
Tommy Bow,0
Jamie Myerson,0
Gordon Jenkins,0
Delta 9,0
Coachwhips,0
Marlene,0
"Ebo Taylor, Jr.",0
Mob Square,0
Trotter,0
Ethereal,0
JiNG*da*LaW,0
Sunset Phase,0
Cut & Run,0
The Grass Roots,0
Von D,0
The Chainsmokers,0
mabanua,0
Mindsight,0
j^p^n,0
Mountain,0
Christian Falk,0
Doctor Jeep,0
Mama Mystique,0
DJ 2SKI,0
Fun,0
Glen Campbell,0
FrankJavCee,0
中山美穂,0
Andres Bedoya,0
Rhea Fowler,0
Hafiz Azman,0
三浦あずさ,0
Peanut Butter Wolf,0
Philip Glass Ensemble,0
Edge of Motion,0
Hardfloor,0
Trencher,0
Teki Latex,0
Leon Fleisher,0
Chantal Goya,0
Bobina,0
The Persuaders,0
Lukas Graham,0
fuluca,0
Wilkinson,0
Seahaven,0
James Gang,0
Agent K,0
Syreeta,0
Grave Danger,0
Trashlagoon,0
Chosen Few,0
Saving Grace,0
Style of Eye,0
Videogame Orchestra,0
John Murphy,0
Burt Goldstein,0
Gimme Luv,0
Braintax,0
Quebonafide,0
GAYLE,0
Py,0
DJ Smurf,0
Nick Cave & the Bad Seeds,0
Alex Gray,0
Andreya Triana,0
君島正,0
Irene Cara,0
DJ SHION.Y,0
dj lostboi,0
Kinobe,0
Power Squad,0
Nicola Assi,0
TOMMYバード,0
EGGS BENTLEY,0
Ivana Spagna,0
999 Heartake Sabileye,0
Tomba Vira,0
David Seville,0
CB Mass,0
Manau,0
Angela Bofill,0
ROSALÍA,0
Madness,0
Ari Pulkkinen,0
Clovelt,0
James Bangura,0
The SCLC Operation Breadbasket Orchestra and Choir,0
Krust,0
765 MILLION ALLSTARS,0
Filip Čihák,0
CHAM rapper,0
Toofardark,0
Richard Wagner,0
Griffin Village,0
Feng Suave,0
Reflection Eternal,0
Guns N’ Roses,0
きただにひろし,0
John Dahlbäck,0
St Germain,0
Black Out,0
Patti and the Lovelites,0
Martin King,0
Ethel Merman,0
Proton Kid,0
Cliff Martinez,0
DJ MaxEntropy,0
mican*,0
bearface.,0
Combichrist,0
EnderEmerald46,0
kanata.t,0
The Donnas,0
N‐Joi,0
Joan Jett & The Blackhearts,0
BlackJewishGays,0
Ellie Spectacular,0
Mighty Ryeders,0
The Secret,0
Alexia,0
Ark,0
佐咲紗花,0
Ruiness,0
The Infamous MC,0
Les Bikers,0
Alice Coltrane,0
Lotus Juice,0
O.C. Smith,0
Vials,0
mrMarkosm,0
Hanson Brothers,0
The ARC Choir,0
Lennie Hibbert,0
Oyubi,0
Hardnoise,0
Alisha Warren,0
Yoofee,0
DoubleAACE,0
The Royals,0
Beside,0
Pornosonic,0
Caia,0
fromis_9,0
Steve Parks,0
Duke Jordan,0
5ive,0
Andres Campo,0
Jerry Rivera,0
The Twelves,0
Lonemoon,0
Nicholas Craven,0
DJ Clive$ter,0
Jaheim,0
Pookah,0
DJ Earl,0
Oliver,0
Hugg & Pepp,0
Reactor,0
Colosseum,0
Himeko Katagiri,0
やなぎなぎ,0
Seoul Philharmonic Orchestra,0
The Firebolts,0
MAGIC!,0
nabil!,0
Thug Life,0
turdl3,0
Lucid,0
ACHIM,0
"peak divide, dante",0
Christian Smith & John Selway,0
Donae’o,0
Placebo,0
Grynpyret,0
Jean-Claude Vannier,0
Fetty Wap,0
Miles Dyson,0
Baddmixx,0
Classical M,0
Rocky Lolo,0
Tatyana Ali,0
Nigel & Marvin,0
EternalSushi,0
GET IN THE RING,0
Nine,0
DJ-PIE,0
Louis Jordan and His Tympany Five,0
Mother’s Finest,0
Al Johnson,0
Different Gear,0
Symphonieorchester des Bayerischen Rundfunks,0
East 57th St.,0
Jan Akkerman,0
YIFFØ,0
Maazel,0
Harlem Underground Band,0
JV5,0
Yvonne Elliman,0
Burna Boy,0
Les Refrès,0
Sexxtape,0
Fan Death,0
Taj Mahal,0
FRS,0
Azitis,0
WestBam,0
DJ Funk,0
Rogue,0
aldrch,0
The Gothic Archies,0
瀬上純,0
Michael Andrews,0
Emray,0
Mark McGuire,0
The Orchids,0
Memdus,0
Howard Shelley,0
Harold Melvin & The Blue Notes,0
Fresh 3 MC’s,0
Project One,0
Ólafur Arnalds,0
Malicia,0
Xlos,0
Kim Petras,0
Joshua Garrison,0
Jamde,0
神原駿河,0
Stevie Nicks,0
OVERWERK,0
Jean-Michel Bertrand,0
Akasha,0
Claudine Longet,0
Grandmaster Melle Mel & The Furious Five,0
Ранетки,0
COSMIC CYCLER,0
Futurist,0
The Gaye Device,0
Jelly Roll Morton’s Red Hot Peppers,0
Front 242,0
The Wooden Glass,0
Xtha,0
Cappadonna,0
DJ Ridoo,0
Laur,0
FISH TONE,0
Black Blood,0
The Sons of Silence,0
Lusine,0
Overdub,0
Danny Elfman,0
MIMIDEATH,0
LiterallyNoOne,0
Cesco,0
Onichomp,0
ptrckparker😐🖕🏻,0
The Presidents of the United States of America,0
elamea,0
Zebra,0
Charlie Parker,0
Amsterdamse Politiekapel,0
サイダーガール,0
Mandragora,0
CALL911,0
American Football,0
Gesaffelstein,0
iiO,0
Emperor Chi,0
Profondita,0
Love Corporation,0
Always wanted War,0
Saradis,0
Thunderheist,0
Pentagon,0
Carla Kihlstedt,0
Slipknot,0
Pigmeat Markham,0
DΛRKNΣSS,0
Ruben Willmer Band,0
Gladys Knight & the Pips,0
Lance Herbstrong,0
Japanese Breakfast,0
Paris Texas,0
Subhumans,0
Armani White,0
twinkle*twinkle,0
Toby Turner,0
Quintette du Hot Club de France,0
Jay-Kid,0
Daniel Vangarde,0
Eleanor,0
CRU5H3R,0
KB,0
Zai Kowen,0
BLOND:ISH,0
Dizcrybe,0
Bentley Rhythm Ace,0
Juaninacka,0
Hans Hotter,0
Sido,0
Glem Aces,0
Quirby64,0
Mikey Dubs,0
2nd II None,0
Bucher & Kessidis,0
DJ Gigola,0
Ivy Lab,0
Nicky Youre,0
Pina Carmirelli,0
Annoying Ringtone,0
C.P.+Company,0
Wolfgang Dauner Quintet,0
DJ Red Alert & Mike Slammer,0
Antibalas,0
MALINDA,0
The New Power Generation,0
Deadly Avenger,0
Oceana,0
Summer Walker,0
Alvaro,0
TrollPhace,0
FORMAL,0
Alain Bashung,0
Luc Ferrari,0
古代祐三,0
sailortroon,0
River Ocean,0
Cindy Gibson,0
John Shirley‐Quirk,0
Laurent Simeca,0
Merz,0
Nâdiya,0
Tommy James & the Shondells,0
NOFX,0
El Perro del Mar,0
spill tab,0
Wayne Smith,0
MilanMakesBeats,0
Derek Drymon,0
島みやえい子,0
nyancrimew,0
Little People,0
Unknown Caller,0
Countess Coloratura,0
Yamasuki,0
juno,0
UPP,0
LISA,0
The Third Vagina,0
Wasback,0
Tom Baker,0
Zazie,0
cs127,0
Grace,0
PhatBastard,0
Paul Green,0
細井聡司,0
Gerry Rafferty,0
The Asteroids Galaxy Tour,0
The Secret of China,0
ITZY,0
Pete Townshend,0
Prodige Namor,0
ATW,0
Wilson Phillips,0
Hemanta Mukherjee,0
Eve,0
Loleatta Holloway,0
Białas,0
X JAPAN,0
Apple Inc.,0
Tricky Disco,0
The Michael Zager Band,0
Pix'L,0
cut_,0
Kemal,0
EELS,0
Task Horizon,0
Robin Parris,0
Boy Crisis,0
Cor Swanenberg,0
AK1200,0
Control Freak,0
Sweet Sensation,0
Tha Cat’s Pajamas,0
Chenard Walcker,0
nect4r,0
The Medic Droid,0
Adventure Time,0
cheztheguy,0
Anthony Hamilton,0
Michael Shrieve,0
Dream Stalker,0
phonon,0
Francis Mercier,0
OCTiV,0
Konepaja,0
Lara Fabian,0
Jowell,0
Wolfgang Sawallisch,0
Noxagt,0
Nouela,0
Mark Sherry,0
Leo Moracchioli,0
supwrman32,0
Curt Cress,0
Brian Ica,0
Broken Hope,0
KT Tunstall,0
Ian White,0
Fractal,0
Lea Michele,0
Blawan,0
Dave Stewart,0
Oyama,0
吉冨亮二,0
Dee!,0
LTJ Bukem,0
Jimmy McGriff Organ and Blues Band,0
Helen Merrill con l'orchestra diretta da Piero Umiliani,0
Lilly Wood and The Prick,0
Michelle Owen,0
Timecop1983,0
IDLES,0
Уоки-токи,0
Barry Tuckwell,0
Rigune,0
Drought,0
Arthur Verocai,0
DJ Jubilee,0
Kenny Barron,0
Bite Handle,0
Dick Dale and His Del‐Tones,0
Man Parrish,0
Urban Flow,0
Yugi Boi,0
Bart B More,0
The Good Men,0
Chuck Jackson,0
Trashcan Jack,0
The Blues Project,0
The Agonist,0
"Choir of King’s College, Cambridge",0
Africa,0
Phoebe Bridgers,0
NextRO,0
"Cerf, Mitiska & Jaren",0
Inner Life,0
Copyright,0
Happy Mondays,0
Carbon Based Lifeforms,0
David Sylvian,0
Skunk Anansie,0
Fliwo,0
M,0
Saul Williams,0
EPO,0
Chino,0
Noisestorm,0
Triple XXX,0
Archie Pelago,0
Olive,0
Goldie Zelkowitz,0
Vera,0
Saitone,0
Dave Wave,0
Mütiilation,0
Crazy P,0
松岡美羽,0
久石譲,0
Kotomi,0
The Grid,0
Kurobara,0
Frank Klepacki,0
Armand Hammer,0
Lee Spencer,0
Womba,0
Tom Tom Club,0
k‐os,0
Nice,0
Nieve,0
RYOQUCHA,0
sHimaU,0
Jelly Roll,0
Altered:Carbon,0
Massano,0
Dreem Tran's,0
ケーシー,0
Culture Beat,0
Kirlian Camera,0
DJ Remy,0
The Exploited,0
The O’Jays,0
Survivor,0
Matoma,0
Steve Duckworth,0
Disco Tech,0
Pretty Taking All Fades,0
Aura Dione,0
Bad Computer,0
ろん,0
The Band,0
nanoshrine,0
Mz Bratt,0
FPM,0
Wild at Heart,0
Cream puff,0
Too Funk,0
Roger Nichols & The Small Circle of Friends,0
Atlantic Starr,0
Combo Colossale,0
Gerry Mulligan Sextet,0
"Rev. Walter McDaniel, Jr.",0
Loreen,0
Phil Nimmons,0
New World Sound,0
Sonic Species,0
絢瀬絵里,0
DVA,0
Carpainter,0
Visa,0
Gregori Klosman,0
DJ Jimi Needles,0
Horace Andy,0
Chuck Berry,0
Kicks n Licks,0
Senses Fail,0
Gene Kelly,0
Kitty & The Haywoods,0
Demon,0
Karen Finley,0
Jane Birkin,0
Random House Project,0
Queen Esther Marrow,0
Gorilla Zoe,0
Oobie,0
Michael Hunter,0
MOB CHOIR,0
DNA,0
Age of Love,0
Kon-Ga-Boy,0
Mosca,0
Fantasy Three,0
Leonce,0
Raco Rabanne,0
Sebwax,0
Stan Getz,0
Airhead,0
骨架的,0
"Church Universal and Triumphant, Inc.",0
White Panda,0
Bun,0
dgty,0
PIKASONIC,0
Elite Force,0
Jonathan Toth,0
Cosmin TRG,0
Jarreau Vandal,0
Redeilia,0
José Castell,0
shxpe,0
System F,0
T‐Bone Walker,0
Elefant,0
Patrick Bruel,0
Modular Expansion,0
Jim Brown,0
Time All Stars,0
Kur@ra,0
Keinemusik,0
Éva Csizmadia,0
Ben Frost,0
Texas Radio Band,0
Swami Sound,0
Kat Graham,0
Randy Newman,0
Acoustic Department,0
Blakroc,0
miraie,0
Federico Durand,0
Walt Barr,0
Snow Productions,0
Johnny Johnson & the Bandwagon,0
Alan Jackson,0
Schmetterlinge,0
Adam Kontras,0
Grooveyard,0
Ben Westbeech,0
Blank Banshee,0
Mr. Da-Nos,0
Flynn & Flora,0
Karen Harding,0
Ben Liebrand,0
Wolfgang Lohr,0
Howard Drossin,0
The Olympics,0
Covet,0
Danny Boy,0
Ink Project,0
Kaleo,0
Mark Mothersbaugh,0
Lennox,0
q_p,0
Netsky,0
Natural Born Chillers,0
五條真由美,0
tropes,0
DJ Toolz,0
SennaRin,0
DJ Bowler Hat,0
Brainticket,0
Donal Leace,0
Sébastien Tellier,0
Sophiaaaahjkl;8901,0
LMC,0
98°,0
Smash,0
The Surfaris,0
Hashim,0
Cheat Codes,0
Easy Star All-Stars,0
Muffin,0
Panzers,0
Garfunkel and Oates,0
Frank Sinatra,0
Novo Amor,0
Rosa Walton,0
Roy of the Ravers,0
The Qemists,0
Bizz The Prince,0
Wizkid,0
Fourth Floor Collapse,0
Crystal Kay,0
Space Laces,0
fwdslxsh,0
Smokin Suckaz Wit Logic,0
zeroth,0
Hitori Sugar Music,0
Thomas Rusiak,0
Ad Vanz,0
Secondcity,0
Andrew Luce,0
War,0
Studio,0
Hollywood Undead,0
D.watt,0
Röyksopp,0
Banco de Gaia,0
FreeTEMPO,0
Sky Ferreira,0
The Comrads,0
StraYawayƧ,0
VANO 3000,0
Future Loop Foundation,0
Still Corners,0
Miami,0
I.E.M.,0
Jonathan Richman,0
Colin Towns,0
John Davis,0
Padma Newsome,0
[PHYSICS],0
Minutemen,0
Engineers Without Fears,0
Machinae Supremacy,0
DJ Physical,0
Dave Navarro,0
Bethlehem,0
Scatman John,0
Pato Banton,0
Zombie Hyperdrive,0
Far away Nebraska,0
Surface 10,0
TABBY,0
samtrax,0
John Reuben,0
Kosheen,0
dannymacabre,0
Noah Neiman,0
Lexicon 4,0
De Nada,0
黒うさP,0
Tela,0
Giles Corey,0
Aurelleah,0
MAKO,0
Ati-juf,0
Kaoss Edge,0
Windy City,0
moldbelly,0
wotaku,0
BOOM BOOM SATELLITES,0
The Seeds,0
AronChupa,0
Michael E,0
2 Skinnee J's,0
Da‐iCE,0
ElMayonesa,0
Echo Knight,0
Goto80,0
Roey Marquis II.,0
Gold Blu-27,0
Ashley Ninelives,0
Monster X,0
Auralnauts,0
3OH!3,0
Deep Sensation,0
The Classic Men,0
Moonchild Sanelly,0
Who Is Fancy,0
Enoch Light and the Light Brigade,0
Bobmo,0
Hudson Mohawke,0
Daron Malakian and Scars on Broadway,0
Shungudzo,0
YB,0
The Durutti Column,0
exaheva,0
LVWZ,0
Take That,0
Bill Muir,0
Aquacycle,0
Kagwe,0
Kirin J Callinan,0
Unclubbed,0
The Hives,0
ParagonX9,0
Czar Nok,0
沢井美空,0
Drop,0
kjuː8,0
市瀬るぽ,0
Little-Sound Orchestra,0
hellogoodbye,0
Rossi B. & Luca,0
mr. Gnome,0
Mikey Dread,0
Green Point Orchestra,0
Durs,0
Sir Mack Rice,0
Regina,0
Quinn Martin,0
Klaudia Gronkiewicz,0
WOS,0
Karyn White,0
Bitfiend,0
Yankees,0
The U.S. Army Blues,0
Andy Taylor,0
S.A Music,0
Rising Sun Nova,0
Monster Zoku Onsomb!,0
Wildlife Collective,0
The Dillinger Escape Plan,0
yumeHolic,0
Street Sweeper Social Club,0
A Lunatic’s Daydream,0
Andromeda Phoenix,0
Ali As,0
Dream Theater,0
berg8793,0
DJ Squeeky,0
Bitter:Sweet,0
Matthewせいじ,0
The Secret Life,0
Leo Kottke,0
Burton Earny,0
Raheem D,0
WeDamnz,0
The Trucks,0
Sir Richard Rodney Bennett,0
Weiss,0
平沢進,0
Fouk,0
JINUSEAN,0
Sonic Breakbeat,0
Technicolour,0
Lenka,0
Skip Mahoney & the Casuals,0
Egyptian Empire,0
青龍,0
Monsters of Folk,0
Dream Frequency,0
Nina Sky,0
Hiro,0
Les Sœurs Boulay,0
John Lurie,0
Bou,0
Danny Baranowsky,0
鏡音リン,0
Rockman,0
Ras Kass,0
HVDES,0
Joji,0
Meemo Comma,0
D.O.D,0
Jad Fair,0
Fever Ray,0
Ебанько,0
Peter White,0
Spencer & Hill,0
LOBSTA B,0
Captain Rapp,0
Light Club,0
Ellen McIlwaine,0
LAZER DIM 700,0
SNVFF,0
Underground Software,0
Victor Uwaifo,0
Wallace Robert Holt,0
The Dream Academy,0
paraoka,0
Soundhog,0
LUPINWAVE,0
Sékou,0
Yung Aura,0
Joeski Love,0
Eleanore Mills,0
oOoOO,0
The Fray,0
D.O. Cartel,0
The Miracles,0
Eloy,0
The Quick Brown Fox,0
Split & Jaxta,0
ONE OK ROCK,0
Rasputin’s Stash,0
Thomas & Friends,0
Higher Sense,0
Mira,0
Olly James,0
Ramos,0
Paul Bazooka,0
Dave Koz,0
Bliss,0
Kenny Rogers & The First Edition,0
OMG Girlz,0
Rob,0
John Blu,0
mossgarden,0
Chuala,0
LIZ,0
Myeauxyoozi,0
LOVELI LORI,0
Criminal Code,0
Cryptrik,0
Lamorn,0
Captain Sky,0
Intruder,0
Doujah Raze,0
King Creosote,0
R.B. Hudmon,0
Lil Dicky,0
Shovelware,0
Dimitri Z,0
Gruby Mielzky,0
Nerf Herder,0
Player,0
ZICO,0
akca,0
P‐Money,0
The Fabulous Five Inc.,0
Les Ramoneurs de menhirs,0
Apocalyptica,0
Dave Spoon,0
Oliverse,0
Hariharan,0
Nick Holder,0
砂川翔也,0
A-Rühm,0
Astrophysics,0
mikuma,0
MEDUZA,0
Yo Gotti,0
Samuel Beckett,0
Great Statue,0
Stevie Hyper‐D,0
Left/Right,0
New Dreams Ltd.,0
swell,0
Matthew N.,0
Liza Minnelli,0
Killboy,0
Claudio Arrau,0
Ace Hood,0
DJ Useo,0
Dark Oscillators,0
Miranda Cosgrove,0
Boston,0
Hi-5,0
Barbara & Ernie,0
Cold Crush Brothers,0
TWINKle MAGIC,0
JVH‐C,0
Mameyudoufu,0
Manix,0
Innocence,0
Zola Jesus,0
Sweet Robots Against the Machine,0
Neotropic,0
The Album Leaf,0
pawcord,0
Androgyny Prince,0
Yazoo,0
Stacey Q,0
The Black Mighty Orchestra,0
TBeatz,0
Poison,0
Debbie Trusty,0
Tony Valor Sounds Orchestra,0
Anitta,0
Tom Lehrer,0
Jason Load,0
Cannonball Adderley Sextet,0
Morat,0
Uh Huh Her,0
清浦夏実,0
RAYE,0
Federal Duck,0
Overmono,0
CONSTANTAUTUMN,0
HALIENE,0
M.O.O.N.,0
ボブ佐久間,0
Photon Maiden,0
Tar Baby,0
Johnny Bristol,0
Freestylers,0
Renn Woods,0
June of 44,0
Trilark,0
Freedom Express,0
Hush & Chop Shop,0
Transform,0
Bessie Smith & Her Band,0
Balthazar & JackRock,0
Max Fractal,0
ethanplus,0
Kreator,0
Dan Deacon,0
The Supermen Lovers,0
Eptic,0
Bubba Sparxxx,0
Hit‐Boy,0
Furnier,0
H.P. Sneakstep,0
Dionne Warwick,0
Smooth McGroove,0
RUMBLERAGGA,0
mazie,0
6ix9ine,0
Dr. Peacock,0
Childs,0
Cream,0
ROUK.O.,0
Truth,0
PTAF,0
Tim Nable,0
Tony Quattro,0
Massimo,0
roxas358,0
Harvey Scales,0
1981 Tokyo,0
Reg Tilsley,0
Musique,0
River Tiber,0
Charles Martinet,0
tomppabeats,0
NormalM,0
Grant Nelson,0
New Canyons,0
EFM-7,0
Dennis Farnon & His Orchestra,0
Be Wiz’U,0
DJ BP,0
Aiobahn +81,0
Pep Love,0
Return to Forever,0
Аркадий Стругацкий,0
Jean de Sainte‐Colombe,0
A+,0
DARKSIDE,0
NepTenn,0
lafew,0
Zubeen Garg,0
Eagle‐Eye Cherry,0
Jacki‐O,0
Fear of Tigers,0
Rebecca Sugar,0
Christina,0
Remy & Sven,0
Shahar Varshal,0
Wee Papa Girl Rappers,0
Alvvays,0
Игорь Вдовин,0
Nathalie Cardone,0
333 Boyz,0
Jackie Mittoo,0
Gylan Kain,0
Japan,0
Celtic Thunder,0
Steev Hise,0
Robin S,0
Flinch,0
FAKE TYPE.,0
Alabina,0
Pacewon,0
"Morning, Noon & Night",0
anosa,0
Chester W.,0
Imagination,0
DJ RAY-XANS,0
The 20th Century,0
Daniel Nitt,0
Kungs,0
Louis Prima,0
Stina Nordenstam,0
Pinch,0
川田妙子,0
Litehouse,0
Eddie “Flashin” Fowlkes,0
Galileo Galilei,0
Little Richard,0
The Ready Set,0
Hoodie Allen,0
きくお,0
Nmesh,0
Lights Over Paris,0
Silverstein,0
Merle Haggard,0
藤原千花,0
MC Binn,0
COMPAQ-QUEST,0
伴都美子,0
平野綾,0
Allen Toussaint,0
Test Icicles,0
Technasia,0
Igor Presnyakov,0
Elevation Worship,0
r u s s e l b u c k,0
The Weather Girls,0
Dub Pistols,0
David T. Walker,0
Harmonic Illusion,0
Bogoss,0
Grant Phabao,0
Jack Lenz,0
The Latin Kings,0
chard la plaga,0
DJ Firth,0
Randolph's Leap,0
Sensations’ Fix,0
Men Against Cool,0
Xeno & Oaklander,0
Kelly Clarkson,0
Professor X,0
Kaiti Kink Ensemble,0
Sofie Letitre,0
Jaydee,0
Plastician,0
Phuture,0
Row Rocka,0
Mareux,0
The Briefs,0
Pheugoo,0
LOLI RIPE,0
VECTOR GRAPHICS,0
Phaze 1,0
Kasabian,0
Compton’s Most Wanted,0
DJ Vlad,0
Paul Lansky,0
Fizzy Bangers,0
Lenze & de Buam,0
Mongo Santamaría,0
MC Melodee,0
Nashua,0
Adam WarRock,0
"Antonio ""Drunk Beetle"" Edison",0
Dune,0
The Panicks,0
Hiroshima,0
François Feldman,0
スーパーセックス永遠にSUPERSEX420,0
rejection,0
Giove DJ,0
Rammellzee,0
DJ Tabernacle,0
戦場ヶ原ひたぎ,0
東京アクティブNEETs,0
Vijay Iyer,0
Roy Ayers,0
Suresh Wadkar,0
Pustulioooooo,0
Andrew Huang,0
Shades of Rhythm,0
The Persuasions,0
world’s end girlfriend,0
Michał Urbaniak,0
Jesse Rose,0
mihimaru GT,0
The White Stripes,0
Marius Müller‐Westernhagen,0
SyKo,0
Donald Byrd,0
"Kitty, Daisy & Lewis",0
Armani Caesar,0
Guru Josh,0
Conrad & The Hurricane Strings,0
Spanky & Our Gang,0
ginkiha,0
Nightmargin,0
Chromatics,0
Bonnie Dobson,0
The Crooklyn Dodgers,0
The Backyard Heavies,0
Hijrah,0
Cocteau Twins,0
The Clifford Gilberto Rhythm Combination,0
Maribou State,0
J.J. Barnes,0
ナナヲアカリ,0
The Slapstickers,0
Brooks & Dunn,0
TheDancingFishstick,0
Glenn Miller and His Orchestra,0
John Denver,0
Maid Dresses,0
Barbara Tucker,0
Savoy,0
Chronixx,0
Black Raison d'être,0
Sway & King Tech,0
Walter Wanderley,0
Kettenkrad,0
Margarita Vilcāne,0
山根ミチル,0
Laminar,0
スカート,0
Animal Crackers,0
Nick Jonas,0
おかしい男ラース,0
Alfred 23 Harth,0
City-O’,0
Fler,0
Grupo Frontera,0
Nachtbraker,0
Tommy McCook,0
skeler.,0
CKY,0
Fatima,0
That Fucking Tank,0
Deekline,0
POLICEMAN,0
Purity Ring,0
Sweet D,0
讃州中学勇者部,0
Rival,0
The Edgar Winter Group,0
Kool Moe Dee,0
大きい兄,0
Photographer,0
Kill Bill: The Rapper,0
Lund,0
Scotty,0
松枝賀子,0
Sak Noel,0
MoistedArnoldPalmer,0
Roy,0
Nima Gorji,0
Stumbleine,0
Four Tet,0
Christophe Beck,0
Victor Simonelli,0
Rollergirl!,0
Shy Siesta,0
TAH,0
James Pants,0
ZeroMizKun Nightcore,0
Felix Cavaliere,0
Underoath,0
José María Castells,0
Rikin8r,0
B‐Legit,0
Luiz Henrique,0
Phoebe Snow,0
Yemi Alade,0
Julian Casablancas,0
Vinyl Blair,0
Garrett Williamson,0
Hotstylz,0
"Does It Offend You, Yeah?",0
Chris Field,0
Nizikawa,0
Darío Núñez,0
Charles Bernstein,0
aka The Junkies,0
Mrs. Wood,0
No Ease,0
Dirty Spaceman,0
Palm Skin Productions,0
OK Go,0
Svix,0
Etta James,0
Brad Mossman,0
snoritz,0
Ed Rush & Nico,0
DJ Schwarzenegger,0
Walter Murphy,0
Apoplexia,0
3rd Coast,0
TEPR,0
Moods,0
Jay Abey,0
dstnt,0
GUMI,0
Doris,0
Allen Watts,0
Baby Bumps,0
Boxcar,0
Spin Doctors,0
Burn Water,0
Gold Panda,0
Mashup-Germany,0
Cult Member,0
Robert Tear,0
Don Caballero,0
All My Pretty Ones,0
Serge Perathoner,0
野宮あゆみ,0
Les Sins,0
Bob Bobin,0
Tek 9,0
Up Above the World,0
The Crickets,0
CYB,0
Hi‐Gloss,0
The Ahmad Jamal Trio,0
Dreamcastle™,0
Sophia Grace,0
Macho Gang,0
なみぐる,0
JL,0
Evidence,0
Alex Session,0
The Lost Generation,0
DRS,0
Daoko,0
Boy Harsher,0
Stephen Gately,0
Max Cooper,0
ETC!ETC!,0
Die Antwoord,0
Ruff Muff,0
Nanashi Mumei,0
The Decemberists,0
Huey,0
Raw Silk,0
Misteria,0
Ronan de Castel,0
4 Speed EG,0
Platon Andritsakis,0
Nevermind,0
Dead Pixel,0
Explosions in the Sky,0
Rusty Bryant,0
Texas,0
Halogen,0
Alexander Marcus,0
Paperclip People,0
Fancy,0
The Bilinda Butchers,0
HIGH and MIGHTY COLOR,0
Viclis,0
Bēkon,0
Clay Pedrini,0
Fox Sounds,0
&I,0
Leigh Harline,0
MAILPUP,0
Dynasty,0
Blue Iverson,0
DZ,0
Kyo,0
Eve,0
Soulspace,0
The Barry Gray Orchestra,0
Bonar Bradberry,0
Desert Sessions,0
Koopa Troopa,0
All Boxed In,0
Edgar Winter’s White Trash,0
boy 2000,0
shy lad :3,0
Charlie Dore,0
石川智晶,0
Charcoal Tongue,0
Pharrell Williams,0
Roberto Roena y su Apollo Sound,0
jigitz,0
Blues Traveler,0
Cookin’ Soul,0
Dashboard Confessional,0
SawanoHiroyuki[nZk],0
Vantage,0
Naldo,0
Los Albinos,0
Aethral,0
The Lance Gambit Trio,0
J.C. Davis,0
Kenny “Dope” Gonzalez,0
HOSH A GO-GO,0
Yakuza Karaoke,0
Sportfreunde Stiller,0
The Born Again Floozies,0
MOROSE,0
Venetian Snares,0
Rune RK,0
tobyMac,0
Cinema Recorded Music Library,0
FIGHT MAKI FIGHT,0
Luis Fonsi,0
Hugh Masekela,0
Grimm,0
MRPPony,0
The Beelzebubs,0
Anika,0
Breakage,0
Aural Vampire,0
Golden Donna,0
SMTOWN,0
KYONO,0
Funabashi,0
李香蘭,0
Pablo Ribot,0
Crosby & Nash,0
Digital Blue,0
Anthrax,0
T3NZU,0
Ladysmith Black Mambazo,0
DJ Paralex,0
Jeff Bass,0
Trees,0
Breakwater,0
A-RISE,0
Vincent Bueno,0
Hyper Potions,0
DJ Soina,0
Uncle Murda,0
Hylen,0
DJ Narrows,0
DJ NG,0
Krafty Skillz,0
Mateo & Matos,0
Finna,0
Bob Howard and His Boys,0
Felice Taylor,0
L33tStr33t Boys,0
Melanie,0
William Onyeabor,0
kazeoff,0
Bad Royale,0
The J. Geils Band,0
Glen Brown,0
Young Soldierz,0
Suken,0
Mazanga Von Badman,0
The Black Crowes,0
Zero T,0
Bape Fiends,0
Don Choa,0
EpicToast,0
Lost Colossus,0
Medicine,0
Imperial Brothers,0
John Summit,0
Jimmy Carr,0
McKendree Spring,0
ayame,0
Ulf Langheinrich,0
Grum,0
影山ヒロノブ,0
Lena Horne,0
emon(Tes.),0
推定少女,0
Pat Carroll,0
Masters of Reality,0
DaDood,0
I’m From Barcelona,0
LeiaFox,0
Dominik Eulberg,0
Ron Brice,0
Darts,0
University of Washington Husky Marching Band,0
V.I.C.,0
Diddy – Dirty Money,0
Claude Nougaro,0
NAOKI underground,0
Every Time I Die,0
D.veloped,0
the bird and the bee,0
Mandrill,0
George Harrison,0
KJ‐52,0
Γιώργος Χατζηνάσιος,0
NHK交響楽団,0
Dave Angel,0
Sway Dasafo,0
Errors,0
Ray J,0
CRIMEAPPLE,0
HyperboltEDM,0
Morrissey,0
ダ・カーポ,0
Glass Candy,0
Scum,0
Piebald,0
Jaybird Music Project,0
Jefferson Airplane,0
The Pyramids,0
The Phoenix Singers,0
Torpeedoh,0
Silicon Sound,0
ヨルシカ,0
Cosmovitali ▲☥▲,0
Stone Temple Pilots,0
CLS,0
Ruffneck,0
ランカ・リー,0
Iron Butterfly,0
AOA,0
Gal Costa,0
Cross Section,0
Machines Don't Care,0
Sunflower Bean,0
Dyro,0
DJ 最テー,0
Ian Klug,0
Dunproofin’,0
Crazy Town,0
Ken Boothe,0
Aftermath,0
MIST,0
The Serotonin Project,0
Camper Van Beethoven,0
MagnaDrake,0
4th Disciple,0
W,0
Thi'sl,0
Salaam Remi,0
Unreal,0
Dubtribe Sound System,0
20th Century Steel Band,0
Deborah Cox,0
LOLIPO,0
DreamWeaver,0
Law and Auder,0
Jimmy Mayes,0
Woods Empire,0
Henry Saiz,0
Carrie Lucas,0
Osibisa,0
Commodo,0
Opolopo,0
Mono,0
T.M.Revolution,0
Jr. Walker & the All Stars,0
Globus,0
Errorsmith,0
ccc,0
BUNDA,0
Etro Anime,0
PewDiePie,0
Black Mamba,0
SUPERCAR,0
coffin princess,0
TaQ,0
White 2115,0
Chingo Bling,0
小川範子,0
Riccio,0
Sodium Chloride,0
UFO λM,0
Nephos,0
benjamin,0
Frankie Cutlass,0
The Muppets,0
The Little Boy Blues,0
DJ’s United,0
Gloo,0
Bratmobile,0
Otakuberg,0
René,0
Hydroponic Sound System,0
Zef,0
Secret Werewolf,0
LouisF,0
DJ Lobsterdust,0
逢坂大河,0
Shakatak,0
Mona Fandey,0
東山奈央,0
Oddisee,0
Faith Hill,0
Deavid Soul,0
Daði Freyr,0
Soul Purpose,0
Brad Fiedel,0
Grand Slam,0
Tha Eastsidaz,0
Within Temptation,0
A★Teens,0
The Golden Palominos,0
Hidden Persuaders,0
Radeckt,0
Billie Eilish,0
K.I.M.,0
Genetikk,0
Cyril Grantham,0
RubyChan's Nightcore,0
Pinkie Guy,0
Super8,0
Vaya Con Dios,0
CHiCO,0
Jesse Somfay,0
Cellardore,0
Pat Metheny,0
Eyedress,0
The Florida Mass Choir,0
Dan + Shay,0
Münchener Freiheit,0
The Luv Bandits,0
Selda Bağcan,0
Big Black,0
"Crosby, Stills & Nash",0
Dope Smugglaz,0
Allie Sherlock,0
Slusnik Luna,0
Tragedy Khadafi,0
Gloria Gaynor,0
Buffy Sainte‐Marie,0
CORPSE,0
Loudon Wainwright III,0
The Platters,0
Ben Folds Five,0
Cold World,0
Redbone,0
⠽D⠑E⠎T⠙H⠕W⠕A⠍V⠼E⠃,0
Psychemagik,0
Lion MUSASHI,0
High Fashion,0
高田雅史,0
酒井省吾,0
Cash Cash,0
𝔪𝔦𝔯𝔞𝔦,0
steelix,0
Andrea Bocelli,0
Magit Cacoon,0
Cirwo,0
Cleveland Lounge,0
Jay Tee,0
日下部みさお,0
Covenant,0
Charles Anderson,0
Sidewalks and Skeletons,0
Sour Gummy,0
The Rocking Horse Players And Orchestra,0
Apparat,0
Sara Farell,0
Riff Raff,0
TheBusiness.,0
Slint,0
ZILLA,0
Maceo Parker,0
Celebrity Murder Party,0
Freedom,0
Malice,0
Shayne Ward,0
Cool’n Cat,0
Lee Moses,0
marina,0
IllegallyEmbezzleMp3,0
Bronze Nazareth,0
pF㎊pF㎊pF㎊pF㎊pF㎊pF㎊pF㎊pF㎊pF㎊pF㎊pF㎊pF㎊pF㎊pF㎊pF㎊pF㎊pF,0
Candy Girls,0
አለማየሁ እሸቴ,0
N-Type,0
Soul Mekanik,0
Natalie Bassingthwaighte,0
Gary Wilson,0
ATFC,0
Dorian Electra,0
Rayvon,0
AcousticBrony,0
植松伸夫,0
James Galway,0
The Thrillseekers,0
Arthur Russell,0
ROUND TABLE featuring Nino,0
Mr. Lif,0
Trimatic,0
Beautifully Abstract,0
Old School Players,0
Tremmme,0
꧁꧂,0
D.I.M.,0
Da Brat,0
Steinski and Mass Media,0
Schiller,0
Hayley Kiyoko,0
Fetisch Park,0
I Fight Dragons,0
Therapy?,0
Manzel,0
Katie Noonan,0
Grauzone,0
Чика из Перми,0
Roxy Breaks,0
St. Vincent,0
Zulema,0
Bettye Swann,0
Gene Dunlap,0
Memmy,0
Cosmonet,0
Robbie Nevil,0
Turaidas Roze,0
Allure,0
RetroVision,0
The Brothers Johnson,0
Ty-Pesh,0
Daz Dillinger,0
F.R. David,0
Unique 3,0
DL,0
Tim Deluxe,0
Derek and Clive,0
Hijack,0
Linko,0
Lowkey,0
Pooh Shiesty,0
Anile,0
lihanEAD,0
Nino Bravo,0
Tina Turner,0
D4L,0
Lützenkirchen,0
Mr. Muthafuckin’ eXquire,0
一之瀬ユウ,0
The Magi & Emanation,0
Michael Price,0
Cape Coral,0
Gholām-Hossein Banān,0
Leftwing : Kody,0
Pig&Dan,0
Pulsedriver,0
Vera Hall,0
H.P. Vince,0
Cher Lloyd,0
D.I.T.C.,0
Kimbra,0
MC Flipside,0
DJ Klever,0
Pac Div,0
DJ Brokenwindow,0
Lizdek,0
Serani,0
Body Power,0
Dub Empire Sound,0
saQi,0
A Mozart,0
Gecko,0
Mike Dearborn,0
Bankai,0
Kilo,0
Gueule d’ange,0
Son Lux,0
Scott Tuma,0
Mustard,0
Jane Dowe,0
Roller Coaster,0
Malik Turner,0
RQ,0
Idjut Boys & Laj,0
Spanish Harlem Orchestra,0
X-Men,0
Linda Scott,0
Body Ocean,0
Animals on Wheels,0
Xyloglyph,0
Maple,0
笠原弘子,0
Esther Williams,0
Donna Summer,0
Aldous Harding,0
Grottenolm,0
Shalamar,0
DJ Outblast,0
Logo,0
Willy Alberti,0
V0iD,0
Lynyrd Skynyrd,0
23 Skidoo,0
Lorenzo Senni,0
Sugar,0
Don Amott K of C,0
Blue Fairy,0
J.A.M.,0
Cosmic Cowboys,0
Listening,0
Justin Hawkes,0
יאיר ניצני,0
水曜日のカンパネラ,0
OMORI,0
KRio,0
Danny Musengo,0
DJ Shimamura,0
Neophyte,0
Kid Culture,0
MYTH & ROID,0
Getter Jaani,0
Lenny Dee,0
Glenn Morrison,0
Van Halen,0
3M,0
Technohead,0
Warren Zevon,0
Sir Lord Baltimore,0
Rumah Sakit,0
川上泰広,0
Deeperlove,0
Prefuse 73,0
Ground Control,0
Pascal Michael Stiefel,0
Jack DeJohnette's Directions,0
Jimi Tenor,0
Detroit Swindle,0
beat_shobon,0
Yunomi,0
Gmak,0
Gracias,0
Dennis Olivieri,0
Rebel MC,0
Twonko,0
Jack Black,0
Mahado,0
Tokoloshes,0
Jeff Beck,0
Rockin’ Squat,0
桜乃美々兎,0
Super Numeri,0
Nuclear Bubble Wrap,0
TOBYNOH,0
Jason Ross,0
Drown,0
Air Station,0
無限 Existence,0
Mark Governer,0
"Black Country, New Road",0
Benny Goodman and His Orchestra,0
Blue Magic,0
Misty Conditions,0
SiIvaGunner,0
Avenged Sevenfold,0
B-Factory,0
ACE+,0
Dynamite Grizzly,0
Galaxy,0
Luke Vibert,0
Protricity,0
dreamloader,0
E.T.A.,0
Troublemakers,0
Serge Gainsbourg,0
Christopher Larkin,0
Eternal,0
Tapp,0
Salif,0
Das EFX,0
Mudvayne,0
The Politicians,0
Airheadz,0
中村正人,0
Haze,0
4 Strings,0
Kyradeen,0
lux natura,0
Maxey,0
Malhavoc,0
Carleen & the Groovers,0
Sandra,0
Radio Slave,0
Cosmic Kids,0
Harrell & Sharron Lucky,0
Nick Glennie‐Smith,0
The Who,0
Cynthia Harrell,0
Juelz,0
EastWest Rockers,0
The House Keepers,0
The Hypnotist,0
Lucid,0
Bemax,0
Love and Rockets,0
coffe-K,0
Pete Rodríguez y su Conjunto,0
deadman 死人,0
Spag Heddy,0
Q‐Dee,0
Schacke,0
Mylène Farmer,0
SALEM,0
Jack Bruce,0
Małpa,0
My Mine,0
The Move,0
Snayk,0
Die Krupps,0
senzawa,0
Dinka,0
REAPER,0
Dante Mars Ajeto！,0
Arnold Blair,0
Jeff Lorber,0
Billy Ze Kick et les Gamins en Folie,0
Roger Rodier,0
Harvey Mandel,0
Park In Soo,0
Myra Barnes,0
I Musici,0
VEGO,0
Zekk,0
MATTN,0
Kyle Bobby Dunn,0
J $tash,0
Don Leisure,0
Logan Paul,0
The Deadkirks,0
Stars on 45,0
Here Come the Mummies,0
Artcrime,0
Extreme,0
Kristen Anderson‐Lopez,0
Sylvi Foster,0
Sisso,0
Jeremy Jordan,0
Does Not Compute,0
Ennio Morricone,0
Uzeda,0
The CB's,0
Network,0
The Boomtown Rats,0
DJ Ten,0
Andrew Gold,0
Partyraiser,0
Mary Elizabeth Frye,0
Alfred Newman,0
Pedro Mercado,0
Secret Weapon,0
Jordan Rudess,0
Troy Sands,0
Plastyc Buddha,0
Aidan Swank,0
Lalo Schifrin,0
Hucci,0
NekRock,0
venturing,0
The Barrino Brothers,0
Prince Jammy,0
RLW,0
Art Ensemble of Chicago,0
Piero Cappuccilli,0
DJ Ötzi,0
Manuel,0
癒月,0
Tek-One,0
糸魚健一,0
百石元,0
FerroLad,0
Sugar Ray,0
Probot,0
SXTN,0
中野家の五つ子,0
The Kids,0
Belmondawg,0
Megumi Hattori,0
Iyer,0
Ottawan,0
Leo Addeo and His Orchestra,0
State of Mind,0
Coco and the Bean,0
Plastic Boy,0
CENTRL,0
Bonde do Rolê,0
Ed Bogas,0
MikeQ,0
BLACK GIRL / WHITE GIRL,0
Aya & Chika from D&D,0
Mötley Crüe,0
伊藤真澄,0
Reese & Santonio,0
Bert Kaempfert & His Orchestra,0
Perry & Sanlin,0
Sage the Gemini,0
Dave Nada,0
Orbiter,0
Alfredo Lietor,0
Die In Progress,0
Aldo Romano,0
Twilight Sparkle,0
The Last Mr. Bigg,0
Michael Pilarczyk,0
Ookay,0
尾形雅史,0
The White Mandingos,0
Sukh Knight,0
Dru Hill,0
3Plusss,0
gya9,0
Grandmaster Melle Mel,0
Circle City Band,0
ovine hall,0
キセノンP,0
Backend,0
J. Boogie’s Dubtronic Science,0
Soul Position,0
Tata Young,0
Jamie Cullum,0
小林香織,0
Maxi-Beat,0
Daphne & Celeste,0
Chor der Staatsoper Stuttgart,0
茶太,0
Chrome Sparks,0
The Jesus Lizard,0
17th Boulevard,0
François‐Bernard Mâche,0
Drumatical Theatre,0
Bobby V.,0
Nastya Lisa,0
Critycal Dub,0
Flying Island,0
Boriqua Tribez,0
Foxfall,0
BASSBABE,0
Dark Sky,0
서태지와 아이들,0
Tom Tykwer,0
Eugene Tsai,0
Metric,0
Gals and Pals,0
Arsonists,0
House of Prayers,0
Bok Bok,0
Maciej Palicki,0
Lil Milk,0
Coast Contra,0
Chanson,0
David Pomeranz,0
Upland,0
India.Arie,0
Moony,0
越田Rute隆人,0
seizan,0
Behemoth,0
Aysel,0
Tomohiko Togashi,0
Braxton Holmes,0
Billie Holiday,0
N.O.R.E.,0
Immuzikation,0
Call Super,0
Black Merda,0
Chibby,0
New Boyz,0
MarinMashup,0
Eclipse,0
MediaFired™,0
Philip Frazier,0
Hunter,0
GOOSE,0
Frankie Valli,0
The Main Attraction,0
Men at Work,0
Juno Reactor,0
Norma Jean Bell,0
Scarlxrd,0
Roy Orbison,0
Veerus & Maxie Devine,0
安部菜々,0
Aaron Cohen,0
N.A.D.,0
The More Extended Versions,0
Roger Doyle,0
Boss,0
Arthur Brown’s Kingdom Come,0
Slam,0
Avalanche,0
The Joneses,0
麻枝准,0
Wayne Shorter Quartet,0
中塚章人,0
DāM‐FunK,0
Geoxor,0
Juiceboxxx,0
mSdoS,0
DMC Quincy,0
Susan Boyle,0
Blood Cultures,0
Jerry Orbach,0
Biz,0
Jem Stone,0
Classics IV,0
Snowy Red,0
Maladroit,0
Jesse Anderson,0
Celestaphone,0
Slums Attack,0
モーニング娘。,0
Roots Manuva,0
Aaron G.,0
Norkkom,0
Cosmograph,0
Dj Alyaz,0
Ralphie B,0
Unknown T,0
Nixon,0
Riovolt,0
Cabin Fever,0
Mo‐Do,0
DJ 2000F,0
T.Power,0
The Members,0
Codd Dubz,0
The Hellers,0
The Counts,0
The In Crowd,0
enable secret,0
川島基宏,0
Starstylers,0
Far Out,0
Julie Slick,0
Ace Aura,0
The Mars Volta,0
Lyn Collins,0
Obscure FM,0
MJ Fandango,0
Junior,0
TAS 1000,0
瀬戸海月,0
Richard Evans,0
テンタクルズ,0
E-603,0
Alex Retro,0
テレビヘッド,0
Andry Nalin,0
Clemek,0
Natalie Imbruglia,0
Alexandra Stan,0
Sangue misto,0
Nyolfen,0
Disco Four,0
ana kennedy,0
CeCe Peniston,0
Northern Lite,0
mojochronic,0
The Andrea True Connection,0
MONKEY MAJIK,0
Stanley Cowell,0
Serious Intention,0
DJ Dumpz,0
Aztec Camera,0
佐藤奈々子,0
Ol Kainry,0
Dodge & Fuski,0
Sunday School,0
Argent,0
Rian Basilio and The Roosters,0
Argyle Park,0
"Nu-Sound Express, Ltd.",0
Jean Jacques Smoothie,0
TURBO,0
Joe Chambers,0
Hooverphonic,0
Holder,0
まりつみ,0
Freddie Mercury,0
temura,0
Matchbook Romance,0
Coburn,0
島村卯月,0
鼓童,0
Δέσποινα Βανδή,0
Chakachas,0
bassy,0
Fame School,0
DJ エリ君,0
Big Hair,0
Arthur Brown,0
Allie X,0
Quantic,0
Don Omar,0
Chango,0
Captain Ahab,0
Jay Electronica,0
David Heartbreak,0
Ed O.G. & Da Bulldogs,0
fraxiom,0
Virgin Stigma,0
Berlin,0
Bitty McLean,0
Rosie Doonan,0
庄司英徳,0
David Dundas,0
AraabMuzik,0
John Mellencamp,0
Le Pamplemousse,0
Winston Groovy,0
Joey Purp,0
Psy Trance Mafia,0
Sabb,0
Ultra High Frequency,0
Broken Glass,0
Rockwell,0
Eirik Suhrke,0
Spiral Starecase,0
たむらぱん,0
Claude Larson,0
Aija Kukule,0
King Willonius,0
Stephen Walking,0
Monosurround,0
Counting Crows,0
Kramer,0
The National Cynical Network,0
Country Teasers,0
King Geedorah,0
Cameo,0
Vivien Goldman,0
Silent Boy,0
Milo j,0
松永政信,0
Musiq Soulchild,0
Michale Graves,0
D.K$,0
Antonio Pinto,0
Desired,0
Nikolauss,0
Oliver Sain,0
Blow,0
Can,0
Craig G,0
Elocnep,0
Felo Man,0
Salt Tank,0
The Anything Muppets,0
Hoax,0
Rascal Flatts,0
Greymatter,0
neva pray,0
DJ Jazzy Jeff,0
Deep West,0
Los,0
L‐Vis 1990,0
Reelsoul,0
Emo Side Project,0
Sonz of a Loop da Loop Era,0
NICE GIRL プロジェクト!,0
Imani Coppola,0
wujiu,0
Bessie Jones,0
Nonsens,0
空音,0
Crawford,0
Sam Rivers,0
初音ミク,0
The Subhumanizer,0
Sister Nancy,0
Dion Timmer,0
Honny and the Bees Band,0
The GTAM Cover Band,0
2hollis,0
Deadly D,0
Loituma,0
Non Phixion,0
Crouch End Festival Chorus,0
Geshtro,0
René & Angela,0
Jon B.,0
Mike Shinoda,0
Reinhold Schmidt,0
Suneel Gurpur,0
Noel Pointer,0
Rubba,0
Suna,0
Vektroid,0
Ruff Ryders,0
Greg Downey,0
Goio,0
Terry Day,0
Baircave,0
nora2r,0
Bazooka,0
Fangs,0
Cerrone,0
Cyberpunkers,0
Poperetta,0
Jack Wilkins,0
Voicedude,0
Shirley Ann Lee,0
Sinnamon,0
Glowy Pie,0
Xanemusic,0
Eighties Ladies,0
Bernard Estardy,0
G. Dep,0
Sage Francis,0
nealturbo,0
Nightcore,0
Omnimotion,0
Sir Harry,0
杉森雅和,0
Bunny Wailer,0
Harry Allen,0
Fortye,0
Eddie Holman,0
Mary Jane Girls,0
Topo & Roby,0
Zadig the Jasp,0
Jack Marshall,0
Brian Ice,0
Pent Up Pup,0
Tony Harnell,0
Obfusc,0
Ted Lewis and His Orchestra,0
DJ GBR,0
All Angels,0
Sway,0
Rie fu,0
Seaway,0
Beatsteaks,0
Felix Jaehn,0
Shit Hot Soundsystem,0
VIRTUAL GARDEN,0
Promoe,0
Lumena-tan,0
こみっくがーるず,0
宮倉恭子,0
Skyy,0
Pluto Shervington,0
髏々宮カルタ,0
KUSO GVKI,0
Klaus Kinski,0
江口貴勅,0
Morelia,0
DJ Hektek,0
Kraddy,0
Cascada,0
LEN,0
Sophy,0
Tarkan,0
ジェニス・カトレーン,0
Samuel Deep,0
Refused,0
Blue Train,0
Khaligraph Jones,0
RIKKI,0
Recloose,0
Amadeus Quartet,0
You+Me,0
X‐Ecutioners,0
開発室Pixel,0
G‐Dragon,0
David Raksin,0
Gabriel & Dresden,0
Bring Me the Horizon,0
Nu-Matic,0
Badjokes,0
gorse panshawe,0
DJ Gizmo,0
Cosma,0
Mince Pye,0
Optometrist Prime,0
yumeo,0
Valerie Dore,0
Bessiff,0
L’Trimm,0
starsculptor,0
Sophie Hunter,0
King Fantastic,0
水瀬伊織,0
ころんば,0
Cut and Paste,0
Liquid Lines,0
From Autumn to Ashes,0
Foreigner,0
Staticca,0
The Rappin' Duke,0
Peewee Longway,0
Zyklon,0
Kings Go Forth,0
Renato Carosone,0
Peaches & Herb,0
外神田文芸高校,0
DJ Booty Full,0
Omar,0
Jupiter Maroon,0
Da Lench Mob,0
Wingz,0
The Zombies,0
Factory Floor,0
JANNY,0
ElectroSound,0
Paul Paul,0
Lyrical Lemonade,0
DJ Snake,0
Gears of the Apparatus,0
加賀美セイラ,0
Lavalamp,0
West Street Mob,0
Less du Neuf,0
Garrett,0
MASI,0
Lostprophets,0
Los del Mar,0
Uffie,0
BTS,0
Ephixa,0
The Mystiques,0
White Chorus,0
ISOxo,0
At the Drive‐In,0
Pitchshifter,0
Sister Rosetta Tharpe,0
surrenderdorothy,0
Stink,0
Will Quadflieg,0
Nearly God,0
Mirdza Zīvere,0
Mighty Sparrow,0
SmadaLeinad,0
DJ Haram,0
Jimmy Spicer,0
Fire Inc.,0
Barbara Ann Teer,0
Disco Dave & The Force of The 5 MCs,0
Atoms for Peace,0
櫻井智,0
Omario009,0
Kizo,0
Battles,0
Kathy Rui,0
food house,0
Primus,0
polkazur,0
Active Member,0
Mega Ran,0
Criminal Element Orchestra,0
Jordy Dazz,0
Carlos Serrano,0
TJ Davis,0
Nea,0
Flash,0
MtH,0
Deft,0
TheRandomSapphire,0
Red Aunts,0
Bentley Dean,0
VAST,0
FIBRE,0
Laurindo Almeida,0
Ian Brown,0
Mikeburns,0
藤原ざくろ,0
Saul Stokes,0
Mystifier,0
LukeNovember,0
LaBrassBanda,0
Ty,0
Laidback Luke,0
Orkiestra Symfoniczna Filharmonii Narodowej,0
Tiger & Woods,0
Opiuo,0
DJ Delirium,0
Sexual Harrassment,0
Bhad Bhabie,0
Linda Lewis,0
Tay‐K,0
Fatboy Roberts,0
Fouria,0
The Tornadoes,0
Drumcorps,0
CHOCO CHESHIRE,0
savogy,0
DJ USYN,0
Zucchero,0
Radioseven,0
Therese,0
Cali Cartier,0
The Norman Luboff Choir,0
Physical Attraction,0
Lo Key,0
Low,0
Five Star,0
Bukiko,0
J. Logan,0
Los Lobos,0
cirrus,0
Rachel Sweet,0
Jade,0
Lighthouse Family,0
The Horace Silver Quintet,0
2raumwohnung,0
Kristof. R,0
Freewave,0
川上領,0
CHANG MA,0
The Abominable Iron Sloth,0
Bearings,0
Mike Hunt,0
Hentai Dude,0
ぶりる,0
Slowdive,0
Michelle Branch,0
NAOKI,0
Lost,0
Rollin Thrax,0
3dNOW,0
Diffusion,0
Murphy TheLaw,0
Sepultura,0
The Monkees,0
Need for Mirrors,0
Barış Manço,0
Alka Yagnik,0
? and the Mysterians,0
Flynt,0
vierre cloud,0
iBringDaLulz,0
Cannibal Corpse,0
Goapele,0
Jazzy Jeff,0
Bruno Sanfilippo,0
Eternal Raijin,0
Blackjack,0
Mackenzies,0
Ghislain Poirier,0
Panama,0
katsu,0
a‐ha,0
Invandra,0
JonTron,0
Scott Matthew,0
Chocolate,0
Diamond Dallas Tex,0
Beefjerky007,0
Eliminate,0
StepShy,0
Ian Boddy,0
Housse de Racket,0
Das Modul,0
Kurran1998,0
KJ Mixes,0
Anne Clark,0
Smif‐n‐Wessun,0
Lamont Dozier,0
Stargo,0
Broadcast,0
Ramp,0
Dylan Locke,0
The Soul Searchers,0
Lee Mason & His Orchestra,0
Violadores del Verso,0
I Awake,0
DIVELA,0
Johnny “Hammond” Smith,0
Kris,0
Little River Band,0
Howwler,0
Timewarp Inc.,0
DJ DaY-mar,0
colin!,0
reissecup,0
東雲和音,0
Sammus,0
Howie B,0
durfland121,0
テレビ体験,0
Los del Río,0
JustSomeRandomMusician,0
Cashmere the PRO,0
Digital Farm Animals,0
Emblem3,0
The Heavy,0
GO!! Light Up!,0
Sandra Akanke Isidore,0
Electrocado,0
Atmosphere,0
Skazi,0
Hayseed Dixie,0
Ween,0
Raleigh Theodore Sakers,0
Herbie Mann,0
Khruangbin,0
Kiynaria,0
ハサキトオル,0
Catorstrax,0
Shikimi,0
Hard Harmonizer,0
Mino,0
2 Bad Mice,0
megabuzz,0
Nick Dow,0
倖田來未,0
Solid Base,0
Valerie Davis,0
Pa’s Lam System,0
Fonzerelli,0
Yunggt3z,0
DJ ENPITSU,0
Benny Dayal,0
Main Source,0
Prestige,0
相原隆行,0
r-906,0
Johnny Gioeli,0
Jessica Bailiff,0
Love,0
Sam O'Neall,0
Total Contrast,0
Channel 505,0
Breaka,0
Pigeonhed,0
Veda Simpson,0
La Paquera de Jerez,0
EasyPop,0
Viper,0
Cannibal Ox,0
Torske,0
DJ D1ed,0
Roger Sanchez,0
Kermit the Frog,0
New Radicals,0
scythe,0
Christina Stürmer,0
dakooters,0
Global Deejays,0
Bryson Tiller,0
Sun-La-Shan,0
Doc,0
藤田真由美,0
HITTING NOT MISSING,0
Tenkitsune,0
松崎しげる,0
dc Talk,0
Shockwave Tag Team,0
Louis Futon,0
SoulEye,0
DJ Morgoth,0
Polyphonix,0
Assholes by Nature,0
Trickbaby,0
Defected Maidens,0
Little Anthony & the Imperials,0
大賀ルキア,0
MORGENSHTERN,0
R.I.E,0
Tommy Bass,0
Joel Nielsen,0
Sticky,0
Chongo,0
Group Home,0
Harvey Mason,0
Lil Yachty,0
Wall of Voodoo,0
André 3000,0
Sheila E.,0
Shad Hottaboy,0
"Bob Crane, His Drums and Orchestra",0
Example,0
Midnight Movers,0
豊嶋泰嗣,0
Becks,0
TedEdFred,0
岸谷五朗,0
Dolly Parton,0
Alexis Jordan,0
Eternal Khaos,0
Tiga,0
B‐Real,0
The Congos,0
Jun Kamoda,0
:zoviet*france:,0
Carpenters,0
In‐Grid,0
Hoobastank,0
Macroblank,0
Raz Ohara and The Odd Orchestra,0
Conan Gray,0
KETSU!,0
Soprano,0
Apathy,0
Bookworms,0
Ace of Base,0
Michel Dalberto,0
Contrefaçon,0
Nadja,0
1.8.7,0
Mustard,0
Rev. J.M. Gates,0
MC Jin,0
Alexey Volkov,0
Marian Anderson,0
Retroactive,0
Bambee,0
Nieman J,0
Zwei,0
Alex Gaudino,0
DJ Zinc,0
Léopold Nord & Vous,0
DiamondBrickZ,0
Skull Snaps,0
Alligatoah,0
Dynasty,0
Dennis Ferrer,0
kikiyama,0
45RPM,0
PLS&TY,0
The EOS Ensemble,0
The American Dawn,0
Daniel Klose,0
gauss,0
Perrey & Kingsley,0
Schnappi,0
Womack & Womack,0
Trans‐Siberian Orchestra,0
Midcall,0
Joker,0
Professor Longhair,0
The Overlords,0
Junior Wells’ Chicago Blues Band,0
阿川泰子,0
Skylar Astin,0
SEGA Sound Team,0
Dj Bamberino,0
Robin Gibb,0
Moonspell,0
Air Supply,0
Clifford Brown,0
Jlin,0
Bernard Herrmann,0
Throbbing Gristle,0
Ron Gallo,0
Rezodrone,0
Alba,0
Mnemosyne,0
Intimate Strangers,0
Barna Soundmachine,0
The Last Town Chorus,0
Frassman,0
Mad Rat Gang,0
SomeBlackGuy,0
The Chalkeaters,0
Akhenaton,0
Westside Connection,0
twocolors,0
Nicole 12,0
Nick Robinson,0
JAWNS,0
Sèyfou Yohannès,0
Dyke & the Blazers,0
Tony Terry,0
Buddy Miles,0
FRACTALFUCK,0
Amanda Palmer,0
Reverend W.A. Donaldson,0
The Disney Afternoon Studio Chorus,0
EDEN,0
Brenda & the Tabulations,0
Abstract Foundation,0
raytdaalz07,0
アイラミツキ,0
grape milk,0
Theatre of Voices,0
Mahavishnu Orchestra,0
tilt-six,0
Freestyle Orchestra,0
Niney the Observer,0
Sandi Thom,0
livetune,0
DJ Laz,0
Alvin Cash & The Crawlers,0
DJ X-Rated,0
Erlend Øye,0
Lew Stone & His Monseigneur Band,0
Haroon Piracha,0
Michael Bublé,0
W.D. “Bama” Stewart,0
Highlander,0
Tramaine Hawkins,0
The Staple Singers,0
bill bissett,0
Bonnie Raitt,0
Antiloop,0
Meshell Ndegeocello,0
William Shatner,0
LemKuuja,0
Mediæval Bæbes,0
Itch‐E & Scratch‐E,0
djzuus,0
ASHWAN,0
Godley & Creme,0
Fetva,0
Don “Sugarcane” Harris,0
La Boussole,0
Rob Tex,0
Cubenx,0
Framewerk,0
Daniel Janin,0
China Anne McClain,0
Mel Smith,0
Moluk Zarrābi Darāmad,0
Kusp,0
Lonely Tunes,0
SpaceGat,0
Yaeji,0
Charlie Beale,0
pomDeter,0
Liquid Stranger,0
Francis Lai,0
Siege,0
Holly Valance,0
Easy Mo Bee,0
Dukeyman,0
Jar,0
DoM,0
Polygon Dream,0
Matt Krupa,0
Meredith Monk,0
Ash,0
Stay Flee Get Lizzy,0
Kool Savas,0
Denise,0
Glenn Lewis,0
Tom Brock,0
三宅大輔,0
wew lad,0
JP Cooper,0
Vern & Milla,0
Winchester Cathedral Choir,0
SISTAR19,0
Gary Jules,0
Dickie Jones,0
Arno Motz,0
Zbigniew Preisner,0
Dobie Gray,0
Camo & Krooked,0
Jonsp2000,0
Taps,0
大塚愛,0
Direct,0
BbyMutha,0
Krach,0
Ym1024,0
Rank 1,0
Fritz Carlton,0
user-530780552,0
Jens Lekman,0
Racionais MC’s,0
The Auteurs,0
Five Man Electrical Band,0
D12,0
Anamanaguchi,0
TIN,0
The Higher Intelligence Agency,0
“Brother” Jack McDuff,0
Cash Kru,0
Sonic Youth,0
HNTR,0
Skids,0
Yunus Güvenen,0
Chet Baker Quartet,0
黄明志,0
King Gnu,0
TroyBoi,0
Ambitious Lovers,0
阿保剛,0
The Clash,0
face to face,0
Zimbo Trio,0
Club Nouveau,0
Azzido da Bass,0
mucell,0
Joe Gullace,0
Emanuel Laskey,0
Ijahman Levi,0
CRIM3S,0
Alex Metric,0
Connector,0
Marvaless,0
Atlas Earth,0
Pokémon,0
Flowchart,0
Moving Hearts,0
Adam Ten,0
Kosmos,0
Paradiso Girls,0
Jo Ann Garrett,0
Pierô,0
Party in Backyard,0
Status Quo,0
Secret Service,0
Russ,0
J Hus,0
Rhodes Rodosu,0
Latimore,0
Moldy,0
Semisonic,0
Black Moon,0
DATEKEN,0
MJ,0
Tom Petty and the Heartbreakers,0
Lee “Scratch” Perry,0
S. E. Rogie,0
The McCalmans,0
The Beginning of the End,0
Hello Bye Bye,0
Miles Jaye,0
Weather Report,0
Little Milton,0
Chaah,0
Misplaced,0
Doug Robb,0
DjCyCO,0
Cii,0
Scream,0
加藤ありさ,0
Laserkraft 3D,0
Toronto,0
Derek Simon,0
William Basinski,0
Lee Fields & the Expressions,0
Eddie Hodges,0
Burt Bacharach,0
Junior Vasquez,0
Pound & Harris,0
ElyOtto,0
JiKay,0
Tego Calderón,0
泉こなた,0
Melvin “Wah Wah” Watson,0
Fulborn Teversham,0
The Rubber Band,0
Orchester Roland Kovac,0
Lazy Jay,0
Qlas & Blacka,0
Pretenders,0
Kenny Allstar,0
The Wailers,0
Trust,0
Pop Will Eat Itself,0
wowaka,0
Throwing Snow,0
The Times,0
Tokyo Ghetto Pussy,0
JMJ & Richie,0
Structure,0
KaKi,0
Barry McGuire,0
hololive English -Myth-,0
Freestyle,0
DJ Hurricane,0
The Chameleon,0
Stephen Warbeck,0
Hybrid Minds,0
Riot Ten,0
JuicyTrax,0
Romano Bais,0
Caterina Valente,0
My Chemical Romance,0
Schwesta Ewa,0
Foamo,0
Miko Mission,0
RADIO FISH,0
ANS,0
Graham Bonnet,0
Light MetaS,0
Madder Rose,0
Asino,0
Johnny Clarke,0
Fashawn,0
Ester Brinkmann,0
Beirut,0
Chocolate Weasel,0
Banda Black Rio,0
David Tudor,0
Honeysmack,0
Heartbreak,0
Floetry,0
Sonic Juncture,0
Anil Chawla,0
Travis,0
Fatty Spins,0
Ranko,0
Open Skies,0
Hypnotize,0
Greystar,0
2 Player,0
David Bromberg,0
Andrew Bird,0
AUDIO SPORTS,0
The 9th Creation,0
Christopher Tyng,0
Wish Key,0
BlackGummy,0
Mantronix,0
Terpsichord,0
Run DMT,0
GAME FREAK,0
Sadahzinia,0
Rako,0
4EverfreeBrony,0
Tomomi Ukumori,0
Ken Laszlo,0
The Flamingos,0
23,0
Payo Malo,0
lapix,0
福田有理,0
Aests,0
YM,0
The Opposites,0
Ernest Gold,0
Chris Smith,0
Bobby “Boris” Pickett,0
Dave & Nuage,0
alt‐J,0
The Martian,0
ryuzk,0
Die Woody's,0
Top Jimmy Page,0
Stu Phillips,0
Almighty Associates,0
Joyner Lucas,0
XOOX,0
Luca Agnelli,0
Carl Thomas,0
Young Koop,0
The Sweet Inspirations,0
Skipworth & Turner,0
Ed Rush & Optical,0
Sleep Token,0
Marianas Trench,0
Brian Bennett,0
East Flatbush Project,0
Son House,0
Brooklyn Bounce,0
K->,0
Blood Orange,0
ElectroKaplosion,0
Ras Michael & The Sons of Negus,0
MUNA,0
Dustin Laurenzi,0
Andreas Zoeller,0
OMFG,0
Sister Machine Gun,0
Melba Moore,0
My Dry Wet Mess,0
Caravan Palace,0
Geraldine Hunt,0
Amnesty,0
Quincy Jones and His Orchestra,0
The Isley Brothers,0
gdgd妖精s,0
Orlando Julius,0
HIROSHI WATANABE,0
Brigitte Bardot,0
Helen,0
Savoy,0
Mo'Rockin,0
DJ Nu‐Mark,0
Srgt. Moon,0
Tango,0
Aura Qualic,0
Jóhann Jóhannsson,0
Jimmy Shand and His Band,0
Bebo Best and The Super Lounge Orchestra,0
Polar Bear,0
Dynas,0
Z‐Trip,0
Greazus,0
David Rose,0
Stefflon Don,0
Libythth,0
Skapes,0
Haindling,0
Stereolab,0
Bomba Estéreo,0
Aitch,0
xaviorthemachine,0
Sheb Wooley,0
TTR Allstars,0
Zoot Woman,0
Charlie Rich,0
Michael Cassette,0
Penelope Scott,0
Sleeping People,0
Lil Baby,0
Уметь Бы,0
Mirage,0
4nzu,0
Upsilon Acrux,0
Silversun Pickups,0
Douglas Cummings,0
Percy Faith and His Orchestra,0
Blonde Redhead,0
Wolfgun,0
guilhox,0
Baby Mammoth,0
Yeanling3696,0
Robert Camero,0
Dopplereffekt,0
slowthai,0
Jim Ingram,0
minindo,0
Peter Frampton,0
Climie Fisher,0
Slyde,0
New Power,0
Meat Marionette,0
TOKYO ROSE,0
Three Days Grace,0
The Tallest Man on Earth,0
竹内まりや,0
Sandy Stewart,0
Dragutesku,0
Figures of Eighty,0
Kid Loco,0
Young H,0
Mishovy Šílenosti,0
Yr Atgyfodiad,0
Kourosh Yaghmaei,0
Lena,0
Suzi Quatro,0
千石撫子,0
Miguel Migs,0
Lindemann,0
Poppin'Party,0
Caroline Polachek,0
Steven Wilson,0
U.K.,0
Pop Smoke,0
Dreamville,0
Juice WRLD,0
FWLR,0
Victoria Beckham,0
Wayne Shorter,0
許冠傑,0
白光,0
Moore Kismet,0
BADBADNOTGOOD,0
Buddy Merrill,0
Melanie Fiona,0
MONORAL,0
Matt Neux,0
Judgitzu,0
obake,0
Benjamin Theves,0
DJPoyoshi,0
Tate McRae,0
Philip George,0
hololive English,0
NicolArmarfi,0
FPI Project,0
Little Dragon,0
Jeremy Greenspan,0
Shwayze,0
Eugene Record,0
Tony Sineni,0
Michael C. Hall,0
DJ Smokey,0
Aziza A.,0
Power of Zeus,0
Chase,0
Oliver Heldens,0
Panchiko,0
Luminous Orange,0
Rockers Revenge,0
Big Shaq,0
mewithoutYou,0
Max Richter,0
ZacharyChang,0
Cise Star,0
The Cinematic Orchestra,0
Chantay Savage,0
Frédéric Mercier,0
Nevada,0
Дискотека Авария,0
Dido,0
Thirteen Senses,0
Twisty Tunes,0
Amit Mishra,0
Lemon Sol,0
Afrika Bambaataa & The Jazzy 5,0
Juliet Fox,0
Wings,0
Barney Rubble,0
Barbara Lewis,0
Knights of the Turntables,0
WangleLine,0
June Miller,0
Razed in Black,0
高橋美佳子,0
Breeder,0
Absztrakkt,0
Patrice Bäumel,0
Invader Ler,0
goloa,0
Crowded Babes,0
Pushmi-Pullyu,0
David Michael,0
戸松遥,0
Mina,0
WATCHMAN,0
Bass Kleph,0
Procol Harum,0
Vision Masters,0
Gryffin,0
Tim Hecker,0
Robin Trower,0
Sarah Hopkins,0
Advanced Chemistry,0
Louis Armstrong and His Hot Seven,0
E Money Bags,0
E_DEATH,0
múm,0
Tuff Crew,0
J Álvarez,0
Smart Systems,0
Jessica Simpson,0
Emily Bindiger,0
Matthew Wilder,0
Simtec & Wylie,0
Kiiara,0
Bedwetter,0
Rue Royale,0
Armenta,0
Hugo TSR,0
America,0
ac1d vicious,0
Oh Wonder,0
Electric Six,0
i SQUARE,0
Renārs Kaupers,0
Jo Thrillz,0
Eternal Sunset,0
Poison Clan,0
Shakaboyd,0
Downlink,0
YURiCa/花たん,0
Руки вверх!,0
Deathface,0
Artie Shaw,0
Martyn,0
Spacklequeen,0
Trumpet Thing,0
帝音国際学院,0
Duster,0
Misiu,0
ノヴィタ,0
Thundercat,0
Friendly Fires,0
Son of Bazerk,0
The Panacea,0
Wolfmother,0
Harmony's,0
Lightheaded,0
Ralph Fridge,0
Immortal Technique,0
mow,0
Die Wildecker Herzbuben,0
Guru,0
Serji,0
Mord Fustang,0
Ludwig Göransson,0
Klint,0
The Buff Medways,0
Diamond District,0
ghost and tape,0
Cold Blank,0
Late Replies,0
webyte,0
ShyBoy,0
Khaled,0
Plez,0
Flipp Dinero,0
Jaden,0
早崎あすか,0
Wasted Mind,0
Perry Sullivan,0
オゾン,0
Nasty Habits,0
KT-19941,0
Natural Touch,0
Shaï,0
Xian,0
CityOfFeelings,0
Technical Difficulties,0
Pardeep Sran,0
SecretAsian6,0
Dead or Alive,0
Googoosh,0
Carmada,0
Hot Chelle Rae,0
DJ Bishop,0
高橋洋樹,0
Jason Fine,0
DJ Zen,0
Bree Runway,0
win a sheep free,0
Clowny,0
Cartouche,0
Amanda Perez,0
白虹,0
CURE97,0
The Temptations,0
fnjj,0
TheLegendofRenegade,0
Padmasana,0
Les Fatals Picards,0
Tojami Sessions,0
Pavement,0
Dirty House Crew,0
USAO,0
Jackie Jackson,0
C.J. & Co,0
Tanchiky,0
Shawn Christopher,0
DJ Mariano,0
Gaszia,0
ニラパセリ,0
Kirsty Hawkshaw,0
Moss,0
Mental Broadcast,0
李骏驹,0
Mark Mancina,0
kity,0
Johnny Corporate,0
Venjent,0
Pitto,0
Douglas Penn,0
Andrewherring,0
Rome in Silver,0
Jonny Miller,0
Sharam Jey,0
Silverchair,0
The Young Gods,0
Regularfantasy,0
Peggy Lee,0
slippymudman,0
Winno,0
本田華子,0
Porcelain Black,0
borji,0
W.E.N.A.,0
Жуки,0
Symbol,0
ASHE,0
John Cameron,0
Def Rhymz,0
haircuts for men,0
dev,0
Marcello Giombini,0
Jeff Beck Group,0
Nayt,0
Luther ‘Georgia Boy’ Johnson,0
Alex Gopher,0
Subdaio,0
Thaíde & DJ Hum,0
Gary Portnoy,0
"Kenny Dixon, Jr.",0
The Orion Experience,0
Leslie Uggams,0
Pat Boone,0
Marcus King,0
Cardiacs,0
Hot Since 82,0
girls factory,0
SuperRiderTH,0
IchigoPony,0
Unique,0
Scotch,0
ILLIT,0
Aseul,0
Windsor for the Derby,0
Kebo Gotti,0
MixHell,0
Jason Downs,0
Love and Light,0
Endigo,0
Meg & Dia,0
halca,0
あき,0
Simon Park Orchestra,0
UKW,0
Jace Norman,0
Webster Lewis,0
Steve Arrington’s Hall of Fame,0
maidable,0
technokut,0
Blu & Exile,0
Juice Aleem,0
Michael Nyman,0
Wild Motherfuckers,0
Marshmello,0
Taha,0
kidkanevil,0
Mercer,0
The Vibrations,0
Brat,0
Cedar Walton,0
Kristi Kara,0
Cutting Crew,0
Sharron Lucky,0
Wilfred y La Ganga,0
Frankie Smith,0
Malaa,0
Jason Segel,0
Cass Piss,0
謎の人物K,0
Barbie,0
Vistoso Bosses,0
Larry Owens,0
Juicy Cuts,0
Anton Sonin,0
Asylum,0
Quentin Mashups,0
Tommi Eckart,0
Tokio,0
Luciano Berio,0
Vienna Lusthouse,0
Daniel Balavoine,0
Jo,0
6Blocc,0
Amanda Palmer & The Grand Theft Orchestra,0
Boo Williams,0
Michel Jonasz,0
Fog Lake,0
Skinny Puppy,0
Young RJ,0
ChickenSuitGuy,0
Cassio Ware,0
Yu Murakami,0
Young Pappy,0
Hildegard von Bingen,0
Cyte,0
Amon Düül II,0
Peter Bjorn and John,0
Attila,0
O Yuki Conjugate + Sons of Silence = Spoke,0
Crunch,0
B.G.,0
Goddesses of Bagpipes,0
Rufige Kru,0
The Abyssinians,0
Artemas,0
Bambu,0
The Pointer Sisters,0
Swoope,0
Nadine Beiler,0
Kinky Go,0
The Jaggerz,0
Foundation,0
Men Without Hats,0
Carmen McRae,0
Three Dog Night,0
Zoom,0
Momu,0
T.S. Monk,0
Haywire,0
혜주,0
I am Jemboy,0
Bill Cosby,0
boy pablo,0
Divine Wrath,0
Cantoma,0
Chris Travis,0
gothicwvlff,0
Woebn,0
Tim Rosko,0
M6,0
Hahnstudios,0
千昌夫,0
Julian Cope,0
DJ Slimzee,0
Blancmange,0
Bobby Byrd,0
Steam Heat,0
Justice Cow,0
Christine Shipp,0
All the People,0
Likonan,0
GlacialSpoon,0
Enya,0
Half A Cat,0
CobaltBW,0
Kcik,0
DJ Fuzz,0
Tweet,0
Lightforce,0
장혁,0
Construction Kit,0
Voicians,0
Yves V,0
Bonnie McKee,0
Fuzzy Haskins,0
King Sun-D Moet,0
デッドボールP,0
萩原雪歩,0
VIOLENT VIRA,0
Charles Mingus,0
Matt Keating,0
Mr. 76ix,0
上海アリス幻樂団,0
Gilbert Montagné,0
Little Boots,0
Dawn Penn,0
The Very Best,0
王菲,0
Alexander Brandon,0
Butch,0
JUMADIBA,0
Lifers Group,0
Art Zoyd,0
Sam Dees,0
OneRepublic,0
The Great Kat,0
Silent Vigils,0
advantage Lucy,0
Johnny Orlando,0
Vertical Horizon,0
Harvey Danger,0
Söhne Mannheims,0
MINMI,0
Bongwater,0
Greg Wilson,0
Mr. Scruff,0
A.G.F.,0
飯塚昌明,0
Andromedik,0
Alexis Knox,0
Osunlade,0
Emeli Sandé,0
WHOKILLEDXIX,0
Chris Zabriskie,0
The Big Brother,0
Bill Riley,0
大友良英,0
Yucatan,0
Paul Misraki,0
Tim Engelhardt,0
Volumetrique,0
All City Affairs,0
Control Freaks,0
Deltron 3030,0
Slash,0
Cousin Stizz,0
Codename John,0
R. Solution,0
The Sheep Queen Experiment,0
Little Mix,0
N2Deep,0
The Wake,0
Shadow FX,0
Slade,0
Pablo Dread,0
秋赤音,0
一之瀬剛,0
Leoni Jansen,0
Whitetail,0
Kuseki,0
Klique,0
I Wayne,0
Alexander Rishaug,0
Harry Nilsson,0
MrMehster,0
Erik Satie,0
NACCXle,0
Tanger,0
Baschfire,0
I.L.L. Will,0
Alnaht,0
TESTAROSAH,0
Verbal Jint,0
Modern Talking,0
Memphis Minnie,0
DJ Clue?,0
sonnov,0
Planetary Assault Systems,0
Conga Squad,0
Dave Clarke,0
Kumarion,0
Blackdown,0
wait what,0
GIVĒON,0
Toots & The Maytals,0
Area 10,0
Addison Groove,0
King Charlie,0
Vicious Pink,0
Barbara,0
Big L,0
Thy Light,0
Yahel,0
George Duke,0
yan...,0
Herizen,0
Finbar & Eddie Furey,0
Duck Sauce,0
Python Lee Jackson,0
Primal Scream,0
RedOgre,0
Martin Garrix,0
Smashcolor,0
McFadden & Whitehead,0
Paul Mauriat et son orchestre,0
Alpha Omega,0
Darq E Freaker,0
Jet,0
Kehlani,0
The Castaways,0
Azar Lawrence,0
Hamdi,0
The Makemakes,0
Pérez Prado and His Orchestra,0
Struka,0
Buzz Fuzz,0
Isabella Lovestory,0
Detest,0
Mr. Sauceman,0
Dijon,0
ericdoa,0
Bombs Away,0
Gio Washington,0
YUC'e,0
Lords of Acid,0
The Slew,0
Spiritual Warriors,0
Midnight Syndicate,0
Atlantic Connection,0
Jogeir Liljedahl,0
Goblin,0
内田真礼,0
Bing & Ruth,0
Johnny Cash,0
Sam Gellaitry,0
Cranio Randagio,0
Ficci,0
Jonth,0
남구민,0
Prosac,0
Phoebe Ryan,0
Pulsarmashups,0
Meat Katie,0
Steel Pulse,0
All That Jazz,0
Lloop,0
市蔵,0
The Super Mario Players,0
CRYSTAL,0
CRPRx,0
Active X,0
Gwen McCrae,0
Van der Graaf Generator,0
Loose Ends,0
Stéphanie Varègues,0
Christopher Tin,0
Alessandro Moreschi,0
Renascent,0
Blind Willie McTell,0
HORSE the band,0
Carla Bley,0
Spooky,0
Quasamodo,0
Fly by Midnight,0
Spacehog,0
Candido,0
Bang La Decks,0
eicheph,0
Guilty Kiss,0
Atmosfear,0
Galactic Hole,0
Argiflex,0
Gutterpink,0
Rodrigo Amarante,0
Brian May,0
ハレトキドキ,0
Don Felder,0
Amos,0
Greta Van Fleet,0
CRi,0
RosalinaSama,0
X Ambassadors,0
Alex Hawka Hawkins,0
Jock Hattle,0
eNix Killerz,0
Xscape,0
Mighty Mike,0
The Glitch Mob,0
Tom Zé,0
Meishi Smile,0
Notch,0
Shellshock,0
DJ Yoda,0
Unders,0
Freakmaster K. One,0
The Lovelites,0
Nelly,0
Val Young,0
Sarvéproductions,0
Street Military,0
Alex M.O.R.P.H.,0
Billy Cobham,0
The New Stan Getz Quartet,0
Sunscreem,0
neetskills,0
Døves Cry Springs Eternal,0
Mom,0
Hilltop Hoods,0
Budzy,0
Jonathan Coulton,0
Andy Kerr,0
ZOOLOOK,0
SABAI,0
Tyzik,0
Lidell Townsell & M.T.F.,0
Lindsey Stirling,0
MMWaters,0
Joe Yellow,0
Biscits,0
Chaze the Chat,0
The Purple Gang,0
The Mighty Diamonds,0
Parlet,0
Ramin Djawadi,0
Nightmares on Wax,0
Plumb,0
Bio Phobith,0
Aivi Tran,0
Dalida,0
The Freelance Hellraiser,0
Bobby Cook & The Explosions,0
Clutch,0
King Size Terror,0
John McWhorter,0
Digital & Spirit,0
Ganger,0
The Modern Jazz Quartet,0
Dub War,0
Hurricane G,0
Frostycat,0
Dennis und die wilde 13,0
Utopian Concept,0
Justin Timberlake,0
Aidan Latham,0
Ed Rush,0
KC and the Sunshine Band,0
Camp Cope,0
Ian Van Dahl,0
The John Schroeder Orchestra,0
Lost Witness,0
The Original,0
Amen Andrews,0
aen,0
ThatSonofaMitch,0
Bstep,0
Rakaa Iriscience,0
Metalheads,0
The Chicago Connection,0
Charlie Clouser,0
sundial,0
Commodores,0
Shanahan,0
Norin & Rad,0
Alpha Wann,0
J.A.C.E.,0
Robert Winters & Fall,0
Donna Allen,0
Jaql,0
True Story,0
twenty one pilots,0
Carey Johnson,0
Breadwinner,0
Liella!,0
Montana Skies,0
Fingers Inc.,0
Pieter Bouwman,0
Kitty,0
Starkillers,0
＊なみりん,0
The Jimmy Castor Bunch,0
Adraen,0
Untouchable 3,0
Family Guy,0
Poetry N Motion,0
Oddprophet,0
Steve Martin,0
Kurt Baggaley,0
N.B.S.,0
DREAMCATCHER,0
Paul Westerberg,0
Exyl,0
Deepside,0
Chuck Person,0
7th Wonder,0
DJ Dolores,0
InsideInfo,0
シオカラーズ,0
Chime,0
IAM,0
Graveyard Productions,0
YUNG MINCCINO,0
Flexxip,0
Allen Simpson,0
Luiz Bonfá,0
Chinx,0
DJ Nerd42,0
Zoe Saldaña,0
Vashti Bunyan,0
Nakarin,0
765 MILLIONSTARS,0
Konshens,0
Revo,0
modest by default,0
Rude 66,0
Death Tape Super Bass,0
Paz Ortega Andrade,0
Smoke City,0
Mwano,0
¥$,0
Helene Fischer,0
Franz & Frankie,0
Kimberley Briggs,0
Zero dB,0
Blaze,0
The Guo Brothers,0
Joey Beltram,0
Lee Towers,0
Kay Trần,0
Richard Gotainer,0
Freddie Gibbs,0
Jade Zoe,0
Editors,0
Richard F,0
.dotfile,0
The Delfonics,0
The Fraggles,0
saturn,0
Marlon Asher,0
IamJstncrdble,0
Stacy Kidd,0
Niykee Heaton,0
Royal Blood,0
ellis,0
Ed Solo,0
Foul Play,0
Blvckholes,0
שלמה ארצי,0
PNAU,0
Marlon Saunders,0
Gary Burton,0
Eddie Drennon & BBS Unlimited,0
danretsu,0
G-REX,0
Everlast,0
Mixcut,0
Brothers Love Dubs,0
M Huncho,0
John Rowles,0
Aaron Cherof,0
Alec Falconer,0
Bingoboys,0
Yeah Yeah Yeahs,0
National Percussion Group of Kenya,0
Mafia Boyz,0
William S. Burroughs,0
svantana,0
Zach Callison,0
Tom Novy,0
Black Attack,0
Fake Blood,0
Komytea,0
Bubble Solution,0
日高零奈,0
I-F,0
中森明菜,0
L’Orchestre Electronique,0
67,0
Hanson,0
Peabo Bryson,0
Momma's Boy,0
Leila Pinheiro,0
Booty Luv,0
La Vilerie,0
Iambia,0
Ben Moody,0
Tiger Stripes,0
Levantine,0
Das Krause Duo,0
ohonta,0
ワルキューレ,0
NO EMOTION,0
oshi,0
Devon Hendryx,0
Ugly Lovely,0
Kevin Abstract,0
Mr. Reds,0
Louis Armstrong Quintet,0
Aimee Mann,0
The Game,0
undersaken,0
Lucio Battisti,0
Dave East,0
Tameka Starr,0
Irān‐od‐Dowleh Helen,0
Bagarre,0
HeeJin,0
Alec Holowka,0
Julius Brockington,0
Jyc Row,0
The Duke Pearson Big Band,0
Mic the Microphone,0
DJ Dan,0
Intercloud 7,0
Arlene Tiger,0
Collapse,0
Trillville,0
Mireille Mathieu,0
Alfonzopancakes,0
Mtell,0
dj BC,0
Enoch Light,0
MssingNo,0
Quivver,0
xaev,0
Disasterpeace,0
DJ Earl-e,0
@pplebukker,0
Mack Daddy Ju,0
Kaien,0
dj twinturbo,0
Robin Kenyatta,0
Current Joys,0
Basement Freaks,0
Kate Yanai,0
To Kool Chris,0
William Sheller,0
Weldon Irvine,0
David Sancious,0
Kellen303,0
Stimmhorn,0
Banda Sonora,0
Victoria Justice,0
YOASOBI,0
Seduction,0
diaxart,0
Débruit,0
Carolin Kebekus,0
The Bees,0
Dimitri Vegas,0
大貫妙子,0
Ada Rook,0
Ricky Williams,0
Solar Fields,0
TINYMAN,0
Sink Saiko,0
Ike Turner & the Kings of Rhythm,0
PinkieOats,0
Dyno Luke,0
Ricky Martin,0
Hurts,0
John Dankworth and His Orchestra,0
Sir Simon,0
Jamie Anderson,0
Powerhouse,0
Shock,0
Goji,0
Abstrakt Sonance,0
Emperor,0
Mac Thornhill,0
Ash King,0
Nautic,0
山岸継司,0
Leann Grimes,0
Kelly Rowland,0
GusGus,0
Cyrus,0
Elina Born,0
The Main Ingredient,0
Emma Pittman,0
Lia,0
Drumattic Twins,0
Queen Pen,0
doriko,0
Incubus,0
prodby668,0
塩見周子,0
Rahsaan Roland Kirk,0
Strange Fruit Project,0
The Moments,0
Soda Club,0
ABX,0
DJ DIESEL,0
Mr. Moods,0
森川由加里,0
Dan Larkin,0
Feryquitous,0
Grooverider,0
Cab Calloway,0
The Stunned Guys,0
Miguel Ríos,0
Lil’ Kleine,0
Billy Ocean,0
Woody Guthrie,0
bar italia,0
C A R V E L L,0
KarameL,0
Mike Rutherford,0
Kobito,0
青ウニ,0
XANAKIN SKYWOK,0
Sikka Rymes,0
이달의 소녀 yyxy,0
Natalie La Rose,0
Joseph Williams,0
Carolina Gaitán,0
Gibson Brothers,0
Boku no Gentoo,0
Bobby Brown,0
The Knuts,0
pH-1,0
Vera Lynn,0
GW,0
Maeda Kenji,0
Sebadoh,0
UnderKeel,0
Shing02,0
Newlisk,0
Frankie Knuckles,0
Fredro Starr,0
Kittin,0
Egotronic,0
Destroyer,0
Pearly Drops,0
アイロボ,0
Sounds of Blackness,0
Chris Barber,0
Orson Welles,0
Henry Franklin,0
Destroyer9283,0
felipe.mp3,0
Jackname Trouble,0
Johnny Osbourne,0
VeggieTales,0
Danity Kane,0
Bill Landford & The Landfordaires,0
ななひら,0
Xarlable,0
Leon Thomas,0
DJ Tunez,0
Chapter & Verse,0
Wayne McGhie,0
Automatic Loveletter,0
ASCA,0
Lovelock,0
Lee Michaels,0
Hexstatic,0
Deborah Wilson,0
Aether,0
Eveson,0
オメガトライブ,0
momone,0
OxT,0
TREFUEGO,0
Habischman,0
Kenny Cumberland,0
Hugues Aufray,0
Hercules and Love Affair,0
Gianfranco Plenizio,0
Kakofonous A. Dischord,0
Kariya,0
Atlantic Ocean,0
Michael Riesman,0
Jon Lucien,0
Love Unlimited Orchestra,0
Alan Stivell,0
F‐Fields,0
Side Effect,0
Dave Darell,0
Sharon Jones and the Dap‐Kings,0
Purple Vein,0
Trackshittaz,0
Wet,0
Ralphi Rosario,0
Flaming Ember,0
Mister X.,0
Emily Osment,0
Holo Bass,0
Sonic Hybrid Orchestra,0
ZONE,0
Britt Nicole,0
DNEH,0
Kewyo3,0
Sarah Webster Fabio,0
Larry Coryell,0
Alex Party,0
Metro Station,0
Luscious Jackson,0
jj,0
Krush,0
Peter Thomas Sound Orchestra,0
Squeeze,0
Jimmie Walker,0
De‐Phazz,0
lollo,0
The Masqueraders,0
Alabama Shakes,0
Sean Szeles,0
Balázs Fecó,0
K''st,0
cazsu,0
BTH,0
藤井志帆,0
Jake Wade & The Soul Searchers,0
幡谷尚史,0
T.O.K.,0
Pa Salieu,0
Mr. Vegas,0
City High,0
Big Brother & the Holding Company,0
Max,0
The Vines,0
YOU LOVE HER,0
Ben Grunnell,0
Shiroi-Ice,0
Remi,0
N‐Trance,0
NCT U,0
Soulsearcher,0
Ronald Stein,0
Lucy Swann,0
Paul Whiteman and His Orchestra,0
Refugee Camp Allstars,0
Death Cab for Yeezy,0
Cardopusher,0
シカ部,0
Gallagher & Lyle,0
Starchildren,0
Red Velvet,0
Cordell 'Scatta' Burrell,0
The Viola Crayola,0
datfootdive,0
Rednex,0
Jerry Butler,0
Alicef,0
affable noise,0
MC Purple,0
The Cross Movement,0
Kool G Rap,0
The J.B.’s,0
Mahbod Moghadam,0
Galantis,0
Orson Karte,0
gniRob,0
Steve Aoki,0
The Knife,0
Tori Amos,0
Jesse Hamel,0
Eddie Bo,0
Ellie Goulding,0
1 Giant Leap,0
College,0
Roy Porter Sound Machine,0
Trammell Starks,0
Sagittarius,0
のみこ,0
Ali Edwards,0
Greg Parker,0
1 Trait Danger,0
やまだ豊,0
Ratatat,0
Greyson Chance,0
Subject 13,0
Cajmere,0
Billy Ray Cyrus,0
Jimmy Ruffin,0
Nona Hendryx,0
tg.blk,0
Bent Fabricius-Bjerre,0
Wiley,0
Harrison BDP,0
Kurts & DJ Krii,0
I DONT KNOW HOW BUT THEY FOUND ME,0
Panda Eyes,0
Rotary Connection,0
Wizzard,0
Reuben Wilson,0
YENA,0
Derek Duke,0
Space,0
Kevin MacLeod,0
cokiyu,0
RSK,0
HoneyWorks,0
Max B,0
Princess Superstar,0
Shades,0
Teddy Killerz,0
Faux Pas,0
Joe Jackson Band,0
Bajofondo,0
sun3,0
Pizzicato Five,0
John Blair,0
Ryan Amon,0
Level 2,0
JISOO,0
S’Express,0
Frank Churchill,0
Virus,0
Diskord,0
inafade,0
Interpol,0
キャプテンミライ,0
Nusrat Fateh Ali Khan & Party,0
David Lynch,0
Neal Acree,0
日向敏文,0
Impaled Nazarene,0
Hossam Ramzy,0
Li’ll Bo Tweak,0
Zakk Wylde,0
Karla Borecky,0
Neon,0
Soulful Celebration,0
PAS TASTA,0
John Schroeder,0
Polmo Polpo,0
Young Stoner Life,0
ROCKY CHACK,0
Madegg,0
Asheru and Blue Black of The Unspoken Heard,0
Joshua Rocha,0
John Siegler,0
Fobos Hailey,0
Jupiter,0
Blackjack,0
Витас,0
Cloud Nothings,0
Theo Howard,0
Maelstrom,0
Synthis,0
Wave Meow,0
Injury Reserve,0
Magnetic Man,0
Rezonate,0
Sie,0
伊藤絵里歌,0
Folder 5,0
d0llywood1,0
B.W.H.,0
succducc,0
Jan Lisiecki,0
Lenny White,0
Cosmic Baby,0
Helium,0
Tim Harper,0
Paul Basic,0
daine,0
Eddie Cochran,0
MuK,0
Hugh Jackman,0
The Free,0
The Darkness,0
The Gene Harris Quartet,0
DJ Flash,0
Enrique Iglesias,0
Robin Harris,0
Laserdisc Visions,0
Hiatus Kaiyote,0
Alex Costa,0
Klein & M.B.O.,0
Edo.G,0
Evol Intent,0
Carolyn Crawford,0
Neil Trix,0
ABC,0
Krishna Chetan,0
Виктория Королёва,0
Frédéric Galliano,0
GRK,0
Hithouse,0
Dance With the Dead,0
PandaBoY,0
やすな,0
小林哲也,0
Goofy,0
Lucero,0
Rhett & Link,0
Rich Brian,0
Johnny Hallyday,0
CheddarMemes,0
Muslimgauze,0
澤田朋伯,0
La Bottine Souriante,0
DJ Sabrina the Teenage DJ,0
Gregory Isaacs,0
YITT,0
Balla et ses Balladins,0
Buddy Ross,0
Helix,0
Doe Maar,0
Lidell Townsell,0
EH!DE,0
Kasablanca,0
Tom Aspaul,0
Heritage,0
Costollo,0
Echo & the Bunnymen,0
Brother to Brother,0
SKisM,0
Lee Dorsey,0
Maxo Kream,0
Rainbow,0
MU,0
This Nude World,0
The Parliaments,0
The Eternals,0
μ‐Ziq,0
kittydog,0
Electric Light Orchestra,0
shoopfex,0
Rising Appalachia,0
Morcheeba,0
Barker,0
Gloria Jones,0
Shu※,0
hyi,0
Alberto,0
Zurdeimvar Gragz,0
STAYC,0
Corey Hart,0
Max Elto,0
Randy Brown,0
Esham,0
Fred V & Grafix,0
Brazooka Squad,0
Waxolutionists,0
The Chi‐Lites,0
Creed,0
Hixxy,0
Guffy,0
The Magician,0
Helix,0
MACROSS 82–99,0
Albino Gorilla,0
DJ O-Face,0
Megalon,0
Boris Policeband,0
DJ Daigo,0
4s4ki,0
Young & Company,0
Creations Unlimited,0
Rumble Militia,0
REAL SHIT BASTARDS,0
角松敏生,0
Carly Rae Jepsen,0
taqumi,0
Lars Leonhard,0
Flagrant Fowl,0
Lemon Jelly,0
Television,0
Hozier,0
Eveline Breaker,0
TRANSMISSION PLUS,0
Nofvncity,0
LASER GHOST,0
Male Alchemy,0
Arash,0
TERIYAKI BOYZ,0
anosci,0
a/jus/ted,0
Ronnie Urini,0
DJ Haven,0
Reppop,0
Hardwe're,0
Krankšvester,0
JXC,0
Michel Gonet,0
Alain Souchon,0
Alex Burton,0
Brainkiller Prodigy,0
altitude.,0
Black Legend,0
Elbow,0
Hole,0
Santo & Johnny,0
O Mandrake,0
Jump,0
sasakure.UK,0
Bulgarian State Radio & Television Female Vocal Choir,0
Buzzcocks,0
asáu,0
Bow Wow Wow,0
Celia Cruz,0
つなまる,0
aimaiishitsu,0
Walt Disney,0
the Microphones,0
RamonPang,0
Quincy Jointz,0
Shabazz the Disciple,0
Lianne La Havas,0
The Jerry Hahn Brotherhood,0
Good Times Ahead,0
Mabinogion,0
谷口輝雄,0
Kane West,0
Grateful Dead,0
Jack MacGowran,0
Audion,0
FreshNerd,0
Pizet,0
Duke Ellington and His Orchestra,0
Luke,0
Perfect Cell,0
The King’s Singers,0
Consumer Rapport,0
The Slickers,0
The Eclectic Mouse,0
Gary Bartz,0
Jorn van Deynhoven,0
Daft Grips,0
John Morgan,0
A s t h e t i c D r e a m s,0
Yoinkin,0
Ariose,0
Coast 2 Coast,0
ぼっちぼろまる,0
Tinie Tempah,0
Lil’ Wil,0
Soho,0
Westend,0
Sevdaliza,0
Faze Miyake,0
Kids & Explosions,0
Party Ben,0
Ray Volpe,0
KnightOfGames,0
Saccao,0
Spider Loc,0
Dschinghis Khan,0
SampliFire,0
Calvertron,0
ANA,0
Jerry Lewis,0
King Tubby,0
Hicke Und Die Starken Männer,0
Fleur East,0
Miles Davis Sextet,0
Laura Olsher,0
KSI,0
Mark Knopfler,0
Abstract Minds,0
DreamReaper,0
荻野目洋子,0
Kouek,0
Devlin,0
Cal Tjader,0
Jack Finlay,0
DarkOwl,0
Mahalia Jackson,0
Randy Weston,0
vvsvlogs,0
Eddie Murphy,0
Svinkels,0
Cnof,0
Danube Dance,0
Caleb Calloway,0
VOLTA,0
YOTTO,0
Bad Boys,0
Faith Evans,0
Kunal Ganjawala,0
Sameer Ahmad,0
El Límite,0
King Oliver’s Jazz Band,0
Luccas Neto,0
Micki Grant,0
Yage,0
Tim Follin,0
Mystic Moods,0
緑川光,0
Willie Dixon,0
Los Suruba,0
Patti LaBelle,0
anvii,0
Moz-Art,0
Kyrstyn Pixton,0
Lord Melody,0
Franziska Menke,0
Capchii,0
The Bravery,0
Shuttle,0
Simin Ghanem,0
[VIAN],0
Latin Line,0
ALVABEAT,0
Do or Die,0
Huw Jones,0
A-Saph,0
Mercury Rev,0
Gary Numan,0
Blac Youngsta,0
Jamangar,0
DJ Fletch,0
Halle,0
Amanda Lear,0
Rohff,0
Xtrullor,0
Little Simz,0
Tyler Woods,0
Ivy Hollivana,0
Trotters,0
vertigoaway,0
AtHeart,0
Dok2,0
Traci Lords,0
Stereo 77,0
Satanic Surfers,0
NOKKO,0
Cool D,0
DNCE,0
Marc Anthony,0
Petra & Co,0
ボンジュール鈴木,0
The Mel-O-Tones,0
RJD2,0
Kyu Sawamura,0
Leon Bridges,0
徳山秀典,0
Professor Green,0
Bukka White,0
Plaid,0
Sabre,0
Shae Fields,0
Ojerime,0
Небритые,0
Sounds Orchestral,0
Bruce Hornsby & the Range,0
Tommy february⁶,0
Mark Morrison,0
DÖF,0
miko,0
Keith Murray,0
MsChickenSandwich,0
和泉宏隆,0
TEMPLIME,0
Henry Mancini & His Orchestra,0
Bilderbuch,0
Silvio Ecomo,0
Grizzly Bear,0
666,0
Tw3Lv3,0
Waiting For Network,0
Fredo Santana,0
Country & Western,0
Coro del Teatro alla Scala di Milano,0
James Taylor,0
花澤香菜,0
Theophilus London,0
i‐dle,0
Gec,0
Joe Zawinul,0
Michael Arellano,0
David Ko,0
Bottom $,0
Phineas and the Ferb‐Tones,0
Tomba,0
Tosca,0
A.J. & Big Justice,0
Paris,0
RMB,0
Os Mutantes,0
Secreto “El Famoso Biberón”,0
KYLE,0
Chrosky,0
Rafiq Bhatia,0
From First to Last,0
Pugh Rogefeldt,0
Skillz,0
Spirit,0
Shashwat Sachdev,0
Jazzy System,0
DiGi Valentine,0
Koegawa,0
DJ OKAWARI,0
Sylvester,0
AKB48,0
Djedjotronic,0
GUILD MERCHANT,0
Lolina,0
Arcángel & De La Ghetto,0
Theo Meier,0
MINTTT,0
Gilla,0
Serum,0
Frezel,0
Kay Cee,0
Kiprich,0
Rare,0
Distortions,0
The Shoes,0
The Kills,0
Marion Black,0
Cloud 9,0
RUON,0
Thomas Ferkol,0
The Mojo Men,0
PLEEG,0
DJ Chidow and Myūjikku,0
This Heat,0
Herb Robertson,0
アツシオハラ,0
Bonnie Tyler,0
Froxic,0
Tréveris,0
Souls of Mischief,0
A-0,0
Gert Wilden & Orchestra,0
sulga,0
寺田創一,0
sumijun,0
RoBKTA,0
Two Door Cinema Club,0
Eero Koivistoinen Music Society,0
帆足圭吾,0
Information Society,0
Celtic Frost,0
Stone Sour,0
Thousand Foot Krutch,0
Yuna,0
TripleBlueShell,0
Josephine Foster,0
Backxwash,0
Kid Dynamite,0
Ali & Gipp,0
ESPRIT 空想,0
Journey,0
Manu Dibango,0
Vinylgroover,0
Barbara Mason,0
The Residents,0
Litmus,0
765PRO ALLSTARS,0
Magic Men,0
Đogani,0
László Heltay,0
Atomic Kitten,0
Terry Reid,0
Rabbit in the Moon,0
ABBA,0
Billy Corgan,0
Pigeon John,0
Stardrive,0
D&D,0
Da Tweekaz,0
Geraldo Vandré,0
Sigala,0
Caramell,0
Nathan Fake,0
Mr. Lexx,0
Vellum,0
AyooLii,0
Elijah Who,0
Cutty Ranks,0
Hade,0
OceanLab,0
Koop,0
irucaice,0
Alvin Robinson,0
satis5d,0
Gas,0
The House Crew,0
Toney Lee,0
Father John Misty,0
Aurosonic,0
Tinariwen,0
Soul Mann & The Brothers,0
Lé,0
八奈見杏菜,0
Thee Tom Hardy,0
4batz,0
Fantastic Freaks,0
Forte Escape,0
Tha Dogg Pound,0
Bernard “Pretty” Purdie,0
Funktimizer,0
2 Bal Niggets,0
Moe Shop,0
Ryan Paris,0
Whiney,0
Kurt Carr Project,0
Sandy Nelson,0
Laid Blak,0
Freeez,0
Voices in the Dark,0
UTFO,0
toyod ine,0
BTK,0
Gino Vannelli,0
DJ Fac,0
iascas,0
Four Tops,0
SharaX,0
hard life,0
Doris Day,0
Curbi,0
NyxTheShield,0
m1dy,0
Jago,0
Hypnoteck,0
Sarah Brightman,0
Christy Essien Igbokwe,0
Billain,0
Bernard Minet,0
Mumford & Sons,0
Deutsches Symphonie‐Orchester Berlin,0
DJ Infiniti,0
King Jammy,0
eternal judge,0
Chihei Hatakeyama,0
Chocolate Puma,0
raspmary,0
Kansas City Express,0
aDeAD,0
Nightcore Vaporwave,0
Mouse on tha Track,0
Harvey Milk,0
YFN Lucci,0
Amazon II,0
M.E.M,0
DJ Butcher,0
梶芽衣子,0
HeaT Flare,0
SunStroke Project,0
Silver Pozzoli,0
八神純子,0
とたけけ,0
Sexy Rexy,0
François de Roubaix,0
vincent 20angels,0
The System,0
808INK,0
James Rado,0
Salif Keita,0
Buddha Brand,0
Antonius Rex,0
Reps,0
Boom!,0
Hard Lights,0
CaӤdy🍬Syлc,0
Genghis Clan,0
Freddie Robinson,0
DJ Aristocat,0
Cyrax,0
Electrixx,0
The It,0
Mary Lattimore,0
James Davies,0
SLLID,0
Naderi,0
Ronnie Laws,0
Frank Tavaglione,0
LSDXOXO,0
Martin Venetjoki,0
Bootsy Collins,0
Big Shug,0
Dunya Yunis,0
Kapten Röd,0
Anenon,0
Bustafunk,0
Gedz,0
田中宏和,0
Christian Hinzer,0
Slut Burger,0
salem ilese,0
Our House,0
Ramirez,0
Flëur,0
New Hope,0
David Matthews,0
Jazzanova,0
MC Serch,0
Michael Masser,0
Apple,0
The Band Perry,0
Junk Yard Band,0
伊沢麻未,0
DJ Luck & MC Neat,0
Haywyre,0
Kool A.D.,0
Aktive,0
Kiko,0
Vaenus,0
Roch Voisine,0
Alexander Lewis,0
Tucker Smith,0
Stuntmasterz,0
Giga,0
Oiki,0
Anna Morgan,0
Kiddy Smile,0
Kaz Silver,0
Mazare,0
L.E.D.LIGHT,0
Siedah Garrett,0
CLXCKWXRK,0
JOYRYDE,0
¥ØU$UK€ ¥UK1MAT$U,0
岩崎琢,0
New Kids on the Block,0
Colonel Bagshot,0
Kelly Bailey,0
Say Anything,0
Air Mail,0
Serú Girán,0
Cristina D’Avena,0
Enchantment,0
Le 3ème Œil,0
The Young Punx,0
Princess Nyah,0
Carlos Guedes,0
DJSadEyez,0
JID,0
Pete Seeger,0
Def Leppard,0
Shekhar Ravjiani,0
Morgan Page,0
Denham Audio,0
The Mighty Three’s,0
Loverboy,0
The Darkman,0
Tyler Broughton,0
CAPSULE,0
Norbi,0
OD404,0
Go Go Charlton,0
Roddy Ricch,0
Panzah Zandahz,0
Marc et Claude,0
Don McLean,0
savant shadow,0
Stefano Pini,0
The Newark Balkan Chorus,0
Alex Farolfi,0
Sidney Bechet Quintet,0
BTK,0
FrozenFire,0
Motormark,0
OK K.O.! Let’s Be Heroes,0
Ejeca,0
"Wood, Brass & Steel",0
Smoky,0
Farrah Abraham,0
Baby Tate,0
Taylor Bennett,0
3Phaz,0
Ju-Par Universal Orchestra,0
MIC,0
Alex Goot,0
榊田智之,0
Kid Sister,0
Sylvere,0
glance,0
Aaron LaCrate,0
Dina Carroll,0
Oldeaf,0
Tspeiro,0
Matchbox Twenty,0
El DeBarge,0
Terence Trent D’Arby,0
辻横由佳,0
millstones,0
Peter Kurten,0
Yung Lean,0
Edward J,0
Whitewoods,0
Major Force West E.M.S. Orchestra,0
Amy Can Flyy,0
Shahid Mallya,0
Ludibrolo,0
Ph‐Wert,0
aphextwinsucks,0
William Anderson,0
The Specials,0
Opus 7,0
Jon and Vangelis,0
Hot Butter,0
The 1975,0
Trio,0
Farruko,0
おやすみホログラム,0
Barenaked Ladies,0
Wasteland,0
FLY,0
Saweetie,0
Amboss,0
Dannii Minogue,0
ALI,0
Sports,0
高橋菜々,0
Locksmith,0
Drunkenmunky,0
Bergheim 34,0
SAKURA*TRICK,0
hiræth,0
Wilson Pickett,0
DJ Flack,0
Tom Wax & Jan Jacarta,0
Leonz,0
Funky Belek,0
Tyga,0
Mayday Parade,0
Thomas Bronzwaer,0
David Shea,0
United States Marine Corps,0
Juice,0
The Supremes,0
Barbra Streisand,0
Descendants of Erdrick,0
Santiago Rael,0
lesserjoke,0
Five,0
Divide & Kreate,0
Joe Hawley,0
Vance Joy,0
Rufus,0
Kyle Watson,0
Captain Jack,0
The Sting-Rays,0
Lakeside,0
Beneath,0
Quarashi,0
Nico Lahs,0
Sub Focus,0
brentalfloss,0
Mavis Staples,0
ISOKNOCK,0
Solomon Burke,0
Ca7riel,0
H-Foundation,0
Jakes,0
Freddie Jackson,0
dBridge,0
Craig “Leftside” Parkes,0
Brian McKnight,0
Funkdoobiest,0
Huk Don Phun,0
鈴木達郎,0
Tony Yazbeck,0
Insulino Dependiente,0
Captain Sensible,0
CT-01,0
Jimmy “Bo” Horne,0
The Gaturs,0
Harold Faltermeyer,0
Mauro Pilato,0
Franck Pourcel,0
Manuel de Falla,0
Gaj,0
Silencer,0
Luciano,0
Heimanu,0
Trouble Funk,0
Miguel,0
Acidgvrl,0
Woesum,0
DAJI,0
Busy P,0
星井美希,0
Andreas Gabalier,0
Vanic,0
M83,0
Dawn Wall,0
Ashnikko,0
Piana,0
Mary Wells,0
BK,0
The Funkees,0
Sidney Phillips,0
Greg Phillinganes,0
Takh,0
Kevin Rudolf,0
Lydia,0
Whoarei,0
Redz,0
The Charlatans,0
Daniela Rathana,0
Patrice Rushen,0
ZUNTATA,0
友澤眞,0
Thieu Sijbers,0
Liam Walsh,0
Urinals,0
Dave Wallace,0
To Rococo Rot,0
Jüri Pootsmann,0
夜空メル,0
GNG,0
Janis Joplin,0
The Fantastic Four,0
堀田英邦,0
DVNEK,0
litmus*,0
SLANDER,0
Boosie Badazz,0
GEMN,0
UNKLE Sounds,0
Of Monsters and Men,0
umellu,0
EGOIST,0
Ironing,0
ElevenWAV,0
Solo,0
Spy47,0
Richard Smallwood,0
Wojciech Kilar,0
Drome,0
Natural Born Grooves,0
Bryan Rudge,0
J.D.S.,0
Jennifer Holliday,0
The Cheetah Girls,0
Lee Walker,0
Paul Young,0
Lorentz & Sakarias,0
Mik,0
Dream,0
"Letni, chamski podryw",0
Nexus 21,0
ΔXIUS LIИK,0
Kill Sadie,0
Deko,0
Oblyvaeon,0
OAKK,0
Fred Ventura,0
Rob Sparx,0
Jack Gibson,0
PhucY∞u,0
DJ Supreme,0
A$AP Nast,0
Rich the Kid,0
ろぼくろ,0
Caesar,0
ASAP Productions,0
Babalos,0
Mystic Merlin,0
Little Snake,0
Jacknife Lee,0
Woody Bianchi,0
くるぶっこちゃん,0
The Horrors,0
Ray Parker,0
I’ve,0
Cal-Q-Lator,0
Cadien,0
iblank2apples,0
Unnatural Selection,0
Hexadigital,0
Stephen O’Malley,0
Jermaine Stewart,0
Ayunda Risu,0
Special Request,0
The Ordinary Boys,0
The Magnetic Sounds,0
Technotronic,0
Dpat,0
L.E.D.LIGHT-G,0
watering,0
Leellamarz,0
朝香果林,0
STV SLV,0
Young Dro,0
Journeyman,0
Ever We Fall,0
三毛猫ホームレス,0
T‐ARA,0
KOE,0
Mort Garson,0
Satin Jackets,0
Orties,0
InkPony,0
irit*,0
nana hatori,0
Jay-R,0
Tyler Clacey,0
The Emotions,0
DECOYTRIO,0
Markus,0
CYTOKINE,0
The Dramatics,0
MaRLo,0
snny,0
IN-KYA in Canada,0
Althea & Donna,0
Sean&Bobo,0
ZEEBRA,0
David Boomah,0
The Budos Band,0
Sunset Strippers,0
エリオをかまってちゃん,0
Mike Post,0
Flatlinerz,0
Prof. m. Stereo,0
Tetris,0
Markus Price & Carli,0
Young Magic,0
Talk Talk,0
Rawtekk,0
野本かりあ,0
EricWithTheGlockInHisSock,0
Phunk Junkeez,0
Rappin’ 4‐Tay,0
micro-hacker,0
Romanowski,0
Caron,0
Thomas Dolby,0
ほたる,0
DiscoSid,0
Soda Stereo,0
Xatar,0
祖堅正慶,0
One Way,0
Helios the vaporwave elf,0
Wanexa,0
Timebox,0
Mike and Brenda Sutton,0
King Ojem,0
Alpha,0
マチゲリータ,0
Above the Law,0
It's Dynamite,0
unda-grnd,0
Shawn Phillips,0
Massive New Krew,0
Jaye P. Morgan,0
AIKA,0
Nu Shooz,0
Reality Jonez,0
足立美奈子,0
Taiki Nulight,0
Purple Disco Machine,0
DJ Danifox,0
めろくる,0
はな,0
Lillias White,0
Three Ounces of Love,0
Joe Jonas,0
Sik‐K,0
Merciless,0
Mike Love,0
Jon Faddis,0
DJ Quik,0
P Money,0
Perry & Rhodan,0
UNDERTALE: Epic Mode,0
Kapelle So&So,0
Roxanne Shanté,0
Herb Alpert,0
MIDI Lidi,0
Kate Ryan,0
Avon Long,0
Ron Geesin,0
Family Tree,0
Bonobo,0
Susan Alcorn,0
Derpy Hooves,0
中川翔子,0
Lexie,0
Chip,0
Dogma 3000,0
Scott Walker,0
ill‐esha,0
宇都圭輝,0
Nitroglitch,0
Ernie Halter,0
Dolla,0
Rinzen,0
Money Mark,0
Leda,0
SHIKI,0
Korallreven,0
Tim and Eric,0
Julian Perretta,0
Humate,0
Birdy Nam Nam,0
November,0
Against Me!,0
Chris Rea,0
Calicat,0
Holy Terror,0
Art Pepper,0
dssctveself,0
Jean‐Jacques Perrey,0
Me & My,0
L∆VINCi,0
DJ Isaac,0
Thrice,0
Jersey,0
Roxy Radclyffe,0
Ancora,0
The Prophet,0
Shontelle,0
The Hassles,0
Quavo,0
Somatoast,0
Sneaker Pimps,0
Human,0
Cosmic Gate,0
Lasse Marhaug,0
Kyle Justin,0
Charles Bukowski,0
Tanikugu,0
Pizzaman,0
Vicarious Visions Audio,0
Amen,0
Goodkush,0
The Shapeshifter,0
QLONS,0
The Rascals,0
Audiofly,0
Télépopmusik,0
Craig Rutenberg,0
KatazTrophee,0
Teo Mandrelli,0
Michael Flanders and Donald Swann,0
Zef Parisoto,0
MachineCode,0
Paul Piot,0
Family Force 5,0
Dario G,0
The Streets,0
Delirious?,0
ceelka,0
Andrew Hale,0
Digital Emotion,0
zircon,0
みとせのりこ,0
Tesher,0
GuyThatDoesMusic,0
François Ribac,0
Sleepycap,0
Tito Puente,0
John Carpenter,0
Étienne de Crécy,0
Fauna,0
Daddy‐O,0
Golden Astrobe,0
Suzanne Dando,0
Jung Kook,0
Victor Lundberg,0
Solar & Poppcke & Virginia,0
BASSDOG,0
Feather,0
Fehlfarben,0
Keni Burke,0
AMG,0
Galactik Knights,0
Kinito Méndez,0
COCONABE,0
Ministry,0
anthéne,0
Raphael Ravenscroft,0
Octavia,0
Right Said Fred,0
"Leslie Odom, Jr.",0
Dr. Alban,0
Sergent Garcia,0
Artifacts,0
Rare Pleasure,0
Darkstar,0
The Coup,0
Steve Clark,0
The Voyagers,0
MusiCamera,0
Midnight Conspiracy,0
ULTRA-PRISM,0
FN2,0
Kristian Conde,0
Guilt Chip,0
Echelon,0
Monifah,0
松澤友和,0
Fragma,0
Ian Taylor,0
The Moon People,0
Death Cab for Cutie,0
OddKidOut,0
Oli XL,0
The John Payne Band,0
J. P. Bimeni,0
Chaz Jankel,0
高宮なすの,0
橋本直樹,0
高中正義,0
Channel Live,0
NeedsMoreDjent,0
Apple & The Three Oranges,0
松田聖子,0
Shimon & Andy C,0
The Mouseketeers,0
Skillet,0
William Singe,0
Shiki(TMNS),0
The Mothers of Invention,0
김립,0
DJ Nelson,0
Fabetsol,0
Jade,0
Cedar,0
西邑在処,0
SBTRKT,0
Thelonious Monk Quartet,0
Maurice Scoville,0
Repercussions,0
Arcade Fire,0
Richard Pryor,0
Cj Borika,0
2 Brothers on the 4th Floor,0
Chris Brown,0
fuckcore,0
Nusrat Fateh Ali Khan,0
Fanfare Ciocărlia,0
IM@S ALLSTARS1641,0
Wilhelm Kempff,0
Omen,0
Chopin ScrüJah,0
Big Freedia,0
Reinier Zonneveld,0
M.O,0
Shurik’n,0
Abel,0
Innominate,0
Chuck Brown & The Soul Searchers,0
Native Rapper,0
pheel.,0
weish,0
We Are Magonia,0
Fox Amoore,0
Kensuke Shiina,0
DRRTYWULVZ,0
Kasalla,0
Greeko,0
Red Buddha,0
dark cat,0
Hampton the Hampster,0
Charli Baltimore,0
J.Period,0
Hot Coffee,0
The Stooges,0
Sara Tavares,0
Topic,0
Social Distortion,0
Dee Nasty,0
Altrice,0
oxadelagnia,0
Bynar,0
David Hopper,0
翡乃イスカ,0
Indo Tribe,0
Tufos Mashups,0
Miike Snow,0
ARuFa,0
6e,0
Bill Evans Trio,0
JPB,0
Foxy Cat,0
DJ Scenius,0
Astrud Gilberto,0
The Legendary Stardust Cowboy,0
The Alan Parsons Live Project,0
Lamb of God,0
Grambam36,0
Phan Mạnh Quỳnh,0
Green Velvet,0
SuperVision,0
Eric Mercury,0
Psy 4 de la Rime,0
The Raveonettes,0
Naomi Segal,0
Daughtry,0
Brancaccio & Aisher,0
Mud,0
Lafidki,0
Interrobang Pie,0
Teleputer,0
ZZZ,0
REO Speedwagon,0
LEE HI,0
Lewis Roper,0
The Rolling Stones,0
Devilman,0
Nacho Lovers,0
Burundi Black,0
The Outlaw Blues Band,0
Brad Mehldau,0
ESSEL,0
East,0
U.S. Maple,0
Partyline,0
J Balvin,0
VTQ,0
Laurindo Almeida Quartet,0
Lizard,0
DJ Diamond Kuts,0
Alley Cat,0
Patrick Cowley,0
bryface,0
Hard Rock Sofa,0
UncleBibby,0
James Ferraro,0
Pray for Rain,0
The Soul Children,0
Meco,0
Komputer,0
Bellini,0
Supastition,0
Signalrunners,0
Dubmatique,0
Christophe Willem,0
Roland Kayn,0
Casiopea,0
Fu,0
Bolt,0
Red Snapper,0
MELL,0
小宮知子,0
Orchestre de chambre Jean‐François Paillard,0
B2K,0
Kaisa,0
Nic Sarno,0
Dean Martin,0
The Dandy Warhols,0
Eko Fresh,0
Galaxie 500,0
Cyndi Lauper,0
Slave,0
The Black Keys,0
Goldie Lookin Chain,0
Goldmaster,0
The Last Emperor,0
Black Rock,0
The Blackout Crew,0
Scuba,0
Aphrodite’s Child,0
First State,0
Brand New,0
James Kochalka Superstar,0
lil figurative,0
Record Club,0
Codona,0
Deniz Koyu,0
岡部啓一,0
Flipboitamidles,0
Buccaneer,0
Les Visiteurs du Soir,0
The Primitives,0
ræntgen,0
TC,0
Go-qualia,0
Celtarabia,0
Irving Berlin,0
DJ Assault,0
Roy Ayers Ubiquity,0
DJ Cam,0
Ben Prunty,0
Dave & Domino,0
Jeff Lorber Fusion,0
Maze,0
Alan Hawkshaw,0
team9,0
Jauz,0
Moody Good,0
Peaches,0
Images,0
Bass Construction,0
Improved Sound Limited,0
Bushwick Bill,0
Dom Dolla,0
菅野祐悟,0
Porno,0
9mm Parabellum Bullet,0
ShyRin Mochimomiji,0
Dancing Fantasy,0
Shocking Blue,0
Paul Schwartz,0
Karen Dalton,0
Jacques Greene,0
Ayano☆ＵＬＴＲＡ,0
Javelin,0
Steve Reich and Musicians,0
aivi & surasshu,0
Kim Kihlström,0
Larry Groupé,0
ミカヅキBIGWAVE,0
Hatari,0
Kase.O,0
10cc,0
Sudden Def,0
Junior Gee,0
Fatback,0
Russell Howard,0
Mount Kimbie,0
Jim Steinman,0
Melvin Van Peebles,0
Henri Dès,0
The Nick Show,0
Bissen,0
Glenn Underground,0
Alias Conrad Coldwood,0
Kiki,0
MtheM,0
Albert Cabrera,0
Pastor & Mrs. Jim Colerick,0
ARIANNE,0
☺,0
dante red,0
Heaven 17,0
Squash Gang,0
みっちりねこマーチングバンド,0
Ken Ishii,0
Promise and the Monster,0
Stanislav Teterevlev,0
Frizk,0
Xet,0
Russell Haswell,0
GUNSHIP,0
Rare Bird,0
Al Kooper,0
The Jacksons,0
8485,0
Kap Slap,0
megamanlego,0
Vader Abraham,0
Grapefruit,0
Sampha,0
zep,0
Remy Ma,0
Hybrid,0
Péter Császár,0
Bobby “Blue” Bland,0
Killswitch Engage,0
Crass,0
Namika,0
Ligea,0
Miss Frenchie,0
The Jules Blattner Group,0
RudBag,0
Dada Life,0
9ice,0
Milk & Bone,0
Kno,0
Compost,0
DJ Pacifier,0
szjdfgs,0
PawllyDee,0
Captain Kirk,0
Signal,0
Andy Votel,0
Dev79,0
MiYAMO,0
Frank Chacksfield & His Orchestra,0
Aufnahme,0
Bill Medley,0
Ruby Andrews,0
XYClanKILLER2,0
Ovoid,0
Oliver Cheatham,0
きゃりーぱみゅぱみゅ,0
Eston Schweickart,0
Ghettosocks,0
Little Axe,0
Two Fingers,0
The Kid LAROI,0
Simon Harris,0
DAGames,0
Katy B,0
The 411,0
Panjabi MC,0
Donald Glaude,0
DJ Koze,0
Falamansa,0
Felix de Luxe,0
Parralox,0
Nitro Deluxe,0
Boom Clap Bachelors,0
Exposure,0
Mr. Ho,0
Kelli Hand,0
The Rembrandts,0
TORIENA,0
Heinz Funk,0
The Kingsmen,0
Smallpools,0
Mijk van Dijk,0
Versus,0
E-Dancer,0
Bad Proxy,0
Marlon,0
hu-zin,0
YSIWTOO,0
いえぬ,0
Lovers Revenge,0
Esther Phillips,0
Hijak,0
Vaughan Mason & Crew,0
Jack Stauber,0
Them Crooked Vultures,0
Daughters,0
Eagles of Death Metal,0
Lady Wray,0
COEO,0
Mała Fuzja,0
Sesame Street,0
Finnebassen,0
Asterisk,0
The Imperials,0
Silhouette,0
Thom Yorke,0
Eddie Johns,0
BBC Symphony Orchestra,0
nasanoa,0
Eligh,0
iamerror,0
Young Pulse,0
Bo Hansson,0
Timex Social Club,0
Bizarre,0
Little Feat,0
aespa,0
The Paragons,0
RichaadEB,0
大国奏音,0
Freezin,0
Lo Fidelity Allstars,0
Louie Lastic,0
濱渦真津恵,0
Vaperror,0
The Beachles,0
BIGBANG,0
ATTLAS,0
Skyzoo,0
Butter Bullets,0
Frankie Bleu,0
ZJ Wolf,0
Scattle,0
(həd) p.e.,0
Kaleen,0
Transit Kings,0
Tower of Power,0
Mr. SOS,0
Nikki+,0
Bushy B,0
Reel 2 Real,0
The Birthday Party,0
The‐Dream,0
Dabrye,0
Rebecca Black,0
Christoph de Babalon,0
Another Level,0
Tyler Lyle,0
LazyTown,0
Soft Cell,0
DJ DVD RIP,0
New London Children’s Choir,0
szri,0
Propaganda,0
Parvati Khan,0
安藤浩和,0
Alison Wonderland,0
Treasure MammaL,0
不知火フレア,0
鈴木雅之,0
Kuma Kid,0
feeble little horse,0
Giorgio Moroder,0
Classified,0
Mr. Lee,0
Big Hands,0
ササキトモコ,0
Steve Marshall,0
P-MODEL,0
Reverend Horton Heat,0
Sunny Hilden,0
GRiZ,0
Drums of Death,0
Damien,0
Thorpey,0
owl starlight,0
heavyconfetti,0
Patric Caird,0
Radio 4,0
Krizis,0
Platinum Hook,0
~AcquiredTaste,0
Haunted Shores,0
Paul David Heckhausen,0
White Noise Mashups,0
Geek Music,0
µThunder,0
じーえふ,0
Karl Hyde,0
X‐Ray Connection,0
Russell Dickerson,0
Massane,0
Ocho,0
DJ Kentaro,0
Jean‐Jacques Kantorow,0
Bryan Gee,0
DJ Spinna,0
Calaveritas,0
자우림,0
The Future Sound of London,0
The Fratellis,0
Star Man,0
Sonny Black,0
Drum & Lace,0
"Ecstasy, Passion & Pain",0
The Cannonball Adderley Quintet,0
Fiona Apple,0
Monodrone,0
GC MASHIE,0
Dharma,0
Starvue,0
The Intruders,0
Heather Jones,0
Denyo,0
Savant,0
立椅子かんな,0
Cody Hobart,0
Christian Michaels,0
Gabriel Tacchino,0
Sonu Nigam,0
QRV,0
Franz Ferdinand,0
PNL,0
David Nebel,0
Hypnotic Brass Ensemble,0
DJ 一戸建,0
Ce’Cile,0
Joren de Bruin,0
Flight of the Conchords,0
Dom & Roland,0
The Bugaloos,0
Front Line Assembly,0
Iperyt,0
Ángel & Khriz,0
Maxine Nightingale,0
Timerider,0
The Majesticons,0
Androcell,0
Grimes,0
Cece Natalie,0
Emilie Autumn,0
Dick Haymes,0
Steve Vai,0
Joff Bush,0
Djar One,0
Lindsheaven Virtual Plaza,0
without.directive,0
Suman Kalyanpur,0
Nikki D,0
t e l e p a t h テレパシー能力者,0
Cherry,0
Celldweller,0
Chee,0
Sleaford Mods,0
Dr. Buzzard’s Original Savannah Band,0
TWRK,0
天気予報,0
African Project,0
DJ Riko,0
Tshegue,0
Deela,0
Kintar,0
The Poppy Family,0
Jim White,0
iroha(sasaki),0
Adam K & Soha,0
Goldilox,0
Koopsta Knicca,0
Cylob,0
中島美嘉,0
Was (Not Was),0
George Benson,0
D-DOTs,0
Rachel’s,0
k.d. lang,0
Trogdorbad,0
Topol,0
Tag Team,0
Piero Piccioni,0
Fred Williams & The Jewels Band,0
François‐Joël Thiollier,0
Medicine Show,0
栗林みな実,0
渡辺量,0
Mtume,0
Francky Vincent,0
Lights,0
The Monitors,0
Young Fame,0
Anita Ward,0
mrsimon,0
Thread,0
Sealion Dion vs. Cigar Ros,0
Country Parish Music,0
Cedric Gervais,0
Crackin’,0
Jessica Mauboy,0
Eiksho,0
John Handy,0
Alabama 3,0
Craig Bratley,0
Mans & Romstick,0
Undercover Anarchist,0
GiedRé,0
CeCe Rogers,0
Jason M. Yu,0
Stanley Black,0
Eliffant,0
Mulu,0
Sidan,0
D.O.P.,0
Detroit Emeralds,0
Lil’ Will,0
kmoe,0
No Rome,0
Иzюм,0
Alessandro Taccini,0
ScHoolboy Q,0
Napalm,0
C4FF31N3,0
DOG NOISE,0
Charlie Mariano,0
Sunday PM,0
Sparky D,0
Tasmin Archer,0
user-704072988,0
2 Xperience,0
Lonnie Holley,0
German Brigante,0
112,0
Jedi,0
Boney M.,0
Saint Steven,0
WILLOW,0
Нервы,0
Cooldown Reduction,0
The Crowns of Glory,0
Hokusai,0
Deborah Harry,0
Aggro1,0
OSTER project,0
Darryl James / David Anthony Project,0
Johnny Mac,0
Scanner,0
Lil Mediafire,0
El Chojin,0
Casper,0
The S.O.S. Band,0
TCY FORCE,0
Wire,0
Porn Kings,0
み〜こ,0
SlimeGetEm,0
Belmont,0
Mighty Flames,0
Spacemonkeyz,0
Ben Kweller,0
Kuraine,0
Sultana,0
Liam Lynch,0
Babe Instinct,0
Falcon Funk,0
Two Lone Swordsmen,0
DJ Nix’on,0
Ron Browz,0
Evan Johnson,0
四葉草,0
The Splash Band,0
Shizen no Teki-P,0
Luciano Crime Family,0
Nikki Gregoroff,0
Grant Green,0
Innersphere,0
Kaiser Chiefs,0
Big X,0
V‐FUN,0
Eva Twin,0
Iggy and The Stooges,0
The Watts Prophets,0
The Black Ghosts,0
Far Too Loud,0
Elan Rivera,0
Tindersticks,0
COMPAQDREAMS,0
lunaht_,0
K1osk,0
Stev Dive,0
堀江由衣,0
Tone,0
Memo Rios,0
Ahmaykmewsik,0
Kruse & Nürnberg,0
Stooshe,0
Worthy,0
Rittz,0
Pi’erre Bourne,0
Roxette,0
Smokin’ Jo,0
Iz & Diz,0
CHUNG HA,0
DJ HMC,0
Hoodboi,0
Five Stairsteps,0
B*Witched,0
O.T. Genasis,0
Ritchie Valens,0
CHARCOAL FILTER,0
ROY KNOX,0
PNC,0
DJ Food,0
The S.S.O. Orchestra,0
J.M. Silk,0
Daniel Bortz,0
SKYLER,0
4Dboy,0
Yonder Mountain String Band,0
VIRTUAL PLEASURE,0
Re-Drum,0
Hans Zimmer,0
T. Ark,0
Kool & the Gang,0
Thelma Houston,0
Kristin Hersh,0
Viktor Vaughn,0
Camaro's Gang,0
Tito “El Bambino”,0
Klangstabil,0
All Saints,0
New York City,0
Scars,0
[Oppy],0
KiNK,0
Sylvver,0
布袋寅泰,0
Plain White T’s,0
Lebo M,0
Initial Talk,0
Hazelstorm,0
Sunidhi Chauhan,0
Disco Lines,0
Cherax Destructor,0
Mayhem,0
LiSA,0
Death From Above 1979,0
ConcernedApe,0
Murdock,0
MisdaFurious,0
So Schway,0
Vicente Fernández,0
Celina Müllner,0
Alesia,0
Samy Deluxe,0
Greg Davies,0
The Galactic Force Band,0
Naten,0
Flippa Mafia,0
Larry June,0
MashMike,0
MadeinTYO,0
Jul,0
JLS,0
Umbresp,0
Cheaps,0
Earl Zero,0
Halfbrick Studios,0
Jai Paul,0
Tribes,0
Against All Logic,0
Jimmy Rogers,0
DJ Rob3,0
Dimitri From Paris,0
Blizzard Brothers Inc.,0
Agatka Iskra,0
Gershon Kingsley,0
Finger Eleven,0
Biosphere,0
大宮忍,0
Joy Division,0
AKI,0
Crazy Mashcore Mafia,0
Norman Greenbaum,0
秋元薫,0
Ashtrax,0
Leonardo Favio,0
Childhood,0
Devin Montes,0
Doctor P,0
Thorinair,0
ZSunder,0
Chicago Bears,0
Martin Denny,0
Floret Loret,0
Walter “Tangle Eye” Jackson,0
tracey brakes,0
Hi-Fi,0
Rotteen,0
Hive,0
Stephan F,0
Robin Hannibal,0
The Maghreban,0
黒鳥,0
Elephant Man,0
Jazztronik,0
Lonnie Gordon,0
Max Tannone,0
Powerplant,0
Rich Kidz,0
Jakarta,0
David “Fathead” Newman,0
appy,0
Aaron Neville,0
PSYQUI,0
Haftbefehl,0
Jammer,0
Math U Matix,0
Matt Uelmen,0
Ebi,0
NBGMusic,0
The Creatures,0
waffle*,0
9freak9,0
2AT,0
Sim Gretina,0
Para One,0
MC Solaar,0
Kongas,0
dorencore,0
O.V. Wright,0
Squirrel Nut Zippers,0
Darkchrist,0
Michel Teló,0
VALENTINE,0
Salut c’est cool,0
双海亜美,0
MPH,0
The Toy Dolls,0
Kayna Samet,0
Matthew Dear,0
Tones and I,0
The Mist,0
813,0
Mindelixir,0
AZ,0
Beatie Wolfe,0
Paso Doble,0
Ｓｐａｔｉａｌ Ｍａｎｕｆａｃｔｕｒｅ Ｌｔｄ.,0
Silver Note,0
Space Manoeuvres,0
karat,0
7 Year Rabbit Cycle,0
Pérez Prado,0
The Sequence,0
LaFee,0
Fu‐Schnickens,0
Lush,0
Ko-Shan,0
Malleus,0
MadMan,0
2562,0
Russell Shaw,0
JerryTerry,0
Fabe,0
Petey Pablo,0
Dexter King,0
omgrino,0
Chingy,0
DJ Pauly D,0
Drunken Tiger,0
"Johnson, Hawkins, Tatum & Durr",0
Jimi Jamison,0
Überzone,0
Marcos Veiga,0
-... .. --. ..-. .- --.,0
Young–Holt Unlimited,0
Freeze Corleone,0
YURiKA,0
Wayvee,0
DitzyRhythm,0
Comethazine,0
Lil Debbie,0
tropes,0
3 Doors Down,0
Hermes House Band,0
Wally Badarou,0
Sako,0
Håkan Lidbo,0
Lone,0
KuroKun,0
Cobra Starship,0
Koxie,0
Rise Against,0
Katrina and the Waves,0
Marc Marzenit,0
Waldeck,0
Glokk40Spaz,0
Goldie,0
宇徳敬子,0
Au p’tit bonheur,0
F.E.V.E.R.,0
G.J. Lunghi,0
Elizaveta,0
Guzmaphobia,0
Call O' Da Wild,0
Keith Mansfield,0
Debra Byrne,0
Pixel Terror,0
J‐Live,0
Detergent,0
MFSB,0
和楽器バンド,0
Grace Jones,0
Terry Baxter & His Orchestra,0
Dirty Beaches,0
Showbiz & A.G.,0
Morris Day,0
Dream,0
柏木るざりん,0
Miikka Kari,0
"幽霊, T O G E T H E R!",0
Bob Dorough,0
Bentz,0
Alice Longyu Gao,0
Sunset Neon,0
Dario Dell'Aere,0
甲田雅人,0
John Lord Fonda,0
DOUBLE,0
Rhodanthe*,0
Fidelfatti,0
[bsd.u],0
The Mane Thing,0
Walt & Feliz,0
Lontalius,0
Chris.SU,0
VTNLNX,0
Too Phat,0
Cat333Pokemon,0
lilbesh ramko,0
Top Priority,0
Spacecraft,0
Kraak & Smaak,0
Peter Ivers,0
Super_Collider,0
Kevin McKay,0
Becky G,0
Сергей Джоканов,0
Steven Universe,0
drwual,0
38 Special,0
Pukesquid,0
A‐Trak,0
陳奕迅,0
Nugatory,0
CamelPhat,0
Snäp!,0
D.Y.A,0
trorez,0
Sat l'artificier,0
Biddy Fox,0
Milk Steak,0
Waving the Guns,0
Duralcha,0
Bodyrox,0
DJ br0dy,0
Deadly Guns,0
Lewis Parker,0
Tipper,0
Tubbe,0
8-Bit Arcade,0
DJ BAHLER,0
Albro T. Gaul,0
一ノ瀬志希,0
Straight No Chaser,0
Hodgy,0
Jah Rubel,0
baq5,0
Isaiah Rashad,0
Dudley Moore,0
Body/Head,0
Jackie Wilson,0
Section 25,0
Erasure,0
Drumatix,0
"Up, Bustle & Out",0
The Hooterville Trolley,0
熊谷文恵,0
PikoHammerJim,0
Jaded Heart,0
Jowell & Randy,0
Destination,0
THE WORLD WE LIVE IN 星,0
Fiorello LaGuardia,0
Mr Blink,0
miwafoxl,0
The Real Roxanne,0
Oscar Levant,0
Kyau & Albert,0
Pont Aeri,0
Ricco Harver,0
Leon Russell,0
ミナグ,0
Simple Minds,0
Ran Salman,0
Momo's Keys,0
Ccmk,0
chrispop,0
Act of Dog,0
Kid Creole and the Coconuts,0
Felix da Housecat,0
The Wanted,0
AJR,0
The Herb Shop,0
Sweet Thursday,0
Sigma,0
Memory Cassette,0
Indochine,0
Don Bryant,0
Idina Menzel,0
Hamsly,0
Truska,0
Fighter X,0
田中公平,0
Yung Gravy,0
Justify Mashups,0
Kilians,0
Fireboy DML,0
Yung Bae,0
Crom-Tech,0
Planet Perfecto Knights,0
Bloomfield,0
Kevin Regamey,0
2 Be 3,0
鳳凰火凛,0
Chinese Man,0
phem,0
エミリア,0
The Velvet Underground,0
Raven Maize,0
Atlas,0
ヒロ,0
Ann Magnuson,0
Silent Killer,0
Snoop Lion,0
Mietze Conte,0
Superpowerless,0
Klippa,0
三澤康広,0
Vex Ruffin,0
Mooner,0
IOSYS,0
The Upbeats,0
Murder by Death,0
Jump5,0
Yamajet,0
Skanna,0
Kathis Wolkenraver,0
Clipz,0
Calum Slingerland,0
Dexys Midnight Runners,0
Bobbi Humphrey,0
The Magic Disco Machine,0
Monica Queen,0
nachi,0
The National,0
Dave Pearce,0
Dom 877,0
Вася Пряников,0
Tim Maia,0
Reverend G.I. Townsel,0
Gammer,0
Toadface,0
Playing for Change,0
NBC,0
Peter Kuli,0
Ricky Tinez,0
Gravité Zéro,0
JMSN,0
Burufunk,0
Suicide,0
Honky,0
Eneff12,0
Żabson,0
Станислав Костюшкин,0
Soft Machine,0
Joakim,0
佳織みちる,0
Lil Tonya,0
坂本真綾,0
The War on Drugs,0
Alice.,0
Movie Soundtrack All Stars,0
DJ Tomekk,0
Valley of the Giants,0
Das Bo,0
CoLD SToRAGE,0
Dan Fogelberg,0
Polaris,0
Donald Mclaughlin,0
Mahiane,0
BackHaze,0
Rabbit Junk,0
Cropstar,0
D.J. Chuck Chillout & Kool Chip,0
Trouble,0
Subtact,0
Hank Marvin,0
Rekid,0
Kerli,0
Tandy Ogmo,0
xxxlolxxx,0
Starlito,0
JayB,0
Bon Jovi,0
16bit,0
Teena Marie,0
Big’n,0
Andrés,0
Egokind,0
The Speed Freak,0
Vanguard,0
RYUWAVE,0
Hugo Montenegro,0
Yo La Tengo,0
Anna Kendrick,0
Killarmy,0
Logic,0
SgtScrubnoob,0
Chuckie Nugget,0
MC Sereia,0
Zebrahead,0
Caramella Girls,0
Portugal. The Man,0
Dark Angel,0
Crissy Criss,0
Simian Mobile Disco,0
Screwball,0
Susumu Yokota,0
The John Barry Orchestra,0
Peplab,0
Seth Peelle,0
God Is My Co‐Pilot,0
Niko,0
Jaguar Rays,0
Travis Porter,0
The Ropes,0
飯吉新,0
Ernst Senff,0
Future Prophecies,0
Kriss,0
Flytronix,0
Isabella Rossellini,0
Ed Starink,0
Asin,0
HOME MADE 家族,0
benny blanco,0
Wonderland,0
Jason Barty,0
Bobby Jimmy and the Critters,0
Ruben Mandolini,0
DJ Q,0
Maxence Cyrin,0
One Be Lo,0
CrystalForce,0
Sean Finn,0
Jaira Burns,0
Alicks,0
Omega,0
Der Tourist,0
床井健一,0
Nyanakaru,0
Fabulous Baker Boys,0
ZUN,0
COM.A,0
WholePunch,0
iMAJ,0
Patience & Prudence,0
Tayfun Erdem,0
Balkan Beat Box,0
Joe O’Donnell,0
Janko Nilović,0
Tour‐Maubourg,0
Gucci Crew II,0
Inverse Phase,0
DragonForce,0
安達昌宣,0
Effie,0
Rachel K Collier,0
Wedge of Cheese,0
DezLandPlayz,0
Paris Hilton,0
TNGHT,0
Brat,0
Rookie!,0
L'ADLD,0
情報処理部,0
Toadies,0
影森みちる,0
Whales,0
Rayons,0
Nino Nardini,0
Syzz,0
Lemon,0
Scr33Ch1ng C07d5,0
Kicks Like a Mule,0
Marc Cohn,0
André Heller,0
The World Is Square,0
INFEKT,0
Ummet Ozcan,0
Shirley Bassey,0
A.way,0
Bangs,0
Cherish,0
John Acquaviva,0
Jonah Senzel,0
The Notations,0
Dennis Sheperd,0
Cassidy,0
Sonny Shimoda,0
Saint Snow,0
Wrathu,0
Texas Lightning,0
Mars ILL,0
Sharon Van Etten,0
Solatrus,0
Djo Ginkgo,0
aluminum,0
無力P,0
Mr. Hoosteen,0
Prizna,0
mmph,0
Slacker,0
Finley Quaye,0
nyanyannya,0
Samasukuru,0
Art Blakey & The Jazz Messengers,0
Impulse,0
KAYTRAMINÉ,0
i☆Ris,0
2 Unlimited,0
DJ AP,0
山本健誌,0
Oolacile,0
Joe Meek,0
Madutec,0
Taproot,0
Fakear,0
Valley,0
Spiritualized,0
Deafheaven,0
Foxy,0
The Edge of Daybreak,0
Echo,0
Shakespears Sister,0
Mr Eazi,0
Mindwarp,0
Minizza,0
Sol Brothers,0
Ro James,0
オーイシマサヨシ,0
石川淳,0
Notize,0
Dezo Daz,0
ocotan,0
Tycho,0
Incredible Bongo Band,0
工藤龍之介,0
Current 93,0
Gabberwijffie,0
TISM,0
KaTT,0
The Pazant Brothers,0
Aqours,0
日比野則彦,0
The Benjamin Gate,0
Zach Syrylo,0
SUPER MONKEY’S,0
R.M,0
The Joy Formidable,0
Milieu,0
Eric Church,0
Shakedown,0
The Score,0
Edwin Starr,0
Elizabeth Rose Bloodflame,0
Walter Berry,0
Dogs on Crack,0
PUBLIC,0
The Rebel,0
Molchat Doma,0
Friends Without Faces,0
Stylophonic,0
Anotha Level,0
ZPU,0
Coalescence,0
American Cream Team,0
Crypticz,0
Rizzo,0
45 Roller,0
工藤夕貴,0
DJ Dione,0
Sean NH,0
James Fraser,0
James Knight & The Butlers,0
For Those I Love,0
Soundmurderer & SK-1,0
Jerome Moross,0
A K A N E I N T O K I O,0
FoxWithGuns,0
Fried Chicken,0
Puppet,0
Joe Walsh,0
小林泉美,0
DJ Erb,0
Cloudface,0
Fred Schneider,0
Mike Foyle,0
LNR,0
Shane Fahey,0
Ірина Білик,0
Set Fire to Flames,0
Kindred the Family Soul,0
The Swingle Singers,0
トラボルタ,0
Villy,0
Disjecta,0
Kay Gardner,0
Tone Broke,0
Pat Chilla The Beat Gorilla,0
Harold Budd,0
~Avery~,0
Ida Corr,0
The Northern Boys,0
Please,0
超学生,0
Daktyl,0
Trent Reznor,0
Bass Communion,0
Brayden Potts,0
The Veronicas,0
Cappuccino,0
Kate,0
DJ Malvado,0
NF,0
evvemoscia,0
Rachel Auburn,0
Machina Pensant,0
JCMLOTR,0
"Crosby, Stills, Nash & Young",0
小西利樹,0
Kawashin,0
The Immortals,0
Little Jinder,0
Progress,0
The All‐American Rejects,0
Sorrow Plagues,0
Dominique Young Unique,0
Linda Clifford,0
Cuban Boys,0
Vladimir Cauchemar,0
Darkspace,0
Submorphics,0
松任谷由実,0
KillaGraham,0
Corcovado Frequency,0
CasioNova,0
Chris Webby,0
Thee Jamie Starr Scenario,0
Little Brother,0
Culcha Candela,0
Peer Kusiv,0
Dr. Drycer,0
Bruce Springsteen,0
Slowpalace,0
ריטה,0
SLIMKID3,0
G.O.D.,0
Tony Cirone,0
Norwegian Recycling,0
Stefano Noferini,0
Gaz,0
KXNG Crooked,0
Breaking Benjamin,0
Dr. Atomic,0
Visionistics,0
ピヨ団,0
DJ Fistfuck,0
松澤由美,0
犬吠埼紫杏,0
Jim Cummings,0
Toxic Two,0
Wilbur “Bad” Bascomb,0
Milk Dee,0
ゆの,0
Afrob,0
Pooh Man,0
Raito,0
American Zoo,0
Dust Junkys,0
Lisa Lisa & Cult Jam,0
Silicone Soul,0
David Toop,0
Yelsid,0
A Boogie Wit da Hoodie,0
MoStack,0
Irene Reid,0
G. Twilight,0
Aphrodite,0
Homesick,0
Bob Marley,0
Daniel Swain,0
MkVaff,0
Jello Biafra,0
Taio Cruz,0
Daniel Kendall,0
//turntboiフォレバー95,0
Mark Snow,0
ONE YEAR,0
Ryan Beatty,0
John Coltrane Quartet,0
Vampyx,0
Agent-X,0
HU?,0
Cut Copy,0
Grill Z,0
Deize Tigrona,0
▲NDRΛS,0
AWOLNATION,0
Raghav,0
Sly Stone,0
Yellowcard,0
Raoul Juke,0
Sajo1111111,0
Neu!,0
Isosine,0
Playaz,0
Rye Rye,0
Freddie North,0
Klangkarussell,0
Khatijah Ibrahim,0
loopcoda,0
伊藤サチコ,0
Dinah Washington,0
niu arx,0
SE7EN,0
Don Thompson,0
"Lipps, Inc.",0
Philip Oakey,0
Rick James,0
David Whittaker,0
Real Estate,0
These New Puritans,0
Ava Max,0
Nina Hagen,0
Mr. Sam,0
BADLIKE,0
The New Year,0
Sonic Boom,0
Nowhere Men,0
Will Sparks,0
Louis the Child,0
Peter Fox,0
Malakai Beats,0
Kitsune²,0
hyquo,0
Bell & James,0
Magna,0
NEXENUS,0
GIRakaCHEEZER,0
MACHINE HEAD,0
VanilluxePavilion,0
TKG,0
Sup the Chemist,0
Joseph Shirley,0
Birdy,0
Mistah F.A.B.,0
PaulGMashups,0
Motherlode,0
Nicole,0
Guuske Kotte,0
Injaroc,0
Funky Four,0
Kim Wilde,0
Delicious Monster,0
P. Lion,0
St. Teresa's Secondary School,0
木村恵子,0
Dexplicit,0
Sarahsson,0
Daniel Avery,0
DDRKirby(ISQ),0
Agallah,0
Mystification,0
Kim Gordon,0
Patti Page,0
濁茶,0
REOL,0
Block & Crown,0
DJ John,0
The Marvelettes,0
nitro,0
Power Jam,0
Girl Unit,0
The Delgados,0
ジェバンニP,0
Mac Zimms,0
Meghan Trainor,0
RNG,0
Verses GT,0
Curiosity Killed the Cat,0
Set It Off,0
TheHeroOfMobius,0
吉谷彩子,0
Dyland & Lenny,0
Azrael‐II,0
Big Moses,0
Dayme y El High,0
Saint Punk,0
Santa Esmeralda,0
Daniel Saylor,0
Jeremy,0
不失者,0
Bassnectar,0
Sons of Aliens,0
Foals,0
whizzer0,0
Crankdat,0
Former Hero,0
Muridae,0
キマグレン,0
afro,0
DJ Soviet Russia Pony,0
Nintendo EAD Sound Group,0
Mix Mup,0
LOL Boys,0
Malice,0
Betsie Larkin,0
Groove Cats,0
鼓膜シュレッダー,0
相対性理論,0
Just Jack,0
The Quiett,0
R O C K Y,0
Karlito,0
Phèdre,0
Jamelia,0
Idaho,0
Ginuwine,0
Brian L. Schmidt,0
"Willie Moore, Jr.",0
N.Phect,0
kiwipz,0
The Troggs,0
fusq,0
SKETCH SHOW,0
Sonny Fodera,0
3L,0
lovesliescrushing,0
Andy Buchan,0
Yarbrough & Peoples,0
Conro,0
Famicom Fountains,0
Secret Cinema,0
Yung Sherman,0
Jonathan Wolff,0
The Ventures,0
Blossom Dearie,0
Mis-Teeq,0
Siriusmo,0
Sanditio,0
"Choir of Clare College, Cambridge",0
DJ Mink,0
Finn Keane,0
Normani,0
Big Dipper,0
Mark B & Blade,0
Preacher,0
TJR,0
Josh Levi,0
Winterberry,0
Jeremy Zuckerman,0
2NE1,0
Yelle,0
Hendersin,0
NeroArgento,0
Roscoe Dash,0
King Lil G,0
林原めぐみ,0
Симфонический оркестр Большого театра,0
Random Rab,0
水森亜土,0
King Floyd,0
Jonathan Colling,0
Adamski,0
Marley Marl,0
fetchrover,0
Libra,0
Dawid Podsiadło,0
Borgore,0
Pep & Rash,0
Future Funk Monthly,0
Angerfist,0
Featurecast,0
Londonbeat,0
Christopher Williams,0
Dead Boys,0
LoreRD,0
Lafayette Afro-Rock Band,0
優里,0
tdf,0
SWIRF,0
We Have Band,0
Michel Fugain,0
Attitude,0
Lil Darkie,0
Spenca,0
DJ Mujava,0
Black Moth Super Rainbow,0
北村友香,0
APOLLO,0
90 Day Men,0
Qrion,0
The Originals,0
Presidente,0
Frank Glazer,0
TJ Lien,0
The John Benson Brooks Trio,0
Subgardens,0
PAWLIE POIZN,0
Hadouken!,0
Rebelution,0
Neil Larsen,0
digboy,0
Barney,0
Sinister Psyche,0
Jurassic Harp,0
Miilkbone,0
Lin‐Manuel Miranda,0
Derek B,0
MNQN,0
Arrival Project,0
Strung Fellows,0
Half an Orange,0
Shirley Ellis,0
AAAMYYY,0
コバルト爆弾αΩ,0
Black Gryph0n,0
Nox Arcana,0
Waterflame,0
La Honda Militia,0
Don Ray,0
Exile,0
諏訪内晶子,0
Garry Gee,0
Alan Barry,0
Niska,0
Da Backwudz,0
ADNY,0
Marcos Valle,0
Beat Happening,0
岩垂徳行,0
Marlon Caro,0
Albert One,0
ココア,0
Amber,0
ちより☆,0
Mother Freedom Band,0
みかくにんぐッ！,0
Krusha,0
DJ BoBo,0
DJ Noriken,0
Heather B.,0
Alexander Popov,0
SERUiRE,0
Alessi,0
Push,0
Debbie Reynolds,0
The Ronettes,0
Turbobrain,0
R.ef,0
Grup Ses,0
MSMV,0
Mechatok,0
Headhunter,0
Mutabaruka,0
Manfred Hübler,0
Christopher Walken,0
El Huervo,0
Yellow Note,0
Vic Juris,0
Five Finger Death Punch,0
Eluvium,0
Freddie Hubbard,0
Cyrricky,0
Hardknox,0
BREAD & BUTTER,0
Léo Ferré,0
W-Ice & Power Team,0
PAV4N,0
Emdasche,0
wac,0
FISHER,0
Miami Bass Warriors,0
Milky Chance,0
Magic Affair,0
Foreign Beggars,0
Piano Fantasia,0
Baby’s Gang,0
Rhythm Controll,0
STIPP,0
69,0
Mamono,0
Hubert Kah,0
Enjoy Tribe Monster,0
Luther Vandross,0
Trevor Jones,0
Spott,0
Willeke Alberti,0
石野卓球,0
Blu Cantrell,0
The Deacon,0
Boy Meets Girl,0
peeinmysock,0
Maria de Medeiros,0
SLAKE,0
GVA,0
Бутырка,0
יהונתן גפן,0
Ken Spencer,0
Arca,0
Faith Marie,0
Daniel Deluxe,0
Larry Ellis and The Black Hammer,0
DeeM,0
Milkoi,0
Mica Paris,0
Shunks,0
Soul of Man,0
Mutherpluckin’ B,0
Ash Taylor,0
Ben Böhmer,0
blaccmass,0
Xavier Omär,0
MØ,0
The Four Freshmen,0
Wisp,0
DSK,0
Led Zeppelin,0
The Incredible Hump,0
Awesome 3,0
Roger Waters,0
Spencer Nilsen,0
The Black on White Affair,0
Dirt Nasty,0
Cliff Bennett & the Rebel Rousers,0
Chonny Jash,0
Kaaze,0
Savages,0
Murcof,0
Govinda,0
Fockewulf 190,0
Irma Thomas,0
JD & The Evil's Dynamite Band,0
Ella Mai,0
Gail Blanco,0
Patti Smith,0
Jon the Dentist vs. Ollie Jaye,0
Ramon Tapia,0
Mykel Mars,0
Yma Sumac,0
Dickie Goodman,0
Eruption,0
Locked Club,0
Marilyn Manson,0
Optiv & BTK,0
James “D Train” Williams,0
Shash’U,0
Ohrwurm,0
Torchkas,0
The Impressions,0
Danger Mouse,0
Iliad,0
kulor,0
peak divide,0
Big Time Charlie,0
cat naps,0
Wish,0
Niels van Gogh,0
The Grim Reaper,0
Kleeer,0
Pure Magic,0
nek*N-PRJ,0
The Highstreet Allstars,0
Axis,0
RSL,0
Fun Lovin’ Criminals,0
Yves Tumor,0
ローマンRoman,0
David Joseph,0
Puschkin,0
Sara Chaves,0
Groovy Godzilla,0
Fort Minor,0
和路なつみ,0
Jody Watley,0
Kwezydoctor,0
New Flesh,0
Superbus,0
Annie Lennox,0
Praxis,0
Terrace Martin,0
すてらべえ,0
The Big Bopper,0
Vitamin C,0
sdhizumi,0
Bubblegum Octopus,0
Duvall,0
Mister Parker,0
Sfork,0
Gareth Morris,0
puupuu,0
Flavor Flav,0
Eddie Condon,0
2003 Toyota Corolla,0
Amii Stewart,0
Toris Badic,0
Will Young,0
XXXLAF,0
Michael Vorfeld,0
Himbiote,0
Kings of Leon,0
RYUHEI THE MAN,0
Lloyd,0
Acen,0
The Aztec Mystic,0
Drop the Lime,0
Luis Miguel,0
Otis McDonald,0
Chjolo,0
EnglishNarwhal,0
Kouslin,0
Two Shell,0
Mystik,0
The Scary Jokes,0
Synthion,0
Banger,0
Carl Henry,0
Lazerbeat,0
Toby Emerson,0
Lalaine,0
そらまふうらさか,0
Krinjah,0
Slushii,0
Rufus Blaq,0
Warrior One,0
Мария Нейкова,0
His Majesty Andre,0
Project 46,0
David Gilmour,0
J.Views,0
Armando Trovajoli,0
RAMP,0
Robert Fripp,0
Save Ferris,0
Pianoman,0
Lushlife,0
The Jack Lester Special Band,0
Antipop Consortium,0
Moon Tripper,0
Hangedup,0
Mr. Potatohead,0
Navos,0
Leon Bolier,0
Thought Process,0
Dirtyphonics,0
Infinit',0
Maria Callas,0
Smalltown Collective,0
The Knack,0
MasterSwordRemix,0
mirai,0
My Bloody Valentine,0
Trixie Mattel,0
Dirty River,0
Antimatter,0
Pro>Tech,0
They Might Be Giants,0
Twisted Freq,0
Chris Avantgarde,0
Schwester S.,0
H.P. Riot,0
Rae & Christian,0
bank pain,0
U96,0
Skream,0
Junior Reid,0
Soulkid #1,0
Melleefresh,0
True Faith,0
Bobby Goldsboro,0
Architecture in Tokyo,0
Ronald Frankau,0
Coyu,0
Janis HM,0
Georges Brassens,0
MIU,0
The Ethiopians,0
Mike Greene,0
Ugly Duckling,0
owl＊tree,0
LaBelle,0
Copycat,0
AsaphDaKing,0
Blackmill,0
Bad Bunny,0
Ella Washington,0
MC Boing,0
Iron Curtain,0
Biter MC,0
Johnnie Taylor,0
Recovering Hikikomori,0
DAYOx2,0
Marvin Gaye,0
Mr. Bungle,0
David Zowie,0
Danny Ocean,0
Boris Blank,0
Los Devil Dudes,0
Rapeman,0
Black Uhuru,0
Hero Image,0
Trolley Snatcha,0
Cristian Viviano,0
Ciccone Youth,0
Pearly Queen,0
dazegxd,0
森英治,0
Benediktiner Mönche Der Abtei Saint-Maurice & Saint-Maur,0
Mickey,0
TB2K,0
Omnia,0
Duosseudo,0
Fresh,0
Wes Montgomery,0
Stephan Remmler,0
kagi's toilet,0
Edwin Hawkins Singers,0
Andréas et Nicolas,0
Amon Amarth,0
4thImpulse,0
iconoclasm,0
Quadrant,0
House of 909,0
Rosenstolz,0
BloodPop®,0
Bunny Sigler,0
Simon Chamberlain,0
Gaullin,0
SkylarDB,0
Thomas Prime,0
Pardison Fontaine,0
Willie Colón,0
Emil Beaulieau,0
Alex Giudici,0
Lou Courtney,0
Diane Cluck,0
Monolink,0
STARSET,0
ヤスオ,0
Swindle,0
Acoustic Alchemy,0
Sonia Rosa,0
Channel One,0
Apathy Point,0
Xray,0
群雨アンブレイラ,0
DJ Romain,0
Thomas Wesley,0
Favorite,0
Majestic 12,0
“Weird Al” Yankovic,0
Macklemore,0
Henri Texier,0
KCB,0
Blargg,0
Ray Barretto,0
Reptilian Club Boyz,0
GG Magree,0
A.Motion,0
Tebot Piws,0
Twitch,0
Re‐Up Gang,0
Love De-Luxe,0
JVNA,0
Ruger Hauer,0
Badder Than Evil,0
Carlos Mena,0
Vanilla Fudge,0
Ted Taylor,0
Montana,0
Krampf,0
Oliver Hart,0
Deceptikon,0
Alice Cooper,0
Wesley Safadão,0
Dilute,0
Mixrace,0
Johnny Nash,0
RIOT,0
Lizzy McAlpine,0
Jeremy Steig,0
Louis Tomlinson,0
Puffballs United,0
Toby Romeo,0
Terry Lee Brown Jr.,0
Noir Désir,0
Handsome Furs,0
Cymande,0
Sahy Uhns,0
David Holmes,0
C & K Vocal,0
Acción Sánchez,0
Cheryl,0
John Baker,0
Gridlok,0
Young Nudy,0
King Curtis,0
Davey Graham,0
Risk Junk,0
野力奏一,0
Supreme Beings of Leisure,0
Mike Zoot,0
Rufus Thomas,0
Tomoki Tamura,0
SeamlessR,0
James Talk,0
Athom,0
Pelikann,0
The Android Sisters,0
Ripple,0
The Beach Boys,0
しぐれうい,0
Rod Taylor,0
The Tokens,0
The Cataracs,0
Villagers,0
MC Money,0
Philippe Risoli,0
Dust,0
TisaKorean,0
Shackles,0
Crisis Loan,0
Alan Menken,0
Louise Attaque,0
William Orbit,0
Lord RAJA,0
GNB CHILI,0
morgrip,0
Sbeast,0
TANUKI,0
cast heal,0
Mala,0
lege batterij,0
Braces Tower,0
Sho Madjozi,0
DJ Dain,0
Dlake,0
Ian Wilkie,0
Sam Binga,0
Dokken,0
Mahna Mahna,0
Frederic Earl ‘Shorty’ Long,0
Amuxax,0
OdiakeS,0
Raphlesia,0
Asura,0
美優,0
Prom Queen,0
defyer,0
和田加奈子,0
Orchester der Deutschen Oper Berlin,0
Marshall Masters,0
Eugene Thacker,0
Jeromy Stuart,0
Tom Jones,0
Warlock,0
Thelonious Monster,0
HIV+,0
Niko+,0
Bing Crosby,0
Jesse James,0
Marginal Men,0
Laxcity,0
Brian Tuey,0
Ghost,0
Cold War Kids,0
Orbital,0
▲NGST,0
The Fog,0
Funk Masters,0
石渡太輔,0
Squane,0
神前暁,0
Bathory,0
Joe Thomas,0
Solid Sleep,0
J. R. Dickson,0
やくしまるえつこ,0
Square Tune Magician,0
Paul Jacobs,0
Brethren,0
The Maskman & the Agents,0
D-CELL SOUND TEAM,0
Ollie & Jerry,0
Mimmo Mix,0
MOTOR,0
Tsuruda,0
Special Forces,0
Donna Summer,0
Galimatias,0
武満徹,0
Drive45,0
Troye Sivan,0
The Lumineers,0
Mahoney,0
前馬宏充,0
Global Goon,0
Farley Jackmaster Funk,0
Yellowman,0
Mickey Oliver,0
Matt Watson,0
OnBP,0
Stakka Bo,0
The Winstons,0
Ex Models,0
Leat’eq,0
Whynnel,0
本間芽衣子,0
The Claudia Quintet,0
Ingo ohne Flamingo,0
Common Sense,0
Grant Kirkhope,0
Top Authority,0
Giacca & Flores,0
山口真理,0
サイトウ・キネン・オーケストラ,0
広瀬香美,0
Etika,0
Эдуард Хиль,0
deardieari,0
Angus MacLise,0
Jorge Ben Jor,0
Cormega,0
Slippy,0
矢崎早彩,0
wakana,0
Electronic,0
Nicole Scherzinger,0
KC Flightt,0
Curtis Alto,0
King Amir,0
Woodkid,0
Schwartz,0
Members of Mayday,0
Air,0
Sasha,0
CL,0
Ohio Players,0
Cher,0
Chris Connor,0
Луна,0
わた篠,0
おどる♡11,0
Nigel Stanford,0
Manfred Mann Chapter Three,0
Melodosis,0
Boom Bap Project,0
The Film,0
Kazik Staszewski,0
Elisa,0
Booker T. & the MG’s,0
Christopher Port,0
E.U.,0
Blue Mitchell,0
Adrian Simionescu,0
Rare Earth,0
The Friends of Distinction,0
Go Freek,0
Green Ice,0
The French Ensemble,0
이달의 소녀,0
St.Ives,0
Au5,0
DJ Sa9,0
Lill Lindfors,0
Littletsu,0
Crossover,0
Superorganism,0
Bertha Egnos,0
The Korgis,0
Laura Shigihara,0
Ascent,0
Amiri Baraka,0
AUKSO,0
MJ Cole,0
Paul Dakeyne,0
gyuris,0
Bob Sinclar,0
Corona,0
Oklou,0
B.U.S,0
Late Nite Tuff Guy,0
Alex Moukala,0
David Wertman,0
Noguchii,0
Napkin Terrorizer,0
Charles Aznavour,0
Soul for Real,0
Ecco2K,0
English Chamber Choir,0
Freeform Five,0
Conway,0
Mélonade,0
Kideko,0
Dominic Frontiere,0
BMDoubbleBass,0
SMLE,0
Criminal Vibes,0
Soul Solution,0
Phaux,0
Buckcherry,0
Keisha Jackson,0
Norrie Paramor,0
Such,0
Drum Island,0
Angus & Julia Stone,0
Damon Dash,0
Kode9,0
Listie,0
Lucky Luke,0
Youth Code,0
Shady Blaze,0
Module One,0
FLAVOR FOLEY,0
Kalabrese,0
Rocé,0
Azad,0
Oranges & Lemons,0
Chuckie,0
Clarence Wheeler & the Enforcers,0
Mush,0
Chus & Ceballos,0
Squarehead,0
DotEXE,0
Shinjuku Mad,0
Bananarama,0
Jan Hammer,0
Joe Satriani,0
Virtual Riot,0
Unikorn,0
Supergrass,0
Augustin Hurez,0
Sneaky Sound System,0
Tristam,0
深澤秀行,0
Curt Blakeslee,0
Black Star Liner,0
Jean‐Jacques Goldman,0
Leon Ware,0
Sam & Dave,0
racc,0
PMP,0
Gary Peacock,0
Andrew Huo,0
The Wild Magnolias,0
Vacations,0
Kenny Meriedeth,0
Wallace Collection,0
Jan Foolen,0
Simone Liberali,0
Tony Yayo,0
ATC,0
Drinking Electricity,0
Doofcake,0
Hella,0
Martin Solveig,0
Boogie Boys,0
Thelonious Monk Big Band,0
Tarkus,0
高木完,0
Tim Curry,0
Kygo,0
Mister Softy,0
Johnny Pate,0
Herb Alpert & the Tijuana Brass,0
ΣPSON,0
Sheila & B. Devotion,0
Dennis Coffey & The Detroit Guitar Band,0
Jamey Aebersold,0
Chet Baker,0
Martin Circus,0
McMaNGOS,0
C-Show,0
Thad Jones/Mel Lewis Orchestra,0
Toronto Is Broken,0
larsht_,0
ROSÉ,0
Gerard K. Marino,0
Siskid,0
HNM Magazine,0
Sunryze,0
David Byrne,0
Madteo,0
Caleb Hyles,0
The Dap‐Kings,0
Trna,0
Menahan Street Band,0
Anoiysz,0
Steve Brian,0
Black Heat,0
Treow,0
Timmy Trumpet,0
MEGATEN,0
Sweet Exorcist,0
Shuki Levy,0
Ансамбль Дмитрия Покровского,0
Andrew Ridgeley,0
Dan the Automator,0
Fafá de Belém,0
quannnic,0
Luther Ingram,0
Psychedelic Brony,0
Starship,0
Ich + Ich,0
Strafe,0
Eddy Mitchell,0
Reks,0
Peter Lloyd,0
K‐Ci & JoJo,0
Scott Cooper,0
Millsart,0
竹原裕子,0
Disrupt,0
Wrashi,0
Bobby McFerrin,0
Escape Route,0
Lzie,0
Norma Jean,0
10-FEET,0
sgnl_fltr,0
Olive Fredricks,0
Miles Davis + 19,0
Thee U.P.,0
DJ Erndogg,0
EveryDayDashie,0
Cathal Coughlan,0
Holy Other,0
Deformaty,0
石川大樹,0
Odyssey,0
Ill,0
Bas,0
Lucky Thompson,0
Designer Music,0
Heart,0
Martin Pieters,0
Soul Odyssey,0
Disco Inferno,0
Cooh,0
The Alan Parsons Project,0
Evelyn Thomas,0
小塚良太,0
okadada,0
Rupert Holmes,0
Wendy Milan,0
Mogwai,0
Devilish Trio,0
Dave,0
Getter,0
That Tojo,0
Israel Kamakawiwoʻole,0
Delegation,0
Mahoroba,0
Coke Escovedo,0
NEGI☆U,0
Jackal,0
Cooper Barnes,0
nekutsu,0
1200 Micrograms,0
Phife Dawg,0
Blue Swede,0
Duffinimo,0
wubz,0
This Way Up,0
Albert King,0
Kinder Malo,0
Tuxedo,0
SAYGRACE,0
見良津健雄,0
Bloodstone,0
Woody Shaw,0
Metodi Hristov,0
Cortex,0
西森千明,0
Veridis Project,0
Maxim,0
Mel & Tim,0
Larry Graham,0
Bobby Thurston,0
Jo Dee Messina,0
Zion & Lennox,0
au miel,0
Eddie Kendricks,0
Hubert Laws,0
Prok & Fitch,0
The Midnight,0
Joseph Terruel,0
Creepy Autograph,0
Rosemary June,0
Blind Summer,0
Sphinx,0
A1,0
Dr. John and The Nite Trippers,0
Akfamilyhome,0
Arbee,0
Geier Sturzflug,0
The Good Girls,0
4 Non Blondes,0
Jerry Martin,0
52nd Street,0
The Gentle Rain,0
Bernard Fêvre,0
Nigo Chanel,0
DJ Bromide,0
Crustation,0
Pharoahe Monch,0
Fusion,0
Darius Syrossian,0
sanah,0
John Cacavas,0
John Martyn,0
karuta,0
Dummy Run,0
海田明里,0
Tribe of Issachar,0
Mary Love-Comer,0
Die Toten Hosen,0
Jimmy Cliff,0
Tycoon,0
Christophe Ratier,0
Vanishing Pictures,0
Transs,0
Conexion,0
OPM,0
Betta Lemme,0
Professional Hairdresser,0
Monk & Canatella,0
Bolide,0
death’s dynamic shroud,0
Tommy Dorsey,0
The Creatures,0
Timeflies,0
Elliott Smith,0
Mochipet,0
Freestyle,0
フランシュシュ,0
Block McCloud,0
Lil Durk,0
DJ.TKC,0
Vincent Remember,0
Teen Suicide,0
M.I.K.E.,0
Pierre Henry,0
Cevin Fisher,0
Karla Bonoff,0
Lino,0
i_o,0
Ursula 1000,0
Dynoro,0
The Memphis Horns,0
Jan Driver,0
MilleniumKid,0
Gebrüder Blattschuss,0
Outlaw Posse,0
Harry Styles,0
Harlem World,0
Meitz,0
岩田恭明,0
DJ Drobitussin,0
浅倉大介,0
DJ Giac,0
Tarby,0
Size 9,0
Tenor Saw,0
リゼ,0
Stereoact,0
Sithu Aye,0
Jett Chandon,0
B4SSfreq,0
The Facedancers,0
BiBi,0
Phantom/Ghost,0
Reol,0
Xerxes,0
Shashwati Phukan,0
Gipsy Kings,0
Jackhoeting,0
Ghost Train Orchestra,0
TOMOSUKE,0
Remo-con,0
Young Money,0
Munk,0
The Soulful Strings,0
Frontliner,0
Reyrzy,0
Soundprank,0
Liar,0
Krystian Zimerman,0
MIKA,0
杉山清貴,0
bomberzx (PACHI87),0
The Communards,0
Activ,0
L.V. Johnson,0
Title Fight,0
ナユタン星人,0
Sam Taylor‐Johnson,0
Günter Kallmann Chor,0
Spirit,0
DJ Spoko,0
Jesus Loves You,0
Berreta,0
Bigflo & Oli,0
DJ Rasoul,0
Reno Project,0
Emin,0
LW Mashups,0
Random Movement,0
The Guess Who,0
gvrlstink,0
Saka,0
Kurwastyle Project,0
Andy Grammer,0
Stakka & K.Tee,0
VGR,0
MONOLITH,0
Hearts2Hearts,0
梨本うい,0
Gary Wright,0
Hape Kerkeling,0
DubVision,0
Odd Future,0
Kenny Rankin,0
The Vaselines,0
Alice Clark,0
Jo Paciello,0
Telefís,0
Friendship Baptist Church Mass Choir,0
電音部 (真新宿GR学園),0
Drew Sky,0
Shakira,0
The Dave Brubeck Quartet,0
Marlene Dietrich,0
THE DU,0
Battlemuffins,0
Every Little Thing,0
Le Bal Brotto Lopez,0
The Free Movement,0
Hodak,0
Metapony,0
Shorty,0
DJ Cable,0
Clockvice,0
Holland Boys,0
1788-L,0
민지운,0
Nightlife Unlimited,0
Teairra Marí,0
Nüw Idol,0
CyanBlue,0
suzukiiiiiiiiii,0
The Juan MacLean,0
Levon Vincent,0
Carré Rouge,0
Brooke Valentine,0
Revelries,0
Donn Wilkerson,0
どうぶつビスケッツ,0
Bowsie,0
John Thomas,0
Area Code 615,0
My Morning Jacket,0
Unitz,0
Maggie Lindemann,0
The Red Jumpsuit Apparatus,0
David Guthrie Music,0
Jack the Underdog,0
Kid Koala,0
Freddy Fresh,0
ikura,0
Rush Garcia,0
Petula Clark,0
Bootsy’s Rubber Band,0
K Suave,0
Brenda Russell,0
DJ Dano,0
Cutmaster D.C.,0
Monstercat,0
Gong,0
Snow Patrol,0
King Gizzard & the Lizard Wizard,0
PRINCESS MOLASSES,0
Weiland,0
Das Glow,0
Joe Farrell,0
JVKE,0
猫 シ Corp.,0
McGruff,0
Psychic Graveyard,0
Shirley & Company,0
Fidelium,0
Puerto Muerto,0
The End of Science,0
Loose Joints,0
Nicolas Jaar,0
Baba Yaga,0
Stealing Orchestra,0
Fire,0
Savage Rehab,0
Monk Montgomery,0
Аида Ведищева,0
Wasis Diop,0
Jory Boy,0
Dr. John,0
Pearson Sound,0
Guillaume la Tortue,0
DJ Noodles,0
asa,0
Musical Mob,0
The Subdudes,0
Windjammer,0
Soulusions,0
Victor Ark,0
Zefiroxable,0
Robert Parker,0
Gustavo Santaolalla,0
Rob Base,0
Darren Mitchell,0
JAMES & GANG,0
Lustre,0
Guster,0
Jason Mraz,0
Omnipony,0
Neha Kakkar,0
Klaus & Klaus,0
わたてん☆5,0
Leila K,0
Basto,0
Rollergirl,0
Carl Orff,0
Fanny Fink,0
Neil Norman,0
Captain Beefheart & His Magic Band,0
Yonas,0
Jack White,0
Hildur Guðnadóttir,0
Joe Sample,0
Trans‐X,0
Terry Riley,0
tapiocattundra,0
Prisonshake,0
Snivys,0
OG Bachata,0
DJ Depath,0
The Who Boys,0
Lil Pump,0
Fleetwood Mac,0
Justus,0
Tech Nine,0
girldick,0
Busted,0
BogTroTTeR,0
Monali Thakur,0
Peter Buffett,0
Abr.,0
Starecase,0
Nate Dogg,0
Nicole Price,0
Deathpact,0
Zachary Herbst,0
Deebs,0
Major Sample,0
Carlos “Patato” Valdés,0
Тито,0
The Stylistics,0
The Moog Machine,0
Adam and the Ants,0
Urin-8,0
Ray Brown,0
Liquid,0
Pháo,0
Mike Jones,0
しのりゅー,0
The Third Eye Foundation,0
Johnny Crockett,0
QURELESS,0
Rillen Rudi,0
Lester Flatt & Earl Scruggs,0
Professor And The Efficiency Experts,0
Sledge Hammer,0
Therapie TAXI,0
Lazerhawk,0
CHAKA,0
Joe Williams,0
Fvrwvrd,0
James Horner,0
The Nat Adderley Sextet,0
Double Exposure,0
Piglet,0
やのあんな,0
Eddie Harris,0
Clint Mansell,0
D.ST,0
Mike & Charlie,0
Os Cariocas,0
Jspr,0
John Duncan,0
Orelsan,0
JAMONMEAT,0
Confidence Man,0
Mic The Snare,0
美波,0
The Gray Line,0
Blazin’ Squad,0
CN,0
Deerhoof,0
Leo Birenberg,0
Ural 13 Diktators,0
SAK.,0
The Beloved,0
Ivan Mastermix,0
Al Hirt,0
Social Club Misfits,0
Us3,0
All Tvvins,0
JustinRPG,0
King of Woolworths,0
Russell Brower,0
Buddy Richard,0
Edan,0
Thes One,0
Diana Shroomy,0
オワタP,0
Shit and Shine,0
DJ Reset,0
Educational rap,0
I Will Never Be the Same,0
DJ Spooky,0
Artie Webb,0
The KOG,0
Frenchbloke & Son,0
Michael Marshall,0
Marc Lavoine,0
Matty G,0
Escala,0
Mikky Cat,0
AFFKT,0
Sweep the Leg Johnny,0
Coi Leray,0
四条貴音,0
Kevin Lester,0
Revelation Funk,0
Blackbird Blackbird,0
Rory Gallagher,0
Bas Amro,0
John Clarence Stewart,0
Digital,0
Pussy Riot,0
Pharoah Sanders,0
The Beta Band,0
Riva,0
Nylon,0
Willie D,0
Time Bandits,0
Marc Hackenberg,0
September,0
Connie Laverne,0
Closed,0
DJ Master Kohta,0
Tony Bennett,0
Savath & Savalas,0
Chocomang,0
Stanley Clarke,0
The Kleptones,0
xiiiac13,0
Stromae,0
Fun Boy Three,0
Tullio De Piscopo,0
Monsoon,0
Martha and the Muffins,0
coltrane,0
Alan Ross,0
Embryo,0
Gene and Jim Are Into Shakes,0
Cynthoni,0
Extrenor,0
Hauschka,0
Fireball,0
Tranquility Bass,0
Jimmy Dorsey and His Orchestra,0
オノマトペ大臣,0
Jazzy Jay,0
TAG,0
Homelife,0
Bohemian Rhapsody,0
Bad Habit Boys,0
Pipe Bueno,0
Niki and the Dove,0
Kamal Khan,0
MJ Lenderman,0
Devi McCallion,0
J.J. Fad,0
Caetano Veloso,0
The L‐Train,0
ぬゆり,0
SteezTheProducer,0
CSS,0
Laid Back,0
Andraé Crouch & the Disciples,0
SSIO,0
Root for The Villain,0
Cezary Ostrowski,0
Sixpence None the Richer,0
Tecla,0
悲しい Android Apartment,0
Johnny Jenkins,0
Coco Jones,0
Kay-D,0
KISS,0
Daniel Johnston,0
Tegan and Sara,0
Chip Taylor,0
Cats Millionaire,0
nevermade,0
MC Boob,0
早見優,0
Delia Derbyshire,0
fict.ion,0
cvrsed,0
Rixile,0
John Travolta,0
Drunken Masters,0
あすとらるTrip,0
CloZee,0
ꜱᴄɪ ꜰɪ ꜱᴄʜᴇᴍᴇ,0
Frankmusik,0
Prong,0
Eddie Floyd,0
Hi_Tack,0
Faro,0
The Romantics,0
南波真理子,0
Christina Milian,0
Chappell Roan,0
Philip Bailey,0
Arjun Vagale,0
Jamie Bull,0
Andrew Weatherall,0
otherlink,0
Lightnin’ Rod,0
Hemant Kumar,0
John Dankworth,0
Sybil Thomas,0
Chimo Bayo,0
Harry Gregson‐Williams,0
Buddy Peace,0
BEAUZ,0
George Clinton and the P-Funk All Stars,0
KIRK,0
5*LEAF,0
CRT Soundsystem,0
The Sindecut,0
DonnieTheGuy,0
空手王,0
Lil Tecca,0
StewRat,0
Asmus Tietchens,0
The Broken View,0
Tabitha Fair,0
Duke Lake,0
Karen Overton,0
Buzzy Bus,0
Pretty Tony,0
Sharon Redd,0
Jon Kennedy,0
Hollertronix,0
Harumi,0
The Modern Institute,0
Albert Hammond,0
Helen T,0
The Fabulous Beatmashers,0
fluttershy will never die,0
Debbie Deb,0
三葉彩夏,0
PolyphonicBranch,0
Silkie,0
Acid=Stone Valley,0
E.S.G.,0
Virus Syndicate,0
Angie Care,0
DOMINO,0
Andrew Rothman,0
Second Sun,0
Sexy Sushi,0
YOOKiE,0
Fracture,0
Louis Philippe,0
AREA51,0
Them Two,0
DJ Cummerbund,0
Dwells,0
Carlos ‘After Dark’ Berrios,0
Electric Company,0
NGHTMRE,0
Limited Express (has gone?),0
土師一雄,0
Sech,0
Nick Bike,0
Grotus,0
Carpenter Brut,0
Skeewiff,0
The Charmels,0
Schlachthofbronx,0
Pantsmode,0
Bernhard Günter,0
田所あずさ,0
Chiddy Bang,0
Gus Dapperton,0
Blue Öyster Cult,0
DJ Geoffro,0
Bexxie,0
Mad Lion,0
Brian Hyland,0
Aventura,0
The California Poppy Pickers,0
Foxsky,0
TLC,0
SMiLE.dk,0
Gone Gone Beyond,0
Marva Whitney,0
Freeloaders,0
Man Machine,0
Akala,0
XXYYXX,0
A／I,0
Break,0
G3RSt,0
ALMA,0
Redlight,0
Froogle,0
KARUT,0
Nova Local,0
Sniper,0
The Get Down Brothers,0
Shareefa,0
Spin 4th,0
Pnk & Blu,0
Harolyn Blackwell,0
8Ball,0
Inhumanz,0
Jedwill,0
MACHETE CREW,0
Kade McCuen,0
Sunburned Hand of the Man,0
KanouKaoru,0
Goldlust,0
Evelyn “Champagne” King,0
slowerpace 音楽,0
DJ Panik,0
salute,0
Phasma,0
Dr. Rubberfunk,0
A Tasteless Flying Insect,0
Skindred,0
Pop Levi,0
DJ J-Brew,0
DJ Paul V.,0
Sumgii,0
Blue Lab Beats,0
ZK king,0
DJ Peaking,0
The New Birth,0
pegaSix,0
The Bulgarian Voices Angelite,0
Fila Brazillia,0
Rush,0
Wonderfeel,0
ICE BAHN,0
Tamsin West,0
We Are Leo,0
The P.J. Project,0
Adam and Andrew,0
Gazebo,0
Shop Boyz,0
Bill Evans,0
Electrix,0
Flunk,0
Katdrop,0
Heuss L’enfoiré,0
Metrik,0
Icky,0
Bradley D. Hinkle,0
Hani,0
Saxxon,0
Baraka,0
Shapednoise,0
Boo‐Yaa T.R.I.B.E.,0
Sir Warts on my Cock III,0
Nutta Butta,0
鈴木みのり,0
宍戸留美,0
Julee Cruise,0
Skydreams,0
Japanese “RPG” McSwordguy,0
いしわたり淳治,0
Virginia Astley,0
sampling masters AYA,0
The 21st Century,0
CXRPSE,0
Disclosure,0
Los Ángeles Negros,0
All Time Low,0
William DeVaughn,0
Ujico*,0
Mike Oldfield,0
AlunaGeorge,0
yutaka hirasaka,0
The Infesticons,0
The Dickies,0
Fresh B.,0
NCT 127,0
麻生かほ里,0
Asura,0
Ted Nugent,0
長瀞さん,0
A7S,0
MORTEN,0
Chicago Loop,0
kyokuP,0
"DJ Freddy, King of Pants",0
Эмиль Гилельс,0
ERWIN,0
Crusader!,0
Junior Mance,0
Poetic Ammo,0
Junk Circuit,0
CORE ZONE,0
TCLB,0
Dyva,0
The LASTTRAK,0
Spikey Wikey,0
Sanfear,0
M.M.C.,0
DJ Zeph,0
Nazia Hassan,0
Klangwerk,0
Dead Kennedys,0
Wisin & Yandel,0
Michelle Tumes,0
The Apples in Stereo,0
DJmegan23,0
Ben Briggs,0
Movement in the City,0
LANIc0re,0
こなぐすり,0
John Linnell,0
Suicidal Rap Orgy,0
Johnny Go Mental,0
Labradford,0
Patrick Swayze,0
Yello,0
D’Menace,0
Gusto,0
John Cena,0
Kitcaliber,0
Ken Ashcorp,0
Nemozob,0
Orange Kush,0
J.Geco,0
EQD,0
七海麻美,0
The Nat King Cole Trio,0
Stan Bush,0
CloudNone,0
Sickless,0
Sandy Denny,0
Kill The Zo,0
Liz Phair,0
Jill Jones,0
MarkieV101,0
Psy Floyd,0
E-Rick & Tactic,0
Lon Bender,0
いとうかなこ,0
Chris Luis,0
Nekophiliac,0
くっちー,0
美木優希奈,0
Little Beaver,0
f5f3fe,0
David Porter,0
Claudio Mingardi,0
Chaffey College Jazz Ensemble,0
Lewis Scarole,0
Articolo 31,0
O’Donel Levy,0
Phil Grant,0
BOYFRIENDZ,0
Aperture Science Psychoacoustic Laboratories,0
Mental Minority,0
Sixfingerz,0
timey/wimey,0
PERCUSSION OF A SOUND MIND,0
DJ 31 Degreez,0
ANGELGUTZ,0
Kasumi,0
minuteforce,0
Gavin DeGraw,0
Hank Crawford,0
Lee and Herring,0
Darkeater,0
Beats Atlas,0
waven,0
Cavan Brady,0
Par-T-One,0
Elysian Fields,0
Jessica Audiffred,0
Barry Brown,0
Stew,0
Zhané,0
HandBraJeans,0
Amy Lou Barnes,0
The Dismemberment Plan,0
Shame 69,0
Neu KatalYst,0
Freddo Fuori,0
Dean Gray,0
舐達麻,0
SISTAR,0
Half‐a‐Mill,0
Flip Wilson,0
This American Life,0
Mani Deïz,0
Dip T Jones,0
Kraftklub,0
Lisa G,0
MixAndMash,0
LemonDrop,0
DatWhackProducer,0
Julie Driscoll,0
Sahram,0
Joe Public,0
藍井エイル,0
D.J. DryBowser,0
Toka Project,0
The Propositions,0
Johnny Pearson,0
Razzlekhan,0
Chris Montez,0
Battlefield Band,0
Tones on Tail,0
The Good Strawberries,0
GUSTAVOEGATOTV,0
Андрей Петров,0
Alkalino,0
海野高校ていぼう部,0
Paradox,0
PAX217,0
いぬ,0
Anjulie,0
Graham Central Station,0
Keala Settle,0
Colbie Caillat,0
DΛRTHxWΛVE,0
Daybehavior,0
BIT4,0
The Glass Family,0
Kenny Larkin,0
o0o,0
inverness,0
Quixotic,0
Bliss n Eso,0
Oliver Wallace,0
ASTRO☆PUP,0
Raury,0
Noizenecio,0
yoxtellar,0
Forgemasters,0
Malik Trey,0
Cryptidd Mashups,0
Run the Jewels,0
The Flying Pickets,0
小林未郁,0
OSCOB,0
HyperZyle,0
Alexandra Burke,0
Maskillah,0
Mig 29,0
Poobah,0
DJ Suzy,0
Sax,0
J. Flexx,0
Dennis Coffey,0
Polarlicht,0
Jamaica Girls,0
Jackson Sisters,0
Prince Alla,0
Prime Time,0
Franco Battiato,0
Christell,0
Peggy‐P,0
De Leon,0
RTÉ National Symphony Orchestra,0
Freddie King,0
Average White Band,0
April Smith and the Great Picture Show,0
Pescado Rabioso,0
Zondax,0
Highway Robbery,0
Harpsibored,0
Rchetype,0
Phace,0
CRZKNY,0
Kompany,0
Thys,0
Abyss X,0
M&S,0
Hot Hot Heat,0
Lionel Vinyl,0
Pierre Bachelet,0
Mukesh,0
Knucks,0
utopianradical,0
MPIA3,0
Natalie Bergman,0
Bacalao & Sonne,0
兎田ぺこら,0
Young Giftz,0
Michelle Heafy,0
Duumu,0
Sabrina Setlur,0
Kraze,0
The Egyptian Lover,0
Kevin DuBrow,0
SOB X RBE,0
Darryl Pandy,0
Lee Oskar,0
Lucky Date,0
Real Life,0
Sorry about my face,0
アリス・カータレット,0
mark veins,0
The Brian Setzer Orchestra,0
Alf Poier,0
Nor,0
The Showmen Inc.,0
Mili,0
Louie Bellson,0
Leela James,0
Wisin,0
Blümchen,0
204,0
Simon & Garfunkel,0
Anthony J. Gnazzo,0
Papon,0
Lake Malawi,0
mindvacy,0
Ras,0
RAM,0
Ebonii,0
Pinto,0
Rebound X,0
:(,0
Agnetha Fältskog,0
Jimmy Witherspoon,0
Lisa Lashes,0
2CELLOS,0
Angélique Kidjo,0
sinDamaged,0
Suite Soprano,0
Art Mengo,0
Wuyuntana,0
Naska,0
MISOGI,0
Star Industry,0
Marta Sánchez,0
Hans Reichel,0
Nib Roc,0
José José,0
Junior,0
Tight Fit,0
Algorithm Dude,0
Sevenn,0
田中光人,0
James Murray,0
Alasen,0
Samuel E. Wright,0
Not a Clever Pony,0
Lacheque,0
Antestor,0
Cheap Trick,0
Pepi Boys,0
Flobots,0
Spider Murphy Gang,0
Ilium,0
Swans Way,0
Jazzy,0
黒鉄たま,0
Sidney Gish,0
Anton Powers,0
Infinite Body,0
KOTOKO,0
ALEXANDER DIOGENES,0
Janis Ian,0
Carcass,0
Carlos Zíngaro,0
Andy Clarke,0
Paul de Jong,0
Christdriver,0
Blind Melon,0
The Trashmen,0
Amoraboy,0
Otto von Schirach,0
Propellerheads,0
Magazine 60,0
Donna Washington,0
Larry Williams and His Band,0
Roc & Kato,0
YuNi,0
Aqua,0
Architecture in Helsinki,0
Eva Simons,0
Cilla Black,0
HOTTOEBi,0
ミステリー金田一バンド,0
Ranvision,0
Danzel,0
Dear Reader,0
SIERRA VEINS,0
Helga Dernesch,0
Engelwood,0
Ahmad,0
安井洋介,0
Pest,0
Nathan Trent,0
SuryaDemaH,0
Jesus Belluci,0
Ann Robinson,0
Jupiter,0
qzqor,0
Faul,0
JayMoney,0
Big Spider's Back,0
Coast to Coast,0
JasonMartin,0
Nico Vega,0
Benjamin Drury,0
Pere Ubu,0
Zoey Dollaz,0
London Philharmonic Choir,0
Obrum,0
Camille Yarbrough,0
M2M,0
De Wambergers,0
Delancey Throne,0
Sylvia Greenberg,0
Jon Hopkins,0
Mr Twin Sister,0
Avant,0
Bob Seger,0
36,0
Seeed,0
Keith Ape,0
稲葉曇,0
2 Much,0
仙狐,0
Iggy Azalea,0
Phyllis Hyman,0
Rone,0
Fobee,0
Big Mike,0
Manowar,0
ToToM,0
mythic,0
Spielmen and Women,0
Luke Slater,0
The Legion of Doom,0
The New Vaudeville Band,0
飯島真理,0
Judith Siirila,0
Tatsh,0
wellow,0
Puss,0
Mansun,0
Baasik,0
Power‐Pill,0
Rappy,0
アゴアニキ,0
DHL,0
Lost Boyz,0
Ken Nordine,0
Francesca Lombardo,0
AZEDIA,0
Combo Belge,0
NeonCryptid,0
Peter Pearson,0
Allister Brimble,0
AM_JACK,0
Azealia Banks,0
Macy Gray,0
Crooklyn Clan,0
Robert Miles,0
Majid Jordan,0
L. Pierre,0
Miss K8,0
Rhythmatic,0
Marcus Belgrave,0
The Choir of All Saints,0
Zekwé Ramos,0
Parker & Clind,0
The Champs,0
Golden Earring,0
watson,0
Savas Pascalidis,0
Keith Power,0
Robert Blaker,0
Bronko Yotte,0
Todd Rundgren,0
Sebastian Ingrosso,0
Aaron Spectre,0
Shādz of Lingo,0
A.R.D.I.,0
Bone Crusher,0
The Ultraviolet Catastrophe,0
THIRST,0
Zombies for Money,0
Fiera,0
RedScreen,0
PON,0
Sixx:A.M.,0
Doctor Ice,0
Rozz Dyliams,0
Uta Bella,0
Akito,0
Michel Sardou,0
XV,0
Bent,0
Ramsey Lewis,0
The Cecil Holmes Soulful Sounds,0
Mateo Flowers,0
siromaru,0
BitBeam,0
The Shins,0
Daniel Licht,0
Julian Fane,0
Soundgarden,0
Kobaryo,0
Cookie Monster,0
Risse,0
Margaret Fingerhut,0
The Other People Place,0
RAVEDOG,0
Бригада United,0
boggio,0
Lukas Foss,0
P Jam,0
pxzvc,0
C+C Music Factory,0
Backwud Marc,0
asukrai,0
BABYMETAL,0
Godsmack,0
Rockwell,0
UMI,0
low quality anime profile pic,0
Play School,0
Young Black Teenagers,0
Art Farmer,0
'Lectric Workers,0
Jorge Santana,0
Kingdom,0
Marshall Jefferson,0
Son Seals,0
Barrington Levy,0
Simon Iddol,0
Nooch,0
Michael Finnissy,0
Bobby Darin,0
One True God,0
DJs From Mars,0
山崎憲司,0
Airborn,0
King Dale,0
Deorro,0
Salvatore Ganacci,0
Sufjan Stevens,0
Harris & Ford,0
Datsik,0
Arrakis,0
Rick Astley,0
PVT,0
Saja Boys,0
bye2,0
0081,0
REVERB LITE,0
Pete Tong,0
星宮とと,0
DJ Peter Perplexe,0
Faul & Wad,0
Likko,0
James Hurr,0
The Sven Libæk Orchestra,0
Wax Audio,0
Tiffany,0
Mÿon,0
Chino XL,0
永田権太,0
Coops,0
Lata Mangeshkar,0
J‐Rocc,0
Eddie Lang,0
Jana Rush,0
Life Sim,0
The Hasbeens,0
阪口あや,0
DESURABBITS,0
Dandy Livingstone,0
Terranova,0
Lewis Lovebump,0
Diggy‐MO’,0
Spit,0
ツLuddy,0
Cee-Roo,0
SUYT,0
Alkaline Trio,0
DJ Russ Harris,0
ココ,0
Heathered Pearls,0
西田ひかる,0
Tujamo,0
FKW,0
紗倉ひびき,0
Makell Bird,0
Flufftronix,0
Sarah McLachlan,0
Eugene Wilde,0
Lyeform,0
マヤ,0
Mobitex,0
Strawberry 3000,0
Botch,0
My Darkest Days,0
Solan,0
Said El Kurdi,0
Jade,0
Deep Freeze Productions,0
Snowgoons,0
Ponderosa Twins Plus One,0
Rickie Lee Jones,0
O’Keefe Music Foundation,0
Hugo Montenegro and His Orchestra,0
Math the Band,0
Vluarr,0
Los Amigos Invisibles,0
IVE,0
Cris MJ,0
Pras Michel,0
DJ SS,0
Surface,0
Annoying,0
Jubei,0
Bling Bling,0
Everett Bradley,0
Hoffman,0
Wuki,0
Mitski,0
cosmochild,0
An Endless Sporadic,0
SilkPonies,0
Little Royal & The Swingmasters,0
Go Yama,0
Claude‐Michel Schönberg,0
Aiobahn,0
Mauricio Cury,0
The Heartists,0
Olympic Runners,0
Starkey,0
Dino Verde,0
Gary Glitter,0
Ralph MacDonald,0
Cartoons,0
Ivan B,0
Vivian Green,0
(sic)boy,0
MMT,0
Dilated Peoples,0
Shokii,0
Crystal Murray,0
Alternate Skies,0
Peech Boys,0
BOREDOMS,0
Wham!,0
Kev Hopper,0
The Muel,0
Cookin’ on 3 Burners,0
Copycat,0
Mandar,0
88rising,0
Cassie,0
GRV Music,0
Starless Zenith,0
Dada,0
Veell,0
Minotaur Shock,0
Eternal Love,0
BringMeTheMashup,0
SZA,0
User,0
Peggy Gou,0
First Class,0
Orinoko,0
浜崎あゆみ,0
Feather,0
chris†††intosh plus,0
Cheekyboy,0
Prolix,0
Krystol,0
David Batiste,0
Spiller,0
Stephen Stills,0
Dean Lewis,0
Trevor Rabin,0
Morgan Seatree,0
Deutsch Amerikanische Freundschaft,0
Seth Gueko,0
Gooseworx,0
Omar,0
Kyrality,0
Dropkick Murphys,0
Spektrem,0
kkbutterfly27xx,0
George Clanton,0
Catch My Soul,0
Alice DeeJay,0
DJ Scotch Egg,0
Five Way Mirror,0
Neil Diamond,0
Tina Leon,0
The Godfathers,0
Crossnaders,0
İlhan İrem,0
Stupeflip,0
Spock,0
Lindstrøm,0
DJVI,0
Bénabar,0
NiKU,0
Livin’ Joy,0
The Rasmus,0
Pinkfong,0
Cuebism,0
VORTOM,0
Sandro Silva,0
Tadeo,0
Matt Furniss,0
Xavier Wulf,0
Dan Salvato,0
Pepper Coyote,0
Hermóðr,0
Rhythm on the Loose,0
DJ Lee,0
Nerio’s Dubwork,0
チノ,0
DJ Hollywood,0
mondai1112,0
The Cult,0
The Mighty Mighty Bosstones,0
Power House,0
Eric Chevalier,0
Beans,0
The Captain,0
The The,0
Laurent Garnier,0
Bobby Hebb,0
Eekkoo,0
R.E.A.L,0
La Caution,0
Knoc‐Turn’Al,0
Kenny Rogers,0
Youngblood Brass Band,0
Jea,0
Kiz,0
Pig Destroyer,0
スズム,0
King Missile,0
iloveyoueze,0
FEX,0
Digital Planet,0
PFS,0
Edu Lobo,0
Glenn Wilson,0
LLNN,0
Yoshino Yoshikawa,0
港白金女学院,0
田中昌之,0
Element6,0
Urban Soul,0
Domo Genesis,0
GARNiDELiA,0
CactusTeam,0
Аква Віта,0
Flowdan,0
Creutzfeld & Jakob,0
tictactø,0
The Speaking Canaries,0
NHKira,0
sabi_c,0
Rich Homie Quan,0
Osymyso,0
Funkadelic,0
Jeanine van Elzakker,0
Krafty Kuts,0
Kick Up,0
Lexis,0
Hobocombo,0
Nukumachi,0
Hertz,0
Baltimora,0
Chico Buarque,0
Iyaz,0
Jon Thompson Orchestra,0
林ゆうき,0
DJ Felli Fel,0
Draslyer,0
Heaven,0
Neil Young,0
愛瀬雅巳,0
Ray Manzarek,0
MACINTOSH MINUS,0
Jason Paige,0
Mind of a Dragon,0
EpicCandySweets,0
Bonez MC,0
Gladstone Anderson,0
talkwalker,0
Uldis Stabulnieks,0
Dropbass,0
iii!!!,0
Something J,0
Richard “Humpty” Vission,0
Adonis,0
Guayo Man & O.G. Black,0
100. debija,0
phoreyz,0
Lotek Hi-Fi,0
LibraH,0
TrakkSounds,0
The Tony Hatch Sound,0
Richard Wright,0
Rockapella,0
On the House,0
The Sheppards,0
Picco,0
NeLiME,0
Jimmy & Susy,0
Soapy Skylines,0
Joe Taylor,0
Elegia,0
Luke Cusato,0
counterclockwise,0
AKB,0
Makkon,0
Pluffaduff,0
Travel Sex,0
Viewer,0
Voyager,0
MHz,0
Van Did,0
Ambisonic,0
Catherine Zeta‐Jones,0
The Flaming Lips,0
Reagan Youth,0
Zero 7,0
jeNoth,0
Chris Morris,0
Masters of Ceremony,0
山神ルーシー(略),0
Steve Tibbetts,0
Clarence Carter,0
Tyler Bates,0
Shiny Toy Guns,0
Hildegard Knef,0
Scott Gairdner,0
Nanne,0
GPF,0
Bizzy & Co.,0
Jack Rokka,0
Smash Mouth,0
Lizardking,0
Joined at the Head,0
Drop Die,0
The Selecter,0
Arnold Jarvis,0
Kosu.,0
James Ingram,0
Sugar Billy Garner,0
UB40,0
BUMP OF CHICKEN,0
Alibi,0
Meli’sa Morgan,0
D.R.I.,0
Clean Tears,0
Perfume,0
Adele,0
Black Box Recorder,0
Алексей Батыченко,0
Mesogears,0
豊平区民TOYOHIRAKUMIN,0
Purple Ribbon All‐Stars,0
New Jersey Connection,0
T La Rock,0
Mouse and Level,0
Ananda Shankar,0
難波弘之,0
Zamilska,0
SixtyTunes,0
Zeal,0
Cordless Soul Machine,0
The Ethics,0
E Jake,0
BGD,0
Unwucht,0
Alphonso Johnson,0
Regard,0
Bad Meets Evil,0
101 Strings,0
Pilot,0
Gibusnipu,0
Lil Ugly Mane,0
Hawkins,0
Mij Mack,0
Battletek,0
Steve Everson,0
g h o s t i n g,0
Corrosion of Conformity,0
Poppy,0
BioBlitZ,0
Juc-E3,0
Cab Calloway and His Orchestra,0
Brand Image,0
Carmen,0
Awkwerd,0
Brimstone,0
Pujadubz,0
Clinton Sparks,0
神宮前参道學園,0
Intoxication Advice,0
Sunrise Avenue,0
AKINO,0
orale!,0
Move D,0
Moderat,0
TAK,0
Gouryella,0
Nari,0
Alan Cook,0
Chrisette Michele,0
Kurtis Blow,0
The Manhattan Transfer,0
Tethrahhy,0
bedfordnoise,0
Honey Cone,0
Brother + Sister,0
Zebo,0
2manydjs,0
Halozy,0
Hangin' From A Cloud,0
Domino,0
Lumidee,0
Meg Myers,0
D‐Block & S‐te‐Fan,0
Denroy Morgan,0
Bo Carter,0
Tinkerbells Fairydust,0
Jamie Christopherson,0
Gruff Rhys,0
Buzz Trillington,0
Nihad Tule,0
Shawn Mendes,0
Jedi Mind Tricks,0
Avilon,0
荘司朗,0
The London Theatre Orchestra,0
Bromley,0
ZoeEngine,0
Anne Murray,0
Arthur Gibbs and His Gang,0
Tominic,0
Emalkay,0
Jacob Garchik,0
John Oswald,0
Absolute Ensemble,0
Circle Jerks,0
Cristobal Tapia de Veer,0
Crash Test Dummies,0
Skepta,0
Fleet Foxes,0
Iari,0
Kapotte Muziek,0
Estiva,0
We Are Scientists,0
Bytesize,0
Sophia,0
DJ Psy,0
lynxfyre,0
Jan Hinke,0
Peter Reveen,0
Auvic,0
DJ Jörg,0
DJ Pied Piper & The Masters of Ceremonies,0
JohNick,0
Fast Floor,0
Galt MacDermot,0
Foxing,0
ark_ui,0
Systemwide,0
NAMCO SAMPLING MASTERS,0
The Living Souls,0
Tashaki Miyaki,0
Tai Jason,0
Juelz Santana,0
Wretch 32,0
Eminus,0
Revazz,0
Sarah Slean,0
ヒャダイン,0
Průvan,0
Silly Wizard,0
Wash Dennis & Charlie Sims,0
MACE,0
Semoothe,0
hunz,0
HEALING FANTASY,0
La Lupita,0
gwEm,0
D’art-,0
Lexia,0
Otomania,0
The Evolution Control Committee,0
Epsilon,0
Nick Mason,0
Gay Beast,0
Jean-Phillippe Aviance,0
加藤ミリヤ,0
Peshay,0
Róisín Murphy,0
HuxP,0
コックリさん,0
DJ Slon,0
Mark E,0
Florito,0
Op:l Bastards,0
Sinsémilia,0
Santos,0
Do Make Say Think,0
Dean Rodell,0
Erkut Taçkın,0
Derrick Jamerson,0
Tove Lo,0
Casual,0
The Stranglers,0
Sarah Millican,0
Jeff van Dyck,0
Vernal Equinox,0
DJ Spookie,0
Masterminds,0
Ocean Wisdom,0
Gimpson,0
"From the Sunset, Forest and Grief",0
Screaming Trees,0
Tan-Ru,0
Megadeth,0
Lal Waterson,0
Big John Hamilton,0
firephlex productions,0
Paramore,0
Felipe Avelar,0
Les Cowboys Fringants,0
House of Krazees,0
Buffalo Springfield,0
Lukid,0
Minnesota,0
Saint-Preux,0
King Midas Sound,0
Millbrook,0
Garbage Dick,0
Sporty‐O,0
Adam White,0
Justin Stone,0
カヒミ・カリィ,0
Frank Black,0
Dream Warriors,0
Matt Gray,0
Pepe Deluxé,0
DJ Loli Hemorrhoids,0
The Salsoul Orchestra,0
池田彩,0
FutanariVorestep.exe,0
Big Audio Dynamite,0
ConsciousThoughts,0
KCPK,0
Mick Boogie,0
Unicorn Kid,0
Geoffrey Day,0
彩菜,0
Robokabuto,0
Hari Mata Hari,0
Sandy Marton,0
Klaus Badelt,0
flashygoodness,0
Billy Satellite,0
Ponky,0
Matys,0
Trinity House Music,0
burein-ita,0
Monomer,0
岩崎良美,0
Peter Maffay,0
The Benny Goodman Sextet,0
KR$NA,0
Hybrid Leisureland,0
Alina Baraz,0
Holy Noise,0
Jimin,0
Cookie Crew,0
Bohannon,0
Anthony Vincent,0
Tony Holiday,0
Hipnosis,0
PISS SPEARS,0
Grayfruit,0
System of a Down,0
タニウチヒデキ,0
Parasol,0
Mark Tower,0
Corinne Bailey Rae,0
Yann Tiersen,0
NightcoreLounge,0
Loski,0
Dimitri Vegas & Like Mike,0
Lionel Hampton,0
Mindex,0
northboii,0
Mike Morasky,0
Phan Kim Thanh,0
Light Asylum,0
ESOTERICISM,0
Corporal Blossom,0
Danny Byrd,0
George Gershwin,0
Danielle Brooks,0
Christine McVie,0
Usual Suspects,0
Halcyon441,0
Brenda & The Big Dudes,0
John Fahey,0
Gloria Estefan,0
sevenism,0
Nia Archives,0
Gil Trythall,0
Mars Argo,0
The Melker Project,0
Honeyz,0
BCee,0
Alfa,0
Ian Hawgood,0
Atreyu,0
Tisoki,0
A Guy Called Gerald,0
Field Mob,0
r e z n o v k a 波 . 2049,0
Zonae,0
Coda,0
Bedoes,0
zetoban,0
Amil,0
Boddika,0
Tommy McCook & The Supersonics,0
Scarlett Peace,0
Russ Chimes,0
千夜,0
Steam Powered Giraffe,0
Charles Kynard,0
The Stone Roses,0
⌭ IceMorph ⌬,0
Zugezogen Maskulin,0
Nana Caymmi,0
Ağaçkakan,0
Sound Online,0
Whitesnake,0
Jonny Rock,0
The Fatima Mansions,0
Havana Brown,0
The B.B. & Q. Band,0
Station Earth,0
Killa Productions,0
Viper,0
The Independence,0
Planet Perfecto,0
Camerata Salzburg,0
Mucho Muchacho,0
Houdini,0
Linton Kwesi Johnson,0
タカナシトリコ,0
Grand Wizzard Theodore,0
Emdyion,0
Rockets,0
Klaus Veen,0
Kojo Funds,0
aden,0
Twerknation28,0
DT8 Project,0
saib.,0
Larry Heard,0
Jerry “Boogie” McCain,0
L.S.G.,0
Minos pour main basse (sur la ville),0
Snøw,0
Lido,0
cold kiss,0
Volta Bureau,0
eleventwelfth,0
You’ll Never Get to Heaven,0
dj newtown,0
Sound Stream,0
Ayla Nereo,0
Damn Skippy,0
Calexico,0
ESG,0
Dee D. Jackson,0
Prefab Sprout,0
Roy Davis Jr.,0
BLÆRG,0
Kilamanzego,0
Robbie Seed,0
Doc Fritz,0
ToonBoy Covers,0
Moscow Military Brass Orchestra,0
Dome,0
DCT,0
Lone Catalysts,0
Franklyn Ajaye,0
Marty Maggio,0
FC Kahuna,0
Patsy Cline,0
Tim Legend,0
石川智久,0
Curren$y,0
Dub & Wheel,0
Erb N Dub,0
Senntenial,0
Klubbheads,0
Roy Wood,0
Jeremih,0
Norman Feels,0
Shandi Sinnamon,0
Hunger!,0
Bluey Robinson,0
Jerry Goldsmith,0
Dieselboy,0
Alec Empire,0
Black Star,0
(un)familiar.,0
Truth Hurts,0
Kevin Aviance,0
Illdisposed,0
Sterling Void,0
Scribe,0
Kurtis Rush,0
Μίκης Θεοδωράκης,0
KRAL,0
Bill Haley and His Comets,0
Neofall,0
Civil Twilight,0
Y Lladron,0
King Pleasure,0
Jonas Brothers,0
Casey Edwards,0
ゆるふわギャング,0
Paralell Manifesto,0
angelus,0
Terry Callier,0
Moustiluigi Random,0
"nothing,nowhere.",0
♥ GOJII ♥,0
Command Strange,0
Inner City,0
Nana Mouskouri,0
Tricil,0
X-ystem,0
Solaris,0
L’Entourloop,0
The Roches,0
Michael Henderson,0
内田有紀,0
qebrµs,0
Fransis Derelle,0
REDALiCE,0
American Composers Orchestra,0
Dreadzone,0
CDR,0
TAI,0
Machine,0
Kornell Aka Piermid,0
DJ Slow,0
Substance,0
CAKE,0
De Rigueur,0
The Amity Affliction,0
Paula Cole,0
E.V.,0
神谷奈緒,0
Leslie Carter,0
András Schiff,0
The Count Basie Orchestra,0
tommy,0
Baths,0
The Three Stooges,0
Abhijit Vaghani,0
Greg Nice,0
Modo,0
TheLegendTubaGuy,0
Wade Waters,0
Edward Maya,0
A-bee,0
NerdOut,0
Rebekka Karijord,0
Astrojo,0
404Billy,0
gLAdiator,0
Brawlcats,0
木村明美,0
Laguna Seca,0
Dmytro Hubyak,0
MIKE,0
Jakie Quartz,0
ZHU,0
Choir of Young Believers,0
Burro Banton,0
Yoko Ono,0
declares.,0
CLP,0
Flaky,0
Glass Tiger,0
Tara Vaughan,0
지평권,0
The Bazeman,0
StoneBridge,0
Anomalie,0
Dennis Brown,0
Robot Koch,0
DJ Deeon,0
Black Needle Noise,0
Nicole J. McCloud,0
Marcos in Dub,0
Piemont,0
Kwame Ture,0
Luke Mandala,0
FOR THE CVLTVRE,0
Fischmob,0
8 Wonders,0
Blackalicious,0
Racey,0
WEST Mashups,0
dyalla,0
nuages,0
DaunWaun,0
IAMTHEKIDYOUKNOWWHATIMEAN,0
Girl Talk,0
Einstürzende Neubauten,0
了法寺,0
Johi,0
Khaled Freak,0
mashiro exists,0
Treble Clef,0
Chubby Checker,0
DJ これからの緊急災害,0
Les Ogres de Barback,0
Noh Vae,0
Waldo,0
AmaLee,0
Genesis,0
ADC Band,0
The Users,0
Dread Fox,0
The Gerogerigegege,0
G-Low,0
Black Dresses,0
Bergen filharmoniske orkester,0
Various Production,0
MA55IVE THE RAMPAGE,0
Mort Stevens and His Orchestra,0
Bilge Pump,0
The Fearless Four,0
Linda Lyndell,0
スチャダラパー,0
Klaus Lage Band,0
Brainstorm,0
ivy,0
Kubbi,0
Jason Weaver,0
Christophe Jourdan,0
Club Dogo,0
Freefire,0
Vetrom,0
Izum1,0
Hopesfall,0
Tyla,0
SOUND HOLIC,0
The 4th,0
しもがみ,0
Oniris,0
Lootpack,0
Valentino Khan,0
Kano,0
Natalia Bonner,0
Les McCann,0
Chromeo,0
Mimi & Richard Fariña,0
The Grodeck Whipperjenny,0
TOKYOPILL,0
Lennie Tristano,0
灰野敬二,0
Doctor Flake,0
Josh Mancell,0
The Beginerz,0
eg_9371,0
D-Team,0
青山テルマ,0
Tyson Yen,0
Monk Higgins,0
D-Shake,0
The International Bankers,0
KubuntuFan013,0
Bug Kann & The Plastic Jam,0
Papito,0
the sub account,0
Gabs,0
Santos Party House,0
飯野賢治,0
Supersillyus,0
Lil' Vicious,0
HTCAT,0
Syrinx,0
Francisco López,0
Niall Horan,0
Lewis Wake,0
Netyasha Roozi,0
Derek Bailey,0
Martika,0
Saucy Santana,0
CCS,0
Sam and the Womp,0
Mounika.,0
かんな,0
The Vibrettes,0
Seventeen Evergreen,0
Thin Lizzy,0
Tom Krause,0
Kina Grannis,0
Sadist,0
One‐T,0
sleeper.spaceborn,0
Dawn Somewhere,0
Claire,0
The Olivia Tremor Control,0
Dynamic Duo,0
mgk,0
Vybz Kartel,0
Loo & Placido,0
Relient K,0
die!!die!!color!!!,0
The City of Prague Philharmonic Orchestra,0
Ten-ichi,0
Orchestre Lamoureux,0
jaimie branch,0
GloRilla,0
Juan Montego,0
Miles Farewell,0
Nookie,0
BRONSON,0
Arcángel,0
Opus III,0
Bobby (Boris) Pickett and The Crypt‐Kickers,0
松前真奈美,0
Red Carpet,0
Homemade Weapons,0
チト,0
DJ Icey,0
Staple God,0
Josh Garrels,0
Lazaro Casanova,0
in the blue shirt,0
The Cookies,0
jsn,0
SILPH SKYLINE,0
Al Kent,0
Fantasia,0
阿良々木月火,0
James Bay,0
Raymond Scott Quintette,0
Eric Benét,0
ELpH,0
Eddie Palmieri,0
桃宮いちご,0
Dutch Master,0
Brian Bright,0
xaviersobased,0
Chic,0
Hannah Williams,0
MillionYoung,0
AC/DC,0
Bun B,0
Jesu Brødre,0
Elliot Next,0
Barada,0
山本邦山,0
Billy Preston,0
Kate Walsh,0
The Frim,0
Black Strobe,0
Samuel L. Jackson,0
London Grammar,0
Mandrake Som,0
nelde,0
Maddalena Fagandini,0
Gaz Glasses,0
神崎蘭子,0
Scritti Politti,0
Alphabeat,0
Meatball,0
The Stan Tracey Quartet,0
Saigon,0
Blended Babies,0
Reach & Spin,0
Elvis Costello & The Imposters,0
The Real Thing,0
Maxx,0
Eliphino,0
ismBoF,0
YASUHIRO,0
カラテクノ,0
Morfeo,0
Rudy Love & The Love Family,0
Lorde,0
RBX,0
At the Gates,0
Andrew Tasselmyer,0
CUS,0
Dancing Dolls,0
The Laziest Men on Mars,0
Nitro Fun,0
Kaysha,0
ARM,0
Sysex,0
Andy Mineo,0
工藤真由,0
André Rieu,0
Leroy Vinnegar,0
Bad Company,0
Superfly,0
WD2N,0
sleepy randy,0
Agitation Free,0
Chris Voiceman,0
The Chantels,0
Black & White Brothers,0
A Reminiscent Drive,0
Etherwood,0
Cheb Sahraoui & Chaba Fadela,0
Kent,0
Toddla T,0
Black Oak Arkansas,0
Washington Phillips,0
nanobii,0
Marlena Shaw,0
sanathathoe,0
Ninja Sex Party,0
Duke Pearson,0
MC Magic Max,0
Telekinesis,0
Habstrakt,0
Nikki Giovanni,0
Al B. Sure!,0
Mitch Murder,0
Tyrone Davis,0
めらみぽっぷ,0
Deep Blue Something,0
LeviathanJPTV,0
Margeeah,0
Baby Huey,0
Julian Jordan,0
Grand Puba,0
Octobre Rouge,0
EVILLAIRE,0
정재일,0
Hunch,0
Die Firma,0
FVLCRVM,0
Flight Facilities,0
Derrick May,0
Darren Styles,0
Gewelt,0
Caspa,0
Karthik,0
でぃすとーしょん,0
Bulu,0
Rappy McRapperson,0
Zed Peace,0
Gus Backus,0
duuzu,0
Vicki Sue Robinson,0
Tavares,0
Dave Blunts,0
Cherrelle,0
Charlie Whitehead,0
Erbman,0
LordAndiso,0
Ali Tabatabaee,0
Bombalurina,0
Rosso Barocco,0
davhors!,0
Mark Knight,0
Pieces of a Dream,0
Marito Baracus,0
Cat Stevens,0
Minuit Café,0
桃黒亭一門,0
Klásico,0
Jermaine Jackson,0
Emmelie de Forest,0
Observer Allstars,0
Warvadal,0
Alexander Courage,0
small mistake,0
Cooling Prongs,0
濱本理央,0
Barack Obama,0
Elvis Costello & The Attractions,0
タンポポ,0
Marcy Playground,0
Psykopig,0
Geeneus,0
Ayesha Erotica,0
Movement,0
Robert J! Lake,0
K.I.D.,0
Steve Murano,0
Truongasm,0
John Gregory & His Orchestra,0
Firebeatz,0
Soul Coughing,0
Afro-Rican,0
VITICZ,0
Gunz for Hire,0
yaseta,0
Starcluster,0
Michael Franti & Spearhead,0
J King & Maximan,0
Daemien Frost,0
Eddie Schwartz,0
Bruce Haack,0
w0lf,0
14?,0
Dylan & Loxy,0
L Double,0
Flay!,0
SoaringFlight,0
DJ Madd,0
Grovesnor,0
BEAT CRUSADERS,0
Snild Dolkow,0
Norma Jean Wright,0
Lick,0
Alemán,0
Freiband,0
Cornelius,0
MaedaSalt,0
Ivor Cutler,0
Chevreuil,0
Andy C,0
Ohio Express,0
Palf,0
Michael White,0
Mer-A,0
Detroit Soul Project,0
Winkee,0
Archie,0
Pomai,0
The Clovers,0
Nightcrawlers,0
Souffrance,0
David Rush,0
Ron Richardson,0
Colors,0
Shuggie Otis,0
Doche,0
AVANCE,0
Alle Farben,0
Harvey Sutherland,0
La Fève,0
Bombay Vikings,0
Nightwalker,0
DECO*27,0
Kronos Quartet,0
Marc DePulse,0
Abigail Brady,0
Lisa Kucharski,0
Matt Darey,0
Moe Koffman,0
Songs to Wear Pants To,0
Afinity,0
Kill_mR_DJ,0
Hexacube,0
Indian Ropeman,0
Neon Hitch,0
Kaisaschnitt,0
Super Furry Animals,0
Mel & Kim,0
Controller 7,0
Julio Bashmore,0
George Fenton,0
Scann-Tec,0
Burzum,0
Section Fu,0
The Mighty Tomcats,0
Franco Piccolini,0
Sonic Underground,0
Metalik,0
Jaymo & Andy George,0
The Black Dog,0
Terra Incognita,0
Etno Engjujt,0
中山ケイ,0
Longers,0
Severoth,0
Kabanagu,0
浜渦正志,0
The Marking Dude,0
Damon Wild,0
hummingdeath,0
Magma,0
Raymond Scott,0
40mP,0
AJCW,0
Jailo,0
Michael Franks,0
White Ring,0
Kashif,0
LCY,0
Julia Kautz,0
Buddy Rich,0
Marina Van-Rooy,0
Syke,0
Fillypunk,0
Butterglove,0
Skybreak,0
The Echo of Koenigssee,0
Charles Wright,0
JoeyVFX,0
Husky Rescue,0
I Set My Friends on Fire,0
Erich Kunzel,0
wAFF,0
Odyssey,0
D.A.V.E. The Drummer,0
Monno,0
Tamar Braxton,0
Loggins & Messina,0
Camilo Sesto,0
Fetlocked,0
Wendy Rene,0
Omnirock,0
The World’s Famous Supreme Team,0
Vinnie Paz,0
Michael Silversher,0
Drinks On Me,0
72crash,0
Musical Youth,0
Thomas Jack,0
The Buckwheat Boyz,0
Mario Winans,0
KIZAN518,0
Bolivar,0
Geri Halliwell,0
PANTyRAiD,0
The Q4,0
Jack Garratt,0
Dom,0
Nebula II,0
Brass Construction,0
The 4‐Skins,0
Jupiter Ace,0
Miami Sound Machine,0
Rick Mashups,0
Catboss.,0
rachyl,0
Aquasky,0
The Housemartins,0
ナナホシ管弦楽団,0
Euge Groove,0
佐野信義,0
Donald Fagen,0
Fingers in the Noise,0
HYPERTEXT,0
Emika,0
Eric D'Alessandro,0
Jules Tropicana,0
Freddie Joachim,0
The Proclaimers,0
A Great Big World,0
Marsimoto,0
Zimbabwe Legit,0
Grille-Chemand,0
La Cliqua,0
宇山寛人,0
Boobie Knight & the Soulciety,0
Ocean Ghosts,0
Barely March,0
Slug Christ,0
Waze & Odyssey,0
Dennis Linde,0
The Skatalites,0
Huub Ten Hacken,0
100 Proof (Aged in Soul),0
David Essex,0
Robot Boyfriend,0
Tycho,0
Gorge,0
Ricardo Ray & Bobby Cruz,0
ウラボロシ,0
Sha Hef,0
Andre Williams,0
Aya Nakamura,0
Lo‐Fi‐Fnk,0
Rishi Rich,0
CINDERELLA PROJECT,0
The Collective,0
Leona Lewis,0
rtnario,0
Instupendo,0
Fehrplay,0
Amanda Blank,0
Nozomu Matsumoto,0
Vincent de Moor,0
Oval,0
Tony Sheridan,0
Namasté,0
Janaway,0
URUBU,0
K‐Flex,0
Whale,0
Disfunctional DJ,0
Toecutter,0
CV,0
Сектор Газа,0
Joel Corry,0
Paula Robison,0
Joanna Newsom,0
Joe Esposito,0
Baccara,0
Mattia Pompeo,0
Stefano Guzzetti,0
Paris & Healey,0
Eek‐A‐Mouse,0
Tha Alkaholiks,0
Evil Nine,0
Russell Sherman,0
Jonwayne,0
De Lite,0
M.I.C (The Master of Inane Conversation),0
藤原鞠菜,0
Clark,0
Willie Nelson,0
Bobby Glenn,0
Minty Fresh Beats,0
Les Musclés,0
Earl Grey,0
Bee Kirby,0
Joe,0
duncathan,0
SAINT WKND,0
AKKI,0
Namoy Budaya,0
ikaruga_nex,0
The Course,0
Simon Patterson,0
Lil Jule,0
Jethro Tull,0
SQUARE ENIX MUSIC,0
yeule,0
Yun*chi,0
Mellow Trax,0
Amongst Thieves,0
Foxes,0
Kaaris,0
415,0
伊藤さやか,0
christheidiot,0
Ambassadeurs,0
伊東真紀,0
Cham,0
DJ Gunshot,0
Paul Horn,0
Trüby Trio,0
Адреналин,0
Last Heroes,0
Blade,0
Ojos de Brujo,0
Nalin Inc.,0
Thomas & Schubert,0
Sabzi,0
Sadkey,0
Andrew Wilson,0
Charlie P.,0
Deadушки,0
Ground Control,0
Wendy Carlos,0
Meic Stevens,0
梶浦由記,0
ZONΞ ΞATΞR,0
chillwagon,0
Disturbed,0
kudasaibeats,0
James Beige,0
Rollin B.,0
Aevion,0
Karin Krog,0
Stevia,0
DJ P,0
Die Ärzte,0
Spence,0
北白川たまこ,0
THP Orchestra,0
Pigbag,0
Endvorte,0
分島花音,0
The Perceptionists,0
DJSUSIEDELTARUNE,0
A-One,0
Mark Hollis,0
GUIDO,0
Amire Bendjeddou,0
Charles Wright & the Watts 103rd Street Rhythm Band,0
Jeffrey Osborne,0
Phil Manzanera,0
Deep Purple,0
Salvatore Accardo,0
Cliff Richard,0
EssenceGlory,0
Måneskin,0
Cuba Gooding,0
NTO,0
Kryptomedic,0
Snavs,0
Sum 41,0
Ben Harper,0
Warez,0
Lionel Bart,0
Hemo,0
Toto,0
The Monsoon Bassoon,0
smith.,0
Endaf Emlyn,0
The Crusaders,0
Foxxy Dekay,0
Emma Hewitt,0
David Ruffin,0
Filter,0
MC Zappa,0
Akabu,0
Ambient Nudism,0
Boris,0
Paper Route,0
Ammo,0
Band of Horses,0
Smooth,0
Esselfortium,0
Manu Chao,0
PhonyBrony,0
The Cut Up Boys,0
Titus Andronicus,0
Lorenz Büffel,0
Rebecca St. James,0
Chick Corea Elektric Band,0
Stem,0
The Narcissists,0
Apollo Quartet,0
Pinkie Cake,0
Dyan Dxddy,0
Fischerspooner,0
Angel Haze,0
Boy Blue,0
Virtual DJ,0
Nyarla,0
ツインテイルズ,0
Gabriel Garzón‐Montano,0
celesti whispers,0
Jean Paul Makhlouf,0
Captain Yossarian,0
Elijah & Skilliam,0
Donovan,0
Cappella,0
030,0
ricesnot,0
The Blue Jays,0
Luminocolor,0
Edward H. Dafis,0
DEMON POWER HOUSE,0
The Finder's,0
Axwell,0
Instamatic,0
Nari & Milani,0
ANTOPIKO3,0
Orange Krush,0
Magic Sword,0
Yann Walcker,0
One Self,0
Cole Medina,0
module 6,0
Hervé,0
Hyper,0
V-Love,0
Sector 7,0
Rite Bros,0
FOTH,0
Agostino Di Scipio,0
DJ Ozz,0
Keith & Tex,0
Kabuki,0
Vishal Dadlani,0
brakence,0
DJ Luian,0
The Cynphetic Collective,0
Synergy,0
Live-O,0
FantomenK,0
Hinchy,0
MC Mabon,0
张靓颖,0
Afroman,0
アベ,0
James Holden,0
The Get Up Kids,0
Magic Sam Blues Band,0
Howard Blake,0
Richard Pinhas,0
Car Seat Headrest,0
Gang of Four,0
Magnitude Zero,0
The John Barry Seven,0
Raggio di Luna,0
annieversary,0
tUnE-yArDs,0
Break of Reality,0
KOTONOHOUSE,0
DJ Spinn,0
M‐Beat,0
Madinstance,0
Sunday After,0
Colonel Abrams,0
Combustible Edison,0
Takanashi Sachiko,0
Riko Dan,0
Leroy & the Drivers,0
Blaq Poet,0
Piñata,0
Ryleo Goldridge,0
VinRouge,0
Ol’ Dirty Bastard,0
Idris Elba,0
Scutoid,0
BAVR,0
The Saturdays,0
Disparition,0
MisfitChris,0
bxnwxghxrn,0
Melanie Martinez,0
Monaco,0
Air France,0
Tommy Tate,0
ShikaP,0
Bad Brilliance,0
Baby Washington,0
Paolo Conte,0
Milkfish,0
Wigwam,0
GUHROOVY,0
Funky Junky,0
Between Interval,0
Calboy,0
Kevin Sweeney,0
Nora Zion,0
The Jon Spencer Blues Explosion,0
Rusko,0
killedmyself,0
Milt Jackson,0
Pépé Bradock,0
Gabriel o Pensador,0
nihigo,0
DJ Frankus,0
Matthew Shipp,0
Shirley Brown,0
Xontron,0
Devin the Dude,0
Tino Casal,0
Rollz,0
‐M‐,0
Desireless,0
DJ Topcat,0
Esperanto,0
APRIL,0
Plattenpapzt,0
KiiD,0
Jon Hassell and Bluescreen,0
Syoko,0
Adolf Stern,0
Minotor,0
Nicholas Lens,0
Barry Jamieson,0
Kasino,0
Mike Ladd,0
GASPARsoul,0
Travie McCoy,0
Hans Kennel,0
A‐Love,0
Kerri Chandler,0
Cloud One,0
Unlimited Touch,0
Egyptrixx,0
Mad Cobra,0
Future Disciple,0
Leon Haywood,0
Ahead to the Sea,0
Aritus,0
Polarkreis 18,0
Pupscud,0
The Interrogator,0
Pierce the Veil,0
Richard O’Brien,0
Barbara Manson,0
PUFFY,0
Caesars,0
[dunkelbunt],0
René et Gaston,0
Traffic,0
Beanfield,0
NIRGILIS,0
Slim Hustla,0
Chicago London Underground,0
Memory Tapes,0
Andrea Goodman,0
EDWARD(我),0
Lol Coxhill,0
iWillBattle,0
Mr. Chop,0
New Atlantic,0
Yeasayer,0
Patrick Williams,0
Sigi di Collini,0
General Public,0
Havana Project,0
Moochie Mack,0
gabby start,0
Roni Size / Reprazent,0
MC Shy D,0
かに風味,0
Andrei Tudor,0
Savage States,0
Lil Woofy Woof,0
The Timewriter,0
Going Quantum,0
Iced Earth,0
Karat,0
Anthony Keyrouz,0
DJ Hype,0
The Rio Carnival Orchestra,0
Thunder & Lightning,0
鈴木康純,0
Copy Paste Soul,0
TWICE,0
Country Joe McDonald,0
Charles Earland,0
Najee,0
Richard Grey,0
Brian David Gilbert,0
DJ Hifi Brown,0
Ramon Morris,0
Edelweiss,0
Heaven and Earth,0
Djavan,0
Richard X,0
Killer Kowalski,0
Autograf,0
King Krule,0
Vinyl Syndicate,0
FEE,0
Collective Soul,0
Krayzie Bone,0
Slax,0
Robert Palmer,0
Bill Bolin,0
KeepOnRockin’,0
Hubert Eaves III,0
Icon,0
BISHU,0
Rubberlegs Williams,0
C2C4,0
Gentleman,0
La Funk Mob,0
RY X,0
Sam Kinison,0
roboi85,0
Shellac,0
Dio,0
Michel Legrand,0
Orchestre national de France,0
Lancaster__,0
Lil’ Louis & the World,0
遠山明孝,0
Gilo,0
Senmuth,0
Miyuka,0
Saku,0
Ozols,0
The Kinks,0
MARY,0
Julie Andrews,0
Feshh,0
Protoculture,0
The Corporation,0
Snail’s House,0
Lamont,0
X‐Press 2,0
Reble,0
Rebel Scum,0
Gary Karr,0
Droptek,0
KIDNAMEDFINGER,0
Quiet Riot,0
William Fitzsimmons,0
DJ Rush,0
chocomilk-chan,0
All Natural,0
Skratch Bastid,0
DJ AM,0
Hobart Smith,0
Naja Rosa,0
Compulsion,0
The Righteous Brothers,0
vze,0
Tomcraft,0
French Original,0
CHVRCHES,0
Pedro Winter,0
GrlCHEXXIT!!,0
増田順一,0
Joey McCrilley,0
164,0
Sebastian Fennec,0
The Yardbirds,0
Vice Vic,0
Groove Theory,0
Terry Wogan,0
Phenomania,0
Fryderyk Chopin,0
Super8 & Tab,0
Dorrough,0
Bitrok,0
Chris Hülsbeck,0
Terry Zhong,0
T.H.U.G. Angelz,0
Ken Thorne,0
The Conet Project,0
Black Girl Singer,0
SWING HOLIC,0
Justo Betancourt,0
Dj CUTMAN,0
¡Holé!,0
Ray Parker Jr.,0
Nikki Nair,0
bignic,0
くるり,0
DAW-GUN,0
Italian Boys,0
Johnnie Ray,0
Fountains of Wayne,0
Boots Randolph,0
Laura Sad,0
That Kid,0
Sub Urban,0
The Vapors,0
Rheingold,0
The Wonderbolts!,0
XTC,0
Night Tempo,0
Sonic Fusion,0
当山ひとみ,0
TrySail,0
Stuart Hyatt,0
Dem 2 Ruff,0
Them,0
Party Trash,0
Dot Allison,0
Ben Gold,0
K3,0
Stretch,0
A$AP Croissant,0
Richy Nix,0
Milow,0
PirateCrab,0
ManMan Savage,0
Joss Stone,0
Aaron Carter,0
William Leymergie,0
Bassheads,0
フジネットワークシステム,0
NTSC,0
Elizabeth Joan Kelly,0
Ninajirachi,0
Trevor Something,0
Daze Prism,0
Sun,0
Shashwat Singh,0
Zoe Winkler,0
Innerpartysystem,0
Mastodon,0
SAYMYNAME,0
The Untouchables,0
.Casting,0
Jake Kaufman,0
Deadbeat,0
Faither,0
富永真央,0
Saba,0
Splendora,0
Experimental Audio Research,0
峰岸透,0
RZA,0
OKAY,0
Niion,0
The Blackbyrds,0
friendly,0
DJ Sunderland,0
Jan Delay,0
Lightships,0
Laima Sproģe,0
Fonky Family,0
Rahzel,0
The Mystic Moods Orchestra,0
Buxxi,0
Tes La Rok,0
Automatic Jack,0
Stars,0
ヲタみん,0
Mario Hammer,0
Shelleyan Orphan,0
cosmicosmo,0
Charlie,0
YoSi*,0
Asher Roth,0
døves,0
LSPLASH,0
baker,0
Adel Tawil,0
Julien Lamassonne,0
The Shangri‐Las,0
Rin,0
Punky Brewskies,0
The Blow,0
The Ruts,0
Ens,0
General Jaydonius,0
clipping.,0
102 gecs,0
SCRIPT,0
若井淑,0
The Jesus and Mary Chain,0
Ghost Loft,0
Shaka Ponk,0
Fausto Papetti,0
Shawn Wasabi,0
These Kids Wear Crowns,0
COCO COCAINE,0
hololive English -Justice-,0
The Black Opera,0
Wicked,0
Fluke,0
Miltiades,0
Jacob Sartorius,0
shtk9u,0
Suede,0
Bloody Vomit Bukkake,0
Chriss Ortega,0
Pleasure,0
幾砂襷,0
Wives,0
The Fairlanes,0
Googie Rene Combo,0
Hydro,0
Orginal Buam,0
KGBKid,0
Junk,0
H Mafia,0
756,0
djeb,0
Newham Generals,0
AniMe,0
Froyo,0
Louis Prima and His New Orleans Gang,0
InI,0
OS2 // WARP,0
Kawaii amen girl,0
Kym Mazelle,0
DJ MHM,0
cittan*,0
Sreerama Chandra,0
Anton Karas,0
カルメン・マキ,0
Téléphone,0
Blowfly,0
Moi Renee,0
Monte,0
Owl City,0
Marcy Mane,0
Christina Perri,0
Ecano,0
Uncy Dave,0
Michael Giacchino,0
Afriqua,0
須戸敏之,0
Morbid Angel,0
Miri Ben‐Ari,0
Marie‐Claire Alain,0
High Maintenance,0
dARKVICe,0
MC Hero,0
PopChop,0
磯江俊道,0
Rex Mundi,0
Karl Jenkins,0
Svenson & Gielen,0
bôa,0
Michael Sembello,0
Ludovico Einaudi,0
CRAZY TARDIS,0
Years & Years,0
Alcala,0
AgonyOST,0
Full Intention,0
The GA Gurlz,0
Think,0
Aurora,0
Caesars Palace,0
The Divine Comedy,0
Thegur90,0
Super Mash Bros.,0
STEREO DIVE FOUNDATION,0
Skull,0
Lambchop,0
The Soul of John Black,0
MustBeat Crew,0
Psychedelic Kitchen,0
Aphrodelics,0
Nicky Blackmarket,0
3R2,0
Sandrose,0
Maceo & the Macks,0
Gadiel,0
Janne Schaffer,0
TALES,0
Carol Williams,0
Macklemore & Ryan Lewis,0
三留尚子,0
FLOW,0
wünsche,0
Eiffel 65,0
Riot Nation,0
Adeaze,0
Team,0
Ph0ton,0
Andain,0
Pasteur Lappé,0
Melanie Pappenheim,0
DJ Animebby,0
Lars Moston,0
Kelpe,0
Mungo Jerry,0
Blackrock,0
Jwles,0
Spartaque,0
Stéphane Denève,0
Antoine Dodson,0
Dazz Band,0
Yabby U,0
Lil B,0
Sarah Silverman,0
b a k m a h n,0
Fettdog,0
Hyper on Experience,0
Mest,0
W.A.S.P.,0
REID,0
The Jelly Bean Bandits,0
Taco Hemingway,0
Luke Eargoggle,0
Richard Strauss,0
Dany Dan,0
Syncopix,0
TMX BOOM,0
Ray Charles and His Orchestra,0
Kidz in the Hall,0
Talking Heads,0
Simon Viklund,0
Lenny Kravitz,0
Coconut Hemluck,0
chelmico,0
Boldy James,0
Cayucas,0
Rebecca Shoichet,0
TECHNOBOYS PULCRAFT GREEN-FUND,0
Maverick Mayhem,0
Ékoué,0
Thomas Mapfumo & The Blacks Unlimited,0
Tilt,0
Liquid Gold,0
竹間淳,0
小林啓樹,0
Big Brother Hakim,0
cuhlet,0
AJURIKA,0
Redpill,0
The Krauts,0
Unknown Caller,0
The Wiseguys,0
Aphelion Barz,0
Doritos Pope,0
中田ヤスタカ,0
Waldir Calmon,0
Dimension,0
芥田レンリ,0
Alberto José González,0
The New Breed,0
The Purple Fox,0
Lemaitre,0
Neutral Milk Hotel,0
The Underdog Project,0
N.R.G.,0
MC Wigger & DJ Wanna-B,0
24kGoldn,0
Phantoms,0
KW Griff,0
Civilian,0
Coffee,0
K.Flay,0
Fizzi Pizzi,0
P.T. Grimm,0
Ten Years Lost,0
The Heliocentrics,0
DJ Nehpets,0
Dimlite,0
Deedee Magno Hall,0
P.P. Arnold,0
Garoad,0
92 Eternal,0
Milk Talk,0
モザイクメモリー,0
阿吽,0
M-Project,0
Olga Dreģe,0
The Vinyl Rippers,0
let's be real,0
nailcliper,0
Head West,0
Mac Dre,0
Anita Lane,0
Din-ST,0
足立賢明,0
Square Punch,0
杉山圭一,0
Morgana King,0
Bali Bandits,0
Freaky随喜,0
Wynardtage,0
[FaRe'N'HiTe],0
The Radio Dept.,0
Re.You,0
OsamaSon,0
Archaii,0
Rockestra Club,0
Daniel Powter,0
うさ,0
藍沢みんと,0
JA‐X,0
縄田寿志,0
Crom & Thanh,0
Peter Alexander,0
Nirvana,0
Flood,0
High Five The Birthday Boy,0
Mims,0
Shyheim,0
Hail Mary Mallon,0
S Curro,0
The Ebonys,0
Aki Bergen,0
Breakbot,0
Voice of America,0
Vanrip,0
Broken Chip,0
Mikal kHill,0
Midwives of Discord,0
DJ Mek,0
Scraton,0
Unique II,0
Games,0
PJ,0
Buzz Compass,0
Gyedu-Blay Ambolley,0
Beat Junkies,0
Melonia,0
Jad Abstrock,0
Fritz von Runte,0
Jim Dooley,0
IAmMelloYellow,0
Mojay,0
Stooki Sound,0
DJ RaMeMes,0
Buddy Baker,0
Coki,0
Off,0
Third Eye Blind,0
100s,0
Bob & Earl,0
SEBii,0
More Plastic,0
El Gran Combo de Puerto Rico,0
Česká filharmonie,0
Supershy,0
MowtenDoo,0
Miktek,0
Aguaturbia,0
川井憲次,0
Bombers,0
J99,0
Pocket Groovy,0
G‐Eazy,0
cocore,0
Pimp Wax,0
HINOIチーム,0
Converge,0
luvnyte,0
CHYL,0
Loco Dice,0
Andy Kim,0
Double S,0
Gloria Barnes,0
FAZIE,0
Billy Paul,0
Dubloadz,0
Na Palm,0
luvgraveyardgirl,0
Omar LinX,0
Ben Levin,0
Capone,0
Justin,0
Mekon,0
Kidda,0
Duality,0
311,0
WC,0
Mk.gee,0
Lowell Fulson,0
John Butler Trio,0
Alain Duvivier,0
TJ.hangneil,0
ロボ子さん,0
David Mook,0
Gary Walker & Rain,0
Rostam,0
Low Poly,0
Tina the Cyclops girl,0
Aase Nordmo Løvberg,0
Ronnie Hudson and the Street People,0
Mathematicus,0
Pam Pero,0
Schusei,0
Wreck the System,0
The Carl Cox Concept,0
ミルキィホームズ,0
K.P. & Envyi,0
Bauhouse,0
Bobby Caldwell,0
The Flock,0
Colleen D’Agostino,0
National Philharmonic Orchestra,0
Cocoon,0
Fake Shark,0
إحسان المنذر,0
Hobe,0
Arty Smokes,0
16bard,0
Third Degree,0
Patrick Gauthier,0
Mitch Ryder,0
Corey TheHuman,0
BuGgY_BiTz,0
Marilyn McCoo,0
Chief Keef,0
DJ YOSHITAKA,0
Ghena Dimitrova,0
Yuck,0
Lex,0
Steve Kerr,0
DEVO,0
Pop Up!,0
Linnegoewd,0
Scouting for Girls,0
Beauty Brain,0
The Shrink,0
Ryan Hemsworth,0
Naughty Naughty,0
Beach House,0
Denite,0
Klaxons,0
Stephanie Mills,0
Adiemus,0
eufrik,0
Crown Heights Affair,0
Billy Brooks,0
High Beggars,0
MC5,0
Chris Rickwood,0
Kay Kap,0
AYYBO,0
Tim G,0
김완선,0
Constera,0
_itsyaboi,0
Swizz Beatz,0
Arthur Kreiger,0
Rootbeer,0
Das Department,0
Ethical,0
Nova & Jory,0
Solomon Childs,0
The Gentleman Thieves,0
Leon Vynehall,0
Possum Dixon,0
神威がくぽ,0
Carl Douglas,0
The Knocks,0
福富幸宏,0
Tyler Sontag,0
Munchyjr,0
Silver Bullet,0
Labrinth,0
Lute,0
Sébastien Léger,0
Guy,0
Alan Silvestri,0
Neiltomo,0
Girl's Day,0
Figure,0
Bossfight,0
AKA Brothers,0
Indianna Hale,0
AFK,0
Sebastian Brandt,0
Seals & Crofts,0
Sabrina Salerno,0
Shandy Kubota,0
Almar,0
Revelacion,0
種島ぽぷら,0
Rockabye Baby!,0
Creepy Nuts,0
Cheech & Chong,0
Falsalarma,0
Slayyyter,0
Akshan,0
Kyle Edwards,0
Cypis,0
S U B W A Y S,0
Gap Mangione,0
Արամ Խաչատրյան,0
Iras,0
ArtAttack,0
Handsome Boy Modeling School,0
Julianna Barwick,0
Vextor,0
Homeschool Dropouts,0
Emily Portman,0
yuigot,0
The Flashbulb,0
Efdemin,0
Old Jim,0
Walter & Gelder,0
If,0
Slaughterhouse,0
Ani Klang,0
Frisco,0
原口沙輔,0
Steiner,0
Timothy Leary,0
Musique Chienne,0
Henry Krinkle,0
Soulsister,0
The Airport District,0
Master Barf,0
James Gameboy,0
Laurie Johnson,0
Wolfgang Ambros,0
Daft Beatles,0
Strawberry Hospital,0
Antonio Testa,0
黒崎れおん,0
Кино,0
George Thorogood & the Destroyers,0
GH,0
Anilah,0
Rose Stone,0
Srav3R,0
Cirez D,0
Maynard Ferguson,0
009 Sound System,0
SAINt JHN,0
Eric Kloss,0
Gabe,0
Kill Paris,0
Jem,0
Cage the Elephant,0
"quickly, quickly",0
Doormouse,0
Shimon,0
The Mystery DJ,0
Sweet Tee,0
Murlo,0
Pat Martino,0
Martin Lawrence,0
Тони Танго,0
Pure Sugar,0
Lupeelou,0
T-Junction,0
Spinabenz,0
shortfacedbear,0
ryo,0
Advance,0
DeBarge,0
Aloka,0
Shelly Manne,0
雨宿どみ乃,0
lor2mg,0
Roland Clark,0
佐野電磁,0
Studio Pressure,0
Cortex,0
Sonny Stitt,0
The Noble Demon,0
Cass Elliot,0
kuraudo,0
NateWantsToBattle,0
Fraxo,0
Derek and the Dominos,0
GQ,0
Benny Goodman,0
Dam Swindle,0
クレイジーケンバンド,0
Philippe Lafontaine,0
Break Science,0
Noise Base,0
Rahat Fateh Ali Khan,0
Voodoo Queens,0
Ride,0
Swordfish,0
Napalm Death,0
Lágrima Ríos,0
Ulrich Schnauss,0
Neo,0
溝口ゆうま,0
Vanity 6,0
Andrew Bayer,0
Gentle Giant,0
Masters at Work,0
Zbigniew Karkowski,0
William Maranci,0
Gustavo Cerati,0
Natasha Bedingfield,0
Dirk Freymuth,0
Qua Rush,0
タイナカ彩智,0
Spliff,0
Kevala,0
Holier Than Thou?,0
戸田信子,0
UK Apachi,0
YUI,0
Indra,0
Lisa Mitchell,0
Beejays,0
中村照夫,0
Richard Wood,0
Darmo,0
Sawtooth Sucka,0
Jon Brion,0
The Lovemakers,0
Tricky,0
Joe Cocker,0
TheLaxOne,0
Ivan Picazo,0
shota,0
Rob Ellis,0
Cewlmine,0
Girls Under Glass,0
Panda Bear,0
Living Colour,0
JOME,0
SkyMarshall Arts,0
Sha Gz,0
Badger,0
HearThuG,0
Tenement Yard,0
Anthony McBazooka,0
ミツキヨ,0
Deep Dish,0
Mocca,0
The Last Sighs of the Wind,0
三澤秋,0
Annorkoth,0
Vŏdû 155,0
Earl Nightingale,0
Bad Azz,0
The Lyman Woodard Organization,0
Philip Jeck,0
44Nifty,0
Jovanotti,0
Luciano Supervielle,0
Bus Stop,0
綾波レイ,0
The Avener,0
アロナ,0
Brent Kennedy,0
The Legendary Villain,0
アリサ・ミハイロヴナ・九条,0
Technoboy,0
Grant MacDonald,0
Supersaw Hoover,0
Sly Fox,0
Speaker Honey,0
Human Race,0
Ouai Stéphane,0
DJ EFX,0
Rainbow Dash,0
LAKE,0
Freestyle,0
Balam Acab,0
Louis and Bebe Barron,0
Grizzly,0
Riku,0
Looney Tunes,0
Pictureplane,0
Pink and Brown,0
Ella Fitzgerald,0
Terror Fabulous,0
Chipzel,0
Marilyn Monroe,0
Kenny Nolan,0
Milcho Leviev,0
Becko,0
Danny Breaks,0
Patton Oswalt,0
LaTour,0
Rapsody,0
DG Yola,0
Georges Delerue,0
Wheatus,0
LOVE PSYCHEDELICO,0
Shakin’ Stevens,0
Belinda Carlisle,0
Shirley Horn,0
Calum Scott,0
きこうでんみさ,0
T’Pau,0
Wilbur Bascomb and the Zodiac,0
Tape Girl,0
Ohmega Watts,0
Barney McAll,0
asuka tanaka,0
Red Devil,0
Massimo Pericolo,0
Rhye,0
The Cardigans,0
Dr. Kucho!,0
Ringlets,0
Killer Mike,0
Primadonna,0
Kanyon,0
Exige,0
Pulp,0
Evanescence,0
Cash Money Millionaires,0
Paul Giovanni,0
sixwing,0
hanahata,0
Harry Romero,0
Halley Hard Sound Unit,0
Klaus Nomi,0
Snow,0
Lady Bee,0
Như Quỳnh,0
The Vaccines,0
Pete Blaker,0
David Begun,0
Mystery Skulls,0
Patti Austin,0
Rob,0
U‐God,0
10SAI,0
Wasted Penguinz,0
Laf_R,0
Jazzberry Patch,0
Edie Brickell & New Bohemians,0
Young Boo,0
Timmy the Tapeworm,0
Sempiternus,0
Lappy,0
Shantel,0
Daniel Chorzempa,0
Jimmy Ponder,0
Temp,0
Phil Thornton,0
Dollar,0
Model 500,0
中司雅美,0
Kurt Hiltawsky,0
Felguk,0
Viridian クリス,0
Constant Deviants,0
KILL SAFARI,0
S U P E R F L A T スーパーフラット,0
Untold,0
Retro Gaming,0
Groundislava,0
Sandra Kolstad,0
Frail Limb Purity,0
Acquaviva & Lützenkirchen,0
AI,0
The Icemen,0
Sheila Armstrong,0
Samantha Mumba,0
Benelli,0
State of Alert,0
Robscure,0
The UMC’s,0
Sagitaire,0
Guillamino,0
Conchita Wurst,0
submerse,0
Felli,0
Jon Gibson,0
Prodigy,0
Ensemble Minisym,0
Wolfgang Gartner,0
Under the Influence of Giants,0
The Party Boyz,0
Jewelz & Sparks,0
Ginger Baker’s Air Force,0
luce,0
minato,0
IRON ATTACK!,0
North-T,0
Monica Colonna,0
Okay Temiz,0
fripSide,0
Vaiko Eplik,0
Circular,0
遠藤瑠香,0
Rosa Yemen,0
TRC,0
DJ Face,0
AJJ,0
BROKN,0
Will & Tim,0
景山将太,0
Spandau Ballet,0
baaskaT,0
Scabloopy Floop,0
OmenXIII,0
Jcran,0
SKiBiLiBoP,0
KEIKO,0
巡音ルカ,0
My Little Pony: Equestria Girls,0
Marteria,0
Cataract,0
Marce,0
Dave Matthews Band,0
Oran “Juice” Jones,0
Paul Shortino,0
Matt Prasty,0
Ilai,0
KOKAYNA,0
Dani Ro,0
J.J. Cale,0
放課後ティータイム,0
The Headhunters,0
Saves the Day,0
Asa,0
Casualle,0
DJ Kuroneko,0
Claudja Barry,0
DJ Cheb i Sabbah,0
ueotan,0
Rae Sremmurd,0
WAGDUG FUTURISTIC UNITY,0
meganeko,0
FROMTHEHEART,0
Toni Basil,0
Bashy,0
Surfer Blood,0
himynameisshan.,0
NightcoreReality,0
HappyHoppyHappy,0
Kiesza,0
JT Money,0
Beatmaster,0
LT United,0
Tennis,0
Amaze,0
さくらみこ,0
Simon Carrington,0
Odyssey,0
Mandy Moore,0
seatrus,0
Ark Patrol,0
Kevin Eldon,0
DJ French Bloke,0
Haddaway,0
Bodyscrub,0
Totally Radd!!,0
"Blood, Sweat & Tears",0
Accept,0
Epik High,0
ドクロちゃん,0
Wil Bolton,0
Toasty,0
The Crystals,0
Otra puse,0
George Bruns,0
Shawn Kemp,0
Dexter Wansel,0
vimae,0
Nathan Abshire,0
Bleep Bloop,0
Cozm-Oz-One,0
Crayondroids,0
The People Movers,0
Brân,0
Vitro,0
Link Wray & His Raymen,0
Cocoa Tea,0
Doodled,0
Temper,0
Wilbert Longmire,0
Zerius,0
Ram Jam,0
Oblique Occasions,0
Leaders of the New School,0
Bobbie Gentry,0
Halloween Thrills,0
Tallboy,0
Divine Styler,0
Acqua Fragile,0
House Pimps,0
thev216,0
The Equatics,0
Delwyn Siôn,0
E.P.S. & 2-Vibe,0
Roxane Genot,0
Marc Johnce,0
The High & Mighty,0
Jaybee,0
DJ Sammy,0
Quindon Tarver,0
TYNAN,0
DJ Spooky Mulder,0
Arijit Singh,0
NAGISA,0
Ekali,0
Marten Hørger,0
La Rumeur,0
Rehirable,0
MoozE,0
Midas Touch,0
Slowly,0
laiopsol9987,0
*Luna,0
Mudgoose,0
la pumpkin,0
Sllash & Doppe,0
Phil Mac,0
Jonny Greenwood,0
Detroyt,0
Beaver & Krause,0
La Mont Zeno Theatre,0
Fabio,0
Sugar Donut,0
MARUV,0
owatax,0
Tim Carleton,0
SØL,0
masuka,0
Warren G,0
Dicky Wells and His Orchestra,0
Architect,0
Lesbian Boy,0
William James,0
Regina Belle,0
Kali Uchis,0
Foo Fighters,0
Matthias Arfmann,0
Selena Gomez & the Scene,0
Paradox 3000,0
Carla Vallet,0
Kruder & Dorfmeister,0
Masego,0
BlueBrony,0
Kurogen,0
Bassbear!!,0
Gerry Mulligan,0
Cassidy,0
Branford Marsalis,0
Sloppy Jane,0
The El Dorados,0
St. Regis,0
Boris Dlugosch,0
Killah Priest,0
Yakui,0
Milton Nascimento,0
Fish Go Deep,0
福山光晴,0
Rick and Morty,0
Rag’n’Bone Man,0
Pony Pony Run Run,0
hayve,0
GORE,0
Harold Williamson,0
The Crazy World of Arthur Brown,0
Else,0
Steps,0
Phish,0
Thomas Hendrix,0
The Egg,0
C418 Community,0
Children of The Corn,0
Snowflake,0
Wes Smith,0
Wam,0
SIPPY,0
Scandal,0
DREAM GIRL,0
IM@S ALLSTARS++,0
S‐X,0
Balloon,0
140 ударов в минуту,0
nuphory,0
LOLI-LECTRO,0
Boris Gardiner,0
PIG,0
slappintosh plus,0
Nat Adderley,0
DJ SHARPNEL,0
P.A.S.,0
Richard Jaques,0
Emmanuel Top,0
12 Rounds,0
後ろから這いより隊G,0
Bobby Hutcherson,0
Tobu,0
Sly & Hunter,0
Gavin Bryars,0
Ultralash,0
Excuse 17,0
Naam Brigade,0
leroy,0
Quad City DJ’s,0
Breakmaster Cylinder,0
The DNC,0
Gregory Whitehead,0
平田志穂子,0
Fuzzy Logik,0
Modena City Ramblers,0
The Doors,0
Kool Shen,0
Szymon Goldberg,0
Funczion SOUNDS,0
Andy Fairweather‐Low,0
Aminé,0
Busy Bee,0
Jónsi & Alex,0
Azur1s,0
This Place Is Haunted,0
PJ Harvey,0
稲泉りん,0
Electronic Art Ensemble,0
Riley Reinhold,0
Rennie Pilgrem,0
Triumvirat,0
Carrie Underwood,0
Mr. G,0
Timmy Thomas,0
633397,0
The Kooks,0
Jars of Clay,0
Passenger,0
Era,0
Khésis,0
Dean Jones,0
Ryan Preston,0
Diss-Cuss,0
DJ Tronky,0
tian nya,0
Shy FX & T Power,0
Kiki Dee,0
Isaac Schankler,0
Александр Порфирьевич Бородин,0
Johnny D & Nicky P,0
LeeDM101,0
Liberty X,0
The Twinkle Brothers,0
Al Bowlly,0
Mr Joseph,0
Homeboy Sandman,0
Étienne Daho,0
Eiko Ishiwata,0
Peter Gallagher,0
WUZ,0
Norma Ray,0
ebiten,0
Iceberg Slim,0
Bran Van 3000,0
waiting to die,0
Patra,0
Effin,0
八幡浩暢,0
Noyz Narcos,0
Sun Ra,0
Stephen Roberts,0
Serena Ryder,0
TEMPURA KIDZ,0
Patrick Simmons,0
Leslie Bricusse,0
SmokyThrill77,0
Yomicid,0
Gawr Gura,0
Larry Williams,0
Paul Russell,0
Rixton,0
Elecktroids,0
Le Rat Luciano,0
yoshiki-narutaki,0
Glenn Rune Gallefoss,0
Zutt,0
Stack&Mash,0
Jimmy Smith,0
Trim,0
Horny United,0
Army of the Pharaohs,0
Jean Carne,0
dextrust,0
DJ Travella,0
Loren Allred,0
Andy MacMillan,0
太田あすか,0
KAS:ST,0
Sneaky Tim,0
user-177606669,0
Labi Siffre,0
Phil RetroSpector,0
Major Look,0
Twisted Sister,0
Mia Martina,0
Wet Willie,0
NxxxxxS,0
NoteBlock,0
C‐Systems,0
Laura,0
John Giorno,0
Tronikhouse,0
Mike Ravelli,0
DJ Ubermech,0
Sérgio Mendes & Brasil ’66,0
The Gates of Sleep,0
Willie Mitchell,0
Adam Neely,0
clown core,0
Sounds From the Ground,0
void,0
ANOHNI and the Johnsons,0
濱野美奈子,0
Озон,0
The Sylvers,0
F i b o n a c c i,0
piratecovejoe,0
Chaosphere,0
Eleven Past One,0
High Contrast,0
高垣楓,0
I Hate You,0
Chrome Canyon,0
David Gray,0
Orgasmic,0
Gitane DeMone,0
Adam X,0
Calyx,0
DJ Safe,0
Naked Eyes,0
Neal Hefti,0
Bady-Dorzhu Ondar,0
The Quantic Soul Orchestra,0
The Big Sleep,0
Hi‐Lux,0
The Shadows,0
Bjørn Torske,0
Chocolate Milk,0
黒石ひとみ,0
DJ Fox,0
Kim Carnes,0
"응과사전, Shittypedia - Free Shit Encyclopedia",0
Shibayan,0
Rifti Beats,0
Low Pros,0
Chaty,0
Romanthony's Nightvision,0
hujiba,0
Kumara,0
David Wise,0
Pliant,0
L.A Teeter,0
The Human Experience,0
八月二雪,0
Melissa Manchester,0
Alice Merton,0
Steve “Silk” Hurley,0
Harrison,0
Lil’ Troy,0
Mr. Mister,0
Bang Bang,0
Super Lover Cee & Casanova Rud,0
Hayla,0
Minimum Chips,0
Ashdown,0
Blur,0
The New York Howl,0
René Carol,0
I See MONSTAS,0
Sota Fujimori,0
Lexos,0
Karman,0
Roman Messer,0
Society Suckers,0
MC Shan,0
nagomu tamaki,0
Darby,0
Alain Renaud,0
Andrew Sega,0
Le Téléphone Arabe,0
Stress,0
Jade Cicada,0
Ultra-Sonic,0
Wots My Code,0
Rebecca Luker,0
Gunjack,0
Yves Deruyter,0
godheadSilo,0
General Degree,0
ざにお,0
Blame,0
Mira Calix,0
Vanessa Paradis,0
Kopp Jonhson,0
Otis Redding,0
Falk,0
Scott White,0
JCRG,0
Braiden,0
NIKANON,0
Safari Sounds,0
Parliament-Funkadelic,0
Τα 4 Επίπεδα της Ύπαρξης,0
Simple Plan,0
板垣祐介,0
Skylar Grey,0
Evidence,0
Castle Logical,0
zabutom,0
In Rainbows,0
Michie Mee & L.A. Luv,0
Black Machine,0
Snowpixels,0
Junkie XL,0
Kosakii,0
Positive K,0
Adventures in Slumberland,0
Marco Decimo,0
Mass Production,0
Dan Forden,0
Jelly BonBon,0
Alkpote,0
David Benoit,0
Tati Quebra Barraco,0
Alicia Myers,0
Operating Theatre,0
Evan Roth,0
M2U,0
Joel Grey,0
.O.Rang,0
Robert Junior,0
Circulation,0
Crowns,0
Groove Allegiance,0
Flairs,0
Cofresi,0
MAISONdes,0
Marcella Detroit,0
シモン,0
Mark Pledger,0
Mike 303,0
Rachel Stevens,0
Gabriela Ascioli,0
Bejjo,0
Ken Carson,0
ah!,0
Aimer,0
Lewo Chyba,0
girl in red,0
The 4 Instants,0
Hollis P. Monroe,0
Chip-Man,0
Unkillaz,0
奥井雅美,0
Moonbeam,0
Dennis Edwards,0
Cheriimoya,0
Unk,0
Smoothe da Hustler,0
Linda Gail Lewis,0
markwahlbird,0
Neon Jungle,0
Sherman “Swampy”,0
Trigga Man,0
Darkspeen Shore,0
Kotton The Cutie,0
Daphni,0
N∆NCIE,0
Boom Bip,0
The Animal in Me,0
Neon Indian,0
Youandewan,0
After 7,0
Шао? Бао!,0
crafter2011,0
Deacon the Villain,0
Bluelite,0
Skrux,0
DJ Gant‐Man,0
Waxman,0
Odaira,0
Original Soul Senders,0
The Brooklyn Bridge,0
Carlos Niño,0
Sixtoo,0
Shadow Dash,0
Zombie Zombie,0
Roger Wagner,0
ナイトNaito,0
Thirty Seconds to Mars,0
Paffendorf,0
potsu,0
Rina Sawayama,0
Capone‐N‐Noreaga,0
Sacred Spirit,0
CR64HBRM,0
T-Ford and the Boneshakers,0
TMSV,0
SHIHO,0
Big Time Rush,0
Ghostfriend,0
Laurel Halo,0
Arthur Lyman,0
大神纏,0
The Road Home,0
Koelenz,0
Amtrac,0
Roberts Gobziņš,0
Shadysoup,0
TV Junkeez,0
Vinil Motion,0
Eddie Matos,0
DJ Governor,0
Jawoll,0
Latto,0
Ghost Dance,0
Clarence Mann,0
Carbonic Twinlkedust,0
Vargoroth,0
YZOX,0
L.A. Carnival,0
Suduaya,0
Norman Cook,0
Milli Cul,0
Nickelback,0
Not a Number,0
Bob Ostertag,0
Thaiboy Digital,0
Joe Hertz,0
Fennesz,0
Sean Price,0
DJ QBert,0
Dennis the Fox,0
John Lee Hooker,0
Kindrid,0
Nico Fidenco,0
DJ Antoine,0
Ricardo Montaner,0
Della Humphrey,0
Tom Browne,0
"NAMCO ""RIDGE RACER V"" Sound Team",0
Vivien Vee,0
Dancer,0
MapleJournal,0
DJ Dub Rush,0
Temple of the Dog,0
DATAGIRL,0
The Tape-beatles,0
A Perfect Circle,0
Ailow,0
Taana Gardner,0
Margie Joseph,0
Timothy Hugh,0
Puddle of Mudd,0
Glitch Cat,0
T99,0
Albert West,0
MSD,0
HeavenWraith,0
Matmatah,0
sadfem,0
Colin Hay,0
jan Misali,0
Seether,0
Davy DMX,0
Gregorian,0
144p,0
Orangy,0
Ralph Castelli,0
Savlonic,0
DJ WILDPARTY,0
panda_riot,0
Tantrum Desire,0
Steve Kuhn,0
Jasper Tygner,0
DJ Paul Elstak,0
Mucky Pup,0
Black Rings Under My Eyes,0
Bruno Pelletier,0
Funsai,0
The Beast That Killed Bunny Downe,0
Duke Dumont,0
Paul J. Smith,0
Billy Changer,0
Spacer,0
Eumir Deodato,0
City Limits,0
Renaldo & The Loaf,0
Lil Mosey,0
Wonder Girls,0
dannyrom288,0
ComaR,0
葉麗儀,0
Syndicate,0
Troublemaker,0
周璇,0
Ted Poley,0
Journey to Ixtlan,0
いろがねりんご,0
android52,0
Cougar,0
Florence Welch,0
Saltwater,0
Cadillac,0
Michael Thomas Grant,0
J-CORE SLiCER,0
Grain,0
Dave!,0
Wyndham Lewis,0
Jane,0
池上正,0
すりぃ,0
Baxter,0
Pierre Wax,0
Wah!,0
Plexi Music,0
Mr. Meridies,0
POLO PERKS <3 <3 <3,0
Bobby Martini,0
D-Funk,0
Vic Mensa,0
Jean Knight,0
Spice Pistols,0
Your Favourite Garçon,0
The Sandowski Files,0
Charmian Carr,0
Gat Décor,0
Silk Sonic,0
The Jessica Fletchers,0
笹井隆司,0
Dulverton Blues,0
NAOKI in the MERCURE,0
Church of Extacy,0
Faheem,0
Paul Bart,0
Shigeo Tamaru,0
Mike Mareen,0
Michmash,0
The Marginal Prophets,0
Steve Frisco,0
Arcade High,0
Low Steppa,0
Instant Funk,0
Black Milk,0
Mike WiLL Made‐It,0
佐藤直紀,0
Anonymous 4,0
Cynthia Onrubia,0
Lesley Gore,0
night_owlll,0
Rancid,0
Steam,0
Rita,0
tmpl,0
Girls Aloud,0
ブブゼラ,0
Mendo,0
FuntCase,0
ミーティPAWS,0
vivi,0
The Live Band,0
Ikkimel,0
Strangeloop,0
Karmin,0
VESK GREEN,0
Rocketman,0
渡部龍,0
Paul T,0
Lightnin’ Hopkins,0
Coco Da Silva,0
Mick Jagger,0
Shin Sakiura,0
The Nightcrawlers,0
Shawn Colvin,0
Teori Johnson,0
Royal-T,0
Les Sages Poètes de la Rue,0
Gheorghe Zamfir,0
Michel’le,0
Dances With White Girls,0
Plies,0
Hansgod,0
Parasite,0
Bad Sector,0
Tootskee & the Czar MC,0
Julia Hülsmann Quartet,0
Deborah Haslam,0
Dimestore Cowboys,0
Bugs,0
FaltyDL,0
ARMS Band,0
Testament,0
Sonic Inc.,0
Anne Dudley,0
Bleachers,0
Butch Ross,0
Sweet Female Attitude,0
Gemitaiz,0
The Heath Brothers,0
Jimmy Eat World,0
Love Unlimited,0
Edlan,0
Lizzart,0
Jomanda,0
See-Saw,0
Quench,0
Vanessa,0
EVoL_InTheory,0
DJ Shah,0
Nicholas Britell,0
国士無双,0
VII,0
Martinelli,0
Ortega Cartel,0
The Mamas & the Papas,0
Geo22,0
Mistral,0
D.O.K,0
Perturbator,0
Gary Moore,0
Moodswings,0
Soft Touch,0
Ethan Hein,0
Jim Messina,0
DJ WINDOW,0
Starving Trancer,0
Double Decka,0
Nii Co.,0
David Chalmin,0
Demrick,0
ArinInflux,0
Lena Raine,0
Damso,0
LU-I,0
Каста,0
DJ Flashback,0
Rare Essence,0
G Tom Mac,0
Silentó,0
Cell,0
Jeff Wayne,0
Pink Project,0
Phazmidi,0
Wendell Austin,0
The Bar‐Kays,0
Bama,0
Hubwar,0
Tenacious D,0
Napoleon XIV,0
Wild Cherry,0
Geto Boys,0
The Bob Seger System,0
DJ SWISHA,0
The Henry Mancini Orchestra,0
Desmond Child,0
WAKARAN GIRL,0
Philippe Eidel,0
Soul Brothers Six,0
LAXX,0
Art Blakey,0
Twin Temple,0
YonKaGor,0
Abbey Lincoln,0
DJ Reverend P,0
Rafael Cerato,0
oitudobem,0
Viikatory,0
Grossomodo,0
Christoph Haberer,0
Christian Löffler,0
DJ Silence,0
AXEL.K,0
DJ Jayhood,0
John Kenza,0
Bullet,0
Circuit,0
川口博史,0
Forbidden Poetry,0
Dixie Flatline,0
Influx,0
Nabiha,0
Skero,0
米津玄師,0
Millyz,0
Lucky Millinder,0
Bushido,0
Quest,0
Forrest,0
Francine McGee,0
ボビー,0
Queen,0
Benjamin Bear,0
Nero’s Day at Disneyland,0
Mike Posner,0
Barry White and His Orchestra,0
Ralph Tresvant,0
Aaron F. Bianchi Jupiter,0
Vampire Money,0
Creme de la Creme,0
Don Diablo,0
Keny Arkana,0
seleP,0
Joseph James,0
Motorcitysoul,0
DJ Schmolli,0
DJ Juwan,0
Brian Auger & the Trinity,0
TrueGreen7,0
Black Label Society,0
DJ Craze,0
Sedat Erdogan,0
Ludwig Wittgenstein,0
The Rippingtons,0
The Mar‐Keys,0
George Olsen and His Music,0
Mr. Meeble,0
Sherbet,0
The TnT Boys,0
Jme,0
Burning Spear,0
Le Wanski,0
Apollo Brown,0
Zoe,0
Ambiance,0
L-X-Carbo,0
Konstantin Trokay,0
Beenie Man,0
笠井紀美子,0
Fingaprint,0
Rise,0
Airis,0
The Golden Pony,0
Riedler Musics,0
Vampire Weekend,0
Primitive Radio Gods,0
Terror Reid,0
TRVSHBXVT,0
Mr. Belt & Wezol,0
Dwarf,0
Mylo,0
Marius Constant,0
Barry White,0
Angel City,0
Kansas,0
Dr. Evil,0
Girls on Top,0
AIYU,0
Rolf Zuckowski und seine Freunde,0
Keroué,0
Akcent,0
Doves,0
Dottor Dag,0
Phantom Planet,0
Hi-Five,0
Reptilicus,0
Louis Chédid,0
Johnny Marsiglia,0
太田雅友,0
Ill Poetic,0
Soul Choc,0
TheGuy,0
C’hantal,0
Pleaser,0
Alinut,0
bumbum,0
Disembowelment,0
Rhythms del Mundo,0
The Dubliners,0
B Beat Girls,0
ludosmo,0
Karl Walker,0
Dreams,0
Maxo,0
Space Jazz Dub Men,0
Douleur2vivre,0
░▒▓新しいデラックスライフ▓▒░,0
Tinashe,0
Huss und Hodn,0
joxer,0
Spectre,0
Angels & Airwaves,0
Ylvis,0
PENGUCCI,0
Michael J. Blood,0
youmi,0
The Harvey Averne Dozen,0
John Cale,0
Jack Lee,0
Yumeka,0
YUMDDA,0
Duran Duran,0
The McCoys,0
Bullion,0
Alex Clare,0
Yakkle,0
芳賀敬太,0
cLOUDDEAD,0
Agency 1.9.9.4,0
Asha Puthli,0
M.C. 12,0
Make the Girl Dance,0
Savage Grace,0
Steven Carvalho Mashups,0
Isabela Eyris,0
CloZinger,0
The Bug,0
Loreli,0
Sugababes,0
Popol Vuh,0
KAVARI,0
Q Lazzarus,0
隣人,0
ロビン,0
Ideal,0
山下達郎,0
My Name Is Kay,0
Nick Trovert,0
The Robert Cobert Orchestra,0
zootzie,0
Sinners Club,0
Maykretch,0
MC Paul Barman,0
TRSH,0
Michal Menert,0
Pionieris,0
Jermaine Dupri,0
Vernon,0
Glam,0
Time Zone,0
French Montana,0
Sleepytime Gorilla Museum,0
Brother Arthur,0
Käärijä,0
Sub Sub,0
Verbal Kent,0
牧歌電子,0
CosmicMashups,0
LORN,0
James Asher,0
Ventriloquist Snakes,0
Drowning Pool,0
Philly,0
Madeleine Wood,0
INZO,0
Mr Lange,0
Bit' a Sweet,0
Tha Dynasty,0
G.G. Near,0
Elley Duhé,0
Ahmad Jamal,0
Nazar,0
Compromised,0
Billy Bragg,0
Diablo,0
Dirty Projectors,0
Brodinski,0
IC3PEAK,0
ゆうゆ,0
Funky People,0
Bettye LaVette,0
John Matthias,0
大橋純子,0
Sir Ridley,0
Jonathan Coe,0
PinkiePieSwear,0
Spunk,0
Caesar Frazier,0
Rodney O & Joe Cooley,0
土屋憲一,0
Wilcannia Mob,0
Darius,0
Drive‐By Truckers,0
The Illuminoids,0
reach,0
Father’s Children,0
Tsukasa,0
Vrey Is Grey,0
Bladee,0
尾崎景吾,0
Zigfrīds Račiņš,0
Plan B,0
4 Tune Fairytales,0
Frank Ski,0
Zapp,0
今村貴文,0
Tony Domenico,0
Mauro Picotto,0
東京ミュウミュウ,0
Airto Moreira,0
NicksPatties,0
Pentatonix,0
Tom Misch,0
BØRNS,0
The Inclinations,0
Dave & Ansel Collins,0
C‐Bo,0
TAROLIN,0
Jex Opolis,0
天海春香,0
Tedashii,0
Francis Cabrel,0
A Flock of Seagulls,0
Baby Fox,0
Subscape,0
Elend,0
Chicago Gangsters,0
Concord Dawn,0
Final Edition,0
Delinquent Habits,0
kyo,0
Mac DeMarco,0
Jerry Lee Lewis,0
Babatunde Olatunji,0
A_Rival,0
Muhlis Akarsu,0
Zinc,0
本田竹広,0
Sole Fusion,0
みきとP,0
Floorplan,0
R.T.Z.,0
Spiridon Shishigin,0
Kate Nash,0
Soul Khan,0
DJ Raisei,0
Indila,0
Signum,0
UZUM3,0
Don Laka,0
Alexander O’Neal,0
不覚にもムエタイ,0
Johann Strauss,0
Stadiumx,0
Белые Тени,0
People Under the Stairs,0
Hammock,0
Gel-Sol,0
Black Colibri,0
Qubic,0
Prozzäk,0
The Ledgends,0
before saudade,0
Bingo Players,0
Fear Factory,0
Lick Back Organisation,0
George Buzinkai,0
Boo-Boo B (6 Year Old Wonder),0
DJ SPR4,0
Afterdark,0
東京スカパラダイスオーケストラ,0
Itsbizkit,0
鷺巣詩郎,0
廻転楕円体,0
Laserdance,0
Miguel de Deus,0
BotanicSage,0
5ubaruu,0
Jesus Loves Junkies,0
Gargoyle,0
Frog Pocket,0
Josip On Deck,0
Ascendant Vierge,0
G3,0
Washed Out,0
VALLEYSTONE,0
DEATH DEVOIR,0
Kadhja Bonet,0
Joe Goddard,0
Ticon,0
Franchise,0
The Beatle,0
Living Jazz,0
Idris Muhammad,0
DOPEDROP,0
Ryu☆,0
Howlin’ Wolf,0
Aloe Blacc,0
Tenebrax,0
Delon Reid,0
Drik de Bruijn,0
Waffle,0
Dexta,0
Vakeró,0
Jimmy Webb,0
Boban Marković Orkestar,0
AViT,0
Mike Longo,0
dj ray william johnson,0
Rob E Rob,0
The Hi‐Lo’s,0
Syn Cole,0
Roland Pidoux,0
George Clinton,0
Tems,0
MEGAREX,0
Eleven Tigers,0
RIAA,0
Leda Stray,0
Munno,0
Power Music Workout,0
Nina Simone,0
Tomahawk,0
No Doubt,0
CHOPS,0
heartstation,0
Shirobon,0
Supertramp,0
Edwin Birdsong,0
NATZure,0
Michael Brook,0
Sun Diego,0
Technical Itch,0
古川竜也,0
Van She,0
Piezas & Jayder,0
Simon Callow,0
Allan Roosileht,0
wido,0
Infinity Crush,0
All Levels at Once,0
Letherette,0
Stanislav Tolkachev,0
Shiver,0
Naughty Boy,0
Gringo,0
Soul Swing,0
ハッピーくるくる,0
Lisa Marie Experience,0
Blue Stahli,0
Mary Gardner,0
Terror Danjah,0
Dr Meaker,0
Broken Social Scene,0
Rockie Robbins,0
David Glen Eisley,0
Hi-Gate,0
Trivium,0
Varien,0
Quelle Chris,0
Dax Riders,0
Ina Deter Band,0
IAMDDB,0
cherry chola,0
Kroko Jack,0
Screamin’ Jay Hawkins,0
E.S. Posthumus,0
Archive,0
Leila,0
Tyree,0
The Brandals,0
Bowery Electric,0
RingoFlicks,0
スズキサン,0
London Symphony Chorus,0
cell m8,0
Erik Scheele,0
DJ Pierre,0
Biotronix,0
Ashlee Simpson,0
Glaze,0
JetHawk95,0
Wallows,0
Arcade Jump,0
Don Toliver,0
ILLENIUM,0
Les Betteraves,0
Gene Farris,0
#mashup,0
Simon Livingstone,0
Attalus,0
Jae Deal,0
Lovely Peaches,0
Pixies,0
Kimya Dawson,0
John R. Graham,0
travongle,0
Natbird,0
Romanthony,0
Bill Withers,0
Raffaele Rizzi,0
KEiNA,0
Lightning Bolt,0
Broder Daniel,0
Fiachra Trench,0
Steffi,0
Hollen,0
Sullivan King,0
JWLS,0
Monologue,0
Clapman,0
Jukio Kallio,0
Ariel Pink’s Haunted Graffiti,0
AZODi,0
Kan Sano,0
Skylar Spence,0
XG,0
Jack Off Jill,0
Victor Serna,0
French Affair,0
Griselda,0
Animal Collective,0
The Aquabats!,0
Basic Rhythm,0
Class Action,0
MC Fresh Dawg 3000,0
El Profesor,0
結束バンド,0
Sash!,0
B-Lovee,0
Daisy Chapman,0
Ray Jay and the Eastsiders,0
Daly Wilson Big Band,0
Bob Dylan,0
Keljet,0
Alex Lacamoire,0
Kelly,0
Dazey and the Scouts,0
Basic Channel,0
Marcapasos,0
Dawin,0
Dillinger,0
Misty in Roots,0
Evelyne Voilaume,0
Lil’Fish,0
Anakim,0
Carl Craig,0
Maniac,0
Be Your Own Pet,0
Chelley,0
Pilchard,0
Peter Cetera,0
Absofacto,0
Femalite,0
Hypernova,0
DJ Electrohead,0
Junie Morrison,0
Capcom Sound Team,0
AN21 & Max Vangeli,0
Stevie Wonder,0
Samael,0
Bass-D & King Matthew,0
Jared Emerson-Johnson,0
Alex G,0
Packy,0
DaisyChannel,0
Go West,0
5 Seconds of Summer,0
Kenny Burrell,0
Otis Taylor,0
Matmos,0
Shirley Murdock,0
Zed Bias,0
kurtains,0
Eldi,0
RedOne,0
Black Kray,0
MPT,0
PurpleHaze,0
Melanie Mau & Martin Schnella,0
Johnatron,0
UUN4,0
Liquid Liquid,0
Love Kills,0
姚莉,0
"Drop Dead, Gorgeous",0
Adam Freeland,0
Graingers,0
Zamali,0
imase,0
Đàm Vĩnh Hưng,0
Shay Shaz,0
Teenage Jesus and the Jerks,0
Wink,0
Sean Brosnan,0
Emily Van Evera,0
marble,0
Pete Schofield and the Canadians,0
Young De,0
JoBoxers,0
James Egbert,0
Rosabel,0
夏色まつり,0
Dywindel,0
LFO Demon,0
Paul Weller,0
三品湊,0
Ransom,0
Good Charlotte,0
Audioslave,0
Johan,0
Karriem Riggins,0
Expansion Union,0
Friendship,0
Hanson,0
Push Ups,0
CO-DO.,0
Gynx,0
Edward Sharpe and the Magnetic Zeros,0
Dasha,0
UnderpΩny,0
Sashko Naganuma,0
NERVO,0
Northern Zone,0
Skin Divers,0
Yomanda,0
Newcleus,0
4minute,0
Greg & Steve,0
DVBBS,0
ItaloJohnson,0
Device,0
sakuraburst,0
David Gold,0
Syleena Johnson,0
The Von Bondies,0
Nakk Mendosa,0
Henry01,0
Lee Morgan,0
DJ Sound,0
ZZT,0
Coastal,0
Kenzo,0
The Hill/Wiltschinsky Guitar Duo,0
Chuck Roberts,0
a_hisa,0
My Little Pony,0
L.A. Dream Team,0
Magic Eye,0
Eargear,0
Snow Banks,0
FreQ Nasty,0
Freshlyground,0
KAZUMA,0
Justin Scharvona,0
The Colorblind James Experience,0
Sky Creackers,0
Fellsius,0
ID Cℎίℯƒ,0
RHMan,0
Forest,0
Bazzi,0
Marci,0
Richard Jacques,0
Ryu,0
Ronnie Aldrich,0
Asian Doll,0
Michael Nyman Band,0
Eugene Bowen,0
rouri404,0
Phochos,0
Chris Rainbow,0
Lag,0
Frauenarzt,0
Sadness,0
Lit,0
The Lonely Island,0
Stu,0
"The Checkmates, Ltd.",0
Omik K,0
LONGMAN,0
Cabbage Boy,0
Natalie Cole,0
Ghost Rider,0
Earthspace,0
DUCKY,0
Battery Crémil,0
Karen Brake,0
Raphael,0
Reno Red,0
Tzusing,0
Nancy Martinez,0
lomi,0
Mihalis Safras,0
Gary Taylor,0
The Martin Brothers,0
Integrity,0
Uniting Nations,0
Media Limits,0
Trisomie 21,0
Mylta,0
Wax,0
LISA,0
Tzant,0
The Andrews Sisters,0
SFDK,0
山根麻以,0
Giffari Rifki,0
NORTH POSSE,0
Taim,0
Clot,0
Ursine Vulpine,0
Solcofn,0
Bigbadaz,0
Dire Straits,0
System 7,0
Rick Braun,0
No Age,0
David Grant,0
Mr. Potatohead,0
DJ Eric,0
VERSA,0
4*TOWN,0
AnTgry,0
The Playmates,0
Windows96,0
Diesel # 1,0
JONATHAN JOESTAR,0
Savage,0
The Andrew Oldham Orchestra,0
Emil Bulls,0
Debaser,0
Hot Boy$,0
竹村延和,0
Youth Never Dies,0
Simple E,0
Money-G,0
BadHairlineProductions,0
Gary Burton Quartet,0
FAROFF,0
DETO BLACK,0
Mel Tormé,0
Steve Cropper,0
Urbanforest,0
Kreühn Pöny,0
Villa,0
The Tony Williams Lifetime,0
Negu Gorriak,0
Lil Wyte,0
Anstam,0
菊池桃子,0
First Choice,0
THE MAD CAPSULE MARKETS,0
Martin Horntveth,0
Michael Devellis,0
Recklezz Mari,0
Focus,0
Mazzy Star,0
J:Kenzo,0
Longevity Crew,0
Chuck Cissel,0
SHADED,0
TwoThirds,0
ZZCCMXTP,0
Giant Pink,0
Crookers,0
Members Only,0
N.A.S.A.,0
Titeknots,0
Chor der Bayreuther Festspiele,0
Jennifer Paige,0
O. Keitel,0
Haujobb,0
Cyrus Rego,0
Sydney Youngblood,0
Lou Bond,0
Jamie Principle,0
Tommy Guerrero,0
Jennette McCurdy,0
Arthur Baker and the Backbeat Disciples,0
Alessia Cara,0
The DJ Producer,0
Koven,0
SEARCHING,0
Doris & Kelley,0
RicoWright,0
The Pogues,0
On-lyne,0
Leo Sayer,0
Iggy Pop,0
Territoire,0
Tristan,0
Wreckx‐n‐Effect,0
Brian Tyler,0
The Moody Blues,0
天の妃少女合唱団,0
Steady B,0
Burial Hex,0
Fefe Dobson,0
DJ Flex,0
Pozsi & Basic,0
Christian McBride,0
Jason Forrest,0
Anna of the North,0
Tino Contreras,0
あおい愛,0
Quadra,0
Danny Keith,0
Young Triforce Cat Baron,0
丹下桜,0
Henk Habraken,0
Jasper Byrne,0
Anita Meyer,0
Ruback,0
Smookie Illson,0
Yari,0
Ultravox,0
Mardial,0
Hoshina Anniversary,0
GODSPEED 音,0
Lisa Germano,0
Line Renaud,0
Harry Belafonte,0
Mandalay,0
GYARI,0
ML Buch,0
Billy Squier,0
Oriental Cravings,0
Roy Budd,0
Craig Alexander,0
D1,0
DJ Radical R$,0
SPECTRA*paris,0
Ammonite,0
DJ’s Rule,0
Babylon System,0
BBRAINZ,0
Just Friends,0
Go Home Productions,0
Mr. L,0
Herwig Mitteregger,0
Bellini,0
Cosmic Latte,0
Theo Bleckmann,0
Bea Pelea,0
The Philadelphia Orchestra,0
umru,0
MHD,0
椛田早紀,0
David Puentez,0
Himera,0
Icy D. & Doc Daze,0
Casey,0
Nick Ingman,0
Brikkuni,0
Objekt,0
Jori Hulkkonen,0
Mario Judah,0
Outside,0
Necros,0
Subnation,0
Finatticz,0
Mall Grab,0
Rampage,0
SUGAR RUSH,0
Mr. Carmack,0
BNYX,0
The Cars,0
Hot Streak,0
Lathun,0
Passenger of Shit,0
oshikiri,0
beastboy,0
DJ Poulpi,0
Wolfgang Meyer,0
Santiano,0
Tailor Jae,0
התזמורת הפילהרמונית הישראלית,0
Awkwafina,0
The Rum Baba,0
Taylor Mead,0
Leontina Vukomanović,0
Clyde McPhatter,0
Patti LaBelle & The Bluebelles,0
Martinn,0
Shelley Hirsch,0
Richard Hill,0
Daydreamer,0
D‐Train,0
Argy,0
1000mods,0
Midnight Wave,0
すーぱーそに子,0
Jakatta,0
Here Are the Facts You Requested,0
The Ink Spots,0
Another,0
Triple Discharge,0
Joolz Gianni,0
L.E.D.-G,0
Assassin,0
Rom Di Prisco,0
DJ Wielki Huj,0
綾野ましろ,0
Experimentation,0
Gino Soccio,0
Augustana,0
Ten City,0
Trigg Bambino,0
Rizz Records,0
B.B.Rights,0
The Rose,0
Kenneth Bager,0
DJ Stylewarz,0
Future Frog,0
Meero,0
Federico Franchi,0
Elvis Costello,0
8 Graves,0
戸越まごめ,0
Johnny Moore’s Three Blazers,0
nice job bro0o0o0o0o0o0o0,0
Diana Gordon,0
Keri Hilson,0
13 Organisé,0
三村かな子,0
Antihelden,0
Luna‐C,0
Joe Tex,0
Robert Frost,0
LeeSaM,0
Wang Chung,0
Masked Wolf,0
The Hacker,0
Soulkast,0
Bleu Nuage,0
Creative Source,0
Tristan Shout,0
Dan K,0
RinneRadio,0
Mystikal,0
Gary Byrd,0
Cinikill,0
Rhythim Is Rhythim,0
Masta Ace,0
Solar Bears,0
Bleu Clair,0
MarshMix Plaza,0
[Disney],0
Danzig,0
Gario,0
Joe Boyd Vigil,0
MURDER CLUB,0
David Rose and His Orchestra,0
Bette Midler,0
Miles Davis Quintet,0
Oliver Schories,0
Lemon8,0
Halo33,0
Organised Grime,0
麦コロッケ,0
Mutated Forms,0
惣流・アスカ・ラングレー,0
POLYSICS,0
MashmyAs$,0
Maza,0
Imaginary Cities,0
Yakui the Maid,0
Hugo,0
Joey Negro,0
colate,0
Omarion,0
Eric Cunningham,0
Harajuku,0
Goody Goody,0
Duke Williams and The Extremes,0
Hechizeros Band,0
BlVkarot,0
Babe Ruth,0
Mason Callaway,0
Tech N9ne,0
奥河英樹,0
Paulinho da Costa,0
Big Bird,0
Alex Adair,0
CYaRon!,0
Alestorm,0
Gilbert O’Sullivan,0
The Body Snatchers,0
MAN WITH A MISSION,0
Davwuh,0
Bag Raiders,0
David McCallum,0
Joe Hardy,0
Ćelo & Abdï,0
Tusken Raiders,0
Freeform,0
Kenneyon,0
Nightforce,0
Frank T,0
Capital Cities,0
Michel Chion,0
Tala Day dreamer,0
RESCENE,0
Ultra Naté,0
John Mayer,0
Elizio De Buzios,0
Dylan Brady,0
Senser,0
Tony Joe White,0
Binary Finary,0
6th Borough Project,0
COOL&CREATE,0
Carissa’s Wierd,0
3 Phase,0
Webbafied,0
Zara Larsson,0
Violator,0
Kururu*Bloom Records,0
Gazpacho,0
Eartha Kitt,0
Alok,0
Arthur Prysock,0
Jeff Beal,0
Younger Brother,0
Syrufit,0
Foster Sylvers,0
Jean-Pierre Mader,0
The Loops of Fury,0
Pokestir,0
Percussions,0
Khia,0
Rod Layman,0
Kenny Smith & The Loveliters,0
Lizzy Mercier Descloux,0
Jesse Frederick,0
Bad Boombox,0
XM -Xenon Maiden-,0
Gummibär,0
Blissed Out,0
David Hume,0
Falling in Reverse,0
粉川武大,0
Source Direct,0
kuru,0
Stephen Drury,0
Veronica Petrucci,0
Swing Republic,0
New Arcades,0
ミディ,0
Olga Tañón,0
WAVE,0
Sapaa,0
Robert Glasper,0
Mono Culture,0
Fatal Bazooka,0
Huub Van Grinsven,0
Schiller Street Gang,0
Teddybears,0
Maxwell,0
Radioactive Goldfish,0
Wooli,0
Altor Ronda,0
David Soul,0
Scalie Bloke,0
Atlantic Drift,0
Claire Hamill,0
Jean-Pierre François,0
Denny Jaeger,0
Jan Garbarek,0
Sugar Minott,0
Nick Cannon,0
Yppah,0
Jason Mewes,0
Carl Hall,0
Yellow Claw,0
Hi‐C,0
Beverly Glenn‐Copeland,0
Super Beagle,0
NiziU,0
No Remorze,0
YESCLIP,0
Mara Sattei,0
Gordotoloko,0
DJ Gauffie,0
Killa Kyleon,0
Spehs,0
Ken Corday,0
Lane 8,0
Leroy Hutson,0
Prime Tones,0
Modestep,0
Kaily,0
R-Tyme,0
Thievery Corporation,0
The Crystal Method,0
WEKEED,0
Haze,0
Ava Louise,0
Skaggs,0
Bernard Wright,0
SAVAGE BOYS,0
The Shanghai Restoration Project,0
Jacopo Sb,0
Eonothem,0
The Undisputed Truth,0
Zomboy,0
Espion,0
Flying Lotus,0
Allure,0
Lofi Fruits Music,0
DJ Mei-Lwun,0
The Raining Heart,0
Chacho Brodas,0
Dino,0
Captive Unicorns,0
DX Pasta,0
JENNIE,0
AYA,0
Catrin Finch,0
East Side Beat,0
Jeanette “Lady” Day,0
Charlie Chaplin,0
Buraka Som Sistema,0
Jump Cutz,0
Chester Randle’s Soul Senders,0
Toni Braxton,0
Michiel van den Bos,0
Cheryl Lynn,0
René Breitbarth,0
Колибри,0
Dontcha,0
Joan Osborne,0
Funk Factory,0
Mitchell,0
I‐Level,0
Pastor T.L. Barrett,0
Boz Scaggs,0
Statelapse,0
Interactive,0
Metermaids,0
Le Dom,0
116,0
Terence Blanchard,0
World Famous Audio Hacker,0
Beats International,0
Swans,0
Клава Кока,0
Chips4breakfast,0
Sabrina Carpenter,0
Dead DJ Joke,0
T‐SQUARE,0
Telephone Jim Jesus,0
Roger Miller,0
DarTokki,0
Joni Mitchell,0
Fields We Found,0
Hoglodytes,0
Rock Emo Nightcore,0
Oumou Sangaré,0
Adam F,0
Billy Gardener,0
Chroma Key,0
Neosir,0
Ed Young,0
Thomas de Hartmann,0
J.D. Jaber,0
Jackie Moore,0
Trinidad James,0
Daryl Hall & John Oates,0
T-Ski Valley,0
Nanotek,0
Crazy Calls,0
Sweet Mercy,0
The Sabres of Paradise,0
Dropout Marsh,0
The Pussycat Dolls,0
Michael Garrison,0
Lola Sebastian,0
Aaron Hall,0
The RAH Band,0
Márcio Stein,0
Sa‐Fire,0
Tubeway Army,0
X-Men,0
Victor Menegaux,0
kradness,0
日高愛,0
Yak,0
David Cassidy,0
Masayoshi Iimori,0
Georgia Anne Muldrow,0
The Loading Zone,0
Heldon,0
Moses Mayes,0
Madhouse,0
Pan Sonic,0
September,0
picco,0
ｄｒｋｔｒｘ テレパシーのビジョンを持つもの,0
Soundbites,0
SINN6R,0
Kalyanji Anandji,0
Plus‐Tech Squeeze Box,0
にーそっくすす,0
Tee Lopes,0
FFF,0
Hissanol,0
小倉唯,0
Kurtis Mantronik,0
Poe,0
David Lyme,0
Mike Love,0
Mark Pritchard,0
アサヒ,0
DJ Spin,0
T. Rex,0
The Feels,0
amohS,0
Yaul,0
Tool,0
Sara Bareilles,0
Yandel,0
The Mystic Number National Bank,0
Jéan-Claude T.,0
MasterJace,0
Housemaster Boyz,0
Skyshard,0
Morphosis,0
Passengers,0
Anita Baker,0
Azymuth,0
LunyAlex,0
DRA’man,0
Antônio Carlos Jobim,0
Eric Carmen,0
Pekka Pohjola,0
リゼ・ヘルエスタ,0
forest runaways,0
Badesalz,0
General Levy,0
The Association,0
Sérgio Mendes,0
Sasha Alex Sloan,0
Dave Hollister,0
Bardoq,0
Nia Peeples,0
gassyoh,0
Shaft,0
Lock ’n Load,0
Free,0
Tino JJ,0
SVNF8,0
הצ׳רצ׳ילים,0
Mainx,0
longstoryshort,0
The Showboys,0
mynameisntjmack,0
The Deadman,0
Keiko Dash,0
The Icypoles,0
Radar Bird,0
Metro Area,0
Elkie Brooks,0
The Field,0
Gallhammer,0
Toro y Moi,0
YACA IN DA HOUSE,0
Afriqué,0
Hypnatos,0
Olivia Newton‐John,0
M,0
Pish Posh,0
Citizen Cope,0
Jato,0
World Class Wreckin’ Cru,0
Whistle,0
John Kongos,0
Diamond Messages,0
Cujo,0
JoFes SkillzMen,0
Steve Mulder,0
U.S.U.R.A.,0
HXLY KXSS,0
2/5 BZ,0
Draso,0
Rachid Taha,0
Bryan Ferry,0
Tim Bergling,0
Macajey,0
Tommyknocker,0
Roaxx J,0
BMB,0
The Coasters,0
Lena Katina,0
Judie Tzuke,0
glaive,0
The Excels,0
Бьянка,0
CMC & Silenta,0
美妃,0
Happy Campers,0
The Loving Sisters,0
Talvin Singh,0
Dubstar,0
smn,0
BT,0
Sunnexo,0
The Jammers,0
Richard Durand,0
Barbara Lynn,0
Boot Of Fighters,0
Lazy Ants,0
ミラクルミュージカル,0
Monomate,0
Sascha Rydell,0
Suprême NTM,0
Darbo,0
Zack Fox,0
John Faulkner,0
Sibot,0
The Searchers,0
John Zorn,0
Lovebug Starski,0
Jon Lajoie,0
Joshua,0
Plácido Domingo,0
Wiener Mozart Ensemble,0
Future Islands,0
pisca,0
Urbani,0
The Fauns,0
Allan Holdsworth,0
LeVert,0
Djuma Soundsystem,0
Loden,0
Dom La Nena,0
Just Brothers,0
Brock Landars,0
A‐WAX,0
Lóbo,0
Jochen Miller,0
Judas Priest,0
Ｃ：\\Ｕｓｅｒ,0
Claire Littley,0
Shinehead,0
Roc the Dilettante,0
Spoon,0
キャナァーリ倶楽部,0
Max Romeo,0
Actress,0
Tina Moore,0
Tommy Trash,0
YAYAYI,0
דודו טסה,0
Cyclops,0
L3dgy,0
Max Mathews,0
’Til Tuesday,0
Individual Distortion,0
JJ Salinas,0
Georgia,0
WALK THE MOON,0
高瀬一矢,0
HyunA,0
DaBaby,0
Bourvil,0
Milke,0
Brenton Wood,0
DJ Deekline & Ed Solo,0
Ella Jenkins,0
Jennifer Hanson,0
The Cure,0
Pino D’Angiò,0
Sex Of Insects,0
samebeam,0
Imperial Circus Dead Decadence,0
Putrefy Factor 7,0
Cygnus X,0
Crystal Waters,0
Depone,0
Christophe,0
TCMusic!,0
Baauer,0
Hard‐Fi,0
Noah D,0
The Count & Sinden,0
Candy Dulfer,0
西木野真姫,0
The Winans,0
fourfolium,0
タナカトモノリ,0
John Patton,0
Paul Sharada,0
Odetta,0
Gary Gee,0
Tony Christie,0
SALES,0
Millie Jackson,0
Jimmy Edgar,0
Third Son,0
Nirban,0
Bill Haley,0
Howard Roberts Quartet,0
KK,0
Gigi D’Agostino,0
Guto Roberts,0
Om Unit,0
鈴木慶一,0
Ray C Mashups,0
高槻やよい,0
loophoof,0
YZ,0
DJ Q,0
XBXRX,0
Inon Zur,0
The Temprees,0
Gottfried Engels,0
Cecilia Krull,0
Mabisyo,0
Colin Munroe,0
DJ Paypal,0
DJ Vee,0
Busta Flex,0
Petit Rabbit's with beans,0
Hunting Lodge,0
Barry Adamson,0
mirai,0
Aki Omori,0
Kai Engel,0
Lewis Capaldi,0
Don Dellpiero,0
Raspberry Jelly Donuts,0
King,0
Reasons,0
K3WRO,0
Texta,0
Nom De Strip,0
Chris & Carla,0
佐倉千代,0
Golden Features,0
The Futures,0
Palass,0
細江慎治,0
Ronnie Foster,0
JS16,0
dooks,0
Ethereal Shroud,0
David Cummings,0
Hidenobu Ito,0
nelward,0
Eaves,0
HEYZ,0
Hausmarke,0
Hilight Tribe,0
Woody/mC,0
Lordi,0
MadMixMustang,0
Plan B,0
Feadz,0
Velure,0
David Alvarado,0
J Majik,0
Dev/Null,0
Madd Anju,0
ΛDRIΛNWΛVE,0
Beni,0
aran,0
Element,0
Sidney Samson,0
Bark Psychosis,0
Counterstrike,0
Notaker,0
Al Wilson,0
Antwon,0
大谷幸,0
DJ Harbinger,0
X-101,0
“Sweet” Charles Sherrell,0
Sipping Soma,0
Sir John Betjeman,0
O‐Zone,0
Mala Rodríguez,0
BeanJammin,0
Mt Eden,0
Blackfield,0
The Nobodies,0
Jestofunk,0
Flair Guy,0
Mac Glocky,0
Melissa,0
113,0
Kid Lib,0
Acker Bilk,0
Vindata,0
しほり,0
Ian Dury,0
Ethan Merlyn,0
The San Sebastian Strings,0
Markus Mann,0
鈴木広志,0
Divine Sounds,0
DM DOKURO,0
Miami Horror,0
Nocera,0
Krootchey,0
Anthony Attalla,0
Seventh Stitch,0
Nancy Wilson,0
Relanium,0
Elyanna,0
Tristan Scroggins,0
SEREBRO,0
Jacques Renault,0
POOLCLVB,0
友達つくり隊,0
Acid Mothers Temple & The Melting Paraiso U.F.O.,0
Basement Clash,0
ユイレヴィ♡,0
Zebra Katz,0
YB,0
Neneh Cherry,0
R. City,0
Harry Pussy,0
David0Mario,0
Showtek,0
Ethan64Music,0
AgileDash,0
London Funk Allstars,0
Vicki Anderson,0
Arcando,0
The Paradise,0
Bob Crosby and the Bob Cats,0
David Morales,0
Known To Be Lethal,0
TAYLOR,0
Power Rangers,0
HVME,0
Mastery,0
D.Rec.or.d,0
Domingo,0
Hurricane Chris,0
Van McCoy,0
Extrawelt,0
さユり,0
Jagged Edge,0
Ted Mulry Gang,0
Flemming Dalum,0
Savage,0
Mr. Flash,0
John Newman,0
Tchami,0
Dick Lucas,0
GØD,0
Fairmont,0
Mirani,0
RAWINTHEVOID,0
Broke One,0
Paul Bradley,0
The Chico Hamilton Quintet,0
Skee Mask,0
Burt Reynolds,0
Karlheinz Stockhausen,0
Ultimazone,0
Basement,0
EchoLane,0
Cero Rio,0
大久保博,0
Dread MC,0
Le Tigre,0
KK Null,0
American Gypsy,0
Genetic,0
Wamdue Project,0
LYNY,0
Terrorize,0
Jonesmann,0
Hair Stylistics,0
Rido,0
Dizzy Gillespie,0
Piotr Gajcy,0
Matthew Herbert,0
Diveo,0
chiArosCuro,0
Five or Six,0
Georgio,0
Fast Crew,0
Greed,0
Crowder,0
D Double E,0
Gabriela Robin,0
Игорь Фёдорович Стравинский,0
Leslie West,0
Todd Terje,0
Snitchbros,0
Stan Ridgway,0
Sniff ’n’ the Tears,0
Fade to Black,0
Vessy Boneva,0
Alphonse Mouzon,0
nacho,0
Bernache,0
Enduser,0
unknownsignals,0
ram jam world,0
Dru,0
Adventures of Stevie V,0
Tim Roth,0
Drastic Duo,0
Pritam,0
岬なこ,0
Lena,0
The Marcels,0
A R I Z O N A,0
Herman Kelly & Life,0
GANKAi,0
Mary O’Hara,0
Migos,0
Vanessa Carlton,0
B-EAST,0
FELIX,0
下田祐,0
BARELY ALIVE,0
KruSound,0
Porcupine Tree,0
Aoshi,0
Lenny Williams,0
AshleyTV,0
YOOKEE,0
Dr. Andonuts,0
Burnt Friedman,0
SOAK,0
The Allman Brothers Band,0
Эдуард Артемьев,0
Black Coast,0
Gene Chandler,0
Miracles,0
Bizz Nizz,0
Libera,0
Matter Mos,0
Martin Galway,0
Greg Hale Jones,0
Diego,0
Bro Safari,0
Groovezone,0
Swallow,0
Black Lung,0
MabelSama,0
TigerVegan,0
Love is Same All,0
Jesper Kyd,0
People’s Choice,0
Sylvia Striplin,0
Pink Guy,0
Samurai Breaks,0
Art of Tones,0
Bat for Lashes,0
Nicholas Karr,0
Babes in Toyland,0
Diviacchi,0
Elspongie,0
Made Men,0
Koa,0
Ivan Shopov,0
Roger Eno,0
Ferrichrome,0
fhána,0
El Coco,0
喜多條敦志,0
Calibro 35,0
DJ Sprinter,0
シイナフユキ,0
コバソロ,0
Sou el Flotador,0
O.A.R.,0
Cavetown,0
Spice,0
Raffi,0
mihomi,0
Paula Abdul,0
Sergio Delanuà,0
NewSong,0
SpongeBob and The Losers,0
Emoticon,0
Space,0
The Soul Seven,0
Astor Piazzolla and His Tango Quintet,0
Deedrah,0
TeeVex,0
Surly,0
Uriah Heep,0
MrCrackles,0
Yeat,0
DJ Axel,0
Ki:Theory,0
B-Rock & The Bizz,0
Durango 95,0
中島愛,0
Bad Omens,0
Engelbert Humperdinck,0
The Blizzard,0
AFI,0
2 Mello,0
Geroyche,0
Euphrosyne,0
Gerald Fried,0
Client,0
Wedlock,0
Gypsymen,0
Spoonie Gee,0
Debmaster,0
Sugar Creek,0
Elk Road,0
The Sea Nymphs,0
The Passions,0
Floating Points,0
OKI,0
T‐Connection,0
C-Mon & Kypski,0
Kiss Kriss,0
Sam Snee,0
Pages,0
Jessie Ware,0
山口理恵,0
ARMNHMR,0
Cruel Intentionz,0
中矢博元,0
NOKI,0
Witt Lowry,0
Bobby Williams,0
Brennan Heart,0
Sly Withers,0
Mito,0
Pagefire,0
Bedlam Ago Go,0
Roughcut,0
Blues Brothers,0
Dion,0
Tabar,0
S22,0
Naitklub,0
Cloud Mac,0
RHTL,0
Headie One,0
Cornelius Brothers & Sister Rose,0
Dadub,0
Oddwin,0
XIO,0
Jasmine Cephas‐Jones,0
Sunn O))),0
Paolo Monti,0
Brando,0
Elliphant,0
Randy Crawford,0
Xavi&Gi,0
新沼謙治,0
T.O.Y.,0
San Pacho,0
dokxid,0
butckhe,0
Reverse Psychology,0
Esoteks,0
Magiera,0
Laurie Anderson,0
Sheryl Crow,0
Sonority,0
Patric La Funk,0
Rachael Naylor,0
ForteFortissimo,0
Transglobal Underground,0
Jah Cure,0
The Prototypes,0
Slow Motion Centerfold,0
Cex,0
The Ramsey Lewis Trio,0
El_txef_a,0
MAX,0
Gelbart,0
Kings of Tomorrow,0
Kate Havnevik,0
Roni Size,0
The Whole Darn Family,0
RCola,0
Lou Grant,0
Cement City,0
Chip E.,0
Equinox,0
Nymfo,0
D.H.T.,0
OBESØN,0
FREAK ON,0
Triggerfinger,0
Feint,0
Aditi Singh Sharma,0
John Medeski,0
Wenzday,0
Russ,0
Jon Connor,0
Eddie Henderson,0
Slim Smith,0
MikyFlex,0
Tru Faith,0
Gala,0
Rick Dees & His Cast of Idiots,0
42ghosts,0
King Crimson,0
Red Rat,0
Eric Weissberg,0
Dave Grusin,0
The Electric Prunes,0
Quintino,0
Sam Hunt,0
Superfunk,0
Laurent X,0
Mitchie M,0
Revolte,0
TERSKELEPCE,0
Marksun & Brian,0
Evil Oil Man,0
Breach,0
キャロル,0
Revolution Void,0
DJ Greg J,0
HeathisHuman,0
amazarashi,0
Perri Alleyne,0
Astral & Shit,0
yQwO,0
Young Sid,0
SCUM,0
Lisa B,0
Sizzla,0
Blak Twang,0
The Ataris,0
Wordsworth,0
Blankie-,0
Black Marble,0
若菜,0
Axemen,0
Das Racist,0
Yah Supreme,0
Allen Ginsberg,0
Tipsy,0
Maria Lawson,0
Subliminal Code,0
Tom Scott,0
blackbear,0
Vinnie Maniscalco,0
Nutritious,0
Slow Reels,0
Lowland,0
石垣秀基,0
עפרה חזה,0
Phil n’ Dog,0
Teddyyy,0
Pola & Bryson,0
Bendromeda,0
KGB Man,0
The Partysquad,0
Ninja McTits,0
gaymichaelafton,0
Nathan Cadelina,0
Miss Cyberpink,0
Eddy Soulo,0
Copykat,0
Charlotte Plank,0
Sonic4ever,0
RoughSkreamZ,0
Ne‐Yo,0
Faxe,0
Midfield General,0
Lady A,0
Man in a Room,0
Lamb,0
Dark Arkade,0
Daler Mehndi,0
Stan Bush & Barrage,0
HOT PLACE,0
Markante Handlungen,0
London Philharmonic Orchestra,0
Mikhu,0
Markomen,0
Yusef Lateef,0
Arno Cost,0
Bebe Rexha,0
Spokes,0
Pete Lazonby,0
The Lovin’ Spoonful,0
Tub Ring,0
RaidAr,0
Burnski,0
DJ SPIZDIL,0
GROUND-ZERO,0
Mutato Muzika,0
Smokin Beats,0
C0PLE,0
Inaya Day,0
Israel Baker,0
Altered Crates,0
Saturn駅,0
Mihka!,0
Cocktail Party Effect,0
Yazzus,0
Makai,0
Nektar,0
Wizard of Loneliness,0
FireOfFriendship,0
Ben 10,0
Jean‐Michel Jarre,0
Fly By Nightcore,0
(K)NoW_NAME,0
Cloudier,0
Gamma Ray,0
Vincent Mashups,0
Pirate Jams,0
碧川れたす,0
Stylóo,0
Yael Naïm,0
Schatz,0
Get Well Soon,0
Bobby Womack,0
iPunx,0
Angelo Badalamenti,0
Lucenzo,0
Sinjin Hawke,0
Sipprell,0
Jay Sean,0
Minor Arth,0
Spencer Brown,0
KAYTRANADA,0
Kirk Franklin,0
Randy Houser,0
Simplification,0
Gilberto Gil,0
Di‐rect,0
The Night Writers,0
Garcia's Super Funk,0
Filterheadz,0
Carrots The Rabbi,0
Shabaam Sahdeeq,0
Da'Ville,0
Steve Miller Band,0
SlyphStorm,0
Ben E. King,0
Midnight Star,0
Moose‐Mouse,0
Akbal,0
Stormzy,0
Blanke,0
R de Rumba,0
The Rock Steady Crew,0
Anja Garbarek,0
Simon Fisher Turner,0
Paul Engemann,0
Twintale,0
TeeBee,0
Jackmate,0
TheTimebreaker,0
Go‐Go’s,0
opal東京,0
Temple One,0
Tracy Chapman,0
Tod Dockstader,0
Morgan Fisher,0
Mastermix,0
∑r▲,0
José González,0
Paul C & Paolo Martini,0
EPROM,0
Junior Senior,0
Twink,0
Eddy Senay,0
Zombie Nation,0
Stephan Bodzin,0
Bong‐Ra,0
Freestyle Fellowship,0
Kotra,0
Black Masses,0
Dawn,0
Jack Harlow,0
Véronique Sanson,0
Casanova,0
Afra & The Incredible Beatbox Band,0
Run,0
IRF,0
Maejor,0
Dua Lipa,0
Black Ivory,0
Hannah Montana,0
ImBN,0
Danny Greyiers,0
M.I.C.O.Y.C,0
DJ Sike,0
Peter Straus,0
Penguin Cafe Orchestra,0
Ultimate Force,0
Guem,0
Epowga,0
B. Ames,0
Little Stranger,0
René Amesz,0
Den Harrow,0
Scientist,0
The Dells,0
213,0
Bruford,0
501,0
Wyclef Jean,0
christ.,0
Sweet Trip,0
J-88,0
ATYYA,0
minecire,0
Lotte,0
KH,0
前線,0
Supreme Team,0
Mark Instinct,0
Tony Grayson,0
ghastly,0
ちゃーりー,0
aeiou music,0
GLaDOS,0
TheHolyT-Bo,0
赤血球 AE3803,0
Halsey,0
Bknapp,0
Poni Hoax,0
Daxbak,0
GaL,0
影虎。,0
Kelly Osbourne,0
Capleton,0
Sloppy Seconds,0
Acrylo,0
Thanatos,0
Little Big Town,0
双海真美,0
Trio Mediæval,0
Huts,0
山口裕史,0
Paul Mauriat,0
Charles Bradley,0
Marcos & Belutti,0
YBN Nahmir,0
The Bothy Band,0
松浦雅也,0
Jon Doe,0
Fast Food Rockers,0
Mano Negra,0
London Elektricity,0
David Arnold,0
Jordan Knight,0
Dr Packer,0
Quantum Dreams,0
HHH,0
KOAN Sound,0
浜口史郎,0
Höhner,0
Llorca,0
RuPaul,0
Kenny Lattimore,0
Rhys Chatham,0
Mashmakhan,0
Rogue,0
Flash‐Man,0
Bill Hicks,0
Noble,0
Morgana,0
Look Twice,0
Doug Moreland,0
clppng,0
BANKS,0
Mata-Hari,0
Stéphane Deschezeaux,0
Mint Condition,0
Cruz,0
Sans Souci,0
Smile,0
OTTO,0
Black Hippy,0
Phocust,0
Rudeejay,0
Tierra,0
Herve Pagez,0
Styx,0
Nils Frahm,0
Dusty Springfield,0
Udit Narayan,0
Monie Love,0
Bowa,0
Alexander Lynch Totheark,0
Jack Wall,0
Switch,0
桃箱,0
Chuck Brown,0
Cinema Bizarre,0
Grandpamini,0
Yilan,0
MF PICKLE-O,0
maychanxfate,0
DJ Tristan,0
Frida Gold,0
Echosmith,0
reason,0
Ryoji Ikeda,0
John Williams,0
Gerald Mallory,0
González & Gonzalo,0
Culture Club,0
Metronomy,0
Kwabs,0
Guru Josh Project,0
My Brightest Diamond,0
Cleo,0
Niek Stein,0
Parliament,0
Charlottefield,0
Digital Waves,0
Fat Boys,0
Carly Simon,0
佐藤仁美,0
Butch le Butch,0
Negrata Estudios,0
High Fidelity Three,0
Ehren Stowers,0
Minilogue,0
Enon,0
Magnum,0
Brownstone,0
小潘潘,0
maki ligon,0
DJ Surda,0
Ice Paper,0
אשמדאי,0
Neon Trees,0
Corey Feldman,0
El‐P,0
SaidWho,0
Lustra,0
oblivion,0
Robert Lax,0
Johnny Mathis,0
EXILE,0
Stevie Wright,0
The Outfield,0
Peelo,0
DZZ,0
Jacob Miller,0
NightColt,0
Squid Squad,0
Osanzi,0
Manoa,0
Yolk,0
7L & Esoteric,0
Blue Foundation,0
MUTEMATH,0
Bluecoats,0
Cloudjumper,0
JHz,0
Haruka Tamasaki,0
you,0
Joe Anderson,0
Hazhe,0
Bandolero,0
Jeff Mills,0
jefftheworld,0
Albin de la Simone,0
Jeremy Storch,0
Silkbless,0
The Temper Trap,0
Koriass,0
Jamaram,0
Zéphyr 21,0
Monolake,0
Archie Whitewater,0
Misanthrope,0
Lime,0
Lowrell Simon,0
Ｓｐｏｒｔ３０００,0
Mýa,0
Sandy Rivera,0
Sly One,0
Congress,0
Black Grass,0
Driving Faces,0
サツキ,0
Fortran 5,0
Dennis St. James,0
Dance Fever,0
Robin Thicke,0
Clubspeakers,0
dive to the heart,0
Deedubs,0
Séraphitüs-Séraphîta,0
The Ziggens,0
dj nagureo,0
Addison Rae,0
易坤林,0
49ers,0
Gant Garrard,0
toonlink,0
NoteGeek,0
Rbm noise ensemble,0
Bumblebeez,0
長谷川迷子,0
石田燿子,0
Roy Hamilton,0
Otis Gayle,0
Chambaland,0
Maxine Singleton,0
Tor,0
Mr. Lee,0
Jefferson Starship,0
沢城みゆき,0
Jibbs,0
The Potbelleez,0
GST大好き,0
이반석,0
Gary Low,0
Randy Crenshaw,0
Marvellous Cain,0
187 Lockdown,0
Armor for Sleep,0
Kölsch,0
U.N.L.V.,0
TOKiMONSTA,0
Reel Big Fish,0
Dubmood,0
Fun Fun,0
Cem Özel,0
CSR Superstars,0
Lee Fields,0
Captain Rock,0
芸能山城組,0
Blue Mink,0
Steve Winwood,0
dj g2g,0
Aire,0
Gwen Guthrie,0
Guy J,0
Dorothy Ashby,0
The Wasteland Wailers,0
Theo Parrish,0
Kognitif,0
ZOEgirl,0
X,0
JJokerDude,0
DJ YOSHITAKA-G,0
Guaranteed Raw,0
Hozokauh,0
The Biz,0
Murs,0
M & G,0
Speedwave,0
keshi,0
Hollywood Holt,0
Loctek,0
LAZ,0
yandere,0
S.O.S.,0
Killing Joke,0
Mister Rogers,0
Formula 7,0
The United States of America,0
Bensley,0
Gauge,0
Ember,0
Lykke Li,0
Ryan Leslie,0
Swagberg,0
Fast Life Yungstaz,0
Wasted Image,0
Animotion,0
Eiden XII,0
Singing Sweet,0
Los 4,0
Warrant,0
John Ussery,0
Twilike Wonder,0
john=hive,0
Limp Pumpo,0
Afrika Bambaataa,0
Lime,0
Candy Bowman,0
mycutiemarkisagun,0
Phoenix #2772,0
Smith & Smart,0
Porter Ricks,0
فيروز,0
bLiNd,0
Lonnie Liston Smith,0
Cali Swag District,0
Nitzer Ebb,0
MC 900 Ft Jesus,0
Kevin Lyttle,0
MC ENE,0
Digital Mystikz,0
MONTiE THE BEAR,0
Danger,0
Zook,0
"Hamilton, Joe Frank & Reynolds",0
Icehouse,0
Jackie House,0
Monopol,0
Modern English,0
MILLENNIUM PARADE,0
Goldfinger,0
Lead Belly,0
Jondrette Den,0
Osanna,0
U-Niq,0
El Reno Renardo,0
ROUDS,0
Crookram,0
Mystery Man,0
Drake Bell,0
Lolishit,0
遠藤正明,0
Deathpile,0
lupa,0
Audio Lotion,0
The Mad Lads,0
Siouxsie and the Banshees,0
DJ Reche,0
Meme Machine MKII,0
Sunshine Anderson,0
New Kingdom,0
アンメルツP,0
Rudimentary Peni,0
Diabarha,0
Jane Weaver,0
Dem Hoodstarz,0
Michael Schulte,0
Michel Schwalbé,0
+666†V∆ND∆L∂∂∂*+.\\>\\>\\>†\\//\\\\/\\\\'>/\\\\_⤴⤴⤴™√Æı∆Æ|†◊æ~∂æ¬,0
Gak,0
Kryptogram,0
NotherWael,0
Nettohunden,0
Chelsea Wolfe,0
OVe‐NaXx,0
Maji,0
DJ Casper,0
Edgar Froese,0
lovbug,0
Jay Reatard,0
Cashmere Cat,0
Tatsunoshin,0
Odd Nosdam,0
Xenon Odyssey,0
Dennis Alcapone,0
Mike Hawkins,0
N8E,0
אמילי קרפל,0
OXES,0
Dear Nora,0
Felckin,0
Shu,0
Perpetual Motion,0
Javi Boss,0
Rosie,0
Celeste Legaspi,0
Zach CG,0
Galaxy 2 Galaxy,0
Toonika,0
Cliff Edwards,0
Conor Maynard,0
Renan Luce,0
The Techniques IV,0
Ouro Kronii,0
Ben Double M,0
Steve Angello,0
Initiative H,0
Hoaprox,0
7 Days of Funk,0
Dr. Alimantado,0
millexica,0
QBass,0
ねごと,0
Renée Elise Goldsberry,0
Masarima,0
Neutered Kat Analyst,0
4gotten Morb,0
Tek lintowe,0
Brother Ali,0
proloxx,0
MDR Rundfunkchor Leipzig,0
Shadow the Machine Angel,0
Audra Mae,0
Tempus Tonic Philharmonic,0
Maktone,0
The Strokes,0
ReeK,0
Swales,0
らき☆すたのみんな,0
Ray Conniff,0
BlocBoy JB,0
Lord T & Eloise,0
Ruth Segal,0
Patrick Hernandez,0
Morgin Madison,0
Lynx,0
Bally Sagoo,0
小林ゆう,0
Chuck Lorre,0
Robert Wyatt,0
gladde paling,0
Oblivion,0
Theo Vaness,0
Carmine Coppola,0
Jugglerz,0
DJ SymBiotiX,0
The Truman Show Band,0
Ramzoid,0
Total,0
How to Dress Well,0
Xavier Naidoo,0
James Swill,0
Warren Kime,0
トゲナシトゲアリ,0
Eddie Morton,0
manish,0
Kawai Sprite,0
Joanna Law,0
Grouper,0
Mr Hudson,0
Berliner Philharmoniker,0
Koko Taylor,0
Brian Fahey and His Orchestra,0
Sharon Paige,0
Ice Spice,0
Trap Remix Guys,0
R3HAB,0
Fastway,0
peЯoco.,0
Otto A. Totland,0
氷河,0
Résonance,0
Tiamat,0
Walls of Jericho,0
Barcelona,0
Naked Funk,0
Psychick Warriors ov Gaia,0
ハチ,0
Claires,0
Rebelion,0
MARINA,0
DJ Brisk,0
The Bangles,0
Sam Prekop,0
Chandra,0
藤井美苗,0
DJ Ezg,0
Jess Mills,0
Matthew Dekay,0
Nexy,0
The Teardrop Explodes,0
BoyKoy,0
Samantha Carter,0
Bling Crosby,0
Tokyo Machine,0
William Bell,0
Dokaka,0
Bridgit Mendler,0
Ron Wasserman,0
Jimmy “Orion” Ellis,0
พนม นพพร,0
In Love With a Ghost,0
Joe Harriott and John Mayer Double Quintet,0
Expensive Dispenser,0
Supreme Cuts,0
Deadboy,0
Emma Gelotte,0
宮里久美,0
Leon Vegas,0
dossyx,0
JoJo,0
Xam,0
.｡*ﾟ+.*.𝓒𝓾𝓻𝓻𝓮𝓷｡+..｡*ﾟ+,0
Ebo Taylor,0
Marky Mark and the Funky Bunch,0
Loui,0
가리온,0
barnacle boi,0
Hommarju,0
Cecil Remmler,0
Tryo,0
The Chambers Brothers,0
ALI PROJECT,0
Change,0
Peter Metro,0
John Farnham,0
DeVotchKa,0
Ray Keith,0
The Tribalmastaz,0
Bushwacka!,0
Bentley Jones,0
Erich Kleinschuster Sextett,0
Rookie Card,0
The Bucketheads,0
Mark Griskey,0
DEXAMP,0
Anderson .Paak,0
James Chance and the Contortions,0
Styles of Beyond,0
Cyberpunk Colt,0
Jigsaw,0
The Hood Internet,0
leenuz,0
The Treniers,0
Laura Nyro,0
Kllo,0
Bow Wow,0
Rauppwar,0
戸高一生,0
Tony Alvon & the Belairs,0
DarkMateria,0
Jenna Rose,0
DJ ICE,0
Vince Tempera,0
Tortoise,0
Heist,0
Down to the Bone,0
Enric Barbat,0
DJ Nekbath,0
The Barrie Moore Combo,0
Soul To Soul,0
iLoveMakonnen,0
Hannes Rasmus,0
Lordz of Brooklyn,0
Diamanda Galás,0
Kano,0
Tha Playah,0
The Barracudas,0
Williams Fairey Band,0
Trinity,0
Scanty Sandwich,0
Modeselektor,0
Too Fast for Mellow,0
Infinite Livez,0
Parque en el Espacio,0
Car Sofa,0
David Vunk,0
Titus Jones,0
Trends of Culture,0
The Troubleneck Brothers,0
Distance,0
TK,0
LANsv.,0
William Harris,0
Sync24,0
El Sicario,0
Mike Krüger,0
J Pearl,0
Egotrip,0
Frazier,0
Martha Reeves and the Vandellas,0
Camel,0
REDZED,0
Louis Armstrong & His Orchestra,0
Wavedash,0
stereoberry,0
Kabin Crew,0
Benny Page,0
Hairy Diamond,0
Hood,0
Starley,0
Louie Zong,0
Gusttavo Lima,0
Johnny Pluse,0
Jidenna,0
Charly Danone,0
Ken-Y,0
Wild Sugar,0
Nathan Dawe,0
Valerie Simpson,0
Vita Chambers,0
Madeaux,0
Pawston,0
Ford & Lopatin,0
Oscar Rocchi’s Orchestra,0
Malique,0
The Drifters,0
Donell Jones,0
Angie Stone,0
Carter the Unstoppable Sex Machine,0
Bas Noir,0
Duffy,0
LOVE AND HATES,0
Odyssey,0
PUZIQUe,0
John Surman,0
Sol Bontempi,0
Deepnite,0
村上聖,0
Cheryl Stelli,0
渡辺岳夫,0
Graham Nash,0
Rose Melberg,0
Pierre Perret,0
Grouplove,0
Xilent,0
신중현,0
Myro,0
The Jefferson Lemon Blues Band,0
Kelly Pace and Group,0
中西哲一,0
Agent!,0
H8_Seed,0
Irish Steph,0
Sisqó,0
Toe Tag,0
MC Duke,0
Joy Unlimited,0
Maria Rosa Carminati,0
HIR,0
Mario 3D World Big Band,0
Ethel Cain,0
Y&Co.,0
Andrew Davenport,0
Paul Williams,0
Fifth Flight,0
Ken Carson,0
Brother Bones,0
Morph.,0
空隙,0
Caveat,0
Tito Puente and His Orchestra,0
MadLove,0
elxnce,0
Harold Arlen,0
Akure Wall,0
S-Bam,0
Moon Man,0
Phats & Small,0
Hande Yener,0
Kulture,0
Fried,0
DJ Mando,0
ZipZipper,0
Fred Wesley,0
The 5th Dimension,0
Alex Lee,0
David Essex,0
Pase Rock,0
Indeep,0
Paul SG,0
Chris de Burgh,0
The Ultimate Seduction,0
Statik Selektah,0
P.Y.T.,0
PsoGnar,0
bo en,0
COLTEMÖNIKHA,0
Hot Chocolate,0
Song of Zarathustra,0
Jaco Pastorius,0
Christa Lee,0
Craig Armstrong,0
Steven McNair,0
ISSBROKIE,0
9 Lazy 9,0
MICHAELBRAILEY,0
Sheppard,0
No Sé,0
Claude Dubois,0
Thee Mike B,0
Eddie Cantor,0
冨田勲,0
Christiana Chappet,0
Tom Newton,0
DJ M.I.F.,0
Bella2855,0
Shako el SH,0
Oomph!,0
nordloef,0
Brad,0
Iron & Wine,0
Fame on Fire,0
Neue Heimat,0
Michael Staple,0
Raumakustik,0
Quartz,0
Novalis,0
SuperSweep,0
Skønflap,0
Only Child,0
Xuân Mai,0
Triple‐Q,0
Jon Moritsugu,0
Loop Guru,0
Faithless,0
icesawder,0
The Reese Project,0
Exhaust,0
Edna Wright,0
ProleteR,0
Pound Boys,0
Drone,0
Somasis,0
Swan,0
Banbarra,0
JEON SOMI,0
King T,0
Electro Organic Sound System,0
Andy M. Stewart,0
Tunnan och Moroten,0
Apostles,0
Philip Kolak,0
Christian Burns,0
ABIS,0
hisboyelroy,0
Prince d’Arabee,0
Joan Manuel Serrat,0
Sly & the Family Stone,0
Andy Tau,0
Death of the Cool,0
NeatNeet,0
Pascal Letoublon,0
Olly Murs,0
Ravi Shankar,0
David Oliver,0
☆Taku Takahashi,0
Evol Waves,0
Luke Abbott,0
wawawa,0
SQUΛD GOΛLS,0
Yukmouth,0
Roni Size & DJ Die,0
Obie Trice,0
MLM3,0
Private Taste,0
K7,0
Jean‐Luc Ponty,0
Grandtheft,0
Sandals,0
Fukkk Offf,0
The Meters,0
Artful Dodger,0
Riccardo Muti,0
PBR Streetgang,0
BOØWY,0
Lily Frost,0
The Buggles,0
DJ UMB,0
Sami Habra,0
The Specialist,0
Eslabón Armado,0
Gladezz,0
BBYKOCAINE,0
DJ Funk U Up,0
El Barto & Liam B,0
A Static Lullaby,0
Jaga Jazzist,0
Dirty Elegance,0
Dan Hill,0
DSA Commando,0
Richard Zagiba,0
Les Rythmes Digitales,0
Ensemble Modern,0
The Argo Singers,0
The Ballistic Brothers vs. The Eccentric Afros,0
Levity,0
Butthole Surfers,0
Carlos,0
Forecast,0
Emer Mayock,0
阿澄佳奈,0
KetVector,0
Big Country,0
Турбомода,0
Martine Girault,0
DJ Supreme,0
Girls’ Generation,0
Ametsub,0
J-Walk,0
Mental Instrum,0
Petit Rabbit’s,0
Mitomoro,0
Jadiel,0
Scenick,0
vgmtdaalz07,0
Little Wink,0
FPPC,0
Gaspard Augé,0
The Gregory Brothers,0
Cris Williamson,0
Eli Robinson,0
Vicio Latino,0
White Zombie,0
Richard Petit,0
Snowbird,0
Bomfunk MC’s,0
Saints & Sinners,0
Vamos Art,0
ODD EYE CIRCLE,0
DJ Alex F,0
Generation X,0
Curse,0
Ջիվան Գասպարյան,0
Caliente Mirage,0
Lily Laskine,0
Dragonette,0
Delphic,0
Flume,0
Bad Copy,0
Auto‐Auto,0
Negative A,0
少女病,0
L.A. Nash,0
Nightime Burnout,0
Mick Gordon,0
Landlord,0
Similar Outskirts,0
☆ L U C K Y ☆,0
Heatbeat,0
PSYQUO,0
Reese,0
Mohican Sandbag,0
新しい時代の自動車,0
Information,0
Poplica*,0
oki,0
totsumal,0
Hampton Hawes,0
Palami,0
GRADES,0
kamome sano,0
Tanya Morgan,0
Antoine Duhamel,0
20 Fingers,0
DJ Rolando,0
Oingo Boingo,0
Malcolm X,0
William D. Drake,0
A’Studio,0
Skadanks,0
Claudio Simonetti,0
Def Squad,0
Fela Kuti,0
Christopher Cross,0
Ann Peebles,0
Erich Wolfgang Korngold,0
Zusebi,0
BodyRockers,0
Eugene the Dream,0
ox33n,0
Melvins,0
guitarhero,0
waterfront dining,0
Central Line,0
Apes & Androids,0
Fugazi,0
Tina Malia,0
meg rock,0
Jon Bellion,0
Femi Kuti,0
Elvis Depressedly,0
David Dallas,0
The Caretaker,0
she,0
Sadam Ant,0
Banderas,0
Exteria,0
Derris-Kharlan,0
Ms. Dynamite,0
Veruca Salt,0
Dr. Lonnie Smith,0
Buster Williams,0
Deux,0
Cults,0
Lisa Rowe,0
Fairlane,0
Sammy Davis Jr.,0
Carl Carlton,0
The Sick Lipstick,0
ÜberTriangle,0
Vorso,0
David Rees,0
The Third Guitar,0
Afrirampo,0
DJ Cipha Sounds,0
David Dycus,0
Debra Laws,0
Think Tree,0
Aristotle,0
Joe Dassin,0
Anand Shinde,0
Judy Cheeks,0
Ockney,0
Moodymann,0
Tangerine Dream,0
Skinny Boys,0
Sun Electric,0
Weebl,0
Annette Taylor,0
Pigface,0
Roland Cristal,0
Plastic Bertrand,0
Ten Wheel Drive,0
A Taste of Honey,0
w3madeit,0
消灯 Life,0
The Sun Ra Arkestra,0
Normand Corbeil,0
South Bronx,0
Ester Dean,0
Demi Lovato,0
Eurythmics,0
Fania All-Stars,0
Lulu & the Luvvers,0
Selace,0
Alizée,0
Robert Schroeder,0
Maarten van der Vleuten,0
Smeedge,0
The Sensations,0
John Tesh,0
Mickey Avalon,0
The Eighth Day,0
Bad Religion,0
Freejak,0
GucciGate,0
GulloHack,0
Rob Swift,0
Regina Spektor,0
I:gor,0
The Rocket Summer,0
Raven‐Symoné,0
The Washboard Rhythm Kings,0
Tempa T,0
Charles Matthews,0
glass beach,0
Nimo,0
Audio Fidelity,0
One eskimO,0
Renaldo Domino,0
Axel,0
iLOVEFRiDAY,0
Los Autómatas Inteligentes,0
DJ Rudec,0
Jawnhto,0
Sane Masayuki,0
Matt and Kim,0
midwxst,0
Leslie Hall,0
Trivecta,0
Nairobi Sisters,0
HIM,0
Richard Harvey,0
Issey Cross,0
Virus Incorporation,0
Volume 10,0
The Satan,0
The Jets,0
Kevin Bateson,0
田中しのぶ,0
Daydream,0
Lil Mama,0
Gravity Kills,0
KŪKO,0
レム,0
LoPhi,0
TranceParty,0
Enzo is Burning,0
Skye Sweetnam,0
秋月律子,0
Maurice André,0
Paul MTQ,0
Traxamillion,0
Jacques Brel,0
Atom and His Package,0
BurnedKirby,0
米光美保,0
Fragile State,0
snowpoint lounge,0
Nostalgix,0
Kep1er,0
Scratch Massive,0
Rosemary Fairweather,0
djkirakira,0
Ascii.Disko,0
Train,0
Jake One,0
Dynamic Corvettes,0
Moop Mama,0
TO-MAS SOUNDSIGHT FLUORESCENT FOREST,0
Specifics,0
The Turtles,0
Neal Howard,0
⛤▓▒░▒▓⛤,0
Made in Mexico,0
Bobby Vinton,0
Jah Screechy,0
Tudd,0
The Mohawks,0
Fruit Loops,0
Jodi Benson,0
SLACKCiRCUS,0
Quiroga,0
Willesden Dodgers,0
Xxtarlit⚸,0
Cube Panda,0
Roberta Flack,0
新居昭乃,0
NieN,0
Sam Dillard,0
Shaboozey,0
Andy pls,0
Deine Lieblings Rapper,0
L.T.D.,0
Dario Zenker,0
Byron Davis & The Fresh Krew,0
Joolz,0
TheFatRat,0
YoungBoy Never Broke Again,0
Monster Magnet,0
Praxis,0
Zebda,0
Midnight Oil,0
Mark Eteson,0
Russell Simmons,0
Los Incas,0
Inta Warriors,0
Switch Disco,0
COPYCATT,0
Nebita,0
supercell,0
Camping in Alaska,0
David Allan Coe,0
Duval Timothy,0
Christoph Korn,0
The Tiberian Sons,0
Michael Rüsenberg,0
Blue Amazon,0
The Whatnauts,0
Down AKA Kilo,0
$atori Zoom,0
MC Fats,0
Tikkle Me,0
Vypes,0
Bombo Rosa,0
The String Cheese Incident,0
Common Underground,0
さよならポエジー,0
fan_3,0
Carlos Santana,0
IzzyKart57,0
Delta V,0
Ewun,0
Reflekt,0
William Crooks,0
Harmony Sisters,0
灰島銀華,0
uno,0
Chris & Cosey,0
Nachoman,0
INXS,0
Royal Flush,0
Ara Tokatlián,0
Gábor Szabó,0
Extortion,0
Cherry 葵 Nightcore,0
grande1899,0
Razat,0
KENTENSHI,0
Rebecca Zamolo,0
Pocketmaster,0
The Nite-Liters,0
Tkay Maidza,0
Charlie Schmidt,0
The Jimi Hendrix Experience,0
Sylvia Robinson,0
George Kranz,0
Stars of the Lid,0
Type O Negative,0
Psiryn,0
Gardens,0
Texas Is the Reason,0
Bamboo,0
Rche,0
Shackleton,0
Simply Red,0
Decap,0
ACRAZE,0
The Luna Sequence,0
Rowpieces,0
Tim Buckley,0
Don Carlos,0
津島善子,0
Yem,0
Couple N,0
Julien Clerc,0
Michael McDonald,0
Emílio Santiago,0
Archigram,0
Scoop,0
Papoose,0
of Montreal,0
Chris Cutler,0
SU0MIF0X!,0
綾倉盟,0
The Jones Girls,0
Bernardo Pinheiro,0
しんなりちゃん,0
Karen Young,0
Live,0
Ponytronic,0
Lil’ Mo,0
The Boy Wunda,0
Michael Murray,0
cYsmix,0
James Brown & The Famous Flames,0
Ute Lemper,0
Jackson Browne,0
Mac Lethal,0
Noise Factory,0
B.T. Express,0
妖精帝國,0
Ca$h Bandicoot,0
SimoFrost,0
Nikola Gala,0
ヨーコ,0
Positive Force,0
Les Baxter,0
replacer,0
C2C,0
The World Domination,0
Idiot Pop,0
Mr JL,0
The Little Ones,0
earthm🌎vers,0
Alan Parker,0
Hugh Bullen,0
Marcia Griffiths,0
Shades of Brown,0
Village People,0
Uncle Fill,0
Young Chris,0
Goja,0
Trippie Redd,0
Goro,0
This Mortal Coil,0
Global Groove,0
Terra Ferma,0
Mavado,0
Alan Moore,0
David Bergeaud,0
Blockster,0
Meredith Brooks,0
Graham Coxon,0
Confetti’s,0
赤卵,0
$WAGGOT,0
Billy Raffoul,0
BlaDesa,0
George Andreas,0
Klaypex,0
Faze‐O,0
Aerotonin,0
Key‐Matic,0
藍良あれれ,0
Duskfall,0
Graz,0
King Oliver and His Creole Jazz Band,0
Immoskyl,0
黒木智子,0
Alex S.,0
The Cyrkle,0
Access Denied,0
Puff Freude,0
BLACKPINK,0
Ivy Queen,0
Ceephax Acid Crew,0
Emanon,0
Stretch Armstrong,0
AURORA,0
1086 Productions,0
Caz Clay,0
Lothar and the Hand People,0
橋本由香利,0
Doc Scott,0
The Lions,0
Patti Jo,0
Lee Aaron,0
Sister Sledge,0
Clara!,0
mc chris,0
Shade,0
Powell,0
Uebok,0
Modest Mouse,0
Boylan,0
zorg,0
Bobby Russell,0
channel select,0
Rundfunkchor Berlin,0
HeyLasFas!,0
Korn,0
Ashley Wallbridge,0
Mitsunori Ikeda,0
Daniel Lopatin,0
Lisa Hannigan,0
Toumani Diabaté,0
sapientdream,0
roboticoder,0
MNDSCP,0
Braaheim,0
Jaron,0
OMI,0
Stanley Turrentine,0
The Chicks,0
Miss Jane,0
Key4050,0
HYPERPUP,0
Clarence Paul & The Members,0
Jobless Music,0
Caparezza,0
Jesse McCartney,0
Владимир Шаинский,0
Richard Roundtree,0
DJ Skribble,0
Logic Wave,0
Quincy Jones,0
Nuuro,0
八王子P,0
Stephan Bodzin vs. Marc Romboy,0
Roy Bebop,0
Arty Fufkin,0
Fredo & Thang,0
The Cooper Temple Clause,0
Eurohead,0
The Firm,0
LB,0
DJ Vadim,0
c4rl,0
Brandon Liew,0
Beeyoudee,0
Al Stewart,0
Peter W,0
Ojiji,0
Alvin Curran,0
バンドメンバー募集,0
Inspectah Deck,0
Andrea McArdle,0
Gym Class Heroes,0
ArcaneSoul,0
tirestires,0
Nicholas Bennison,0
Alan Braxe & Fred Falke,0
The Doobie Brothers,0
Bronski Beat,0
The Ragga Twins,0
Fixions,0
Veracocha,0
Anonite,0
DJ Screw,0
Alwoods,0
The Chordettes,0
Kelly Charles,0
Haley Gibby,0
Patricia Taxxon,0
XDB,0
西川貴教,0
Марионетка,0
SHOKK青,0
Chri XsX tiaN,0
L.A. Symphony,0
Mary-Kate & Ashley Olsen,0
Snowva,0
Tocadisco,0
Electroset,0
David Shire,0
DJ Zirk,0
Landon Austin,0
Noname,0
Erothyme,0
Schola Hungarica,0
Real McCoy,0
Junior Jack,0
