entity,hub,out_strength
SmadaLeinad,0.179353,1319
DJ Schmolli,0.0449359,1315
Triple‐Q,0.0440661,1078
Robin Skouteris,0.0283759,258
DJ Earworm,0.0202115,304
Talk Hard Productions,0.018026,449
The Gates of Sleep,0.013873,163
Victor Serna,0.0124117,53
EssenceGlory,0.0117534,36
Psynwav,0.011002,462
TCMusic!,0.0103755,128
DJ Nerd42,0.00917528,327
Girl Talk,0.00914969,455
The Sheep Queen Experiment,0.00909195,402
leroy,0.00906132,352
V‐FUN,0.00899166,240
Titus Jones,0.00851452,72
PaulGMashups,0.00761353,107
RosalinaSama,0.00747943,110
G3RSt,0.00739408,367
nakinyko,0.00686595,358
YITT,0.00679849,201
E-603,0.00668192,325
Death Cab for Yeezy,0.00664305,291
Danny Greyiers,0.00638137,139
panda_riot,0.00585685,42
LibraH,0.00543793,94
Super Mash Bros.,0.00536207,195
Go Home Productions,0.00516652,239
Expensive Dispenser,0.00513896,148
Ultimazone,0.00504377,69
Cheryl Stelli,0.00493391,119
Isosine,0.00490572,63
Cryptidd Mashups,0.00471675,57
Fritz von Runte,0.00453802,212
Beefjerky007,0.00436222,76
ah!,0.00412488,103
CatboyNiko,0.00409794,100
Neil Cicierega,0.00409718,230
JV5,0.00406625,173
Mighty Mike,0.00403368,149
ToToM,0.00402983,221
Hahnstudios,0.00386241,270
The Third Vagina,0.00383976,107
duuzu,0.00376088,228
gniRob,0.00375669,161
Mick Boogie,0.00367148,35
TeeVex,0.00365954,118
David0Mario,0.00351371,62
Dead DJ Joke,0.00337759,25
Ben Liebrand,0.0031245,45
jan Misali,0.00309238,83
L3dgy,0.00297671,25
Filip Čihák,0.0029549,129
Truongasm,0.00284181,70
Eminem,0.00280706,120
Karina Longworth,0.00264401,245
MC Fresh Dawg 3000,0.00262001,18
Timeflies,0.00252129,16
Milkfish,0.00243503,33
Power Music Workout,0.00239294,24
White Panda,0.00234029,41
Alex Hawka Hawkins,0.00231068,22
James Gameboy,0.00227818,40
DJs From Mars,0.00222363,18
I am Jemboy,0.00221674,197
Peggy‐P,0.002198,79
Contopp nd #Sloppit#,0.00219402,78
dj BC,0.00217738,79
KatazTrophee,0.00214039,47
Tufos Mashups,0.00212372,29
McMaNGOS,0.00209999,19
Rock Emo Nightcore,0.00207436,19
Bendromeda,0.00207283,34
FutanariVorestep.exe,0.00201932,21
9freak9,0.00187073,11
RaidAr,0.00185637,108
Phil RetroSpector,0.00180923,186
Carrots The Rabbi,0.00178875,40
Pantsmode,0.0017821,52
northboii,0.00177121,87
DJ Funk U Up,0.0017371,28
Joshua Rocha,0.00173362,68
Party Ben,0.00170508,91
FreeStyleGames,0.00169993,60
Chuckie Nugget,0.00166888,50
Daft Grips,0.00161582,42
David Rees,0.00160737,16
JAY‐Z,0.00158797,196
MashMike,0.00157881,11
PopChop,0.00155063,41
Scabloopy Floop,0.00154002,114
Renard,0.00153329,68
Chongo,0.00144729,39
D.veloped,0.0014403,21
Extrenor,0.00143904,17
Coconut Hemluck,0.0014344,20
J. Cole,0.00136682,159
Ph0ton,0.00135757,33
girls factory,0.00135263,55
Divide & Kreate,0.00133625,18
DJ Giac,0.00130105,62
JAMONMEAT,0.0012909,21
vimae,0.00128027,6
Danger Mouse,0.00127291,43
Lewis Wake,0.00126003,24
ccc,0.00125666,54
Eneff12,0.00125404,29
S!RENE,0.00122806,42
Spose,0.00122518,59
larsht_,0.00121575,118
The Beatle,0.00121183,30
Hippomothamus,0.00120992,38
The Gentleman Thieves,0.00120113,20
DJKurara,0.00115279,22
White Noise Mashups,0.0011287,31
iWillBattle,0.00111357,27
DJ Y Alias JY,0.00110441,43
Uppermost,0.0011029,6
FRACTALFUCK,0.00102289,16
Marlon Caro,0.00100655,16
hujiba,0.000999493,39
Rachael Naylor,0.000988248,5
𝙟☆𝙣𝙠𝙤!,0.000985109,47
A-Saph,0.000981709,15
Joseph James,0.000976575,24
DARKSIDE,0.000971505,14
Moustiluigi Random,0.000971505,14
Pluffaduff,0.000965123,26
DJ Lobsterdust,0.000956728,53
Wax Audio,0.000954507,76
DJ Harbinger,0.000943495,12
ethanplus,0.000930987,3
Midcall,0.000922638,28
Vincent,0.000891476,26
Adam WarRock,0.000891093,54
Elocnep,0.000887294,28
Charli xcx,0.000883227,20
DJ Paul V.,0.00088205,7
Glitch Cat,0.000873357,8
EVoL_InTheory,0.00086602,10
Chris Morris,0.000865601,318
Kuraidesu,0.000854763,2
Geshtro,0.000852632,24
oneboredjeu,0.00084134,29
Throttle,0.000834079,42
DRA’man,0.000832584,38
Exige,0.0008185,20
DJ エリ君,0.000818048,7
Unfit for Purpose,0.000816738,79
DJ Sabrina the Teenage DJ,0.00080287,86
Omario009,0.000777905,6
Kina Grannis,0.0007706,12
Mark Ronson,0.000766156,48
TigerVegan,0.000758464,33
ArinInflux,0.000755026,3
Lacheque,0.000753034,68
Cosmic Latte,0.000751676,30
Alligatoah,0.000751642,2
Grave Danger,0.000751411,8
Mike Love,0.000741814,33
Athom,0.000739016,28
William Singe,0.000730701,18
Clean Bandit,0.000724061,20
patten,0.000723189,31
MaedaSalt,0.000719183,22
Left at London,0.000715606,10
Ayesha Erotica,0.000708457,7
Sarvéproductions,0.000705494,16
Listie,0.000704146,7
144p,0.000694064,12
MJ,0.000693932,10
The Kleptones,0.000679728,62
The Boy Wunda,0.000676929,6
crafter2011,0.000671775,17
Rogue,0.000661909,12
Kendrick Lamar,0.000661309,73
Kurran1998,0.000660025,15
Loo & Placido,0.000656372,26
Hexadigital,0.000654998,8
The Fabulous Beatmashers,0.00064817,4
Kno,0.000633423,15
Bobby Martini,0.00063188,8
lesserjoke,0.000631349,12
Beyoncé,0.000626826,129
DJ Crazy Chris,0.000623958,33
Instamatic,0.000621685,3
MoistedArnoldPalmer,0.000620267,2
Sia,0.000616995,12
Hawkins,0.00061698,22
Twerknation28,0.000609172,26
The Evolution Control Committee,0.000609061,32
Team Teamwork,0.000608584,83
gladde paling,0.000597916,2
Drake,0.000594058,65
"응과사전, Shittypedia - Free Shit Encyclopedia",0.000578706,5
Gary Gee,0.000578703,17
Kakofonous A. Dischord,0.000578657,3
Pupscud,0.000578657,3
Roaxx J,0.000577991,5
POLO PERKS <3 <3 <3,0.000576974,27
Zekk,0.000575484,15
Pretty Lights,0.000575265,29
r u s s e l b u c k,0.000570372,16
SKiBiLiBoP,0.000569411,12
Beastie Boys,0.000568359,166
Shoebill,0.000567522,39
Gelbart,0.000565519,14
Progress,0.000564108,5
DJ Tripp,0.000559663,23
Witt Lowry,0.000558661,10
Ariana Grande,0.000558333,10
DJ Supreme,0.000550636,4
Minty Fresh Beats,0.000549245,20
NoteGeek,0.000547042,2
CosmicMashups,0.000540166,47
Kap Slap,0.000526018,4
Dr. Waumiau,0.000522129,12
The Nick Show,0.000519126,4
Norwegian Recycling,0.000517329,15
DJ Horizon,0.000515463,3
Blank Banshee,0.000510348,18
William Maranci,0.000508793,20
DJ Shadow,0.000507679,203
K.Flay,0.000505744,12
daisyxkneesocks,0.000501342,4
Amoraboy,0.000500623,14
Devon Hendryx,0.000496164,6
De La Soul,0.000492605,220
Blade,0.000490197,2
SM:LY,0.000488663,3
OVERWERK,0.000485773,8
The Melker Project,0.000485064,15
David A,0.000478812,11
Theo Howard,0.000476876,6
Brainkiller Prodigy,0.000472217,21
Ryan Hemsworth,0.000471429,44
six impala,0.000468078,13
Aesop Rock,0.000467675,12
Laura Les,0.000465111,7
MadMixMustang,0.000464554,29
Car Sofa,0.000463587,141
MixmstrStel,0.000461651,2
let's be real,0.000461358,8
Max Tannone,0.000456354,59
Inhumanz,0.000455172,35
Corey TheHuman,0.000454479,3
team9,0.000450699,4
Gemitaiz,0.000449266,50
racc,0.000447835,13
Madonna,0.00044725,26
nect4r,0.000447054,10
Top Jimmy Page,0.000445071,50
chris†††,0.000443262,27
Mabinogion,0.000442671,12
The Airport District,0.000440742,20
DJ Dumpz,0.0004386,8
metrosexualthug,0.000438533,4
Dyno Luke,0.000435721,6
Pent Up Pup,0.000434438,2
Sean NH,0.000434041,3
Rihanna,0.000432347,16
DJ Not-i,0.000430397,11
The Glitch Mob,0.000428868,24
Kosakii,0.000427792,2
Ken Carson,0.000427691,2
Ye,0.000427514,124
Rostam,0.0004274,2
The Reborn Identity,0.000427382,1
Liam,0.000427382,1
DJ Matt Hite,0.000427382,1
DJ BP,0.000427382,1
DJ Gizmo,0.000427382,1
Prosac,0.000427382,1
DJ Fac,0.000427382,1
Big Spider's Back,0.000427382,1
Pomai,0.000427382,1
Neiltomo,0.000427382,1
Xam,0.000427382,1
leenuz,0.000427382,1
JEON SOMI,0.000427382,1
Litehouse,0.000426507,21
DJ Cummerbund,0.000426129,12
Brawlcats,0.000425142,2
HappyHappy,0.000423747,2
gvrlstink,0.000423147,1
The Hood Internet,0.000421546,66
4lung,0.000420097,37
Wick‐it the Instigator,0.000418144,44
DJ Morgoth,0.000417699,36
beat_shobon,0.000416264,23
"DJ Freddy, King of Pants",0.000409612,7
Discobuster,0.000407858,4
megamanlego,0.000404798,5
Ammo,0.000402517,4
fetchrover,0.000399997,3
samtrax,0.000393465,3
Kasumi,0.000392176,2
Suneel Gurpur,0.000391684,3
Kid Cudi,0.000388665,14
A$AP Croissant,0.000388464,4
Eonothem,0.000385885,3
supwrman32,0.000385772,2
lihanEAD,0.000385772,2
Eiden XII,0.000384713,18
A Plus D,0.000381956,5
beastboy,0.000381727,8
Krewella,0.000380295,64
Dntel,0.000379041,10
Virtual Riot,0.000378173,20
EDDIE,0.000378134,11
Busta Rhymes,0.000377183,68
Calvin Harris,0.000375852,3
Boot Of Fighters,0.000375837,2
UZUM3,0.000375821,1
Lola Sebastian,0.000375821,1
Tek lintowe,0.000370493,6
DJ Outblast,0.000367648,4
Mic The Snare,0.000367533,11
Anthrax,0.000366448,20
Mashup-Germany,0.000363857,24
DJ Bromide,0.000361718,3
Vrey Is Grey,0.000361388,16
Justice,0.00036121,10
Kaysha,0.000360527,2
Mere Notilde,0.000360324,12
goreshit,0.000360186,247
Polygon Dream,0.000360045,24
Crapface,0.000357886,3
Ellie Spectacular,0.000357465,17
Amanda Palmer,0.000356888,2
St. Teresa's Secondary School,0.000356104,6
The Freelance Hellraiser,0.000355719,14
Coco Jones,0.000354937,2
BotanicSage,0.000354668,16
DJ Rob Boskamp,0.000354252,11
Hollertronix,0.000354181,2
Sabrepulse,0.000353819,4
Backxwash,0.000353819,4
Dropbass,0.000353789,2
LeiaFox,0.000353774,1
Bobby Brown,0.000353774,1
DJ Erb,0.000353774,1
Sahy Uhns,0.000353774,1
Elvis Presley,0.000353774,1
FVLCRVM,0.000353774,1
Andy MacMillan,0.000353774,1
Metallica,0.000353774,1
Knxwledge,0.000353356,6
Dean Gray,0.000351542,17
Omar Courtz,0.000350981,2
Hard Lights,0.000350966,1
ivy,0.000350966,1
DJ Tristan,0.000350966,1
Troublemaker,0.000350084,26
Brandy,0.000349747,16
Trogdorbad,0.000347134,7
Go Yama,0.000342031,15
LMFAO,0.000339637,6
Breakmaster Cylinder,0.00033834,19
felipe.mp3,0.000337204,10
death’s dynamic shroud,0.000334839,28
Cookin’ Soul,0.000332679,22
MJ Fandango,0.000332071,6
Sublime,0.000331159,49
Tom Aspaul,0.000330072,8
Himeko Katagiri,0.000329876,18
RADD,0.000322825,11
Daft Punk,0.000322595,39
mrsimon,0.000318219,25
Ivan B,0.000315474,17
Mr. Hoosteen,0.000314539,10
Burial,0.000312285,33
Rick Ross,0.000310081,22
PhucY∞u,0.000309974,12
owl starlight,0.000309553,25
NicksPatties,0.000306955,4
CrystalForce,0.000305805,15
50 Cent,0.000305162,42
3LAU,0.00030128,2
TheLegendofRenegade,0.000300038,20
DJ O-Face,0.000295542,12
Juicy J,0.000290563,13
Beats Atlas,0.000289929,182
65daysofstatic,0.000287446,14
Zebra,0.000287387,34
Guffy,0.000286667,16
Dreamcastle™,0.000280159,46
VITICZ,0.00027775,9
かたぎり,0.000276528,16
Dunproofin’,0.000274993,13
Nas,0.000273128,97
Juc-E3,0.000269673,12
Chambaland,0.00026773,8
reach,0.000267289,16
oki,0.000265733,12
DJ IKU,0.000264132,44
小林未郁,0.00026378,4
DJ Vee,0.000263389,4
Coil,0.000263134,20
Lizzo,0.000262148,8
sHimaU,0.000261683,8
Harmonic Illusion,0.000261173,10
markwahlbird,0.000260173,15
The KLF,0.000259125,36
Webbafied,0.000258956,12
Kx5,0.000255906,12
2Pac,0.000255614,140
CactusTeam,0.000255562,19
Negativland,0.000252518,35
DJ Cable,0.00025236,101
Bloodhound Gang,0.000252127,20
Grimes,0.00024898,17
瀬上純,0.000244157,15
James Kochalka Superstar,0.000242365,6
Taps,0.000240808,6
Mac Glocky,0.000240786,9
Carlos Serrano,0.000240614,2
The Avalanches,0.000239355,57
DJ Rudec,0.000237422,8
Immuzikation,0.000237405,7
tictactø,0.000234119,11
Joel Corry,0.000233648,2
Kevin McCraney,0.000232931,22
OnBP,0.000232856,10
Loze,0.000232433,7
Known To Be Lethal,0.000231586,4
Thys,0.000231565,9
"Antonio ""Drunk Beetle"" Edison",0.000230597,3
Chocomang,0.000229675,5
YESCLIP,0.000229457,15
Oklou,0.000229301,3
KnightOfGames,0.000226752,5
Derek Minor,0.000226257,14
2manydjs,0.000226072,39
The Chainsmokers,0.000226062,5
The Interrogator,0.000225654,3
Bass-D & King Matthew,0.000225643,2
BAVR,0.000224921,9
MtH,0.000224862,9
deadmau5,0.00022337,306
Bio Phobith,0.000220947,4
Ryan Preston,0.000218881,5
Timbaland,0.000218175,7
Public Enemy,0.00021758,49
Jake One,0.000214901,31
ChickenSuitGuy,0.00021369,5
Burna Boy,0.00021342,35
ElectroSound,0.000211897,14
Avilon,0.000211641,3
ShyBoy,0.000211317,7
Lamaita,0.000211056,2
Astrophysics,0.000210102,28
Chaze the Chat,0.000209913,1
reason,0.000209913,1
Xarlable,0.000209799,7
Wobble,0.000208825,23
DJ Dubz,0.000208223,6
DJ Useo,0.000208059,5
Eternal Khaos,0.000206414,4
TOKYOPILL,0.000206205,8
Vanilla Ice,0.000205953,16
Lotte,0.000205818,7
Lenlow,0.000205756,7
Boku no Gentoo,0.000205738,2
D.J. DryBowser,0.000205263,8
Fetva,0.000204999,34
xaev,0.000204997,3
Mase,0.00020426,20
HyperZyle,0.000203262,7
sevenism,0.00020278,10
FAROFF,0.000202704,2
Invader Ler,0.000201277,2
Yonas,0.000197989,3
SawanoHiroyuki[nZk],0.000197843,4
Bella2855,0.000197692,2
Sound Remedy,0.000197684,1
RNG,0.000197363,4
EPMD,0.000196171,59
Psy Floyd,0.000196019,2
RitzCookies,0.000195617,2
ComaR,0.000195536,12
HyperboltEDM,0.000194798,2
UnanimousDelivers,0.00019439,9
lil figurative,0.000193855,47
RedScreen,0.000193394,6
Sajo1111111,0.000193055,2
Flaky,0.000192894,2
Antirest,0.000192894,2
PinkieOats,0.000192894,2
NHKira,0.000192894,2
Swordy,0.000192886,1
StepShy,0.000192886,1
minindo,0.000192886,1
SuperRiderTH,0.000192886,1
Unikorn,0.000192886,1
That Tojo,0.000192886,1
Likko,0.000192886,1
ShikaP,0.000192886,1
Doritos Pope,0.000192886,1
DJ Ubermech,0.000192886,1
DJ Radical R$,0.000192886,1
jefftheworld,0.000192886,1
Craig David,0.000191988,7
Kate,0.000190828,2
Nicki Minaj,0.00019066,33
XYClanKILLER2,0.000190528,3
Richard Wood,0.000190328,9
IAmMelloYellow,0.000190285,5
Dizzee Rascal,0.000189994,15
Encore Dream,0.000189106,5
Grandpamini,0.000189008,15
Dua Lipa,0.000186727,12
DJ SPR4,0.000186552,6
Flying Lotus,0.000184763,8
Grayfruit,0.000183605,3
iloveyoueze,0.000183037,18
Silva Hound,0.000182999,8
Panzah Zandahz,0.000182812,50
Johnny Mac,0.000182804,64
night_owlll,0.000181593,2
Stack&Mash,0.000181363,5
xiiiac13,0.000180669,4
The Notorious B.I.G.,0.000180041,99
100 gecs,0.000179151,23
Fissunix,0.000178491,23
Dizcrybe,0.00017791,3
Kids & Explosions,0.000177129,6
Wallace Robert Holt,0.000176633,32
Chumbawamba,0.000175729,14
REAL SHIT BASTARDS,0.000175572,8
Front Line Assembly,0.000175217,19
MAN‐CAT,0.000174848,22
DJ Matt Black,0.000174776,2
Teo Mandrelli,0.000174776,2
Simi,0.000174769,1
Sunday PM,0.000174769,1
Dj Bamberino,0.000174728,26
Octavia,0.000174153,12
モザイクメモリー,0.000174025,2
LL Cool J,0.000172534,42
DJ Ozz,0.000171889,2
Mandinga,0.000171221,1
Lana Del Rey,0.000170782,10
The Bilinda Butchers,0.000170373,20
w0lf,0.00017026,7
A Tribe Called Quest,0.000167531,160
McSleazy,0.000167495,6
Anamanaguchi,0.00016734,27
Snoop Dogg,0.000166922,48
Pheugoo,0.000166608,4
S Club,0.000166311,5
Frank Ocean,0.000166267,5
The Cut Up Boys,0.000166014,69
Calum Slingerland,0.000165504,15
Gabriel & Dresden,0.000165246,1
Rhythms del Mundo,0.000165246,1
Oddisee,0.000164721,19
SZA,0.000164631,9
cosmochild,0.000164313,26
Roc the Dilettante,0.000163564,12
Rillen Rudi,0.00016321,20
Chris Brown,0.000163046,4
underscores,0.000161288,4
Diplo,0.000161111,12
vvsvlogs,0.00016075,4
DJ MaxEntropy,0.000158742,5
"Tyler, The Creator",0.000158481,18
DoM,0.000157887,10
X‐Ecutioners,0.000156873,18
RubyChan's Nightcore,0.000156575,13
Packy,0.000155249,3
¥$,0.000154913,11
All Levels at Once,0.000154545,7
JerryTerry,0.000154512,4
DJ Peter Perplexe,0.000154444,20
Mac Miller,0.000154289,21
Keyboard Cat,0.00015391,1
alt‐J,0.00015391,1
satis5d,0.00015391,1
Vextor,0.00015391,1
¥ØU$UK€ ¥UK1MAT$U,0.000153748,17
Britney Spears,0.00015329,11
Vacations,0.000153278,10
Daniel Kendall,0.000152966,15
Bee Gees,0.000151952,2
DJ Peaking,0.000151941,2
DJ Firth,0.000151863,4
Racionais MC’s,0.000151661,23
KJ Mixes,0.000150443,4
TheLaxOne,0.000149967,6
Nice,0.000149019,9
Paul Oakenfold,0.000148418,32
Cut & Run,0.000148356,13
Sonnig 991,0.000148029,5
HuxP,0.000148027,2
sabi_c,0.000147658,10
Talib Kweli,0.000147438,17
Primal Scream,0.000146588,3
Desmu,0.000146572,32
Fox Sounds,0.000146455,1
Nightcore,0.000146455,1
nevermade,0.000146455,1
Tesher,0.000145339,1
Ice Spice,0.000145318,3
anosci,0.000144929,6
Minnesota,0.000144894,17
Chuck Person,0.000144581,22
The Weeknd,0.000144164,16
Overdub,0.000143955,13
Fighter X,0.000143743,6
Knife Party,0.000142435,17
Madeon,0.000142431,11
N.W.A,0.00014236,25
Alfonzopancakes,0.000142321,3
Samantha Carter,0.000141813,5
Sleaford Mods,0.000141393,43
Credit to the Nation,0.000141119,11
The UMC’s,0.00014099,30
Gil Scott‐Heron,0.000140983,5
Mt Eden,0.000140318,11
dvsn,0.000140028,12
dakooters,0.00013937,8
Kenny Jaymes,0.000139361,26
J.Period,0.000139258,11
BSOD,0.000138792,3
Will Smith,0.00013865,33
Stumbleine,0.000138424,2
Ice Cube,0.000138164,48
TheHolyT-Bo,0.000138101,2
Dave!,0.000136914,7
Musiq Soulchild,0.000136473,2
The Shapeshifters,0.000136423,1
Old Jim,0.000136032,3
PinkPantheress,0.000135772,13
4Dboy,0.000135651,4
Wrathu,0.000135262,13
slippymudman,0.000135161,2
Chris Voiceman,0.000135116,2
Senmuth,0.000135112,2
W.L.A.K.,0.000135104,1
RAIZHELL,0.000135104,1
Walt & Feliz,0.000135104,1
minuteforce,0.000135104,1
Voicedude,0.00013494,8
Hoodie Allen,0.000134505,6
GPF,0.000133842,12
Jarod Ripley,0.000133021,2
DJ DaY-mar,0.0001329,6
HITTING NOT MISSING,0.000132225,3
Big Pun,0.000131657,36
Zack Fox,0.000131519,19
DJ Surda,0.00013066,8
The Northern Boys,0.000130216,3
Fabolous,0.000129782,18
Whitetail,0.000128906,5
Dance With the Dead,0.00012847,5
Janet Jackson,0.000127586,15
huyfinn,0.000125746,2
Snowpixels,0.000125188,8
Summer Walker,0.000125015,11
dj g2g,0.000124457,4
Tristan Shout,0.00012416,2
JOYRYDE,0.000123878,18
snoritz,0.000123728,3
STV SLV,0.000123436,6
DeeM,0.000123136,2
Digitalism,0.000123062,16
elxnce,0.000122546,12
Tricky,0.000121766,15
David Begun,0.000121544,25
Thorpey,0.000120949,1
Shirobon,0.000120949,1
The Prodigy,0.000120698,93
DJ Iván Santana,0.00012068,4
Sara Farell,0.000120637,1
CRPRx,0.000120637,1
W&W,0.000120637,1
Andrewherring,0.000119968,3
61degrees,0.000119957,1
Dywindel,0.000119957,1
Smeedge,0.000119677,5
TripleBlueShell,0.000119639,11
eg_9371,0.000119448,9
Martin Pieters,0.000119342,2
iPunx,0.000119309,4
Porter Robinson,0.000119257,10
Dj CUTMAN,0.000118675,12
DAW-GUN,0.000118579,4
Goldmaster,0.00011838,4
Josip On Deck,0.000117785,10
selfworth,0.000117584,18
ARORA,0.000116824,1
FISHER,0.000116824,1
declares.,0.000116824,1
JENNIE,0.000116824,1
raytdaalz07,0.0001163,13
Strawberry 3000,0.000115711,4
CRS,0.000115698,4
Ghostface Killah,0.000114386,50
Lady Gaga,0.000113966,8
Krafty Skillz,0.000113895,4
shoopfex,0.000113794,6
Dan Mason,0.00011374,2
Raheem D,0.00011335,4
Crooklyn Clan,0.00011321,9
Stuntmasterz,0.000113128,2
Kenny Cumberland,0.000113043,2
Nina Sky,0.000112984,5
Mark E,0.000112918,6
FOR THE CVLTVRE,0.000112878,10
Annie,0.000112829,2
A Mozart,0.000112827,2
Les Sages Poètes de la Rue,0.000112826,2
DJ Wonder,0.000112822,1
The B‐52s,0.000112822,1
Initial Talk,0.000112822,1
Death Grips,0.000112556,19
Syzy,0.000111409,9
2AT,0.00011117,2
Hendersin,0.000110496,3
dark cat,0.000110478,2
Trucks Factory,0.000110474,1
Klippa,0.000110474,1
Banger,0.000109504,2
Rick Mashups,0.000109283,2
El Barto & Liam B,0.000109216,4
Z‐Trip,0.00010919,8
Daniel Saylor,0.000108273,22
J‐Kwon,0.00010814,3
Damon Dash,0.000108111,2
COPYCATT,0.000107755,6
J. Logan,0.000107535,3
Yung Sherman,0.000107425,15
Jacopo Sb,0.000107304,4
DJ JimiG,0.00010718,2
Nayt,0.000107172,10
The Living Tombstone,0.000106863,11
Evan Roth,0.000106686,17
Gynx,0.000106399,12
Flight of the Conchords,0.00010628,3
Bolt,0.000106115,8
Re-Drum,0.000106014,21
Rikin8r,0.000105563,1
BASSBABE,0.000105563,1
Smashcolor,0.000105022,5
Mega Ran,0.000104949,25
DJ Hifi Brown,0.000104717,4
Ticklish,0.000104403,8
Christian Falk,0.00010395,6
DANG!!! WOW,0.000103662,2
Soprano,0.000103617,19
J Dilla,0.000103487,28
Brat,0.000102228,4
NBGMusic,0.000101539,7
Raekwon,0.000101464,19
Kylie Minogue,0.000101302,5
Eric B. & Rakim,0.000101135,26
AmpLive,0.000100933,10
112,0.000100888,11
Sugamotor,0.000100705,8
Bynar,0.000100651,27
Ice‐T,0.000100525,35
The Noble Demon,9.92391e-05,20
Jungle Brothers,9.90862e-05,77
Utah Saints,9.8798e-05,14
Sterbinszky,9.8714e-05,5
Cropstar,9.84939e-05,2
DJ GBR,9.84898e-05,1
Trixie Mattel,9.84898e-05,1
Бригада United,9.84898e-05,1
Unwucht,9.84898e-05,1
thev216,9.82748e-05,10
42ghosts,9.82748e-05,10
Poppy Star,9.8211e-05,12
Soulwax,9.8031e-05,6
Lupe Fiasco,9.78583e-05,12
Mitski,9.74409e-05,2
Girls on Top,9.7389e-05,12
Jack Harlow,9.72618e-05,18
Big Daddy Kane,9.71648e-05,11
Hilltop Hoods,9.68037e-05,20
camoufly,9.66239e-05,21
ZVAARI,9.65223e-05,3
Dr. Dre,9.61833e-05,45
Jennifer Lopez,9.60692e-05,29
Boogie Down Productions,9.59459e-05,14
Def Squad,9.51619e-05,12
Minor Arth,9.47615e-05,5
Galactic Hole,9.46886e-05,6
exaheva,9.42553e-05,12
David Guetta,9.39897e-05,11
Steven Carvalho Mashups,9.34867e-05,2
DJ Deekline & Ed Solo,9.29894e-05,4
pomDeter,9.2858e-05,2
DJ SymBiotiX,9.2838e-05,2
Bigbadaz,9.2788e-05,3
BASSDOG,9.27148e-05,12
Flosstradamus,9.25532e-05,14
Tinie Tempah,9.21406e-05,1
Vincent Cayeux,9.1801e-05,4
Crazy Town,9.17603e-05,3
John Faulkner,9.11872e-05,14
Joey Valence & Brae,9.10922e-05,19
Anthony Vincent,9.10868e-05,7
Masta Ace Incorporated,9.07571e-05,4
Deft,9.07195e-05,8
Ashanti,9.03033e-05,8
Edelweiss,9.02565e-05,3
Ray C Mashups,8.99705e-05,2
Vienna Lusthouse,8.97455e-05,2
Christina Aguilera,8.92071e-05,10
Simon Harris,8.89936e-05,30
Venjent,8.86584e-05,5
Pop Up!,8.86348e-05,14
BRONSON,8.83747e-05,37
µThunder,8.8102e-05,14
Dreamville,8.77645e-05,12
Cool D,8.75374e-05,36
Midnight Wave,8.74054e-05,4
Modjo,8.73787e-05,10
Хлеб,8.69738e-05,1
Melissa,8.69738e-05,1
Mako,8.69738e-05,1
Afrojack,8.69738e-05,1
omgrino,8.69738e-05,1
Memphis Bleek,8.67859e-05,11
Trent Reznor,8.67832e-05,3
CHOCO CHESHIRE,8.66474e-05,3
Aaliyah,8.66189e-05,10
Megan Thee Stallion,8.64876e-05,20
wait what,8.64066e-05,22
"Letni, chamski podryw",8.64025e-05,4
MC Lyte,8.62916e-05,5
Spacemonkeyz,8.62379e-05,2
Murs,8.61938e-05,15
Professional Hairdresser,8.61772e-05,203
Rob,8.59392e-05,1
CSR Superstars,8.59392e-05,1
Chiddy Bang,8.58346e-05,4
Estelle,8.58153e-05,4
DJ Screw,8.56906e-05,12
Mazanga Von Badman,8.54079e-05,5
mondai1112,8.51604e-05,7
Shahar Varshal,8.48585e-05,2
DJ Nate Ro,8.47236e-05,1
Enygma,8.46974e-05,2
XANAKIN SKYWOK,8.46938e-05,1
odaxelagnia,8.43986e-05,3
SAINT PEPSI,8.436e-05,20
MarinMashup,8.43498e-05,2
KMD,8.38539e-05,117
Kwezydoctor,8.35053e-05,5
TLC,8.32848e-05,24
Celldweller,8.29368e-05,9
Benjamin Drury,8.27608e-05,9
Sunryze,8.25668e-05,13
svantana,8.25646e-05,2
Pro>Tech,8.24392e-05,11
SWV,8.23848e-05,5
FreshNerd,8.21539e-05,12
Scanty Sandwich,8.19023e-05,2
Frenchbloke & Son,8.18933e-05,4
The Album Leaf,8.17105e-05,6
Gene Farris,8.16303e-05,5
Jeff Mills,8.15348e-05,4
Baby Bumps,8.15347e-05,2
Koopa Troopa,8.15164e-05,1
Invandra,8.15164e-05,1
Brazooka Squad,8.15164e-05,1
Haywyre,8.15164e-05,1
Paul McCartney,8.15164e-05,1
John Thomas,8.15164e-05,1
Hervé,8.15164e-05,1
Dancer,8.15164e-05,1
Benny Benassi,8.15164e-05,1
KGB Man,8.15164e-05,1
Rag’n’Bone Man,8.0829e-05,7
BTK,8.07885e-05,2
Jay-R,8.07371e-05,9
Trashcan Jack,8.04133e-05,18
Trinity House Music,8.04073e-05,2
Tatsunoshin,8.00978e-05,3
Billy Raffoul,8.00844e-05,1
Cryptrik,7.98829e-05,5
UNKLE,7.96782e-05,79
DJSleepyHooves,7.9667e-05,7
Gaszia,7.96063e-05,12
TheHeroOfMobius,7.94801e-05,5
DJ Vlad,7.93072e-05,2
Taylor Swift,7.90334e-05,2
Pitbull,7.90294e-05,8
CunninLynguists,7.89405e-05,11
Enigma,7.89031e-05,11
Ben Double M,7.8722e-05,6
New Power,7.86697e-05,24
OS2 // WARP,7.84816e-05,1
Flamingosis,7.81682e-05,33
Celina Müllner,7.79102e-05,1
Frey Opossum,7.72061e-05,5
WEKEED,7.71454e-05,2
Chance the Rapper,7.71133e-05,4
ROUDS,7.70666e-05,8
Zomby,7.70072e-05,10
KAYTRANADA,7.67236e-05,4
defyer,7.66228e-05,5
Wyclef Jean,7.64392e-05,19
Boys Noize,7.63076e-05,24
Joshua Garrison,7.62842e-05,2
Mikill Pane,7.62135e-05,1
Omnirock,7.62135e-05,1
Cut Chemist,7.61425e-05,8
Kicks n Licks,7.56452e-05,15
Sonic4ever,7.55136e-05,10
nealturbo,7.53446e-05,2
Will & Tim,7.50094e-05,5
3rd Bass,7.48804e-05,34
.｡*ﾟ+.*.𝓒𝓾𝓻𝓻𝓮𝓷｡+..｡*ﾟ+,7.48049e-05,8
Avicii,7.47214e-05,11
The Future Sound of London,7.46737e-05,38
Wiley,7.45666e-05,4
DatManOvaDer,7.43974e-05,2
1981 Tokyo,7.4355e-05,2
Annoying Ringtone,7.40168e-05,2
Leonce,7.40137e-05,1
DJ Juwan,7.40137e-05,1
PENGUCCI,7.40027e-05,1
szjdfgs,7.36032e-05,2
Nitroglitch,7.35439e-05,2
Arcade Jump,7.35439e-05,2
Ludibrolo,7.3469e-05,2
Benjamin Bear,7.33242e-05,7
luvnyte,7.2958e-05,2
Hexacube,7.22727e-05,4
IShowSpeed,7.22608e-05,4
Boss,7.19323e-05,26
m‐flo,7.17456e-05,8
Revolte,7.14826e-05,2
TJ Lien,7.13681e-05,1
Baasik,7.13681e-05,1
Waiting For Network,7.11466e-05,4
+666†V∆ND∆L∂∂∂*+.\\>\\>\\>†\\//\\\\/\\\\'>/\\\\_⤴⤴⤴™√Æı∆Æ|†◊æ~∂æ¬,7.09942e-05,4
BBYKOCAINE,7.0931e-05,1
DJ Kuroneko,7.0835e-05,14
Soundhog,7.07414e-05,4
Victor Menegaux,6.99998e-05,2
Martinn,6.98411e-05,2
Himera,6.98407e-05,2
Garry Gee,6.98159e-05,4
Arno Cost,6.96994e-05,2
Mauricio Cury,6.96851e-05,2
Sir Ridley,6.96841e-05,2
Pionieris,6.96666e-05,36
4nzu,6.95593e-05,2
Irish Steph,6.94795e-05,2
Saradis,6.93961e-05,2
Queen,6.93961e-05,2
Uncle Fill,6.93961e-05,2
Chilly Gonzales,6.93932e-05,1
arno1,6.93932e-05,1
Bright Primate,6.93932e-05,1
The Twelves,6.93932e-05,1
Ejeca,6.93932e-05,1
Nukumachi,6.93932e-05,1
ナイトNaito,6.93932e-05,1
Johnatron,6.93932e-05,1
Ki:Theory,6.93932e-05,1
Ice Paper,6.93932e-05,1
Delphic,6.93932e-05,1
Joe Hawley,6.93897e-05,6
Dimestore Cowboys,6.93107e-05,4
Against All Logic,6.92273e-05,12
Ca$h Bandicoot,6.92102e-05,3
Halo33,6.91944e-05,3
John Oswald,6.91665e-05,2
Mr. Sam,6.91383e-05,8
Taylor Bennett,6.89562e-05,2
toonlink,6.88854e-05,10
Butch Ross,6.87284e-05,2
MilanMakesBeats,6.87076e-05,1
DJ Paralex,6.87076e-05,1
Jimmy Carr,6.87076e-05,1
André 3000,6.87076e-05,1
Cranio Randagio,6.87076e-05,1
Mahbod Moghadam,6.87076e-05,1
Kane West,6.87076e-05,1
Godsmack,6.87076e-05,1
Lido,6.87076e-05,1
Ransom,6.87076e-05,1
D.Rec.or.d,6.87076e-05,1
YSIWTOO,6.8664e-05,8
Lecrae,6.85518e-05,9
samebeam,6.80298e-05,10
尾形雅史,6.76743e-05,6
POST ELVIS,6.74562e-05,13
ac1d vicious,6.68826e-05,1
MarkieV101,6.67426e-05,2
Darth & Vader,6.67408e-05,10
TheMelloYellow,6.67134e-05,2
DJ Greg J,6.66811e-05,4
The Chemical Brothers,6.66065e-05,50
Luccas Neto,6.65991e-05,2
Amongst Thieves,6.65963e-05,1
PSY,6.65206e-05,3
The Pharcyde,6.63458e-05,28
FerroLad,6.6286e-05,3
Compromised,6.624e-05,10
M.I.A.,6.60438e-05,12
Draslyer,6.5956e-05,3
Bee Kirby,6.59527e-05,2
Flair Guy,6.59477e-05,2
SennaRin,6.59449e-05,1
Otakuberg,6.59449e-05,1
RAYE,6.57872e-05,7
MACROSS 82–99,6.56901e-05,22
Blu Cantrell,6.54057e-05,2
Hatcha,6.53687e-05,20
JoinedTheHerd,6.52904e-05,8
Kurtis Rush,6.51639e-05,6
BT,6.49984e-05,36
MisdaFurious,6.48832e-05,8
Samy Deluxe,6.43871e-05,7
Sebwax,6.42319e-05,2
Princess Nyah,6.40769e-05,3
Dan Deacon,6.39303e-05,1
333 Boyz,6.39303e-05,1
Murphy TheLaw,6.39303e-05,1
Ironing,6.39303e-05,1
Jurassic Harp,6.39303e-05,1
Los Devil Dudes,6.39303e-05,1
Elliot Next,6.39303e-05,1
Party Trash,6.39303e-05,1
4gotten Morb,6.39303e-05,1
James Swill,6.39303e-05,1
Bogoss,6.38503e-05,2
Camila Cabello,6.37626e-05,1
BLÆRG,6.37626e-05,1
Gabriel o Pensador,6.36552e-05,16
Cherri V,6.33802e-05,3
DJ Nonstick Cookware,6.32192e-05,48
Enjoy Tribe Monster,6.27012e-05,2
Kevin Sweeney,6.2564e-05,2
Kid Koala,6.24692e-05,6
GET IN THE RING,6.22552e-05,21
Kyle Edwards,6.20259e-05,1
Acen,6.20193e-05,13
Xtha,6.18774e-05,18
Jacques Greene,6.14602e-05,4
Syndicate,6.13346e-05,13
Akira Yamaoka,6.12986e-05,13
Major Lazer,6.12563e-05,19
AZODi,6.12038e-05,1
Speed Gang,6.11735e-05,2
モーニング娘。,6.10337e-05,3
DJ J-Brew,6.07584e-05,2
CG5,6.06215e-05,3
Run,6.03075e-05,8
DJ Mariano,6.02886e-05,3
Tiësto,6.01326e-05,7
Reflection Eternal,6.0059e-05,21
Cirez D,6.00404e-05,2
Cai Farrington,5.96644e-05,11
Example,5.94587e-05,2
Turbo,5.92579e-05,14
Limp Bizkit,5.92155e-05,12
Great Statue,5.90678e-05,1
Vision Masters,5.90678e-05,1
BEAUZ,5.90678e-05,1
Zondax,5.90678e-05,1
Greg Wilson,5.89032e-05,12
Nemozob,5.88551e-05,2
DJ Tronky,5.88371e-05,3
SHOKK青,5.87784e-05,4
GuyThatDoesMusic,5.87341e-05,5
GC MASHIE,5.8659e-05,2
Shaggy,5.8595e-05,17
PhatBastard,5.85735e-05,8
Milk Steak,5.8543e-05,3
Blackalicious,5.84708e-05,25
LaBrassBanda,5.83564e-05,2
Hidden Persuaders,5.82984e-05,20
Руки вверх!,5.8257e-05,6
The Illuminoids,5.80824e-05,2
Fatboy Slim,5.8073e-05,50
Lyrical Lemonade,5.80239e-05,3
Lo Fidelity Allstars,5.79872e-05,32
Morfeo,5.79162e-05,7
CRU5H3R,5.78555e-05,2
JCMLOTR,5.78555e-05,2
UGK,5.7827e-05,5
Nib Roc,5.78217e-05,7
SiIvaGunner,5.77323e-05,20
The Speed Freak,5.73983e-05,21
Malice,5.71673e-05,7
shadowh511,5.7004e-05,2
Spott,5.69445e-05,3
Katy Perry,5.68608e-05,6
Tech N9ne,5.67555e-05,14
Kool Moe Dee,5.67176e-05,4
Rob Tex,5.67129e-05,6
Random House Project,5.66621e-05,2
Ahmaykmewsik,5.6613e-05,3
piratecovejoe,5.65793e-05,2
RaveDJ,5.65396e-05,1
GARticuno,5.65396e-05,1
Quazar,5.65396e-05,1
Leo Moracchioli,5.65396e-05,1
lunarmoron,5.594e-05,2
ACRAZE,5.55814e-05,3
Bon Iver,5.55735e-05,3
Leon Vynehall,5.55689e-05,1
NightcoreReality,5.55689e-05,1
Lewis Roper,5.55142e-05,1
Morgan Seatree,5.55142e-05,1
Florence Welch,5.55142e-05,1
Feed Me,5.48941e-05,10
Iron Curtain,5.43812e-05,5
RIAA,5.43378e-05,2
rarirama,5.41524e-05,4
Ca$his,5.41259e-05,2
Bitfiend,5.40554e-05,1
Love and Light,5.40554e-05,1
Young Pappy,5.40554e-05,1
Undercover Anarchist,5.40554e-05,1
Vanguard,5.40554e-05,1
Ranvision,5.40554e-05,1
The Captain,5.40554e-05,1
KCPK,5.40554e-05,1
Smile,5.40554e-05,1
Barney Rubble,5.38777e-05,6
Common,5.35278e-05,90
Marc Johnce,5.3525e-05,6
Michmash,5.342e-05,4
Asterisk,5.33908e-05,11
DRRTYWULVZ,5.29821e-05,8
Yold,5.29606e-05,8
City High,5.28707e-05,3
Kill_mR_DJ,5.28363e-05,5
Excision,5.27595e-05,7
Zefiroxable,5.27489e-05,2
ButeraMoonlight,5.27462e-05,1
John McWhorter,5.24605e-05,11
Meat Beat Manifesto,5.2429e-05,17
Star Industry,5.22438e-05,1
Steev Hise,5.21738e-05,14
Juvenile,5.20135e-05,3
Ill Poetic,5.18657e-05,11
Lil Wayne,5.18567e-05,8
Ludachrist,5.17981e-05,4
Caveat,5.17647e-05,3
chrispop,5.16347e-05,2
Kill the Noise,5.15859e-05,2
Phil Mac,5.15837e-05,3
Cypress Hill,5.12862e-05,31
Wisp,5.12161e-05,18
No Mana,5.11191e-05,9
Le Knight Club,5.09369e-05,13
Lee Spoons,5.08206e-05,6
christheidiot,5.07226e-05,3
Diddy,5.05856e-05,8
Yasiin Bey,5.03575e-05,42
J. Bloom,5.03157e-05,53
The Toxic Avenger,5.02578e-05,9
Jarreau Vandal,5.00708e-05,4
Cardi B,4.99079e-05,8
Shovelware,4.98172e-05,59
cell m8,4.98145e-05,9
Obie Trice,4.97779e-05,3
-... .. --. ..-. .- --.,4.97361e-05,69
DJ Reset,4.97062e-05,2
The Marginal Prophets,4.95516e-05,8
Pete Rock,4.93516e-05,27
Cam’ron,4.92926e-05,26
FLY,4.91294e-05,8
Fly By Nightcore,4.90959e-05,3
iascas,4.8982e-05,2
Jay Robinson,4.8979e-05,2
Alexis Jordan,4.89769e-05,1
Kiss Kriss,4.89769e-05,1
Black Hippy,4.89769e-05,1
Ugly Duckling,4.89608e-05,4
Timmy the Tapeworm,4.88865e-05,3
Oolacile,4.88648e-05,2
Hugo,4.88123e-05,2
Grandtheft,4.87951e-05,2
Asher Roth,4.87599e-05,2
Mister Softy,4.87485e-05,4
jj,4.87225e-05,2
Tyler Woods,4.87225e-05,2
Big Sean,4.87225e-05,2
Anthony Hamilton,4.87205e-05,1
Raco Rabanne,4.87205e-05,1
Xatar,4.87205e-05,1
DJ Topcat,4.87205e-05,1
Cassidy,4.87205e-05,1
Natural Born Chillers,4.87129e-05,6
Furries in a Blender,4.8665e-05,12
Underworld,4.86216e-05,7
clipping.,4.84453e-05,19
Toofardark,4.82225e-05,3
DJ Gauffie,4.81789e-05,2
Ty-Pesh,4.81606e-05,3
Sir Warts on my Cock III,4.80561e-05,8
Raoul Juke,4.77883e-05,4
Metal Fingers,4.7642e-05,158
Carolin Kebekus,4.74132e-05,4
Beck,4.71636e-05,18
702,4.70312e-05,8
DJ Erndogg,4.67995e-05,13
Biotronix,4.64887e-05,3
lunaht_,4.64619e-05,4
Haroon Piracha,4.64166e-05,1
Quirby64,4.62926e-05,3
Vetrom,4.6266e-05,9
afro,4.62535e-05,4
jsn,4.62368e-05,10
XXXTENTACION,4.62347e-05,12
Skillz,4.61456e-05,10
Tisoki,4.6097e-05,4
Noisia,4.60872e-05,6
Kyrality,4.6071e-05,2
cuhlet,4.60659e-05,1
Wolfgang Gartner,4.60659e-05,1
Shad Hottaboy,4.6e-05,2
Justify Mashups,4.6e-05,2
BringMeTheMashup,4.6e-05,2
Faith No More,4.59492e-05,3
Trifonic,4.58322e-05,8
MGMT,4.58022e-05,7
megabuzz,4.57771e-05,4
LeeDM101,4.57042e-05,6
Tricil,4.5583e-05,12
Sigi di Collini,4.55097e-05,4
Skrillex,4.55061e-05,15
VEGO,4.53025e-05,5
DJ Clive$ter,4.51132e-05,6
N-Zo,4.50968e-05,2
Ca7riel,4.5036e-05,4
QBass,4.49749e-05,3
t.A.T.u.,4.49731e-05,2
DJ Geoffro,4.49636e-05,2
hisboyelroy,4.49597e-05,9
Carlos Bess,4.49142e-05,17
The Death Set,4.48746e-05,2
Funk Assault,4.48728e-05,1
Jo,4.48728e-05,1
Buzz Fuzz,4.48728e-05,1
D.ST,4.48728e-05,1
CreateLadyJ,4.47317e-05,19
Dimitri Vegas & Like Mike,4.45533e-05,2
DJ Smokey,4.4501e-05,49
MC Zappa,4.44751e-05,24
Bill McClintock,4.44428e-05,8
Depeche Mode,4.44296e-05,21
Vanrip,4.37901e-05,1
Rabbit,4.35107e-05,1
Twilight Sparkle,4.35049e-05,4
The Game,4.3298e-05,30
DJ Jazzy Jeff & the Fresh Prince,4.31891e-05,32
Alnaht,4.31723e-05,2
Sewerslvt,4.31624e-05,3
Rollz,4.31317e-05,2
Aitch,4.31189e-05,1
FoxWithGuns,4.31189e-05,1
Duffinimo,4.31189e-05,1
OSCOB,4.31189e-05,1
FreQ Nasty,4.31189e-05,1
Jimmi Jammes,4.30466e-05,2
Merzbow,4.29798e-05,40
Miss Frenchie,4.29648e-05,2
Ancora,4.29025e-05,13
Wasted Mind,4.28841e-05,2
Always wanted War,4.28798e-05,8
DSP Wanker,4.25722e-05,1
Gang Speed,4.25722e-05,1
BlackJewishGays,4.25722e-05,1
Airheadz,4.25722e-05,1
cazsu,4.25722e-05,1
Jay Green’s stuff,4.25722e-05,1
Blissed Out,4.25722e-05,1
Mary J. Blige,4.23348e-05,20
Grandmaster Flash,4.23001e-05,8
Jonsp2000,4.21206e-05,5
Wesley Safadão,4.19583e-05,2
MC Guimê,4.19565e-05,1
Falamansa,4.19565e-05,1
Michel Teló,4.19565e-05,1
Pop Will Eat Itself,4.16709e-05,14
Lord Finesse,4.16133e-05,22
Tunnan och Moroten,4.15811e-05,3
Buddy Peace,4.15766e-05,19
Jonathan Coulton,4.15584e-05,3
TedEdFred,4.07816e-05,2
Emdyion,4.07409e-05,11
Dem Franchize Boyz,4.06799e-05,6
Mariah Carey,4.06788e-05,31
The Tamperer featuring Maya,4.06486e-05,3
Caustic Window,4.0556e-05,2
2nd II None,4.04246e-05,20
She!K,4.03942e-05,1
イマクニ?,4.03942e-05,1
자우림,4.03942e-05,1
スズキサン,4.03942e-05,1
鈴木慶一,4.03942e-05,1
The Jam,4.03942e-05,1
Various Production,4.0257e-05,9
Lil Jon & The East Side Boyz,4.01448e-05,16
Reizoko Cj,4.00985e-05,10
DiscoSid,3.97803e-05,2
Spice 1,3.96823e-05,6
Damn Skippy,3.9614e-05,2
Zara Larsson,3.93332e-05,1
Atmosphere,3.92684e-05,20
Bingoboys,3.91799e-05,14
Cheekyboy,3.89314e-05,7
SharaX,3.88703e-05,8
Bob Marley,3.88623e-05,4
Bran Van 3000,3.88226e-05,19
Crowded Babes,3.87674e-05,2
aimaiishitsu,3.86406e-05,4
Jurassic 5,3.86251e-05,33
Andrew Luce,3.85351e-05,2
Tw3Lv3,3.84944e-05,12
Jane Remover,3.84713e-05,12
Partyraiser,3.84433e-05,8
Kid Rock,3.83964e-05,5
Too Phat,3.83124e-05,16
Moody Good,3.81461e-05,14
Norkkom,3.81409e-05,6
Patrice Bäumel,3.80031e-05,15
House of Pain,3.79791e-05,27
skeler.,3.7978e-05,21
Garfunkel and Oates,3.79575e-05,1
Saul Williams,3.79131e-05,2
John Legend,3.78229e-05,6
Jaden,3.7679e-05,3
Saba,3.76618e-05,3
Brock Landars,3.74937e-05,2
M-Neko,3.73767e-05,3
Lil’ Mo,3.73713e-05,2
GØD,3.71529e-05,2
Rusko,3.70531e-05,16
床井健一,3.69736e-05,2
Jan Hinke,3.69155e-05,6
Scraton,3.67648e-05,1
The Brandals,3.67648e-05,1
Moe Shop,3.67079e-05,24
Hithouse,3.6582e-05,33
Dog Blood,3.65495e-05,3
Lootpack,3.65428e-05,22
The xx,3.64729e-05,5
TAYLOR,3.64412e-05,2
lor2mg,3.64397e-05,1
EGGS BENTLEY,3.63202e-05,3
Paul van Dyk,3.61237e-05,40
Digable Planets,3.60158e-05,53
No Remorze,3.60035e-05,3
Chuck D,3.59415e-05,4
Orbital,3.58391e-05,28
"Earth, Wind & Fire",3.56696e-05,2
I.Feel.It,3.53487e-05,2
長沼英樹,3.52698e-05,46
A‐Trak,3.52151e-05,22
Cassius,3.52083e-05,16
paniq,3.52067e-05,5
Da Brat,3.51723e-05,4
Thom Yorke,3.50697e-05,11
Paolo Monti,3.49373e-05,2
Richard Wood,3.47884e-05,2
Naughty by Nature,3.47438e-05,11
Venetian Snares,3.43645e-05,11
Massive Attack,3.41613e-05,18
All Saints,3.40526e-05,4
Fifth Harmony,3.39571e-05,10
Aggro1,3.38295e-05,3
Ninjasonik,3.36854e-05,10
General Mumble,3.35559e-05,5
dj ray william johnson,3.34534e-05,15
Logic,3.34448e-05,13
Sir Mix‐A‐Lot,3.30887e-05,8
Counterstrike,3.30822e-05,6
Waldo,3.26403e-05,2
JayB,3.26287e-05,3
micro-hacker,3.26137e-05,3
6Blocc,3.24082e-05,9
G‐Unit,3.24058e-05,10
The Orb,3.23321e-05,16
小林秀聡,3.21793e-05,1
AsaphDaKing,3.21793e-05,1
JONATHAN JOESTAR,3.20258e-05,2
Khaled Freak,3.1938e-05,6
Freestyle Fellowship,3.18435e-05,23
DJ Infiniti,3.18391e-05,2
Incubus,3.17946e-05,5
Nosferatu,3.17082e-05,4
Garbage,3.16102e-05,6
TAKU INOUE,3.15834e-05,37
Everlast,3.15542e-05,11
IRON ATTACK!,3.1505e-05,3
King Cannibal,3.14778e-05,208
DJ Physical,3.13506e-05,1
Soundmurderer & SK-1,3.13506e-05,1
butckhe,3.12991e-05,11
Jo Thrillz,3.11492e-05,2
RHMan,3.11314e-05,4
Black Kray,3.1051e-05,31
DJ M.I.F.,3.09968e-05,2
Gang Starr,3.08592e-05,48
EpicToast,3.0754e-05,2
Blondie,3.07415e-05,6
The Knuts,3.07094e-05,5
Aphrodelics,3.06576e-05,4
KSI,3.05868e-05,1
Jackie House,3.05868e-05,1
KILL SAFARI,3.057e-05,2
BROCKHAMPTON,3.0562e-05,6
Shaquille O’Neal,3.05587e-05,14
Grill Z,3.05419e-05,2
Nelly Furtado,3.04901e-05,11
Hardwell,3.04744e-05,6
RL Grime,3.04664e-05,3
Teams,3.04456e-05,3
DJ Daniel Wolf,3.04368e-05,2
Hi-Fi,3.04355e-05,1
Lonemoon,3.04355e-05,1
Backend,3.04355e-05,1
MadMan,3.04355e-05,1
Deadly Guns,3.04133e-05,3
Smokin Suckaz Wit Logic,3.03977e-05,24
Willie Hutch,3.03847e-05,3
Teki Latex,3.03546e-05,18
Stereoact,3.02883e-05,8
アトラスサウンドチーム,3.02854e-05,13
Jon Hitchen,3.02523e-05,7
The Beatnuts,3.02516e-05,26
DJ Jayhood,3.02344e-05,2
Lag,3.02284e-05,1
Disembowelment,3.02234e-05,3
Element,3.02222e-05,2
Bryce Vine,3.00974e-05,1
Jamie xx,3.00202e-05,25
Lil Nas X,2.99873e-05,4
Chester W.,2.99215e-05,3
Doechii,2.99131e-05,2
44Nifty,2.98143e-05,15
BootyConsumer,2.98029e-05,1
DJ Craze,2.97934e-05,19
Conceptsproject000,2.96657e-05,4
City Girls,2.96456e-05,3
Dwells,2.95957e-05,4
nyxies,2.94924e-05,5
Gabrielle,2.94918e-05,6
Amerigo Gazaway,2.94605e-05,3
Dave Pearce,2.94534e-05,26
Lil Mediafire,2.93192e-05,7
T‐Pain,2.93087e-05,2
TrakkSounds,2.9287e-05,2
Dukeyman,2.91782e-05,1
DJ Butcher,2.91782e-05,1
Panjabi MC,2.91782e-05,1
inafade,2.91358e-05,230
MC Hammer,2.8992e-05,5
DJ Sunderland,2.89717e-05,2
Hijack,2.89314e-05,4
Fettdog,2.89289e-05,2
Sidney C Nadon,2.89277e-05,1
Chainsaw,2.89277e-05,1
Die In Progress,2.89277e-05,1
Charlie Clouser,2.89277e-05,1
F.E.V.E.R.,2.89277e-05,1
Scr33Ch1ng C07d5,2.89277e-05,1
♥ GOJII ♥,2.89277e-05,1
Benelli,2.89277e-05,1
MoozE,2.89277e-05,1
Jesus Loves Junkies,2.89277e-05,1
Porter Ricks,2.89277e-05,1
Twista,2.89124e-05,4
Machine Girl,2.88718e-05,9
Cats Millionaire,2.87992e-05,2
Kkaydes,2.87857e-05,1
Lonely Tunes,2.87857e-05,1
KillaGraham,2.87857e-05,1
Vic Mensa,2.87857e-05,1
Bus Stop,2.87795e-05,4
Run‐D.M.C.,2.87768e-05,16
Mounika.,2.87045e-05,19
Holo Bass,2.85866e-05,7
Manfred Mann’s Earth Band,2.85599e-05,6
Kate Bush,2.8538e-05,2
Housse de Racket,2.84398e-05,9
Mack 10,2.84186e-05,5
Lil Peep,2.83498e-05,6
Gak,2.79706e-05,1
Nate Dogg,2.7943e-05,10
Warren G,2.78896e-05,7
Coolio,2.77682e-05,25
Linkin Park,2.76992e-05,10
Nathan Cadelina,2.76988e-05,3
Sabrina Setlur,2.76763e-05,4
Afrika Bambaataa & Soulsonic Force,2.7627e-05,3
Skepta,2.75822e-05,20
A. G. Cook,2.75009e-05,1
DJ SHARPNEL,2.7374e-05,13
Saint Tropez Caps,2.73455e-05,2
Beats International,2.71984e-05,4
MC Wigger & DJ Wanna-B,2.70035e-05,2
DJ Mei-Lwun,2.6992e-05,2
djzuus,2.69023e-05,29
Ken Spencer,2.68984e-05,1
Haze,2.6825e-05,2
Frauenarzt,2.6825e-05,2
Sido,2.68239e-05,1
Ali As,2.68239e-05,1
3Plusss,2.68239e-05,1
장혁,2.68239e-05,1
LaFee,2.68239e-05,1
Zugezogen Maskulin,2.68239e-05,1
Nazar,2.68239e-05,1
Sun Diego,2.68239e-05,1
Omik K,2.68239e-05,1
Money-G,2.68239e-05,1
Ćelo & Abdï,2.68239e-05,1
Jugglerz,2.68239e-05,1
Grizzly Bear,2.6599e-05,3
The Pump Panel,2.65548e-05,4
C418,2.63052e-05,5
Jamelia,2.6101e-05,4
Manix,2.60956e-05,23
Rennie Pilgrem,2.6068e-05,26
Fugees,2.60665e-05,25
Shut Up and Dance,2.59905e-05,5
2 Mello,2.5988e-05,6
GRV Music,2.5879e-05,66
DJ Dub Rush,2.58579e-05,3
Master Barf,2.57971e-05,2
glance,2.57137e-05,27
Webbie,2.5693e-05,2
Toby Fox,2.56833e-05,12
Automatic Jack,2.56356e-05,2
Kool A.D.,2.56124e-05,17
Mahado,2.55891e-05,3
Kero Kero Bonito,2.54829e-05,3
DJ Zinc,2.54412e-05,12
Disfunctional DJ,2.53404e-05,3
Viclis,2.53268e-05,2
Die Ärzte,2.52963e-05,6
Ben Briggs,2.52832e-05,3
DJ-PIE,2.5183e-05,1
Little-Sound Orchestra,2.5183e-05,1
girldick,2.51515e-05,6
Azealia Banks,2.50285e-05,26
ProleteR,2.49203e-05,8
Kazik Staszewski,2.47712e-05,3
Big Shug,2.47517e-05,15
Fun Lovin’ Criminals,2.45891e-05,14
Kagwe,2.45694e-05,5
P.M. Dawn,2.45073e-05,19
Simon Livingstone,2.44316e-05,2
Michael Marshall,2.44063e-05,5
Nick Robinson,2.43406e-05,1
The Legendary Villain,2.42884e-05,3
R.E.A.L,2.4232e-05,11
Black Eyed Peas,2.39131e-05,29
Aura Qualic,2.38796e-05,4
DJ Earl-e,2.36979e-05,2
Faithless,2.36597e-05,22
Missy Elliott,2.35713e-05,16
DEV,2.35552e-05,3
Osublu,2.35083e-05,5
Block & Crown,2.34753e-05,5
Rabbit in the Moon,2.34552e-05,4
Bomb the Bass,2.34468e-05,7
NepTenn,2.34201e-05,5
Niko+,2.3307e-05,2
Apathy,2.3249e-05,8
user-177606669,2.31666e-05,4
Foozogz,2.31433e-05,7
Duality,2.31251e-05,19
Frail Limb Purity,2.31085e-05,3
Oobie,2.30808e-05,3
Gaston,2.30477e-05,4
Mala,2.30352e-05,3
Ian White,2.30138e-05,78
大谷智哉,2.28842e-05,2
gauss,2.28835e-05,2
Liquid Soul,2.28496e-05,2
GRK,2.28346e-05,2
LIUFO,2.28335e-05,1
Late Replies,2.28335e-05,1
Shae Fields,2.28335e-05,1
Tha Dogg Pound,2.28335e-05,1
Koxie,2.28335e-05,1
HUGEL,2.28335e-05,1
King Lil G,2.28335e-05,1
Epik High,2.28335e-05,1
P.Y.T.,2.28335e-05,1
Nimo,2.28335e-05,1
Eric Prydz,2.27434e-05,4
Daniel Bortz,2.27085e-05,5
Wendy Milan,2.26822e-05,2
Chingo Bling,2.26779e-05,2
Tiga,2.26779e-05,2
Trevor Something,2.26776e-05,12
Gucci Mane,2.26275e-05,7
dev,2.26156e-05,10
No Ease,2.26013e-05,1
SQUARE ENIX MUSIC,2.25885e-05,5
Giffari Rifki,2.25858e-05,1
ASTRO☆PUP,2.25834e-05,2
Zedd,2.25792e-05,5
Goldfrapp,2.25666e-05,1
SWIRF,2.25666e-05,1
LYNY,2.25666e-05,1
Paul Cronin,2.24865e-05,1
Jazzy Jeff,2.24865e-05,1
oshi,2.24865e-05,1
666,2.24865e-05,1
Ruback,2.24865e-05,1
Joolz,2.24865e-05,1
Sean Kingston,2.24823e-05,5
HandBraJeans,2.2456e-05,3
Kent Axell,2.24542e-05,1
Majestic 12,2.22967e-05,13
FROMTHEHEART,2.2293e-05,4
Ayano☆ＵＬＴＲＡ,2.22301e-05,6
Glenn Underground,2.21498e-05,8
Three 6 Mafia,2.20745e-05,7
Meme Machine MKII,2.2046e-05,7
KH,2.20182e-05,2
Erasure,2.19496e-05,5
DJ br0dy,2.19267e-05,3
Funktimizer,2.19122e-05,3
Die Antwoord,2.18951e-05,6
目黒将司,2.18698e-05,29
The Legion of Doom,2.1858e-05,28
49ers,2.17655e-05,19
TCB,2.17561e-05,4
Sim Gretina,2.17543e-05,4
Budzy,2.17525e-05,2
Kreühn Pöny,2.17525e-05,2
phem,2.17074e-05,2
Zeds Dead,2.16862e-05,14
Playboi Carti,2.16675e-05,5
DJ Mehdi,2.1649e-05,7
DJ French Bloke,2.16373e-05,2
Geroyche,2.16359e-05,2
Josh Levi,2.1617e-05,1
Nii Co.,2.16146e-05,3
digboy,2.15806e-05,2
WAGDUG FUTURISTIC UNITY,2.15806e-05,2
Mr. Moustache,2.15797e-05,1
Simian,2.15797e-05,1
NegaRen,2.15797e-05,1
Aidan Swank,2.15797e-05,1
Fabetsol,2.15797e-05,1
Bexxie,2.15797e-05,1
Dark Arkade,2.1561e-05,16
Source Direct,2.15538e-05,3
Aphex Twin,2.15487e-05,7
David Cummings,2.15113e-05,2
Ludacris,2.14619e-05,20
Louis the Child,2.11996e-05,1
Funky Belek,2.11822e-05,2
Nightmares on Wax,2.11699e-05,17
Biz Markie,2.11535e-05,10
Warp Brothers,2.11267e-05,1
Choci,2.11267e-05,1
Mandragora,2.11267e-05,1
Neophyte,2.11267e-05,1
Oliver Tree,2.11267e-05,1
Balloon,2.11267e-05,1
k‐os,2.10536e-05,9
N‐Trance,2.104e-05,7
MC Solaar,2.10295e-05,15
Placebo,2.09299e-05,3
George Michael,2.09174e-05,8
Tone‐Lōc,2.08643e-05,6
KIDNAMEDFINGER,2.08556e-05,5
Q‐Tip,2.08266e-05,7
Classified,2.07788e-05,4
Corcovado Frequency,2.06834e-05,2
mirai,2.06755e-05,4
OPM,2.06477e-05,8
Clipse,2.05812e-05,4
Ethan64Music,2.05023e-05,2
Ecco2K,2.04829e-05,4
LOLI-LECTRO,2.04427e-05,3
dssctveself,2.04419e-05,2
dextrust,2.04409e-05,1
ZILLA,2.04367e-05,7
NotherWael,2.04312e-05,11
Sadist,2.04121e-05,2
Tusken Raiders,2.03977e-05,2
Chase & Status,2.03166e-05,7
LFO,2.02797e-05,2
Q Project,2.0278e-05,1
UFO λM,2.0278e-05,1
Gloo,2.0278e-05,1
Jimi Tenor,2.0278e-05,1
Captain Ahab,2.0278e-05,1
Mike Hunt,2.0278e-05,1
Cyrax,2.0278e-05,1
Susumu Yokota,2.0278e-05,1
EVILLAIRE,2.0278e-05,1
JWLS,2.0278e-05,1
mc chris,2.0278e-05,1
Aleister X,2.0222e-05,4
bye2,2.02026e-05,4
Rav,2.0105e-05,12
Damian “Jr. Gong” Marley,2.00974e-05,7
Nine Inch Nails,2.00809e-05,9
Jade Zoe,1.99093e-05,10
La Constellation,1.96313e-05,10
Bombalurina,1.95904e-05,4
Faith Evans,1.95595e-05,8
They Might Be Giants,1.95343e-05,7
S-Bam,1.94343e-05,2
Itsbizkit,1.94203e-05,3
Flatlinerz,1.92717e-05,8
Dpat,1.92676e-05,1
REZZ,1.92676e-05,1
Flipboitamidles,1.92676e-05,1
2 Chainz,1.92676e-05,1
Eldi,1.92676e-05,1
Tango,1.92595e-05,4
Pete Tong,1.92536e-05,21
borji,1.91993e-05,2
Jeezy,1.91281e-05,25
Ron van den Beuken,1.91188e-05,5
Sealion Dion vs. Cigar Ros,1.90782e-05,2
kony1015,1.90007e-05,2
DJ Aristocat,1.8998e-05,5
berg8793,1.89974e-05,5
New York Philharmonic,1.89927e-05,3
Insane Clown Posse,1.89882e-05,7
Captain Yossarian,1.89236e-05,11
Wooli,1.89043e-05,2
MixHell,1.88955e-05,5
$WAGGOT,1.88938e-05,13
Swedish House Mafia,1.88861e-05,3
Funsai,1.88767e-05,3
中山美穂,1.88516e-05,1
Blizzard Brothers Inc.,1.88516e-05,1
Joined at the Head,1.88516e-05,1
Markante Handlungen,1.88516e-05,1
Alcala,1.88386e-05,1
Big L,1.88313e-05,20
T.I.,1.87514e-05,13
DJ Bowler Hat,1.86895e-05,1
Maejor,1.86895e-05,1
安室奈美恵,1.86743e-05,6
The Lonely Island,1.8656e-05,13
Corporal Blossom,1.86335e-05,5
1200 Micrograms,1.86074e-05,2
Kathy Rui,1.86049e-05,3
Kreayshawn,1.85796e-05,4
Greg Davies,1.85571e-05,3
DJ Luck & MC Neat,1.85521e-05,4
Mad Rat Gang,1.85322e-05,9
Del the Funky Homosapien,1.85074e-05,34
Qubic,1.84902e-05,2
The Rickrollerz,1.84894e-05,1
Yung Gravy,1.84894e-05,1
module 6,1.84894e-05,1
Kevin Eldon,1.84894e-05,1
Andrew Rothman,1.84641e-05,5
LCD Soundsystem,1.8418e-05,2
Kid ’n Play,1.83753e-05,12
Wizkid,1.83275e-05,13
Nick Trovert,1.82758e-05,2
Anotha Level,1.81904e-05,7
Steve Murano,1.81719e-05,4
Half A Cat,1.81715e-05,4
Brimstone,1.8161e-05,1
DZZ,1.8161e-05,1
Freddie Gibbs,1.81551e-05,37
A-Rühm,1.81212e-05,11
Canibus,1.80965e-05,9
Killer Kowalski,1.80609e-05,1
Apollo 440,1.80119e-05,3
Madinstance,1.78909e-05,3
Romeo Miller,1.78733e-05,2
Bastille,1.78489e-05,9
TABBY,1.78424e-05,6
Bob Marley & The Wailers,1.7794e-05,10
Harpuia,1.77708e-05,2
B‐Legit,1.77354e-05,3
Brian McKnight,1.77263e-05,5
Icona Pop,1.77118e-05,2
Quentin Mashups,1.76969e-05,2
Marito Baracus,1.76862e-05,2
Barry Adamson,1.76811e-05,8
Hinchy,1.76071e-05,2
Schatz,1.75834e-05,5
Greystar,1.75169e-05,3
Gravediggaz,1.75143e-05,13
Latto,1.75083e-05,5
NiKU,1.75012e-05,5
RBX,1.73954e-05,7
Keys N Krates,1.73881e-05,1
The Mane Thing,1.73724e-05,2
Burt Dogg,1.73404e-05,1
Arca,1.73283e-05,1
Moodymann,1.72681e-05,14
DJ Hype,1.72547e-05,8
Eluvium,1.72293e-05,44
Different Gear,1.72151e-05,2
Fatboy Roberts,1.71957e-05,6
Basement Jaxx,1.71802e-05,27
Cherax Destructor,1.71472e-05,3
The Collective,1.69866e-05,2
Molotov,1.69847e-05,5
DJ Poulpi,1.69354e-05,2
DJ Reverend P,1.68697e-05,4
E‐40,1.6862e-05,4
Lil’ Kim,1.6854e-05,5
Crush 40,1.67959e-05,5
WestBam,1.67099e-05,2
The Beatles,1.66989e-05,12
S3RL,1.66796e-05,17
Craig G,1.66733e-05,12
James Holden,1.66069e-05,22
Grandmaster Melle Mel & The Furious Five,1.656e-05,5
Basement Clash,1.65445e-05,2
Dario G,1.65334e-05,8
Erick Sermon,1.65116e-05,4
A$AP Rocky,1.64393e-05,20
Example,1.64033e-05,1
Scalie Bloke,1.63885e-05,4
Cyberhound,1.63509e-05,6
Monica,1.62855e-05,7
Family Force 5,1.62518e-05,2
Dr. Nobody,1.61923e-05,2
Mario,1.61906e-05,2
Monstercat,1.61708e-05,135
Congorock,1.61607e-05,23
TheRandomSapphire,1.61481e-05,2
JID,1.61455e-05,9
Infinitefreefall,1.61085e-05,3
CB Mass,1.60948e-05,7
Slaughterhouse,1.60829e-05,11
Puff Daddy & the Family,1.60821e-05,14
Basshunter,1.60816e-05,2
Twilike Wonder,1.60604e-05,13
DJ BAHLER,1.60566e-05,5
Bluey Robinson,1.60498e-05,2
Stakka & K.Tee,1.6049e-05,5
Roberts Gobziņš,1.60336e-05,18
Solaris,1.59792e-05,2
Michael Jackson,1.59708e-05,4
P!nk,1.59332e-05,3
Chamillionaire,1.59299e-05,5
DJ Riko,1.59118e-05,4
Trends of Culture,1.5896e-05,20
黄歩鈴,1.5889e-05,2
藤原ざくろ,1.5889e-05,2
桃宮いちご,1.5889e-05,2
藍沢みんと,1.5889e-05,2
碧川れたす,1.5889e-05,2
東京ミュウミュウ,1.58857e-05,1
Shapednoise,1.58843e-05,14
Kim Petras,1.58255e-05,3
Casualle,1.58151e-05,2
Lane 8,1.57959e-05,23
D‐Block & S‐te‐Fan,1.57447e-05,4
Trick Daddy,1.57404e-05,5
David Dallas,1.56854e-05,2
Immortal Technique,1.56341e-05,5
GW,1.56051e-05,3
Erock,1.55904e-05,2
Styles of Beyond,1.55792e-05,11
Black Legend,1.55105e-05,6
Clark,1.54866e-05,5
Harris & Ford,1.54712e-05,2
Peer Kusiv,1.54677e-05,2
140 ударов в минуту,1.54596e-05,2
Treasure MammaL,1.5459e-05,1
Zomboy,1.53959e-05,4
DJ Quik,1.53147e-05,18
Yo Gotti,1.53111e-05,3
El‐P,1.53078e-05,2
New Dreams Ltd.,1.52898e-05,8
BONES,1.51916e-05,3
Controller 7,1.51786e-05,2
GUIDO,1.51768e-05,7
Babe Ruth,1.51676e-05,1
Ground Control,1.51441e-05,4
Wugazi,1.51119e-05,28
turdl3,1.51117e-05,2
Vargskelethor,1.51111e-05,1
Die Krupps,1.51111e-05,1
Physical Attraction,1.51111e-05,1
Razed in Black,1.51111e-05,1
Goddesses of Bagpipes,1.51111e-05,1
Record Club,1.51111e-05,1
La Honda Militia,1.51111e-05,1
puupuu,1.51111e-05,1
The Sandowski Files,1.51111e-05,1
Squarepusher,1.50695e-05,6
Kano,1.50505e-05,5
Kevin Abstract,1.50386e-05,3
Shakaboyd,1.50072e-05,1
さつき が てんこもり,1.50056e-05,3
Wreck the System,1.50031e-05,2
GrooveCube,1.50025e-05,2
Solid STRGG,1.50019e-05,1
Ramirez,1.50019e-05,1
Machinae Supremacy,1.50019e-05,1
S.A Music,1.50019e-05,1
DRAM,1.50019e-05,1
DaDood,1.50019e-05,1
Smif‐n‐Wessun,1.50019e-05,1
Matt Watson,1.50019e-05,1
Escape Route,1.50019e-05,1
A Tasteless Flying Insect,1.50019e-05,1
Pliant,1.50019e-05,1
Infusion,1.49565e-05,1
Rocky Lolo,1.49565e-05,1
Fourth Floor Collapse,1.49565e-05,1
Bass Kleph,1.49565e-05,1
King Charlie,1.49565e-05,1
Faux Pas,1.49565e-05,1
Duosseudo,1.49565e-05,1
Dlake,1.49565e-05,1
Bitrok,1.49565e-05,1
Ens,1.49565e-05,1
Joe Hardy,1.49565e-05,1
Velure,1.49565e-05,1
Mr. Meridies,1.49068e-05,4
Twit One,1.49054e-05,9
Bad Brilliance,1.48075e-05,2
DMX,1.48011e-05,14
DJ Yoda,1.47731e-05,3
Ciara,1.47484e-05,6
Whodini,1.47425e-05,5
tomppabeats,1.46991e-05,2
Tim G,1.46833e-05,2
7una,1.46731e-05,3
Patricia Taxxon,1.46728e-05,6
Deee‐Lite,1.46626e-05,7
Demrick,1.46514e-05,2
Mr. SOS,1.46281e-05,3
Dr. Alban,1.46242e-05,3
DJ Scenius,1.46178e-05,2
Sans Souci,1.45744e-05,2
anosa,1.4552e-05,2
Andy C,1.4513e-05,3
Kabuki,1.44987e-05,3
The Go! Team,1.44736e-05,11
DJ Sneak,1.43824e-05,12
Trans-Galactic Express,1.437e-05,5
Lenny Dee,1.43418e-05,2
KAROL G,1.42275e-05,5
Fedde Le Grand,1.41907e-05,3
Jadakiss,1.41655e-05,7
Lóbo,1.41641e-05,4
Guaranteed Raw,1.41427e-05,2
Circuitfry,1.41413e-05,9
Sex Pistols,1.40905e-05,2
Dr. Z-Vago,1.40899e-05,1
WOS,1.40899e-05,1
⌭ IceMorph ⌬,1.40899e-05,1
Grabbitz,1.40899e-05,1
DJ Ezg,1.40899e-05,1
Cheryl,1.405e-05,5
Pras Michel,1.40171e-05,2
DJ Class,1.39932e-05,3
The Mountain Goats,1.39823e-05,1
Sandra,1.39823e-05,1
Bebo Best and The Super Lounge Orchestra,1.39823e-05,1
Son of Bazerk,1.39823e-05,1
Indo Tribe,1.39823e-05,1
GrlCHEXXIT!!,1.39823e-05,1
DJ Stylewarz,1.39823e-05,1
Tub Ring,1.39823e-05,1
ΔXIUS LIИK,1.39543e-05,2
Nicolas Jaar,1.3877e-05,6
OAKK,1.38612e-05,3
Brooke Valentine,1.38612e-05,3
Syncopix,1.38604e-05,1
Shlohmo,1.386e-05,1
GloRilla,1.386e-05,1
dgty,1.38518e-05,10
Vaenus,1.38281e-05,3
Jean Grae,1.37795e-05,4
Merciless,1.37546e-05,1
NERO,1.37443e-05,11
Salt‐N‐Pepa,1.37415e-05,6
Quasimoto,1.3704e-05,4
Lauryn Hill,1.36679e-05,5
Little Slaughter,1.36653e-05,3
Mellow Trax,1.36472e-05,4
Skream,1.3634e-05,19
Xzibit,1.36311e-05,16
Leila K,1.36289e-05,3
Diana Ross,1.36018e-05,1
The Get Down Brothers,1.35984e-05,5
Falco,1.35735e-05,4
Royal House,1.35611e-05,2
Extrabreit,1.35588e-05,5
Ferry Corsten,1.35553e-05,2
Tom Newton,1.35548e-05,2
Robin Thicke,1.35544e-05,4
Fingers Inc.,1.3554e-05,3
Janelle Monáe,1.35501e-05,2
Rebel MC,1.35495e-05,1
Doug E. Fresh,1.35495e-05,1
Blaq Poet,1.35495e-05,1
James Brown,1.34597e-05,3
Tor,1.32514e-05,15
The Offspring,1.32463e-05,5
葛城ミサト,1.32447e-05,3
kittydog,1.32414e-05,3
Carpainter,1.32408e-05,2
Scooby McSnack,1.32408e-05,2
Jacknife Lee,1.32408e-05,2
Candyland,1.32403e-05,1
Thee U.P.,1.32403e-05,1
Something J,1.32403e-05,1
Тони Танго,1.32403e-05,1
Chad Jackson,1.3173e-05,4
Lord of Sp33d,1.31306e-05,3
Arty Fufkin,1.29942e-05,1
A_Rival,1.29553e-05,7
Moose‐Mouse,1.29527e-05,11
Juelz Santana,1.29474e-05,3
yan...,1.29289e-05,4
Lil Jon,1.28467e-05,8
Biddy Fox,1.28298e-05,3
Fetlocked,1.28298e-05,3
otherlink,1.27806e-05,3
Rufige Kru,1.27136e-05,16
Souls of Mischief,1.2708e-05,29
OutKast,1.26835e-05,21
Ski Mask the Slump God,1.25726e-05,3
Ethan Merlyn,1.25673e-05,2
Aviators,1.25435e-05,13
Alison Wonderland,1.24931e-05,7
PikoHammerJim,1.24925e-05,2
Rite Bros,1.23857e-05,3
The Beelzebubs,1.23846e-05,4
Spandau Ballet,1.23843e-05,4
The Fog,1.23775e-05,1
Hoffman,1.23696e-05,2
小西利樹,1.23594e-05,5
SebastiAn,1.23399e-05,2
Paul Dakeyne,1.23366e-05,5
AC Slater,1.23326e-05,9
James Blake,1.2328e-05,7
Prince,1.22831e-05,17
DJ AP,1.22587e-05,2
Roland Cristal,1.22422e-05,12
Bushido,1.22325e-05,2
Muffin,1.22318e-05,1
Quarashi,1.22318e-05,1
Angerfist,1.22318e-05,1
CeeLo Green,1.21989e-05,6
Sudden Def,1.21192e-05,5
Blackstreet,1.21183e-05,3
nyancrimew,1.20833e-05,2
Ugly Lovely,1.20628e-05,2
Die Fantastischen Vier,1.20577e-05,7
Phife Dawg,1.20516e-05,7
Amerie,1.20449e-05,10
Rom Di Prisco,1.20379e-05,5
Marc Hackenberg,1.20201e-05,3
la pumpkin,1.20106e-05,2
小塚良太,1.19305e-05,7
aidenmixes,1.19289e-05,2
Richard X,1.19274e-05,8
Makell Bird,1.19103e-05,4
SmokyThrill77,1.18886e-05,3
Algorithm Dude,1.18733e-05,3
Musique,1.18436e-05,2
Stink,1.18214e-05,2
Assertive,1.1802e-05,2
Vampire Weekend,1.17964e-05,6
Mýa,1.17889e-05,3
Z‐Ro,1.17779e-05,3
Faither,1.17774e-05,2
Suzanne Vega,1.17769e-05,1
Emperor Chi,1.17769e-05,1
CORPSE,1.17769e-05,1
A‐WAX,1.17769e-05,1
Clot,1.17682e-05,3
Nelly,1.17583e-05,9
DJ Noodles,1.1737e-05,3
KRS‐One,1.17313e-05,12
Allie Sherlock,1.16848e-05,1
BackHaze,1.16848e-05,1
Pete Rock & C.L. Smooth,1.16803e-05,7
mojochronic,1.16783e-05,4
Miss Cyberpink,1.16667e-05,2
Dub Pistols,1.16665e-05,3
Teddyyy,1.16564e-05,2
DarkOwl,1.16488e-05,2
Retro Gaming,1.1633e-05,6
MsChickenSandwich,1.16251e-05,1
LFO Demon,1.16167e-05,3
The Goats,1.15269e-05,8
Slim Thug,1.15227e-05,3
SkylarDB,1.1497e-05,6
j316,1.1496e-05,4
Gizmote,1.1496e-05,4
drwual,1.1496e-05,4
BMB,1.1496e-05,4
Burt Reynolds,1.14724e-05,2
Super Furry Animals,1.14715e-05,5
6e,1.14527e-05,2
kLap,1.14519e-05,2
宇多田ヒカル,1.14212e-05,3
mrMarkosm,1.14195e-05,6
Nero’s Day at Disneyland,1.1411e-05,2
Akala,1.14018e-05,2
Fax Yourself,1.14015e-05,2
喜多條敦志,1.14014e-05,10
Arca,1.14011e-05,1
La Fève,1.13747e-05,5
chiArosCuro,1.13537e-05,5
Rigune,1.13528e-05,3
Adam Freeland,1.13486e-05,4
Arty Smokes,1.1343e-05,4
#mashup,1.13404e-05,4
Lewis Scarole,1.13394e-05,2
DJ Tabernacle,1.13389e-05,1
Anyma,1.13389e-05,1
Deniz Koyu,1.13389e-05,1
John Lord Fonda,1.13389e-05,1
Daybehavior,1.13389e-05,1
Marta Sánchez,1.13389e-05,1
Cinema Bizarre,1.13389e-05,1
Alex Gopher,1.13121e-05,10
Redman,1.13022e-05,4
Goodkush,1.12941e-05,2
dogbarkdogwoof,1.12917e-05,1
femtanyl,1.12917e-05,1
dj lostboi,1.12917e-05,1
FORMAL,1.12917e-05,1
Control Freak,1.12917e-05,1
MAILPUP,1.12917e-05,1
Carmada,1.12917e-05,1
Dan Larkin,1.12917e-05,1
Sanfear,1.12917e-05,1
DJSUSIEDELTARUNE,1.12917e-05,1
Danny L Harle,1.12917e-05,1
Christophe Jourdan,1.12825e-05,1
Plan B,1.12799e-05,5
Criminal Element Orchestra,1.12782e-05,2
Yaggfu Front,1.12711e-05,17
dannymacabre,1.1243e-05,2
Bassnectar,1.12008e-05,10
Spacklequeen,1.11801e-05,3
The International Bankers,1.11801e-05,3
前馬宏充,1.11693e-05,5
Miike Snow,1.11578e-05,3
Tamar Braxton,1.11309e-05,3
Pharoahe Monch,1.11279e-05,4
Armin van Buuren,1.11206e-05,93
Yoko Ono,1.11144e-05,2
SoGreatandPowerful,1.10996e-05,11
KDD,1.10853e-05,8
DJ Slon,1.10703e-05,4
SpongeBob SquarePants,1.10285e-05,2
Slax,1.10272e-05,34
ZJ Wolf,1.10149e-05,1
Shadow the Machine Angel,1.10036e-05,2
Chromeo,1.10035e-05,2
Chris Webby,1.10031e-05,1
Macy Gray,1.09586e-05,7
kudasaibeats,1.09448e-05,1
Sou el Flotador,1.09448e-05,1
Каста,1.09118e-05,5
Aurelleah,1.0897e-05,2
SakiZ,1.08889e-05,37
Lexie,1.0878e-05,2
Tridashie,1.08772e-05,2
iblank2apples,1.08768e-05,2
Addictia,1.08762e-05,1
r/vaporwave PLUS,1.08762e-05,1
Six of Lasers,1.08762e-05,1
Countess Coloratura,1.08762e-05,1
d.notive,1.08762e-05,1
Cii,1.08762e-05,1
@pplebukker,1.08762e-05,1
GNG,1.08762e-05,1
Thorinair,1.08762e-05,1
DJ Soviet Russia Pony,1.08762e-05,1
Archie,1.08762e-05,1
Magnitude Zero,1.08762e-05,1
Grizzly,1.08762e-05,1
My Little Pony: Equestria Girls,1.08762e-05,1
PinkiePieSwear,1.08762e-05,1
Koa,1.08762e-05,1
FireOfFriendship,1.08762e-05,1
Sempiternus,1.08542e-05,2
Мин Нет,1.08537e-05,1
Nea,1.08537e-05,1
Cofresi,1.08537e-05,1
peeinmysock,1.08097e-05,7
S Curro,1.07997e-05,5
Blue Fairy,1.07988e-05,2
DJ Brokenwindow,1.07915e-05,2
MabelSama,1.07541e-05,10
Lulu,1.06722e-05,4
Emm Bee Sea,1.06426e-05,2
Iras,1.06318e-05,14
Cookie Crew,1.0607e-05,2
Amy Winehouse,1.05925e-05,3
Alcazar,1.05774e-05,3
Spinabenz,1.05626e-05,1
MediaFired™,1.05179e-05,2
Joyner Lucas,1.04988e-05,8
Anne‐Marie,1.0495e-05,2
momone,1.04817e-05,5
Bolide,1.04809e-05,2
djeb,1.04809e-05,2
Malique,1.04806e-05,8
Kosu.,1.04804e-05,2
nitro,1.04804e-05,2
Avril Lavigne,1.048e-05,1
Pentagon,1.048e-05,1
Myeauxyoozi,1.048e-05,1
Memmy,1.048e-05,1
Jamangar,1.048e-05,1
Smoky,1.048e-05,1
Momo's Keys,1.048e-05,1
TB2K,1.048e-05,1
Katdrop,1.048e-05,1
Neofall,1.048e-05,1
Netyasha Roozi,1.048e-05,1
ludosmo,1.048e-05,1
Mutated Forms,1.048e-05,1
dive to the heart,1.048e-05,1
MIKA,1.04792e-05,2
Blankie-,1.04609e-05,159
PawllyDee,1.04572e-05,16
Maverick Mayhem,1.04491e-05,10
DJ Drobitussin,1.037e-05,1
Copycat,1.03524e-05,8
King Gizzard & the Lizard Wizard,1.03434e-05,5
MashmyAs$,1.03421e-05,2
MHz,1.03417e-05,1
Carter the Unstoppable Sex Machine,1.03417e-05,1
Unnatural Selection,1.03374e-05,2
Sgt. Slick,1.03197e-05,2
Da Backwudz,1.03088e-05,8
Joren de Bruin,1.03025e-05,7
ovine hall,1.03017e-05,9
Vylet Pony,1.02922e-05,5
Robert Blaker,1.02868e-05,3
DJ Kool,1.02846e-05,7
Kawashin,1.02813e-05,2
Drumatix,1.02805e-05,2
L Double,1.0268e-05,2
sadfem,1.02567e-05,6
1788-L,1.01751e-05,2
Dan le Sac vs. Scroobius Pip,1.01019e-05,2
MIMIDEATH,1.01013e-05,2
Maple,1.01013e-05,2
Beanie Sigel,1.01013e-05,6
Icy D. & Doc Daze,1.00753e-05,5
Reyrzy,1.00259e-05,2
Miles Farewell,1.0025e-05,2
Clinton Sparks,1.00245e-05,1
Necro,1.00182e-05,9
Mobb Deep,9.99712e-06,21
ODNP,9.98605e-06,1
Mikhu,9.98605e-06,1
José Castell,9.9839e-06,9
José María Castells,9.9839e-06,9
Guru,9.97005e-06,22
Secret Service,9.95896e-06,4
Charlie Puth,9.94703e-06,1
阿澄佳奈,9.94703e-06,1
Grum,9.94367e-06,3
Dynamic Duo,9.92065e-06,3
BLOND:ISH,9.91923e-06,1
joxer,9.91923e-06,1
Tyrese,9.89532e-06,2
Miss K8,9.88334e-06,2
DJ Mink,9.8815e-06,11
The Lift Boys,9.87532e-06,1
Matisyahu,9.85098e-06,2
PNC,9.83866e-06,4
Atari Teenage Riot,9.83563e-06,4
wew lad,9.82789e-06,2
HarmoniCanadia,9.82748e-06,1
Mochipet,9.82268e-06,4
Mistah F.A.B.,9.81858e-06,2
Werner Wichtig,9.81599e-06,2
Miguel Migs,9.81463e-06,3
KMFDM,9.79073e-06,1
Hollywood Undead,9.79073e-06,1
Player,9.79073e-06,1
M.M.C.,9.79073e-06,1
Concord Dawn,9.79073e-06,1
UKW,9.78751e-06,3
Prolix,9.74458e-06,2
raspmary,9.74145e-06,5
ROUK.O.,9.72714e-06,2
Jodeci,9.71824e-06,4
MAGIC!,9.71557e-06,1
The Upsetters,9.71557e-06,1
Chrisette Michele,9.71557e-06,1
Vŏdû 155,9.71557e-06,1
BRN1NG BRA1N SOUND INDUSTRIES,9.69776e-06,3
Falk,9.68796e-06,1
Ted Poley,9.68796e-06,1
Alasen,9.67468e-06,1
Fortran 5,9.58149e-06,5
chocomilk-chan,9.53954e-06,3
Freeway,9.53409e-06,11
Enduser,9.52353e-06,6
Chaosphere,9.51827e-06,1
Alemán,9.51704e-06,2
Garbage Dick,9.51453e-06,2
Blood Cultures,9.49335e-06,2
Everclear,9.47257e-06,2
B-Rock & The Bizz,9.45171e-06,5
The Krauts,9.43966e-06,1
Odd Nosdam,9.42757e-06,23
DJ Russ Harris,9.39856e-06,3
Looney Tunes,9.39856e-06,3
Warvadal,9.34414e-06,13
98°,9.34196e-06,4
Eko Fresh,9.32471e-06,1
SEARCHING,9.32471e-06,1
Eddy Soulo,9.32471e-06,1
Ewun,9.32471e-06,1
SZ,9.30953e-06,3
J-88,9.30779e-06,2
Coldplay,9.30425e-06,11
Forgemasters,9.29245e-06,2
Styles P,9.27852e-06,8
Gaudi,9.20937e-06,2
Recoil,9.20937e-06,2
Banco de Gaia,9.20898e-06,1
Turbobrain,9.20898e-06,1
Mahoney,9.20898e-06,1
New Order,9.20898e-06,1
Pedro Winter,9.20898e-06,1
Phil Collins,9.20898e-06,1
Framewerk,9.20012e-06,10
Flagrant Fowl,9.17909e-06,2
QURELESS,9.17465e-06,2
Fergie,9.1644e-06,2
CosmicRewind,9.12877e-06,2
AMG,9.10065e-06,3
The Prophet,9.08785e-06,5
L.A. Style,9.08594e-06,2
Queen Pen,9.08286e-06,5
Deluxe Ultra,9.05486e-06,1
aDeAD,9.05486e-06,1
Sara Landry,9.05486e-06,1
Lemon Jelly,9.0327e-06,22
Spectre,9.00557e-06,1
CURE97,9.00363e-06,4
Kid606,8.99388e-06,3
Young De,8.99312e-06,1
Doc Scott,8.99312e-06,1
Takanashi Sachiko,8.9921e-06,20
Memo Rios,8.98879e-06,8
Nasty Habits,8.9865e-06,4
Zakk Wylde,8.98537e-06,1
Young Black Teenagers,8.98537e-06,1
Basic Rhythm,8.98537e-06,1
Gigi D’Agostino,8.98537e-06,1
Caramella Girls,8.93738e-06,2
LoLo,8.91881e-06,1
Sub-Level 03,8.90346e-06,1
Ja Rule,8.83943e-06,4
Blue Sky Black Death,8.83475e-06,13
Leaders of the New School,8.82463e-06,9
LISA,8.79706e-06,5
ABX,8.77966e-06,2
D-Shake,8.77863e-06,2
Foxy Brown,8.76539e-06,9
Mnemosyne,8.75433e-06,1
Makaveli,8.67097e-06,2
Nihad Tule,8.66183e-06,2
Disclosure,8.66168e-06,5
Mouse and Level,8.64745e-06,2
Cement City,8.63607e-06,4
Eugene Tsai,8.62939e-06,2
Digital Orchestra of Cats,8.62199e-06,3
oofteron99,8.62199e-06,3
Matt Krupa,8.62199e-06,3
Common Sense,8.60756e-06,1
KC Flightt,8.60756e-06,1
Liam Walsh,8.59572e-06,2
Curren$y,8.59051e-06,4
REDALiCE,8.57562e-06,6
The Gerogerigegege,8.57029e-06,2
Blazin’ Squad,8.52902e-06,2
Panic! at the Disco,8.51537e-06,8
Glowy Pie,8.51223e-06,15
KAS:ST,8.49331e-06,1
Mexican Dubwiser,8.48614e-06,1
NoMeansNo,8.48614e-06,1
Benga,8.48444e-06,5
The Neighbourhood,8.45538e-06,2
One Direction,8.45407e-06,1
Tortoise,8.45407e-06,1
vgmtdaalz07,8.43125e-06,2
The Family Stand,8.4219e-06,3
Scenick,8.40893e-06,2
かんな,8.40785e-06,21
Cash Money Millionaires,8.40273e-06,4
Mike Waxx,8.39197e-06,2
LADY,8.39162e-06,1
Jun Kamoda,8.39162e-06,1
Verbal Jint,8.39162e-06,1
blink‐182,8.39162e-06,1
Colin Munroe,8.39162e-06,1
Skinny Boys,8.38713e-06,5
Mystery Skulls,8.3843e-06,2
Tame Impala,8.375e-06,7
MIDI Lidi,8.33598e-06,1
RoBKTA,8.32286e-06,5
Cormega,8.31401e-06,2
Kool G Rap & DJ Polo,8.30481e-06,2
Mooner,8.29409e-06,4
Carl Thomas,8.2864e-06,3
Døves Cry Springs Eternal,8.25895e-06,4
太田あすか,8.2575e-06,2
yumenxc,8.23892e-06,10
Lindsheaven Virtual Plaza,8.23426e-06,2
12th Planet,8.23164e-06,35
Theo Parrish,8.21728e-06,6
Super Cat,8.21164e-06,3
Pat Benatar,8.18714e-06,2
Bob Sinclar,8.17053e-06,5
GASPARsoul,8.16927e-06,2
D.J. Chuck Chillout & Kool Chip,8.15567e-06,6
Lisa Lashes,8.12264e-06,3
HayBombYT,8.12259e-06,5
Imani Coppola,8.11443e-06,4
Kasino,8.109e-06,2
Kygo,8.10678e-06,2
Snap!,8.10431e-06,4
Blake Baxter,8.1018e-06,3
Moses Mayes,8.09953e-06,2
Berri,8.09613e-06,1
Texas,8.09613e-06,1
Nakk Mendosa,8.09613e-06,1
DJ Arek,8.09531e-06,1
En Vogue,8.09531e-06,1
J.A.M.,8.09531e-06,1
Fine Young Cannibals,8.09531e-06,1
James L. Venable,8.09531e-06,1
Floorplan,8.09531e-06,1
Hoshina Anniversary,8.09531e-06,1
Papoose,8.09531e-06,1
Felt,8.07237e-06,2
The Black Dog,8.05991e-06,2
Djar One,8.03886e-06,1
Jim Morrison,8.03886e-06,1
MOI/IOMO,8.03626e-06,10
Mitchell,8.02034e-06,2
4hero,8.0184e-06,19
TANUKI,8.01518e-06,3
Camp Lo,8.01458e-06,11
Laibach,7.99096e-06,3
SNVFF,7.98962e-06,1
Hi_Tack,7.98962e-06,1
maychanxfate,7.96579e-06,5
Geeneus,7.96074e-06,25
FOTH,7.94349e-06,6
Fettes Brot,7.93949e-06,10
Rich Boy,7.93585e-06,4
Acoustic Department,7.92612e-06,3
Alec Falconer,7.92231e-06,4
Mans & Romstick,7.91203e-06,1
w3madeit,7.90906e-06,3
Amboss,7.87796e-06,2
DJ BAX,7.87259e-06,2
DJ Sammy,7.85922e-06,2
Doja Cat,7.84099e-06,5
LANIc0re,7.81437e-06,8
djkirakira,7.78368e-06,8
8Ball & MJG,7.74809e-06,4
RZA,7.73333e-06,5
Poetry N Motion,7.7203e-06,2
CheddarMemes,7.69731e-06,2
Asriel,7.68342e-06,6
Clams Casino,7.64751e-06,2
Luciano Crime Family,7.6323e-06,2
$uicideboy$,7.62163e-06,15
Diffusion,7.59485e-06,1
ESSEL,7.59485e-06,1
El Chojin,7.59249e-06,2
くっちー,7.56917e-06,4
Miguel,7.55667e-06,2
Mafia Kiss,7.54863e-06,20
DJ X,7.54246e-06,4
talkwalker,7.54059e-06,2
Lordz of Brooklyn,7.49623e-06,9
Nick OD,7.48724e-06,18
Jane Dowe,7.4534e-06,2
Armand van Helden,7.41633e-06,27
DJ Magnet,7.39407e-06,3
Switch,7.3737e-06,3
Cardopusher,7.35824e-06,4
Total,7.35286e-06,3
Fall Out Boy,7.34917e-06,4
Super_Collider,7.34644e-06,2
Handsome Boy Modeling School,7.33859e-06,5
Etika,7.32885e-06,3
Vanfleet,7.32821e-06,1
Bknapp,7.32821e-06,1
Zamali,7.31614e-06,2
ECO VIRTUAL,7.30922e-06,2
Somethin’ Sanctified,7.30891e-06,1
Andrew Herring,7.30891e-06,1
Special Request,7.30891e-06,1
The Mystery DJ,7.30891e-06,1
Pilchard,7.30891e-06,1
Solcofn,7.30891e-06,1
Wizard of Loneliness,7.30891e-06,1
Masayoshi Minoshima,7.30329e-06,15
Sheryo,7.29127e-06,8
Myng,7.28751e-06,2
KUSO GVKI,7.28721e-06,1
The Shoes,7.26475e-06,1
DJ X-Rated,7.23673e-06,1
Esoteks,7.23673e-06,1
Daz Dillinger,7.23528e-06,3
Virtual DJ,7.22421e-06,2
Paul MTQ,7.22387e-06,1
Les Refrès,7.21799e-06,3
Delerium,7.2064e-06,11
Gilli Conway,7.20363e-06,1
KA$TRO,7.20363e-06,1
Spenca,7.20363e-06,1
Slut Burger,7.17088e-06,1
JPEGMAFIA,7.15842e-06,14
Flashburn,7.15057e-06,1
Thomas Prime,7.15057e-06,1
CRO,7.13253e-06,3
𝔪𝔦𝔯𝔞𝔦,7.11225e-06,1
HAIM,7.11225e-06,1
Aaron F. Bianchi Jupiter,7.10804e-06,2
Eiksho,7.0986e-06,6
Gardens,7.06757e-06,2
DJ Snake,7.05586e-06,2
Recovering Hikikomori,7.05586e-06,2
Subliminal Code,7.05556e-06,1
Articolo 31,7.03928e-06,4
andres,7.0257e-06,4
Professor X,7.01075e-06,4
The New Power Generation,7.00625e-06,2
JoBoxers,7.00054e-06,6
The Quick Brown Fox,6.97479e-06,3
Maxi-Beat,6.96425e-06,2
Far East Movement,6.94801e-06,2
Sorry about my face,6.90135e-06,10
barnacle boi,6.89904e-06,2
TEABOY,6.89875e-06,1
Чика из Перми,6.89875e-06,1
NO EMOTION,6.89875e-06,1
A.way,6.89875e-06,1
Homesick,6.89875e-06,1
Mara Sattei,6.89875e-06,1
Клава Кока,6.89875e-06,1
DJ SPIZDIL,6.89875e-06,1
Joe Budden,6.89682e-06,3
Remedmatika,6.89031e-06,1
Oto Jutsu,6.89031e-06,1
Roland Kayn,6.89031e-06,1
Evol Waves,6.89031e-06,1
The Police,6.87082e-06,3
Javi Boss,6.76158e-06,1
DJ Gollum,6.7356e-06,2
Adam Kontras,6.72388e-06,2
DEEN,6.7236e-06,1
Culture Cruncher,6.7236e-06,1
Strangeloop,6.7236e-06,1
QRV,6.69826e-06,1
Little Brother,6.68996e-06,3
Mastodon,6.66523e-06,2
2hollis,6.65069e-06,2
Rockin’ Squat,6.63942e-06,3
Public Domain,6.63869e-06,1
Doc Fritz,6.63869e-06,1
Electroset,6.63869e-06,1
綾波レイ,6.63348e-06,6
林原めぐみ,6.6236e-06,2
Mathematicus,6.62197e-06,4
宮村優子,6.62113e-06,1
Andrés,6.61399e-06,2
Reality Jonez,6.61371e-06,1
Sean Finn,6.61371e-06,1
Kidda,6.61371e-06,1
Ben Kim,6.58766e-06,3
Jar,6.58208e-06,2
Dragon Ash,6.57558e-06,1
St Germain,6.54981e-06,14
Suite Soprano,6.54462e-06,1
DJ Flash,6.53736e-06,3
Harlem World,6.52607e-06,3
Minos pour main basse (sur la ville),6.48658e-06,4
Xtrullor,6.48309e-06,5
CRT Soundsystem,6.48277e-06,4
Diabarha and me,6.4737e-06,2
Corey Browz,6.4737e-06,2
Shawty Lo,6.47343e-06,1
Bizz The Prince,6.47343e-06,1
Max B,6.47343e-06,1
Ron Browz,6.47343e-06,1
Flippa Mafia,6.47343e-06,1
DJ 31 Degreez,6.47343e-06,1
Bang Bang,6.47343e-06,1
Rob E Rob,6.47343e-06,1
Das Racist,6.47343e-06,1
Trey Songz,6.47343e-06,1
Young Chris,6.47343e-06,1
Adam F,6.46506e-06,6
Jonny Miller,6.46469e-06,3
suicide simulator 1111,6.44478e-06,1
Don Amott K of C,6.4367e-06,2
DJ Paul Elstak,6.43398e-06,1
Masta Ace,6.43164e-06,10
Late Nite Tuff Guy,6.42338e-06,7
JINUSEAN,6.41945e-06,6
Sean Brosnan,6.40092e-06,16
Attila,6.3885e-06,1
Y Lladron,6.37705e-06,6
Louis Tomlinson,6.37073e-06,3
Alex Farolfi,6.35931e-06,3
Rachel Stevens,6.30286e-06,1
Chips4breakfast,6.30286e-06,1
Oliver,6.26809e-06,3
Innocence,6.26571e-06,2
Ocean Ghosts,6.26027e-06,4
Mr. Carmack,6.24497e-06,4
Jokers of the Scene,6.23244e-06,16
Consolidated,6.2233e-06,3
PBR Streetgang,6.17102e-06,3
Aquarius,6.15215e-06,1
Vinylgroover,6.15215e-06,1
Waze & Odyssey,6.14272e-06,2
DCT,6.14042e-06,7
らき☆すたのみんな,6.12883e-06,1
Method Man & Redman,6.10737e-06,12
Slide,6.07346e-06,1
Way Out West,6.05548e-06,17
Will Young,6.04505e-06,2
"Grover Washington, Jr.",6.04432e-06,1
King Size Terror,6.04432e-06,1
Brancaccio & Aisher,6.04432e-06,1
will.i.am,6.04269e-06,9
かめりあ,6.03819e-06,4
Le$,6.02631e-06,1
Nora en Pure,6.02631e-06,1
Straight No Chaser,6.02631e-06,1
Johnny Go Mental,6.02631e-06,1
N∆NCIE,6.02631e-06,1
The Time,5.99378e-06,2
Metalik,5.96714e-06,2
Usher,5.96028e-06,11
lollo,5.95389e-06,4
Plumb,5.95135e-06,1
SMOOCH~,5.93716e-06,5
The Hypnotist,5.93251e-06,6
LMC,5.92182e-06,1
Passengers,5.92182e-06,1
KETSU!,5.91338e-06,2
Playaz,5.91181e-06,1
Simply Red,5.91181e-06,1
Baby Bash,5.90995e-06,2
Robbie Williams,5.87915e-06,5
LSDXOXO,5.86758e-06,1
Jailo,5.86758e-06,1
Snail’s House,5.86262e-06,8
pencil,5.86258e-06,3
lhk,5.86078e-06,6
Alex Lacamoire,5.84345e-06,6
Motormark,5.83864e-06,1
Bukiko,5.83225e-06,16
Bart B More,5.79998e-06,2
Moby,5.78557e-06,27
The Tiberian Sons,5.76879e-06,1
Husky Rescue,5.75445e-06,2
Dream Frequency,5.74952e-06,3
bouncytorch,5.748e-06,2
BIT4,5.748e-06,2
AJCW,5.748e-06,2
Jcran,5.748e-06,2
laiopsol9987,5.748e-06,2
Euphrosyne,5.748e-06,2
Le Rat Luciano,5.74724e-06,20
Steve Angello,5.72043e-06,6
Ten Years Lost,5.70673e-06,4
Zach CG,5.66327e-06,2
Sarahsson,5.66043e-06,4
The Beta Band,5.65315e-06,7
Soul Mekanik,5.64109e-06,3
Trackademicks,5.64011e-06,2
Daedelus,5.63908e-06,1
Tar Baby,5.63908e-06,1
Purple Vein,5.63908e-06,1
Tommy february⁶,5.63908e-06,1
Ras,5.63908e-06,1
Lil’ Troy,5.63908e-06,1
Jazz Master JD,5.62209e-06,2
Orgasmic,5.61073e-06,4
Flemming Dalum,5.60271e-06,178
hanahata,5.60134e-06,2
Dave Clarke,5.59715e-06,12
Kesha,5.58761e-06,2
Felckin,5.5842e-06,1
Ali Edwards,5.58348e-06,1
伊藤絵里歌,5.57213e-06,1
Arrested Development,5.56163e-06,9
Playing for Change,5.5572e-06,1
Heavy D,5.55418e-06,2
コナミ矩形波倶楽部,5.54895e-06,3
Epowga,5.54618e-06,5
B-EAST,5.54572e-06,7
KB,5.51826e-06,5
Emeli Sandé,5.49778e-06,1
Kool G Rap,5.49604e-06,14
Troy Sands,5.44991e-06,9
Richie Hawtin,5.41344e-06,14
Rhymefest,5.40346e-06,8
Jackson Browne,5.3912e-06,1
Crystal Castles,5.38518e-06,7
Dubmatique,5.38423e-06,5
FAZIE,5.37863e-06,23
Roger Sanchez,5.37796e-06,5
Drunken Tiger,5.37298e-06,2
Rod Layman,5.35547e-06,2
Valentino Khan,5.3542e-06,3
Paperclip People,5.34881e-06,10
BbyMutha,5.31499e-06,3
Sean&Bobo,5.31324e-06,1
Big Brother Hakim,5.28774e-06,2
Chantay Savage,5.28752e-06,1
Johnny Crockett,5.28752e-06,1
DJ Mek,5.28752e-06,1
Milke,5.28752e-06,1
High Contrast,5.27523e-06,3
G Jones,5.2524e-06,18
Noah23,5.23176e-06,12
TheGuy,5.20922e-06,8
Aaron Neville,5.20064e-06,2
Erik Scheele,5.16195e-06,6
Alex Rosetti,5.15657e-06,3
Not a Number,5.15605e-06,3
Roni Size / Reprazent,5.15589e-06,3
David Ko,5.14778e-06,3
Seth Peelle,5.14347e-06,2
Malcolm Brown,5.14207e-06,2
VADiANA,5.14157e-06,4
NoteBlock,5.14151e-06,2
mythic,5.14088e-06,2
EnderEmerald46,5.14067e-06,1
Hitori Sugar Music,5.14067e-06,1
Aquacycle,5.14067e-06,1
A Lunatic’s Daydream,5.14067e-06,1
coffe-K,5.14067e-06,1
Tenkitsune,5.14067e-06,1
ZacharyChang,5.14067e-06,1
Jack Gibson,5.14067e-06,1
Kuma Kid,5.14067e-06,1
LemonDrop,5.14067e-06,1
proloxx,5.14067e-06,1
DJ Mando,5.14067e-06,1
HYPERPUP,5.14067e-06,1
blaccmass,5.13709e-06,2
Big K.R.I.T.,5.13549e-06,4
Da Tweekaz,5.133e-06,2
Terence Trent D’Arby,5.10819e-06,1
Rebelion,5.10819e-06,1
Rex Viper,5.10009e-06,4
Color Me Badd,5.07137e-06,4
GUSTAVOEGATOTV,5.05666e-06,6
dj twinturbo,5.05064e-06,1
tracey brakes,5.05064e-06,1
StraYawayƧ,5.04141e-06,2
Power Squad,5.0395e-06,4
2 Skinnee J's,5.03716e-06,3
Blawan,5.03666e-06,2
The Course,5.03666e-06,2
Diablo,5.02745e-06,3
O.C.,5.02041e-06,7
RUMBLERAGGA,5.01104e-06,1
Anenon,5.01104e-06,1
T99,5.01104e-06,1
Herve Pagez,5.01104e-06,1
Dyland & Lenny,5.00807e-06,1
Miles Davis,4.9896e-06,7
Teleputer,4.98395e-06,2
User,4.96962e-06,2
Ol Kainry,4.96941e-06,1
DJ Jazzy Jeff,4.96941e-06,1
TESTAROSAH,4.96941e-06,1
Echo,4.96941e-06,1
7L & Esoteric,4.96941e-06,1
Tom Novy,4.96729e-06,3
The Ting Tings,4.93372e-06,1
Low Steppa,4.93372e-06,1
Uniting Nations,4.93372e-06,1
Slick Rick,4.93207e-06,3
R.ef,4.91965e-06,2
Roxy Breaks,4.9158e-06,2
Muse,4.9153e-06,1
snny,4.9153e-06,1
Nine Days,4.9153e-06,1
House Pimps,4.90799e-06,1
Isaiah Rashad,4.8931e-06,3
Qumu,4.89309e-06,5
Ivy Lab,4.88612e-06,9
Trippie Redd,4.87249e-06,2
Space Laces,4.87229e-06,1
Joker,4.87229e-06,1
[bsd.u],4.87229e-06,1
Amateras Records,4.87106e-06,10
Adam Neely,4.86529e-06,2
のみこ,4.86463e-06,2
2 Brothers on the 4th Floor,4.86453e-06,3
Jackhoeting,4.85989e-06,2
Alicia Keys,4.85895e-06,4
Flash‐Man,4.85111e-06,2
Sounds of Blackness,4.79956e-06,8
Duskfall,4.78715e-06,2
ToteKing,4.77566e-06,5
Little People,4.77252e-06,29
Damien,4.77182e-06,1
Slayer,4.77182e-06,1
Deep Dish,4.74722e-06,2
WD2N,4.74702e-06,1
Grandmaster Flash & The Furious Five,4.74037e-06,5
Thug Life,4.72535e-06,14
Stormtrooper,4.72353e-06,6
KRAL,4.70568e-06,2
Eurobeat Brony,4.69587e-06,2
Caleb Hyles,4.6949e-06,1
Darkspeen Shore,4.6949e-06,1
MLM3,4.6949e-06,1
Cherry 葵 Nightcore,4.66686e-06,3
Revelries,4.65899e-06,1
International Rude Boyz,4.65045e-06,2
Di‐rect,4.6424e-06,1
Macintosh Plus,4.64169e-06,12
GVA,4.64034e-06,1
Freddie Joachim,4.63802e-06,1
Lizzart,4.63802e-06,1
Kan Sano,4.63802e-06,1
Random Movement,4.63191e-06,2
BMDoubbleBass,4.63184e-06,8
Bone Thugs‐n‐Harmony,4.628e-06,7
Geoffrey Day,4.61031e-06,6
N‐Joi,4.61014e-06,2
CYNE,4.60869e-06,3
Gescom,4.59002e-06,8
sixwing,4.58497e-06,1
Dr. Octagon,4.57896e-06,19
haircuts for men,4.57535e-06,17
Hard Rock Sofa,4.57027e-06,2
Waxman,4.56543e-06,1
Ed Rush & Optical,4.56261e-06,2
Iz & Diz,4.56261e-06,2
Alfredo Lietor,4.56241e-06,1
Nearly God,4.56241e-06,1
Eveson,4.56241e-06,1
The Classic Men,4.54297e-06,1
W.E.N.A.,4.54297e-06,1
幡谷尚史,4.54297e-06,1
Block McCloud,4.54297e-06,1
Mauro Picotto,4.54297e-06,1
Too Fast for Mellow,4.54297e-06,1
Jadiel,4.53362e-06,3
TTR Allstars,4.53286e-06,1
桜庭統,4.51885e-06,5
DNEH,4.51771e-06,1
Haunted Shores,4.51771e-06,1
Harpsibored,4.51771e-06,1
ツLuddy,4.51771e-06,1
Intense,4.51665e-06,2
Professor Green,4.476e-06,2
P*Light,4.46906e-06,3
Cyte,4.46906e-06,3
Lily of the Moon,4.46869e-06,1
ａｍａｙｉｔｉ,4.46869e-06,1
Oyama,4.46869e-06,1
CONSTANTAUTUMN,4.46869e-06,1
Aidan Latham,4.46869e-06,1
unda-grnd,4.46869e-06,1
chris†††intosh plus,4.46869e-06,1
CDR,4.46869e-06,1
Cewlmine,4.46869e-06,1
GulloHack,4.46869e-06,1
⛤▓▒░▒▓⛤,4.46869e-06,1
Rollergirl,4.46041e-06,1
Ember Island,4.46023e-06,1
All Tvvins,4.46023e-06,1
Par-T-One,4.45987e-06,1
Gladkill,4.45928e-06,2
Ghetts,4.4549e-06,2
Akon,4.45274e-06,6
The Salsoul Orchestra,4.44816e-06,2
Jan Wayne,4.44241e-06,1
Apoplexia,4.44241e-06,1
Saint Bernadette,4.43358e-06,2
赤卵,4.43069e-06,11
Shay Shaz,4.42748e-06,5
Parralox,4.42257e-06,4
Suzanne Dando,4.4222e-06,2
The Truman Show Band,4.42201e-06,1
Rhythm Section,4.41982e-06,2
glue70,4.41639e-06,2
Luniz,4.4123e-06,3
Silkk the Shocker,4.41113e-06,2
Mis-Teeq,4.40777e-06,4
L a z u l i _ y e l l o w,4.39178e-06,2
Stacy Lattisaw,4.37688e-06,1
Asura,4.37688e-06,1
Rose Royce,4.37688e-06,1
FPPC,4.37688e-06,1
Future,4.37561e-06,4
cat tizzle Turbo,4.36829e-06,6
JVH‐C,4.35379e-06,1
b a k m a h n,4.34522e-06,3
Presidente,4.3371e-06,5
Bibio,4.33394e-06,2
fuckcore,4.33092e-06,1
SkyMarshall Arts,4.33092e-06,1
BoyKoy,4.32594e-06,2
Tamia,4.32372e-06,1
James Egbert,4.32372e-06,1
Rude Lard,4.31821e-06,3
Judith Siirila,4.31803e-06,2
Five,4.30843e-06,3
Gant Garrard,4.30825e-06,2
DJ Alex F,4.30484e-06,2
Christa Lee,4.29974e-06,5
Nhato,4.28905e-06,5
Dr. Evil,4.28408e-06,2
android52,4.27394e-06,5
Troublemakers,4.26747e-06,5
bluchew,4.25085e-06,2
angelus,4.24156e-06,8
Young MC,4.23533e-06,5
Yomanda,4.22311e-06,3
Allure,4.22175e-06,7
Tyler Sontag,4.21594e-06,2
Madlib,4.21072e-06,10
cocore,4.2053e-06,1
Joan Osborne,4.2053e-06,1
Ras Kass,4.19824e-06,1
Bow Wow,4.18344e-06,4
Lloyd Banks,4.1794e-06,12
Westend,4.17873e-06,2
Cannibal Ox,4.16316e-06,16
Laserdisc Visions,4.15759e-06,3
~AcquiredTaste,4.15089e-06,2
Scum,4.141e-06,2
Syrufit,4.12583e-06,3
Alan Walker,4.11479e-06,4
Chipzel,4.11276e-06,26
God Within,4.09977e-06,2
CUT_,4.08302e-06,1
¡Holé!,4.08302e-06,1
٩(｡•́‿•̀｡)۶,4.07328e-06,1
LemKuuja,4.07291e-06,2
XOOX,4.06684e-06,3
DJ C,4.06409e-06,2
GNB CHILI,4.06066e-06,5
Portishead,4.05716e-06,14
Spielmen and Women,4.05122e-06,2
Ozzy Osbourne,4.03486e-06,1
ゆよゆっぺ,4.03195e-06,3
cosMo@暴走P,4.02234e-06,3
Lil B,4.02226e-06,4
Dixie Flatline,4.02217e-06,2
KNOTS,4.02184e-06,1
ジミーサムP,4.02184e-06,1
いち,4.02184e-06,1
doriko,4.02184e-06,1
マチゲリータ,4.02184e-06,1
トラボルタ,4.02184e-06,1
梨本うい,4.02184e-06,1
ryo,4.02184e-06,1
minato,4.02184e-06,1
小林オニキス,4.02184e-06,1
Rbm noise ensemble,4.02184e-06,1
Jazztronik,4.01928e-06,2
CoLD SToRAGE,4.01863e-06,13
Bicep,4.01519e-06,1
the sub account,4.01472e-06,2
Nightforce,4.01438e-06,2
カレーパイセン,4.01421e-06,1
DJイオ,4.01421e-06,1
Hypnotize,4.01421e-06,1
neetskills,4.01421e-06,1
Maeda Kenji,4.01421e-06,1
ANA,4.01421e-06,1
鼓膜シュレッダー,4.01421e-06,1
The LASTTRAK,4.01421e-06,1
AI,4.01421e-06,1
submerse,4.01421e-06,1
nagomu tamaki,4.01421e-06,1
国士無双,4.01421e-06,1
Prime Tones,4.01421e-06,1
SAVAGE BOYS,4.01421e-06,1
totsumal,4.01421e-06,1
London Funk Allstars,4.00445e-06,2
King Dale,3.99927e-06,1
ATLiens,3.99612e-06,1
The Nobodies,3.99338e-06,2
Carré Rouge,3.98968e-06,2
Deko,3.98492e-06,1
lovbug,3.98492e-06,1
Weezer,3.98108e-06,1
Blutch,3.97675e-06,1
Mumblz,3.97675e-06,1
Pigeon John,3.97675e-06,1
Izum1,3.97528e-06,7
Andreas Tulley,3.97096e-06,2
Haruka Tamasaki,3.95458e-06,25
Graveyard Productions,3.91214e-06,4
Kulture,3.90959e-06,3
DJ /rupture,3.90927e-06,1
Optometrist Prime,3.90927e-06,1
Finnebassen,3.90927e-06,1
Electric Company,3.90927e-06,1
Phantoms,3.90927e-06,1
Awkwerd,3.90718e-06,4
Trotters,3.90058e-06,1
S U P E R F L A T スーパーフラット,3.90058e-06,1
Autechre,3.89213e-06,10
TALES,3.87707e-06,3
Chosen Few,3.86727e-06,2
Slum Village,3.86258e-06,2
Vappasko,3.85936e-06,2
Tom Misch,3.85794e-06,3
Ccmk,3.85704e-06,4
l4ureleye,3.85655e-06,1
Ricco Harver,3.85655e-06,1
BNYX,3.85655e-06,1
HVME,3.85655e-06,1
Cashmere Cat,3.85655e-06,1
Distortions,3.85445e-06,1
Funkdoobiest,3.83064e-06,3
Kay Kap,3.82375e-06,1
IamJstncrdble,3.81949e-06,2
Astrojo,3.81933e-06,1
KJ‐52,3.81804e-06,6
Superfunk,3.81405e-06,6
アベ,3.80984e-06,3
D.K$,3.80968e-06,2
Hybrid Minds,3.80829e-06,15
M.O.P.,3.8054e-06,2
Infected Mushroom,3.80463e-06,6
Jaz,3.80084e-06,1
CeCe Peniston,3.80084e-06,1
Calum Scott,3.80084e-06,1
Philly,3.80084e-06,1
Hood Surgeon,3.79447e-06,1
Scott Brown,3.79447e-06,1
Faheem,3.79099e-06,2
Foyer des Arts,3.79008e-06,17
Geier Sturzflug,3.78784e-06,9
benjamin,3.78741e-06,23
Ava Max,3.78603e-06,1
ちより☆,3.78442e-06,2
JustSomeRandomMusician,3.78427e-06,1
goloa,3.78427e-06,1
Kuseki,3.78427e-06,1
kyou1110,3.78411e-06,2
Cappella,3.77107e-06,2
Dave London,3.77084e-06,2
Monifah,3.77018e-06,1
Jex Opolis,3.77018e-06,1
The Upstairs,3.76933e-06,2
李骏驹,3.76564e-06,2
Pushmi-Pullyu,3.75744e-06,2
Shyheim,3.75657e-06,4
MasterSwordRemix,3.74709e-06,1
exnoiz,3.7356e-06,1
Eternal Sunset,3.7356e-06,1
danretsu,3.7356e-06,1
Ko-Shan,3.7356e-06,1
counterclockwise,3.7356e-06,1
Johi,3.7356e-06,1
Deltron 3030,3.72767e-06,13
Huk Don Phun,3.7267e-06,1
DJ Spooky Mulder,3.7267e-06,1
Pocketmaster,3.7267e-06,1
Public Image Ltd,3.72115e-06,1
MagnaDrake,3.72098e-06,12
熊谷文恵,3.72003e-06,3
Jill Scott,3.71919e-06,9
Cole Medina,3.70834e-06,2
M2M,3.70712e-06,1
Milli Cul,3.70492e-06,3
eicheph,3.69714e-06,2
Lia,3.69621e-06,3
AccessNowhere,3.69608e-06,1
μ's,3.69606e-06,1
Gusttavo Lima,3.69606e-06,1
GO!! Light Up!,3.6959e-06,1
渡辺岳夫,3.6959e-06,1
飯塚昌明,3.6959e-06,1
おかしい男ラース,3.6959e-06,1
The 2 Live Crew,3.69455e-06,3
Drown,3.69298e-06,2
King Sun-D Moet,3.69283e-06,1
Cappuccino,3.69283e-06,1
"Lipps, Inc.",3.69283e-06,1
Krayzie Bone,3.69283e-06,1
Master Genius,3.69236e-06,5
House of Krazees,3.69174e-06,1
Jeru the Damaja,3.68971e-06,8
Blood Orange,3.68266e-06,9
Frequency,3.67322e-06,1
Jimi Hendrix,3.67322e-06,1
LW Mashups,3.67164e-06,2
999 Heartake Sabileye,3.6646e-06,11
Ficci,3.65956e-06,1
Justus,3.65956e-06,1
NORTH POSSE,3.64318e-06,9
IAM,3.63745e-06,5
Groove Armada,3.61497e-06,15
Дискотека Авария,3.60333e-06,3
TheDancingFishstick,3.60303e-06,1
Cj Borika,3.60303e-06,1
Bad Copy,3.60303e-06,1
AZ,3.58818e-06,12
MapleJournal,3.57804e-06,2
hsiu,3.57261e-06,6
Tatyana Ali,3.57187e-06,2
Flux Pavilion,3.56947e-06,2
Justin Bieber,3.56576e-06,3
Vanessa Hudgens,3.56546e-06,1
Casual,3.56531e-06,3
FANGiRL,3.56396e-06,1
Jedi Mind Tricks,3.54257e-06,6
The Bucketheads,3.51158e-06,4
C2C4,3.50291e-06,2
Sugar Bear,3.50275e-06,1
Layo & Bushwacka!,3.4889e-06,4
Curtis Alto,3.48166e-06,2
MC Jin,3.47396e-06,1
SL2,3.46998e-06,12
B.o.B,3.46819e-06,4
Garrett,3.45769e-06,1
Martyrs of Apathy,3.4486e-06,1
undersaken,3.4486e-06,1
DJ Fresh,3.4486e-06,1
MF DOOM,3.4376e-06,13
Attalus,3.43389e-06,3
Boo Williams,3.4235e-06,1
DiGi Valentine,3.42189e-06,1
Lady Sovereign,3.42189e-06,1
Reks,3.42189e-06,1
Christina Milian,3.42189e-06,1
Deine Lieblings Rapper,3.42189e-06,1
Goodie Mob,3.40579e-06,3
Snowva,3.39578e-06,2
The Roots,3.38905e-06,18
Abyss X,3.38427e-06,1
Shawn Wasabi,3.38427e-06,1
JANNY,3.3716e-06,4
AHM,3.3678e-06,1
Jordan Fields,3.35339e-06,3
A s t h e t i c D r e a m s,3.35311e-06,1
Jamie Bull,3.35311e-06,1
E.V.,3.35311e-06,1
Sam Smith,3.35311e-06,1
Orchestral Manoeuvres in the Dark,3.35199e-06,4
Area 10,3.35157e-06,1
Felipe Avelar,3.35157e-06,1
SFDK,3.33439e-06,2
Les Rythmes Digitales,3.31884e-06,6
Struct,3.29822e-06,4
miwafoxl,3.29607e-06,8
Santiago Rael,3.28642e-06,2
Too $hort,3.28319e-06,14
gyuris,3.2743e-06,2
Ｓｐａｔｉａｌ Ｍａｎｕｆａｃｔｕｒｅ Ｌｔｄ.,3.25915e-06,4
Dragutesku,3.25887e-06,3
Chee,3.25739e-06,9
Cut Copy,3.24998e-06,1
Autograf,3.24998e-06,1
Pictureplane,3.24998e-06,1
The Field,3.24998e-06,1
Lord Tariq & Peter Gunz,3.24071e-06,2
RichaadEB,3.23273e-06,1
DVNEK,3.23223e-06,1
21 Savage,3.23223e-06,1
Gaullin,3.23223e-06,1
mark veins,3.23223e-06,1
Fangs,3.22848e-06,3
Brad Mehldau,3.22689e-06,2
Wu‐Tang Clan,3.21835e-06,25
Ruffneck,3.2112e-06,3
LE SSERAFIM,3.2072e-06,4
The Crystal Method,3.19075e-06,5
MC Lars,3.17746e-06,3
U‐God,3.17352e-06,2
DJ Misjah,3.16621e-06,3
Star Man,3.16603e-06,2
El Reno Renardo,3.16603e-06,2
Harry Enfield,3.1659e-06,1
张靓颖,3.1659e-06,1
Loden,3.1659e-06,1
Noise Factory,3.1659e-06,1
Jake Kaufman,3.16366e-06,20
Jersey,3.16321e-06,1
Soul Choc,3.15905e-06,4
中森明菜,3.14778e-06,3
Caribou,3.14626e-06,5
Ronnie Urini,3.13371e-06,2
Ray Keith,3.13299e-06,2
Nick Faber,3.13285e-06,1
Shadow FX,3.13285e-06,1
Metalheads,3.13285e-06,1
Hot Coffee,3.13285e-06,1
Oliver Hart,3.13285e-06,1
Power‐Pill,3.13285e-06,1
Raw Man,3.12967e-06,3
Poetic Ammo,3.10357e-06,4
Toris Badic,3.10318e-06,1
Lucky Luke,3.10318e-06,1
Phoebe Ryan,3.07136e-06,1
Larry Heard,3.07136e-06,1
Thomas Bangalter,3.058e-06,8
Jive Bunny & the Mastermixers,3.04347e-06,15
Andy Clarke,3.01668e-06,2
Method Man,3.01506e-06,5
8-Bit Arcade,3.00531e-06,2
Lee and Herring,3.00364e-06,8
Турбомода,2.97977e-06,1
Frankmusik,2.97299e-06,2
DJ Ridoo,2.97247e-06,1
Post Malone,2.96817e-06,2
MC Melodee,2.95361e-06,2
DJ Axel,2.9528e-06,3
Dilated Peoples,2.95188e-06,13
AliceBloodRabbit,2.93543e-06,1
P9,2.93543e-06,1
Bizarre,2.93396e-06,1
elamea,2.89387e-06,2
gyrofield,2.89331e-06,2
P.P. Arnold,2.88882e-06,1
Mastgrr,2.87967e-06,1
UNDERTALE: Epic Mode,2.87967e-06,1
whizzer0,2.87412e-06,2
IDG,2.874e-06,1
Saucerpan,2.874e-06,1
Andromeda Phoenix,2.874e-06,1
cirrus,2.874e-06,1
Andreas Zoeller,2.874e-06,1
CT-01,2.874e-06,1
Coalescence,2.874e-06,1
lynxfyre,2.874e-06,1
KubuntuFan013,2.874e-06,1
HTCAT,2.874e-06,1
bxnwxghxrn,2.874e-06,1
C418 Community,2.874e-06,1
Ferrichrome,2.874e-06,1
yQwO,2.874e-06,1
Nightime Burnout,2.874e-06,1
IzzyKart57,2.874e-06,1
r e z n o v k a 波 . 2049,2.8629e-06,10
Curse,2.86203e-06,12
Henry Greenwood,2.85387e-06,2
guilhox,2.85308e-06,13
Braxton Holmes,2.84945e-06,8
Capone‐N‐Noreaga,2.84381e-06,5
Frank Zappa,2.83895e-06,8
Acrylo,2.82284e-06,2
Thundercat,2.82096e-06,4
The Black Opera,2.81565e-06,2
Yoinkin,2.81234e-06,1
MC ENE,2.81014e-06,1
Red Hot Chili Peppers,2.80908e-06,4
Envy,2.80039e-06,8
MC Offside,2.80019e-06,8
Woebn,2.7989e-06,1
CHYL,2.7989e-06,1
Hi‐Tek,2.78868e-06,3
Pet Shop Boys,2.77746e-06,4
Arcando,2.77533e-06,1
Cecil Remmler,2.756e-06,4
Fever Ray,2.74596e-06,29
LTJ Bukem,2.73119e-06,12
starsculptor,2.72151e-06,2
Srgt. Moon,2.71536e-06,6
Lushlife,2.71447e-06,2
Washed Out,2.71429e-06,6
Shygirl,2.71001e-06,2
Norbi,2.70975e-06,2
Coo Coo Cal,2.70964e-06,1
H.P. Vince,2.70964e-06,1
SomeBlackGuy,2.70964e-06,1
Break Science,2.70964e-06,1
Plies,2.70964e-06,1
Tha Dynasty,2.70964e-06,1
DM DOKURO,2.70964e-06,1
Monomate,2.70723e-06,11
It's Dynamite,2.70506e-06,4
Joey Bada$$,2.69815e-06,3
Genetikk,2.69792e-06,1
Lil Debbie,2.69792e-06,1
CL,2.69792e-06,1
Iggy Azalea,2.69792e-06,1
Pish Posh,2.69792e-06,1
Intoxication Advice,2.69508e-06,6
Holier Than Thou?,2.6784e-06,1
Queen,2.6784e-06,1
Fler,2.66461e-06,3
Melonia,2.65233e-06,1
A.Skillz,2.65041e-06,4
Real McCoy,2.64584e-06,1
The Pussycat Dolls,2.64241e-06,3
The Hacker,2.64112e-06,2
Memesauce,2.63932e-06,2
Dynamite Grizzly,2.63911e-06,1
Duo Kie,2.63626e-06,1
Stacy Kidd,2.62884e-06,3
DJ Psy,2.61281e-06,2
Disco Inferno,2.61242e-06,2
Michael Guy Bowman,2.61242e-06,2
Soda Stereo,2.61231e-06,1
16bit,2.61231e-06,1
Empire of the Sun,2.6104e-06,2
Yves,2.606e-06,1
Farruko,2.60181e-06,2
Violadores del Verso,2.58244e-06,7
A‐Love,2.57491e-06,6
Kewyo3,2.56963e-06,1
Renegade Soundwave,2.566e-06,3
Phil n’ Dog,2.55862e-06,2
Therese,2.55503e-06,5
Daft Beatles,2.54989e-06,2
野本かりあ,2.54978e-06,2
内田有紀,2.54978e-06,2
smn,2.54978e-06,2
4EverfreeBrony,2.52898e-06,11
G. Twilight,2.52711e-06,2
Gustavo Cerati,2.52232e-06,1
Tems,2.52232e-06,1
GZA/Genius,2.5179e-06,8
Michael Staple,2.51745e-06,1
Erich Wolfgang Korngold,2.50692e-06,4
LEN,2.50575e-06,2
Michale Graves,2.50133e-06,1
Braaheim,2.49906e-06,1
Kotori,2.49783e-06,19
Flo Rida,2.49719e-06,2
tirestires,2.49002e-06,2
PsoGnar,2.48456e-06,4
maki ligon,2.47829e-06,2
Dem 2 Ruff,2.47397e-06,3
社長,2.47187e-06,1
Lotus Juice,2.47187e-06,1
平田志穂子,2.47187e-06,1
土屋憲一,2.47187e-06,1
粉川武大,2.47187e-06,1
Bentley Rhythm Ace,2.46621e-06,5
Buck 65,2.4579e-06,1
The Sugarhill Gang,2.4579e-06,1
Krizis,2.45501e-06,2
Frankie Goes to Hollywood,2.44907e-06,2
Mastermix,2.4464e-06,3
Mindelixir,2.43776e-06,8
756,2.43509e-06,2
Akfamilyhome,2.43232e-06,2
SixtyTunes,2.43231e-06,1
Sound Online,2.43231e-06,1
めらみぽっぷ,2.43231e-06,1
三澤秋,2.43231e-06,1
Fruit Loops,2.42907e-06,4
Perturbator,2.42707e-06,2
Bape Fiends,2.42207e-06,2
Madvillain,2.42114e-06,9
Yugi Boi,2.41183e-06,1
Games,2.40682e-06,11
Skratch Bastid,2.39843e-06,2
Archigram,2.396e-06,1
GAYLE,2.39139e-06,1
Bustafunk,2.3904e-06,3
D’Angelo,2.38873e-06,4
ceelka,2.37718e-06,2
Yung Innanet,2.37711e-06,1
DNA,2.37711e-06,1
Röyksopp,2.37433e-06,8
Team Genius,2.37151e-06,1
Michelle Heafy,2.37151e-06,1
Nookie,2.37015e-06,6
Braces Tower,2.36965e-06,1
Marcus Miller,2.36965e-06,1
Junior Jack,2.36965e-06,1
Pieter Bouwman,2.36928e-06,29
Dance 2 Trance,2.36099e-06,2
Scooter,2.35956e-06,4
Mike G,2.3578e-06,4
Babalos,2.34718e-06,2
Devin Davis,2.32723e-06,1
Mel & Kim,2.32664e-06,2
longstoryshort,2.32533e-06,3
X-Men,2.32524e-06,2
DJ Q,2.32524e-06,2
Los del Mar,2.31857e-06,1
London Elektricity,2.31472e-06,6
4thImpulse,2.3103e-06,11
ミト,2.30055e-06,2
Dave & Nuage,2.29104e-06,6
Supermode,2.287e-06,1
Bejjo,2.287e-06,1
Brandon Flowers,2.287e-06,1
U.T.I.,2.27401e-06,1
Homeboy Sandman,2.27401e-06,1
Danger,2.27401e-06,1
Big Time Charlie,2.26733e-06,2
WC,2.26551e-06,4
Kelis,2.26083e-06,3
Sneaker Pimps,2.24684e-06,8
Nowhere Men,2.23275e-06,2
Boards of Canada,2.23074e-06,4
Mylo,2.22822e-06,4
Rollergirl!,2.21768e-06,2
Omegaman,2.20991e-06,1
Issac Christopher,2.20991e-06,1
bbno$,2.20991e-06,1
Jamie Anderson,2.20991e-06,1
Nutta Butta,2.20991e-06,1
Nerio’s Dubwork,2.20991e-06,1
dead prez,2.19776e-06,3
Paul Kalkbrenner,2.19589e-06,1
Living Legends,2.19589e-06,1
WeDamnz,2.19589e-06,1
Deela,2.19349e-06,3
Cloudjumper,2.18936e-06,2
DJ Bishop,2.1845e-06,2
Black Sheep,2.18247e-06,6
Dr. Peacock,2.18244e-06,2
187 Lockdown,2.18244e-06,2
AmiGamer,2.18235e-06,1
Crookram,2.18235e-06,1
Juicy Cuts,2.1783e-06,1
NEXENUS,2.17267e-06,2
ERWIN,2.17267e-06,2
Boga,2.17267e-06,1
Hucci,2.16732e-06,2
Cynodon,2.16422e-06,1
Bryan Rudge,2.16422e-06,1
Jesper Kyd,2.16422e-06,1
P.T. Grimm,2.16344e-06,1
AyooLii,2.16204e-06,3
Tspeiro,2.15965e-06,4
櫻井智,2.15902e-06,1
Faith Marie,2.15902e-06,1
Dummy Run,2.15902e-06,1
中山ケイ,2.15902e-06,1
Shigeo Tamaru,2.15902e-06,1
Quadra,2.15902e-06,1
Dan K,2.15902e-06,1
The Tribalmastaz,2.15902e-06,1
Stadiumx,2.15412e-06,1
utopianradical,2.14533e-06,1
MARUV,2.14083e-06,1
David Guthrie Music,2.13588e-06,1
Sexyy Red,2.13413e-06,1
Good Times Ahead,2.13298e-06,2
Mindless Self Indulgence,2.12362e-06,4
Us3,2.11867e-06,17
Wavedash,2.11794e-06,2
Prince Paul,2.11326e-06,6
Vincent Remember,2.11296e-06,4
Hooverphonic,2.10613e-06,5
SuperVision,2.10202e-06,6
The Cooper Temple Clause,2.09852e-06,2
Smokey Robinson,2.09792e-06,2
Mosh,2.0896e-06,2
Natalie Bassingthwaighte,2.08936e-06,1
Kiki,2.08936e-06,1
Thee Mike B,2.08936e-06,1
Cory Mo,2.08889e-06,2
Russell Howard,2.08791e-06,3
VGR,2.07879e-06,2
TRVSHBXVT,2.07567e-06,4
Full Tilt Boogie Band,2.07473e-06,1
Daniel Ingram,2.06991e-06,5
Stephan Remmler,2.06931e-06,4
Kadoc,2.06749e-06,1
S’Express,2.06526e-06,4
Temp,2.06495e-06,2
DJ Fuzz,2.06163e-06,12
ARMNHMR,2.05255e-06,1
Graz,2.05255e-06,1
Mark Sherry,2.04989e-06,1
Klaus Badelt,2.04989e-06,1
P.O.S,2.04334e-06,12
Untouchable 3,2.04268e-06,5
tofubeats,2.03212e-06,7
Grant Phabao,2.03205e-06,1
DJ Frankus,2.03205e-06,1
Debaser,2.03205e-06,1
213,2.02798e-06,3
Michael Sealey,2.02561e-06,1
Douleur2vivre,2.02561e-06,1
Steady B,2.02025e-06,2
Shawnna,2.01667e-06,2
Stanton Warriors,2.01447e-06,25
reissecup,2.01024e-06,1
M.I.C.O.Y.C,2.01024e-06,1
Anonite,2.01024e-06,1
Kaien,2.00964e-06,1
福富幸宏,2.00964e-06,1
Copykat,2.00964e-06,1
☆Taku Takahashi,2.00964e-06,1
Zach Callison,2.00914e-06,1
aivi & surasshu,2.00914e-06,1
BlVkarot,2.00914e-06,1
Fatman Scoop,2.00897e-06,2
Kool Keith,2.00807e-06,6
Frost Children,2.0077e-06,2
2 Bad Mice,2.00617e-06,6
Craig Rutenberg,1.99616e-06,3
Latin Line,1.992e-06,2
Junior Vasquez,1.99184e-06,1
The Cheetah Girls,1.99184e-06,1
Crayondroids,1.99072e-06,1
DJ Flex,1.99072e-06,1
Big Audio Dynamite,1.99052e-06,2
Roni Size,1.99052e-06,2
Pimp C,1.98266e-06,2
Martin Garrix,1.9811e-06,1
Fanny Fink,1.97834e-06,2
Jean‐Michel Jarre,1.9778e-06,1
King Tubby,1.96945e-06,15
Sander van Doorn,1.95463e-06,1
Sylvver,1.95367e-06,3
インクキツネ,1.95359e-06,2
Totalspark,1.95359e-06,2
Bandetto,1.95359e-06,2
Kyradeen,1.95359e-06,2
Meat Marionette,1.95359e-06,2
D&D,1.95359e-06,2
toyod ine,1.95359e-06,2
PMP,1.95359e-06,2
ALEXANDER DIOGENES,1.95359e-06,2
ღDJ魔女っ娘ミラクるんღ,1.9533e-06,2
Blu & Exile,1.95013e-06,1
jennifer1,1.94676e-06,2
Cee-Roo,1.94348e-06,2
R3HAB,1.94276e-06,2
Richard Grey,1.94176e-06,1
Kurtis Mantronik,1.94176e-06,1
Boyz II Men,1.93916e-06,4
Relanium,1.93526e-06,1
James Fraser,1.92973e-06,18
David Sylvian,1.92886e-06,4
fwdslxsh,1.92781e-06,1
Kill Bill: The Rapper,1.92734e-06,5
The Smiths,1.92418e-06,2
Rebeat,1.9241e-06,1
Nom De Strip,1.92296e-06,1
Felix Jaehn,1.92165e-06,2
Fox Stevenson,1.92065e-06,1
Prodigy,1.9185e-06,3
Amtrac,1.91617e-06,19
GUNSHIP,1.91134e-06,1
Seal,1.9113e-06,1
Kris,1.9113e-06,1
Fantômas,1.91129e-06,3
diaxart,1.9078e-06,2
Drinks On Me,1.90749e-06,2
Mr Lange,1.9067e-06,1
Blumentopf,1.90354e-06,5
Schwester S.,1.90234e-06,4
IllegallyEmbezzleMp3,1.89875e-06,1
Outsidaz,1.89875e-06,1
PAWLIE POIZN,1.89443e-06,2
Left/Right,1.89079e-06,31
The Monitors,1.89034e-06,1
Bell Biv DeVoe,1.89034e-06,1
kkbutterfly27xx,1.88975e-06,1
Flavor Flav,1.88858e-06,1
Janaway,1.88703e-06,1
Sound Stream,1.88606e-06,2
Kristof. R,1.88598e-06,1
Toronto Is Broken,1.88562e-06,14
Nylon,1.88557e-06,1
Dirty River,1.88551e-06,7
Klaus & Klaus,1.88506e-06,5
Kroko Jack,1.88501e-06,2
Quintino,1.88468e-06,1
Manuel & Pony,1.88467e-06,2
Nusrat Fateh Ali Khan & Party,1.88467e-06,2
Hermes House Band,1.88459e-06,1
Dave Navarro,1.88459e-06,1
Jane’s Addiction,1.88459e-06,1
Ben Westbeech,1.88451e-06,1
Tyga,1.88451e-06,2
Nyarla,1.88443e-06,1
Wan Bushi,1.88443e-06,1
Dave Nada,1.88443e-06,1
Crazy Frog,1.88443e-06,1
Lightforce,1.88443e-06,1
Grambam36,1.88221e-06,3
96-glass,1.88175e-06,2
The Caretaker,1.87953e-06,1
MssingNo,1.87439e-06,3
Shiroi-Ice,1.87029e-06,4
dossyx,1.86381e-06,2
Lzie,1.857e-06,1
kz,1.85535e-06,1
fusq,1.85535e-06,1
204,1.85535e-06,1
Ouro Kronii,1.85502e-06,3
Claires,1.85261e-06,4
Calaveritas,1.85238e-06,1
The Whispers,1.85173e-06,1
Shu※,1.84981e-06,1
Lé,1.84981e-06,1
阿吽,1.84981e-06,1
owatax,1.84981e-06,1
Baby Keem,1.84906e-06,4
Anoiysz,1.8488e-06,10
矢鴇つかさ,1.84857e-06,1
平田祥一郎,1.84857e-06,1
A-bee,1.84857e-06,1
TECHNOBOYS PULCRAFT GREEN-FUND,1.84857e-06,1
板垣祐介,1.84857e-06,1
yandere,1.84841e-06,4
heartstation,1.84811e-06,3
LU-I,1.84795e-06,1
PurpleHaze,1.84795e-06,1
Jaguar Rays,1.84795e-06,1
cast heal,1.84795e-06,1
ミーティPAWS,1.84795e-06,1
Bentley Jones,1.84795e-06,1
PJ Harvey,1.84053e-06,5
Аркадий Стругацкий,1.8403e-06,2
Kardinal Offishall,1.81329e-06,3
N8E,1.79837e-06,1
Remi,1.79777e-06,2
Miles Davis + 19,1.79777e-06,2
Aquasky,1.76677e-06,5
Zack de la Rocha,1.76296e-06,5
Don Toliver,1.75941e-06,1
Les Ogres de Barback,1.75689e-06,5
Sugar Ray,1.75133e-06,5
TeeBee,1.74418e-06,6
Rage Against the Machine,1.73829e-06,4
Andy Buchan,1.70841e-06,1
Argy,1.7012e-06,2
Purple Disco Machine,1.68553e-06,14
Charli Baltimore,1.67757e-06,2
FIGHT MAKI FIGHT,1.66927e-06,1
N.O.R.E.,1.66927e-06,1
Fredro Starr,1.66927e-06,1
Mystik,1.66927e-06,1
Gack,1.66795e-06,1
Drive‐By Truckers,1.66795e-06,1
CaӤdy🍬Syлc,1.66175e-06,1
Disco Tech,1.65766e-06,1
SecretAsian6,1.63715e-06,1
Govinda,1.63715e-06,1
Shame 69,1.63255e-06,2
PRINCESS MOLASSES,1.62985e-06,1
Poperetta,1.62379e-06,2
Mr. Cheeks,1.62196e-06,11
Mirwais,1.61344e-06,1
The Folk Implosion,1.61344e-06,1
Feadz,1.61344e-06,1
Mark Pritchard,1.59749e-06,5
Nalin Inc.,1.59191e-06,1
REVERB LITE,1.59029e-06,1
Azad,1.58506e-06,8
Designer Music,1.57947e-06,2
Pryda,1.57716e-06,2
T.Power,1.57709e-06,1
Snowgoons,1.57709e-06,1
DJ Krush,1.56915e-06,12
R O C K Y,1.55526e-06,2
Joey Beltram,1.53996e-06,3
Sister Machine Gun,1.53834e-06,1
enable secret,1.53721e-06,1
E-Rick & Tactic,1.52546e-06,2
Maskillah,1.51659e-06,7
College,1.51331e-06,10
Georgia,1.51228e-06,1
Dick Lucas,1.51228e-06,1
Amanda Palmer & The Grand Theft Orchestra,1.50855e-06,2
Jace Norman,1.50524e-06,2
Shinji Yoshimura,1.5034e-06,4
Sérgio Mendes,1.50101e-06,6
tfwamirite,1.5009e-06,10
Bull Beats,1.49439e-06,2
Mixcut,1.49064e-06,1
Stetsasonic,1.47133e-06,2
Body Ocean,1.46943e-06,2
Klaus Veen,1.46937e-06,1
DJ AM,1.46937e-06,1
808 State,1.46655e-06,7
Matt Furniss,1.46344e-06,5
Above the Law,1.463e-06,6
The One AM Radio,1.45984e-06,1
fnjj,1.45984e-06,1
A1,1.45984e-06,1
Farming Simula,1.4583e-06,1
Gemi,1.4583e-06,1
Thievery Corporation,1.4544e-06,2
Bushwick Bill,1.44951e-06,4
☆ L U C K Y ☆,1.44882e-06,7
bumbum,1.44114e-06,3
JAWNS,1.44109e-06,2
Delancey Throne,1.44102e-06,1
luvgraveyardgirl,1.44102e-06,1
Big Hair,1.4392e-06,2
Fabe,1.43082e-06,2
Soho,1.4285e-06,2
Arsonists,1.4272e-06,6
X-Men,1.42681e-06,2
Prince d’Arabee,1.42577e-06,4
Riedler Musics,1.42188e-06,2
Chronixx,1.41615e-06,8
Los Autómatas Inteligentes,1.41204e-06,3
DoubleAACE,1.40363e-06,2
Kenny “Dope” Gonzalez,1.40151e-06,6
Sentsinkanteun,1.3992e-06,1
Rookie!,1.3992e-06,1
VanilluxePavilion,1.3992e-06,1
orale!,1.3992e-06,1
Nora Zion,1.38789e-06,5
AussieAsher,1.38775e-06,4
Stars in Autumn,1.38522e-06,3
Lex,1.38425e-06,2
Gottfried Engels,1.378e-06,2
Rameses B,1.36938e-06,2
Knowledge & Wisdom,1.36894e-06,1
Knoc‐Turn’Al,1.36723e-06,2
Paul Johnson,1.36434e-06,13
MC Eiht,1.36131e-06,3
kagi's toilet,1.36042e-06,1
Los Verdaderos Kreyentes de la Religión del Hip Hop,1.3602e-06,3
We Are Magonia,1.35667e-06,1
HORSE the band,1.35234e-06,1
sonnov,1.34279e-06,15
Top Cat,1.34211e-06,2
Fat Joe,1.34133e-06,4
Break,1.34077e-06,2
Indian Ropeman,1.32896e-06,3
Rare,1.32885e-06,1
Domingo,1.32885e-06,1
Matt Prasty,1.3206e-06,12
Skee‐Lo,1.31201e-06,2
Radiorama,1.30768e-06,1
Niion,1.30768e-06,1
Vanessa,1.30768e-06,1
Casey,1.30437e-06,3
Acidgvrl,1.30279e-06,5
CloZee,1.29435e-06,6
Lil' Vicious,1.28693e-06,1
Shy FX & T Power,1.28693e-06,1
JCRG,1.28693e-06,1
Gwen Stefani,1.28693e-06,1
TCY FORCE,1.28358e-06,3
Mura Masa,1.27521e-06,5
Rayvon,1.27505e-06,2
Christopher Tyng,1.27489e-06,1
AmaLee,1.27489e-06,1
Schematic Wizard,1.27239e-06,2
Filter,1.27234e-06,1
Ziggy Marley and the Melody Makers,1.26814e-06,1
Pianoman,1.26736e-06,11
LoreRD,1.26401e-06,1
WEST Mashups,1.26266e-06,4
Lappy,1.26059e-06,3
Saint Etienne,1.2575e-06,12
Moloko,1.23733e-06,5
Tanger,1.23481e-06,3
Matthewせいじ,1.2347e-06,1
Ben Prunty,1.2347e-06,1
Kuraine,1.2347e-06,1
Maxo,1.2347e-06,1
Jukio Kallio,1.2347e-06,1
In Love With a Ghost,1.2347e-06,1
Der Wolf,1.22842e-06,1
Dante Mars Ajeto！,1.2204e-06,5
Aceyalone,1.21718e-06,20
Farley Jackmaster Funk,1.21456e-06,3
*NSYNC,1.21329e-06,5
Grand Slam,1.21248e-06,1
Steve Reich,1.20744e-06,16
ATW,1.20242e-06,1
Beautifully Abstract,1.20242e-06,1
Odyssey,1.20242e-06,1
London Symphony Chorus,1.19797e-06,4
Cantina,1.19751e-06,1
Howard Shelley,1.19751e-06,1
HOSH A GO-GO,1.19751e-06,1
SALEM,1.19751e-06,1
The EOS Ensemble,1.19751e-06,1
Peter Lloyd,1.19751e-06,1
Vinyl Syndicate,1.19751e-06,1
Mohican Sandbag,1.19751e-06,1
Tempus Tonic Philharmonic,1.19716e-06,7
ElevenWAV,1.19602e-06,2
Luke Slater,1.1952e-06,2
DJ Koze,1.19469e-06,4
"Kenny Dixon, Jr.",1.19324e-06,1
Cassidy,1.19324e-06,1
Kindred the Family Soul,1.19324e-06,1
Paula Abdul,1.19324e-06,1
Luciano,1.19148e-06,1
The Nightcrawlers,1.18997e-06,1
Saka,1.1676e-06,4
Yage,1.16686e-06,1
Lick Back Organisation,1.16686e-06,1
Bonobo,1.16538e-06,6
DJ Kaos,1.1631e-06,3
Clipz,1.16262e-06,1
DHL,1.16262e-06,1
inanamateCD,1.16239e-06,1
Peter Cetera,1.16239e-06,1
gaymichaelafton,1.16129e-06,2
Mikal kHill,1.15476e-06,4
Benja & Fatalis,1.15437e-06,1
Dax Riders,1.15437e-06,1
Denzel Curry,1.14999e-06,8
shota,1.14787e-06,7
Sade,1.14453e-06,1
dorencore,1.14453e-06,1
Brayden Potts,1.14453e-06,1
ImBN,1.14453e-06,1
The Magician,1.14422e-06,3
Lil Tonya,1.14247e-06,1
Zéphyr 21,1.14137e-06,15
Tommyknocker,1.14071e-06,1
Radiohead,1.14017e-06,4
Purity Ring,1.12606e-06,3
Aphrodite,1.12035e-06,4
The Big Pink,1.11071e-06,2
Zach Syrylo,1.10778e-06,2
Project Pat,1.10651e-06,6
Yung Lean,1.09826e-06,7
Cash Kru,1.09807e-06,1
RJD2,1.09751e-06,9
Uebok,1.09526e-06,25
The Ultimate Seduction,1.09479e-06,14
Likonan,1.09368e-06,1
Doofcake,1.09368e-06,1
MACINTOSH MINUS,1.09147e-06,2
COM.A,1.09134e-06,3
Adventures in Slumberland,1.09082e-06,4
j‐hope,1.08677e-06,1
Boylan,1.08677e-06,1
Tokoloshes,1.08634e-06,1
Staticca,1.08634e-06,1
CRAZY TARDIS,1.08634e-06,1
KOKAYNA,1.08634e-06,1
ox33n,1.08634e-06,1
El Límite,1.08539e-06,1
Pusha T,1.08502e-06,4
Shy FX,1.08409e-06,3
Beanfield,1.07923e-06,2
Architecture in Tokyo,1.07887e-06,3
Kirsty Hawkshaw,1.07586e-06,2
Rabbit Junk,1.07559e-06,1
JoJo,1.07559e-06,1
Jazzanova,1.07493e-06,11
DREAM GIRL,1.07486e-06,3
Exposure,1.0704e-06,1
T. Ark,1.0704e-06,1
Dreadzone,1.0704e-06,1
Gaz Glasses,1.06848e-06,2
Aseul,1.06844e-06,1
vertigoaway,1.06844e-06,1
K‐Flex,1.06226e-06,3
Subdaio,1.05566e-06,1
iii!!!,1.05566e-06,1
Nu-Matic,1.05466e-06,3
Nyanakaru,1.05289e-06,3
Viktor Vaughn,1.0493e-06,2
Triple XXX,1.04926e-06,1
Kodak Black,1.04926e-06,1
Poison Clan,1.04926e-06,1
Albert Cabrera,1.04926e-06,1
Schwartz,1.04926e-06,1
Michael Franti & Spearhead,1.04926e-06,1
Alessia Cara,1.04926e-06,1
L.A. Nash,1.04926e-06,1
Uffie,1.0477e-06,6
Loui,1.04489e-06,1
Baha Men,1.04465e-06,1
Tommy Wright III,1.04445e-06,1
Phunk Junkeez,1.04445e-06,1
Mic Geronimo,1.04445e-06,1
Leslie Carter,1.04445e-06,1
Rakim,1.04445e-06,1
M|A|R|R|S,1.04445e-06,1
Vinnie Maniscalco,1.03974e-06,1
DaisyChannel,1.01482e-06,2
Dimitri Z,1.01013e-06,1
Brownstone,1.01013e-06,1
DJ Wielki Huj,1.00666e-06,4
Rob Base & D.J. E‐Z Rock,1.00415e-06,5
Rudeejay,9.99877e-07,2
Digital Farm Animals,9.99835e-07,1
Anthony Keyrouz,9.99835e-07,1
Duck Sauce,9.98467e-07,15
luce,9.94502e-07,1
Boston Pops Orchestra,9.92513e-07,4
Deadly Avenger,9.90575e-07,5
Lowkey,9.8345e-07,1
Modeselektor,9.77353e-07,9
Choker,9.76878e-07,3
松田聖子,9.76796e-07,1
陳奕迅,9.76796e-07,1
2NE1,9.76796e-07,1
PAV4N,9.76796e-07,1
Doctor Ice,9.76796e-07,1
Spor,9.76796e-07,1
Olly Murs,9.76796e-07,1
JJokerDude,9.7532e-07,2
Flëur,9.71321e-07,1
Bedlam Ago Go,9.58219e-07,4
Sugababes,9.56922e-07,2
Lil Scrappy,9.54937e-07,4
Fresh B.,9.54302e-07,2
A+,9.52591e-07,9
Delta V,9.47564e-07,5
HI‐LO,9.454e-07,2
Naam Brigade,9.40733e-07,1
Device,9.40733e-07,1
Daniel Avery,9.37763e-07,1
Chrome Canyon,9.35918e-07,10
Trademark,9.31906e-07,1
Robin Hannibal,9.31906e-07,1
Robscure,9.3159e-07,1
Dirty Projectors,9.3159e-07,1
μ‐Ziq,9.30824e-07,9
Lavender,9.29326e-07,2
DitzyRhythm,9.25801e-07,1
iMAJ,9.25801e-07,1
M-Project,9.24718e-07,6
UnderpΩny,9.23986e-07,3
Baauer,9.23797e-07,1
◻,9.23704e-07,2
Glaze,9.23666e-07,2
IchigoPony,9.22952e-07,2
Pulsedriver,9.22874e-07,2
Xlos,9.22661e-07,8
The Eternals,9.22425e-07,2
MATTN,9.22387e-07,1
Don Yute,9.20185e-07,1
Zero T,9.2015e-07,1
Flume,9.18584e-07,1
Mwano,9.17498e-07,7
D.O.K,9.16346e-07,1
Rae & Christian,9.15097e-07,17
Bardoq,9.1333e-07,2
Different Heaven,9.03513e-07,1
Zurdeimvar Gragz,9.03513e-07,1
umellu,9.03513e-07,1
D. Kay,9.00857e-07,2
Miles Davis Sextet,8.98887e-07,1
Sinéad O’Connor,8.98887e-07,1
AG,8.97566e-07,1
Phonte,8.97566e-07,1
Meek Mill,8.97566e-07,1
Deacon the Villain,8.92508e-07,2
SUYT,8.86012e-07,2
Assholes by Nature,8.81822e-07,2
David Banner,8.80531e-07,1
Saigon,8.80531e-07,1
Bleep Bloop,8.80531e-07,1
ETHEREA,8.79853e-07,3
Guillamino,8.78361e-07,5
The Slew,8.73975e-07,11
Chlorenn,8.6703e-07,5
Nicole Toderas,8.64618e-07,3
Erbman,8.64401e-07,1
Neo,8.64401e-07,1
Shakira,8.56064e-07,2
Peking Duk,8.54614e-07,1
Dream Warriors,8.53231e-07,5
Ed Sheeran,8.4759e-07,1
Barbara Tucker,8.43102e-07,3
Khalid,8.42927e-07,1
Sunday After,8.42719e-07,2
Madison Avenue,8.41093e-07,14
Bacalao & Sonne,8.39135e-07,1
Cappadonna,8.34285e-07,2
gazzzy,8.33843e-07,1
Gargoyle,8.29014e-07,1
Iosun,8.27806e-07,1
BONESAW,8.27806e-07,1
69,8.27775e-07,3
sanathathoe,8.24572e-07,1
Imagine Dragons,8.24551e-07,1
Les Rieurs,8.2343e-07,6
Leftfield,8.16966e-07,2
Cut and Paste,8.16909e-07,1
Porn Kings,8.16909e-07,1
Richard M. Sherman,8.16217e-07,8
Dub Scout,8.12727e-07,1
Twonko,8.12727e-07,1
MF PICKLE-O,8.12727e-07,1
J Pearl,8.11694e-07,10
Noize MC,8.08267e-07,2
John Cena,8.08267e-07,2
Society Suckers,8.08233e-07,1
Drum Island,8.05798e-07,1
中田ヤスタカ,8.05147e-07,3
Pawston,8.02729e-07,1
Earl Sweatshirt,8.00596e-07,12
Animal Crackers,8.00282e-07,1
SpaceGhostPurrp,7.96763e-07,6
Reach & Spin,7.96593e-07,3
Soul Swing,7.94618e-07,3
Marky Mark and the Funky Bunch,7.89112e-07,3
Panchiko,7.87508e-07,17
Viridian クリス,7.87437e-07,6
Cloud Mac,7.87206e-07,1
Nephos,7.7766e-07,3
The Golden Pony,7.74774e-07,2
Lush,7.72631e-07,5
JohNick,7.69771e-07,3
Kelbin,7.69739e-07,1
Nikki Nair,7.69739e-07,1
Future Funk Monthly,7.69689e-07,12
Cedric Gervais,7.69616e-07,2
Alessandro Taccini,7.69616e-07,2
Din-ST,7.68437e-07,1
Yellow Claw,7.67402e-07,1
Alan Braxe & Fred Falke,7.6599e-07,5
אמילי קרפל,7.6498e-07,1
Pep Love,7.62927e-07,2
Thomas Rusiak,7.60585e-07,3
niu arx,7.60205e-07,1
1086 Productions,7.59983e-07,18
Nari,7.59761e-07,1
Geo22,7.56691e-07,1
Max Fractal,7.54274e-07,1
Heimanu,7.53073e-07,22
K’naan,7.52652e-07,2
Cooper Barnes,7.5262e-07,1
godheadSilo,7.49309e-07,1
The Crooklyn Dodgers,7.48846e-07,2
Act of Dog,7.48005e-07,4
WZRD,7.4245e-07,2
Sebastian Fennec,7.39055e-07,2
Nightcore Vaporwave,7.38639e-07,11
Espion,7.27314e-07,1
JL,7.22091e-07,1
Rittz,7.22091e-07,1
The Wiseguys,7.16294e-07,7
Ağaçkakan,7.14251e-07,1
[FaRe'N'HiTe],7.13895e-07,4
Booney,7.13434e-07,2
Rocko,7.13404e-07,1
Wynardtage,7.11613e-07,1
Bladee,7.05386e-07,4
Björk,7.03129e-07,7
CHAN,6.96397e-07,1
KarameL,6.96397e-07,1
BUNDA,6.92433e-07,4
Markus,6.89781e-07,6
Ruff Ryders,6.89675e-07,2
COEO,6.89598e-07,4
Joachim Witt,6.89536e-07,3
2raumwohnung,6.89001e-07,1
Biz,6.87451e-07,1
Lexos,6.83432e-07,2
Nekophiliac,6.83029e-07,3
Octobre Rouge,6.7764e-07,7
MSMV,6.7432e-07,1
DonnieTheGuy,6.70874e-07,3
Pépé Bradock,6.69755e-07,4
Fake Shark,6.68802e-07,1
Nick Holder,6.68652e-07,13
colin!,6.66451e-07,2
Deep Sensation,6.60198e-07,8
DJ Cipha Sounds,6.59747e-07,1
Sweet Exorcist,6.59729e-07,2
“Fast” Eddie Smith,6.59693e-07,1
Roughcut,6.55125e-07,4
Phoenix,6.54559e-07,4
Davwuh,6.53298e-07,11
Scott Grooves,6.52482e-07,2
キセノンP,6.52094e-07,8
Bjørn Torske,6.4724e-07,1
謎の人物K,6.46232e-07,2
秋赤音,6.46232e-07,2
Augustin Hurez,6.40383e-07,1
Coldcut,6.39352e-07,9
Hiro,6.39254e-07,2
La Roux,6.38911e-07,2
Sybil,6.38885e-07,1
Jason Derulo,6.33176e-07,2
Autodidactic Studios,6.30267e-07,1
Krafty Kuts,6.27117e-07,1
Tina the Cyclops girl,6.25226e-07,2
Metermaids,6.24543e-07,2
The Darkman,6.22718e-07,2
Porno,6.22158e-07,1
LiterallyNoOne,6.21141e-07,1
D-CELL SOUND TEAM,6.21089e-07,3
mt.lelah,6.20983e-07,1
[dunkelbunt],6.20233e-07,2
The Latin Kings,6.18943e-07,1
Schwesta Ewa,6.18943e-07,1
Tuff Crew,6.18943e-07,1
Soul II Soul,6.18943e-07,1
Inner Circle,6.18943e-07,1
New Kids on the Block,6.18943e-07,1
Dana Dane,6.18943e-07,1
Keisha Jackson,6.18943e-07,1
Alanis Morissette,6.18943e-07,1
Audio Two,6.18943e-07,1
Mick Jagger,6.18943e-07,1
Skadanks,6.167e-07,4
Rahul Dev Burman,6.15914e-07,2
Ford & Lopatin,6.15715e-07,17
sumthin sumthin,6.15573e-07,1
Khaligraph Jones,6.15573e-07,1
gorse panshawe,6.15573e-07,1
Erykah Badu,6.12756e-07,8
Meishi Smile,6.08444e-07,7
Monie Love,6.05084e-07,2
steelix,6.04858e-07,1
Moz-Art,6.0045e-07,1
Blue Lab Beats,6.0045e-07,1
Alpha Wann,6.0004e-07,4
Consequence,5.9826e-07,3
Pink Floyd,5.97164e-07,15
Friendly Fires,5.94865e-07,2
Drew Sky,5.93519e-07,4
hiræth,5.92955e-07,3
Alexander Lynch Totheark,5.92654e-07,1
Deftones,5.92654e-07,1
Шао? Бао!,5.91533e-07,2
Ed Rush,5.91033e-07,3
Toka Project,5.86513e-07,1
Smoothe da Hustler,5.86513e-07,1
cvrsed,5.86446e-07,2
ryuzk,5.86422e-07,1
Rotteen,5.79934e-07,6
Darius,5.79715e-07,3
Sharam Jey,5.78651e-07,1
Grand Menage,5.75897e-07,1
NekRock,5.75884e-07,2
Passion Pit,5.75884e-07,2
ミカヅキBIGWAVE,5.75884e-07,1
ICE BAHN,5.75884e-07,1
zorg,5.7586e-07,1
The Lions,5.72056e-07,12
Sammus,5.70012e-07,5
DJ Falcon,5.6937e-07,7
Louis Armstrong & His Orchestra,5.64963e-07,2
Andrew Huang,5.56739e-07,7
Koriass,5.54138e-07,3
MEGAREX,5.52175e-07,15
Svinkels,5.51794e-07,1
Kittin,5.50436e-07,1
Keyshia Cole,5.4952e-07,7
dc Talk,5.48769e-07,2
D.O. Cartel,5.45418e-07,3
Destiny’s Child,5.45392e-07,3
Aretha Franklin,5.43941e-07,2
Apollo Brown,5.43689e-07,2
SMD,5.39637e-07,2
Gouryella,5.39615e-07,1
Sector 7,5.39615e-07,1
Jermaine Dupri,5.37616e-07,4
Phantogram,5.35985e-07,6
U2,5.35622e-07,17
9th Wonder,5.33813e-07,2
Noise Base,5.3341e-07,1
Mylène Farmer,5.33005e-07,1
DubVision,5.33005e-07,1
Panic Girl,5.32561e-07,8
Pizzicato Five,5.30127e-07,6
Angie Stone,5.28712e-07,4
Sasha,5.2524e-07,22
Desired,5.25141e-07,15
Linko,5.24672e-07,1
The Others,5.23029e-07,15
Nebula II,5.21206e-07,4
Земфира,5.1779e-07,2
SLIMKID3,5.16714e-07,3
The Cinematic Orchestra,5.15771e-07,2
RHTL,5.14818e-07,5
Falsalarma,5.12664e-07,2
AUDIO SPORTS,5.11006e-07,1
All City Affairs,5.11006e-07,1
Keith Murray,5.11006e-07,1
Simple E,5.11006e-07,1
Sickboy,5.10234e-07,1
Cranky,5.07028e-07,1
MowtenDoo,5.07028e-07,1
Swagberg,5.05415e-07,5
Group Home,5.02482e-07,1
Karriem Riggins,5.02482e-07,1
Guilt Chip,5.01729e-07,2
D12,5.015e-07,1
Silicone Soul,5.015e-07,1
Joe,5.015e-07,1
Killer Mike,5.015e-07,1
Black Masses,5.015e-07,1
2 in a Room,5.00675e-07,2
Abigail Brady,4.99422e-07,1
Artifacts,4.96545e-07,7
Low Profile,4.92497e-07,4
I’ve,4.9009e-07,15
Wiz Khalifa,4.89084e-07,2
大神纏,4.86921e-07,2
Lance Herbstrong,4.79468e-07,2
Yvette Michele,4.77778e-07,2
fict.ion,4.77509e-07,1
Alfa,4.77509e-07,1
X-ystem,4.77509e-07,1
DJ Sike,4.77509e-07,1
Shabazz the Disciple,4.75594e-07,1
T.H.U.G. Angelz,4.75594e-07,1
Carlos Niño,4.75594e-07,1
Inspectah Deck,4.75594e-07,1
small mistake,4.73246e-07,4
mikuma,4.727e-07,1
David Morales,4.72661e-07,3
Maria Lawson,4.72582e-07,1
sci,4.67497e-07,2
cheztheguy,4.64441e-07,1
DJSadEyez,4.64441e-07,1
Echelon,4.64441e-07,1
Melodosis,4.64441e-07,1
K3WRO,4.64441e-07,1
MrCrackles,4.64441e-07,1
Fix,4.63432e-07,2
Cezary Ostrowski,4.63286e-07,4
A$AP Nast,4.62954e-07,2
犬吠埼紫杏,4.62503e-07,4
Carbonic Twinlkedust,4.62388e-07,1
Leon Thomas,4.62213e-07,2
The Marking Dude,4.62086e-07,2
Spirit,4.62067e-07,1
Goji,4.61852e-07,1
Interrobang Pie,4.61852e-07,1
Battlemuffins,4.61852e-07,1
Crossover,4.61833e-07,1
ArtAttack,4.61833e-07,1
AgileDash,4.61578e-07,2
Not a Clever Pony,4.61559e-07,1
Phaux,4.61476e-07,1
Supersaw Hoover,4.61476e-07,1
Pinkie Cake,4.61379e-07,1
Abunai,4.61379e-07,1
(un)familiar.,4.61013e-07,2
Demon,4.58566e-07,2
Animal Collective,4.56718e-07,3
Delinquent Habits,4.56697e-07,2
Cabrini-Greens & Cornbread,4.56685e-07,2
Eric Burdon,4.56666e-07,1
Tone Broke,4.56666e-07,1
The Aztec Mystic,4.56666e-07,1
Detroit Soul Project,4.56666e-07,1
The Black Mighty Orchestra,4.55499e-07,3
yeongrak,4.53206e-07,2
Cube Panda,4.47506e-07,1
tommy,4.45748e-07,2
Calicat,4.4573e-07,1
Isabela Eyris,4.44596e-07,2
Omar LinX,4.40018e-07,3
DJ QBert,4.38133e-07,1
Afterdark,4.35617e-07,2
UNKLE Sounds,4.35143e-07,1
Gibusnipu,4.35105e-07,1
DJ Food,4.34564e-07,5
Horny United,4.29383e-07,2
The Buffalo Bunch,4.29365e-07,1
DOPEDROP,4.29365e-07,1
Supreme Team,4.29365e-07,1
Pulp,4.28605e-07,7
C-Mon & Kypski,4.25988e-07,2
FPM,4.25638e-07,4
XXYYXX,4.2559e-07,1
SUSHIBOYS,4.22307e-07,1
Thee Tom Hardy,4.22307e-07,1
FuntCase,4.21429e-07,1
Birdman,4.2107e-07,1
Powell,4.18701e-07,5
Cold Blank,4.15878e-07,1
Heboyi,4.14109e-07,2
Rush Garcia,4.14092e-07,1
Beeyoudee,4.12881e-07,2
Infinit',4.12863e-07,1
The 45 King,4.12507e-07,1
chard la plaga,4.10589e-07,1
vierre cloud,4.10589e-07,1
Maxo Kream,4.10589e-07,1
o0o,4.10589e-07,1
Paperboy,4.10038e-07,1
Mike 303,4.10038e-07,1
Orkidea,4.08705e-07,15
Groove Cats,4.08535e-07,1
Rifti Beats,4.07155e-07,3
KŪKO,4.07138e-07,2
TURBO,4.06563e-07,2
APOLLO,4.04429e-07,2
IVE,4.04429e-07,2
Inta Warriors,4.03646e-07,2
Mario Winans,4.01666e-07,6
Ryleo Goldridge,4.01401e-07,1
Mind of a Dragon,4.01222e-07,2
The Alchemist,4.01205e-07,1
nice job bro0o0o0o0o0o0o0,4.01052e-07,1
The Pirates,4.00502e-07,1
DJ Crystl,4.00502e-07,1
Jüri Pootsmann,4.00502e-07,1
Buccaneer,4.00502e-07,1
Sofa Surfers,3.96427e-07,1
Gail Blanco,3.96338e-07,2
Havana Project,3.96338e-07,2
Johnny Marsiglia,3.96338e-07,2
Little Boots,3.94209e-07,6
Eleven Tigers,3.93729e-07,2
Shādz of Lingo,3.93672e-07,5
Don Omar,3.93202e-07,7
Strawberry Station,3.93045e-07,1
roboi85,3.93045e-07,1
不覚にもムエタイ,3.92625e-07,2
Sink Saiko,3.91949e-07,2
Clay Venezia,3.90901e-07,1
Jay Electronica,3.90901e-07,1
Intercloud 7,3.88862e-07,1
The Knocks,3.88814e-07,1
Plastician,3.88582e-07,24
Ruff Muff,3.88528e-07,1
Azrael‐II,3.86477e-07,2
Backstreet Boys,3.85085e-07,1
The Perceptionists,3.85085e-07,1
Stev Dive,3.84808e-07,1
Jordan Rudess,3.84774e-07,1
Relient K,3.84774e-07,1
Sonny D,3.84486e-07,1
Krust,3.84486e-07,1
Bruce Hornsby,3.84302e-07,1
Jessy Lanza,3.84039e-07,22
Soapy Skylines,3.83951e-07,1
Robin Schulz,3.83701e-07,1
DΛRTHxWΛVE,3.83578e-07,1
Pleaser,3.81871e-07,6
Peshay,3.81367e-07,22
Stan Bush,3.81279e-07,1
Адреналин,3.81279e-07,1
Dontcha,3.81279e-07,1
Lorenzo,3.81279e-07,1
RAVEDOG,3.80264e-07,2
WangleLine,3.80248e-07,1
Mario Judah,3.79995e-07,1
Christdriver,3.79995e-07,1
DJ Paypal,3.79995e-07,1
Digital Underground,3.79305e-07,2
Busdriver,3.79071e-07,7
Yann Walcker,3.77374e-07,18
Bombay Vikings,3.77289e-07,10
shy lad :3,3.77074e-07,1
Polarlicht,3.77074e-07,1
Ying Yang Twins,3.76254e-07,5
TV Junkeez,3.76177e-07,2
Anna Morgan,3.74667e-07,35
Samantha Fox,3.74132e-07,6
Liquid Lines,3.69962e-07,40
q_p,3.69527e-07,1
fluttershy will never die,3.69527e-07,1
Skydreams,3.69527e-07,1
Nia Archives,3.68855e-07,2
Civilian,3.63565e-07,1
mmph,3.62247e-07,1
Ali & Gipp,3.62181e-07,3
NOKKO,3.61227e-07,3
Brand Nubian,3.60345e-07,3
Andy Feelin,3.60332e-07,1
Jupiter Maroon,3.60332e-07,1
Mic the Microphone,3.60332e-07,1
InkPony,3.60332e-07,1
Shunks,3.60332e-07,1
Mush,3.60332e-07,1
DJ.TKC,3.60332e-07,1
Element6,3.60332e-07,1
KeepOnRockin’,3.60332e-07,1
Shadysoup,3.60332e-07,1
Aoshi,3.60332e-07,1
ÜberTriangle,3.60332e-07,1
Substance,3.602e-07,4
Paradox,3.59074e-07,1
Jay Sean,3.59074e-07,1
Underground Software,3.57441e-07,3
Altered Crates,3.54779e-07,1
T‐Connection,3.54704e-07,1
akca,3.53705e-07,2
BlocBoy JB,3.53691e-07,1
watering,3.49719e-07,2
Zmoalăcazan,3.49541e-07,1
Cinikill,3.49541e-07,1
Guzmaphobia,3.48748e-07,3
Jentina,3.48723e-07,1
Mekon,3.48723e-07,1
Fast Crew,3.48723e-07,1
Ne‐Yo,3.48723e-07,1
Bling Crosby,3.47747e-07,3
KAI,3.47718e-07,1
B4SSfreq,3.47074e-07,6
Sandra Kolstad,3.41975e-07,1
waiting to die,3.40316e-07,2
Jessie J,3.39183e-07,1
Tim Legend,3.39183e-07,1
Girls Aloud,3.38776e-07,3
Misplaced,3.37144e-07,1
Trap Remix Guys,3.37135e-07,4
Scion,3.36979e-07,28
Étienne de Crécy,3.36583e-07,4
Mr. Oizo,3.36069e-07,4
masuka,3.35599e-07,1
"quickly, quickly",3.3463e-07,4
Vantage,3.33715e-07,2
Kcik,3.32651e-07,1
アツシオハラ,3.31263e-07,11
Far Out,3.30824e-07,1
Tomba,3.30824e-07,1
The Lightning Seeds,3.30414e-07,1
The Last Poets,3.28286e-07,2
Bad Azz,3.27744e-07,1
Tha Eastsidaz,3.26241e-07,1
Chinese Man,3.2602e-07,6
Pendulum,3.25284e-07,3
NACCXle,3.24852e-07,3
Tech Nine,3.23963e-07,1
The Fall,3.23947e-07,1
fuluca,3.23116e-07,1
Russell Haswell,3.22808e-07,6
Altrice,3.22572e-07,18
Lea Michele,3.22358e-07,1
Phèdre,3.22358e-07,1
Rchetype,3.22088e-07,2
French Montana,3.18449e-07,3
Hommarju,3.1774e-07,4
Clovelt,3.16605e-07,2
Kirk Franklin,3.14752e-07,2
Toni Peret,3.13846e-07,9
瀬戸海月,3.13545e-07,2
Bill Haley,3.13115e-07,1
ConsciousThoughts,3.13035e-07,1
S U B W A Y S,3.13035e-07,1
Big Dipper,3.13001e-07,2
Taha,3.12884e-07,1
Buzz Trillington,3.12884e-07,1
Social Club Misfits,3.12272e-07,1
DJ Red,3.11407e-07,2
Walt Disney,3.10125e-07,2
Bruno Mars,3.10091e-07,2
The Benny Goodman Sextet,3.10078e-07,1
DJ ICE,3.10078e-07,1
Ty Dolla $ign,3.09996e-07,3
chloe moriondo,3.09478e-07,1
Mohammed Rafi,3.0797e-07,2
Sunidhi Chauhan,3.07957e-07,1
Zerius,3.07957e-07,1
J. Flexx,3.07739e-07,1
Stephen Walking,3.07171e-07,5
Kid Rad,3.06137e-07,1
Big Time Rush,3.06137e-07,1
Don Carlos,3.05647e-07,5
Xavier Omär,3.05608e-07,1
BillmaZter,3.00614e-07,9
Spice Girls,2.99481e-07,1
Expansion Union,2.99293e-07,1
Ricky Tinez,2.97935e-07,1
Daddy Yankee,2.97852e-07,2
RamonPang,2.95736e-07,1
Channel Live,2.9459e-07,6
Evidence,2.92272e-07,2
Kim Kihlström,2.90631e-07,1
OG Bachata,2.88921e-07,1
Plexi Music,2.88199e-07,3
黒鉄たま,2.88024e-07,2
Leann Grimes,2.87942e-07,2
Wax Tailor,2.87084e-07,3
Florence + the Machine,2.8688e-07,1
Little Stranger,2.8688e-07,1
Zoot Woman,2.85123e-07,1
Bambu,2.85101e-07,1
Media Limits,2.85101e-07,1
CORE ZONE,2.85101e-07,1
Gio Washington,2.84597e-07,2
Louis Armstrong Quintet,2.82493e-07,2
TTC,2.82481e-07,1
John Barry,2.82481e-07,1
Moguai,2.81056e-07,1
Bronko Yotte,2.81056e-07,1
Danielle Brooks,2.80213e-07,1
Philip Glass,2.79769e-07,13
Ian Pooley,2.79455e-07,7
Immoskyl,2.79235e-07,10
Joe Boyd Vigil,2.78976e-07,3
_itsyaboi,2.76025e-07,1
Luke Vibert,2.75657e-07,4
The Grouch & Eligh,2.7362e-07,2
TOKiMONSTA,2.73609e-07,1
Ra Cailum,2.73571e-07,1
Jonwayne,2.72277e-07,7
Air,2.70037e-07,1
Cedar,2.70037e-07,1
Re.You,2.70037e-07,1
Buzz Compass,2.70037e-07,1
TERIYAKI BOYZ,2.70018e-07,2
青ウニ,2.67703e-07,5
ひろつぐ,2.67635e-07,1
AM_JACK,2.67635e-07,1
*Luna,2.67635e-07,1
The Qemists,2.67628e-07,3
DJ DisOrientalist,2.67606e-07,1
miraie,2.67498e-07,1
Metro Boomin,2.67276e-07,9
Axel Boman,2.66587e-07,2
12 Rounds,2.66178e-07,1
Simon Iddol,2.64109e-07,2
Fred again..,2.64074e-07,5
Blank & Jones,2.62209e-07,1
Basto,2.62209e-07,1
Malakai Beats,2.61721e-07,8
ZSunder,2.58328e-07,1
Radioseven,2.56728e-07,2
Frou Frou,2.56695e-07,1
Injury Reserve,2.56695e-07,1
Mandalay,2.56695e-07,1
DreamReaper,2.5582e-07,2
Cuban Boys,2.54964e-07,2
Laing,2.54953e-07,1
Mixrace,2.54047e-07,2
Cold World,2.53528e-07,1
Absztrakkt,2.53528e-07,1
E Money Bags,2.53528e-07,1
Young RJ,2.53528e-07,1
Supastition,2.53528e-07,1
Daniel Swain,2.53528e-07,1
The Godfathers,2.53528e-07,1
Sha Hef,2.53528e-07,1
AKA Brothers,2.53528e-07,1
Agency 1.9.9.4,2.53528e-07,1
Yolk,2.53528e-07,1
Jamde,2.53011e-07,1
The Deacon,2.53011e-07,1
Eric Benét,2.53011e-07,1
Miri Ben‐Ari,2.53011e-07,1
LiLA'c Records,2.49767e-07,2
12Vince,2.48987e-07,1
nonsynths,2.48987e-07,1
Negrata Estudios,2.48987e-07,1
U-Niq,2.48987e-07,1
Yukmouth,2.48987e-07,1
Blended Babies,2.48536e-07,1
Blue Boy,2.46996e-07,6
Gene Harris & The Three Sounds,2.45593e-07,1
Juaninacka,2.4455e-07,3
Electrocado,2.43903e-07,1
Jean Jacques Smoothie,2.4029e-07,2
AniMe,2.4029e-07,2
Chibby,2.39986e-07,6
The Coup,2.39222e-07,1
Liz Phair,2.39222e-07,1
Omen,2.38204e-07,2
P.A.S.,2.36964e-07,1
Chri XsX tiaN,2.36846e-07,1
BTH,2.36259e-07,3
Eazy‐E,2.36024e-07,4
Ed Rush & Nico,2.32612e-07,1
Patra,2.31271e-07,3
salute,2.31111e-07,4
Paris,2.30754e-07,2
Madison Park,2.3074e-07,2
Onyx,2.30719e-07,3
RockFam Lame-a,2.30658e-07,2
Feist,2.30648e-07,1
Andres Bedoya,2.30648e-07,1
Tim Deluxe,2.30648e-07,1
Viper,2.30648e-07,1
The People Movers,2.30648e-07,1
Gregory Whitehead,2.30648e-07,1
Serena Ryder,2.30648e-07,1
Kid Lib,2.29283e-07,1
Break of Reality,2.27929e-07,4
Darude,2.27486e-07,4
Olivia Rodrigo,2.25821e-07,1
MICHAELBRAILEY,2.25562e-07,2
4 Clubbers,2.25482e-07,1
Dave Darell,2.25482e-07,1
M.I.C (The Master of Inane Conversation),2.25482e-07,1
Dubmood,2.2492e-07,7
Josh Dean,2.24863e-07,1
Neil Trix,2.22834e-07,2
okadada,2.22755e-07,2
Sleigh Bells,2.22575e-07,1
Childish Gambino,2.22575e-07,1
Frank T,2.22575e-07,1
Sebastian Ingrosso,2.21408e-07,2
Tina Leon,2.20031e-07,1
Tallboy,2.20031e-07,1
døves,2.18974e-07,3
Wedge of Cheese,2.17731e-07,47
Aries,2.17425e-07,1
Blargg,2.17425e-07,1
Libythth,2.17196e-07,1
Rune Lindbæk,2.16735e-07,9
Red Snapper,2.16663e-07,1
Jane Birkin,2.16663e-07,1
Kapotte Muziek,2.15205e-07,4
The Madd Rapper,2.14548e-07,2
Puff Freude,2.12988e-07,2
Roxane Genot,2.11787e-07,3
KGBKid,2.11672e-07,1
Negative A,2.11672e-07,1
Osunlade,2.10201e-07,2
SAYGRACE,2.09556e-07,2
Shing02,2.07744e-07,2
くるぶっこちゃん,2.07391e-07,2
シイナフユキ,2.07108e-07,4
ueotan,2.07075e-07,2
Freezer,2.07073e-07,2
kjuː8,2.07064e-07,1
Androgyny Prince,2.07064e-07,1
Aethral,2.07064e-07,1
seizan,2.07064e-07,1
maidable,2.07064e-07,1
Mamono,2.07064e-07,1
nek*N-PRJ,2.07064e-07,1
SAK.,2.07064e-07,1
5*LEAF,2.07064e-07,1
wellow,2.07064e-07,1
Fiera,2.07064e-07,1
Stem,2.07064e-07,1
Laf_R,2.07064e-07,1
いろがねりんご,2.07064e-07,1
CO-DO.,2.07064e-07,1
MUST DIE!,2.07042e-07,2
SoundCirclet,2.0703e-07,1
"peak divide, dante",2.0703e-07,1
Lumena-tan,2.0703e-07,1
DOG NOISE,2.0703e-07,1
Brandon Liew,2.0703e-07,1
Thomas Jack,2.05735e-07,2
Villa,2.05523e-07,3
Dead Pixel,2.05506e-07,1
Pete Blaker,2.05506e-07,1
ATB,2.05462e-07,4
Primitive Radio Gods,2.0419e-07,4
Funky Junky,2.02215e-07,1
The Cool Kids,2.01842e-07,1
Marc et Claude,1.9988e-07,3
DJ Hell,1.98177e-07,2
Royce da 5′9″,1.98177e-07,2
B.T. Express,1.98169e-07,1
Terror Squad,1.98169e-07,1
Too Strong,1.98169e-07,1
Lennox,1.98169e-07,1
Małpa,1.98169e-07,1
Slums Attack,1.98169e-07,1
Struka,1.98169e-07,1
N.B.S.,1.98169e-07,1
Flexxip,1.98169e-07,1
Fu,1.98169e-07,1
Starlito,1.98169e-07,1
Dickie Goodman,1.98169e-07,1
Acción Sánchez,1.98169e-07,1
Solomon Childs,1.98169e-07,1
Antihelden,1.98169e-07,1
Busta Flex,1.98169e-07,1
Futurist,1.96758e-07,1
Mikeburns,1.96691e-07,4
Dr Packer,1.96439e-07,1
Swing Republic,1.94448e-07,4
DJ 2SKI,1.93617e-07,2
nacho,1.93609e-07,1
Jaql,1.93238e-07,1
hyi,1.93238e-07,1
Kitsune²,1.93238e-07,1
Kitcaliber,1.93238e-07,1
Jackal Queenston,1.93238e-07,1
Emoticon,1.93238e-07,1
Jaybird Music Project,1.92951e-07,8
Section Fu,1.92877e-07,3
Krusha,1.923e-07,1
Jupiter Ace,1.923e-07,1
Cosma,1.92247e-07,2
Oblyvaeon,1.92247e-07,2
Yves Deruyter,1.92247e-07,2
Veridis Project,1.91951e-07,2
HALCALI,1.90322e-07,2
N-R-Gee Posse,1.90314e-07,1
Two Lone Swordsmen,1.90314e-07,2
(həd) p.e.,1.89191e-07,1
Frostycat,1.88771e-07,7
Gnarls Barkley,1.88301e-07,10
Jump Cutz,1.88266e-07,3
Timbaland & Magoo,1.88088e-07,1
KruSound,1.87193e-07,1
A Guy Called Gerald,1.86114e-07,2
TQ,1.84242e-07,3
Vampire Money,1.84188e-07,1
Bemax,1.84063e-07,4
Bryson Tiller,1.83344e-07,1
Kenneyon,1.83344e-07,1
Elvis Costello & The Imposters,1.8232e-07,5
Jamiroquai,1.81292e-07,5
Alex Giudici,1.81078e-07,20
Acid=Stone Valley,1.79348e-07,2
DJ Sa9,1.7934e-07,1
Dillon Francis,1.78509e-07,2
Vaiko Eplik,1.75461e-07,3
Big Boi,1.75446e-07,7
Marcella Detroit,1.74795e-07,2
Robert H. P. White,1.74784e-07,1
Powerhouse,1.74083e-07,1
Montell Jordan,1.73783e-07,3
Hobart Smith,1.73223e-07,1
Le Wanski,1.73143e-07,11
Rick and Morty,1.72351e-07,1
DJ Helli,1.71919e-07,1
Kaaze,1.70529e-07,1
Stardust,1.70528e-07,3
DJ Pon-3,1.70522e-07,1
Light MetaS,1.69631e-07,1
Kognitif,1.69334e-07,4
Céline Dion,1.69204e-07,1
Vessy Boneva,1.69156e-07,1
Wattie Green,1.69086e-07,1
R.E.M.,1.69086e-07,1
Pitto,1.69086e-07,1
Sekel du 91,1.68995e-07,1
The Residents,1.68073e-07,1
Helios the vaporwave elf,1.67675e-07,1
Young Buck,1.67314e-07,6
Salt Tank,1.66875e-07,2
Jamie T,1.66568e-07,2
Klaus Wunderlich,1.66128e-07,3
Hade,1.64404e-07,2
Louise,1.64397e-07,1
DJ Delirium,1.6325e-07,5
pisca,1.62921e-07,4
Ephixa,1.62615e-07,3
Oriental Cravings,1.62544e-07,2
luxury elite,1.62475e-07,5
Ghost Rider,1.62173e-07,5
Shayne Ward,1.62169e-07,1
Afroman,1.6198e-07,2
Kevin DuBrow,1.61974e-07,1
Mexicans With Guns,1.61974e-07,1
Louie Lastic,1.61974e-07,1
DJ Dain,1.61659e-07,1
Parasite,1.61551e-07,21
Bernhard Günter,1.61404e-07,3
Marvellous Cain,1.61347e-07,1
Laura Sad,1.61024e-07,1
All That Jazz,1.5916e-07,1
Emray,1.58525e-07,7
zetoban,1.58183e-07,1
tapiocattundra,1.5754e-07,1
sampling masters AYA,1.5639e-07,14
Jamie Foxx,1.5591e-07,3
Sub Focus,1.55831e-07,1
Roxy Radclyffe,1.55762e-07,5
Stephan F,1.55736e-07,2
DJ D1ed,1.55379e-07,7
Skyper,1.54968e-07,8
Air Station,1.53918e-07,5
4th Disciple,1.52788e-07,1
Gracias,1.52788e-07,1
Sergent Garcia,1.52788e-07,1
VAST,1.52157e-07,9
Jacob Collier,1.52068e-07,3
Aly & Fila,1.52062e-07,2
DJ Trev,1.51839e-07,2
Paul Bradley,1.51839e-07,2
Gunz for Hire,1.51452e-07,2
Rehirable,1.50097e-07,2
yumeHolic,1.5009e-07,1
vincent 20angels,1.5009e-07,1
SU0MIF0X!,1.5009e-07,1
Gunjack,1.49979e-07,1
Kryptogram,1.49979e-07,1
Fila Brazillia,1.48707e-07,3
Lute,1.47435e-07,1
BAR9,1.45559e-07,3
temura,1.45535e-07,3
Innominate,1.45534e-07,1
Cex,1.45048e-07,1
Danny Breaks,1.42522e-07,3
Morcheeba,1.40761e-07,3
Idiot Pop,1.39743e-07,1
DJ Face,1.38293e-07,17
Tha Alkaholiks,1.37898e-07,2
Phats & Small,1.37733e-07,11
Magit Cacoon,1.37003e-07,1
Sana,1.36716e-07,2
Scribe,1.35345e-07,3
AgonyOST,1.35333e-07,1
Marcus King,1.35009e-07,1
Agallah,1.35009e-07,1
The LOX,1.35009e-07,1
baaskaT,1.35009e-07,1
Sunset Strippers,1.34761e-07,4
Rixile,1.34662e-07,4
Napkin Terrorizer,1.34191e-07,3
ZZ Top,1.34144e-07,2
The Panacea,1.34138e-07,1
SQUΛD GOΛLS,1.33539e-07,11
N.R.G.,1.33253e-07,2
RetroSpecter,1.33144e-07,1
The GTAM Cover Band,1.33144e-07,1
Altered:Carbon,1.32989e-07,1
江口孝宏,1.31859e-07,9
ZOOLOOK,1.31158e-07,2
Hit‐Boy,1.30099e-07,4
Dave Wave,1.30048e-07,4
Seoul Philharmonic Orchestra,1.29164e-07,1
Tsuruda,1.28802e-07,2
Lisa Stansfield,1.28606e-07,2
Andrew Weatherall,1.28111e-07,20
Yves Tumor,1.27558e-07,2
MarshMix Plaza,1.27202e-07,2
"NAMCO ""RIDGE RACER V"" Sound Team",1.27108e-07,2
LASER GHOST,1.27103e-07,1
Philip Oakey,1.26513e-07,1
Jacques Renault,1.26513e-07,1
DJ Nix’on,1.26449e-07,7
Underground Resistance,1.26001e-07,1
Aloha Annie,1.26001e-07,1
Drop,1.24884e-07,1
MiYAMO,1.24884e-07,1
黒鳥,1.24884e-07,1
ミナグ,1.24884e-07,1
nekutsu,1.24884e-07,1
Henry01,1.24884e-07,1
細江慎治,1.24884e-07,1
White Wolf,1.24527e-07,1
Darien Brockington,1.24527e-07,1
The Crash Crew,1.24527e-07,1
Eddie “Flashin” Fowlkes,1.24527e-07,1
Jedi,1.24527e-07,1
Buzzy Bus,1.24527e-07,1
Lost Boyz,1.24527e-07,1
Kruder & Dorfmeister,1.24527e-07,1
Cruel Intentionz,1.24527e-07,1
Quiroga,1.24527e-07,1
Christian Michaels,1.23151e-07,2
Helloween,1.2308e-07,1
KetVector,1.2308e-07,1
Claudio Simonetti,1.2308e-07,1
Kouek,1.22312e-07,14
TeddyLoid,1.21581e-07,2
Jori Hulkkonen,1.21375e-07,2
Soul for Real,1.20145e-07,1
キャプテンミライ,1.19736e-07,1
立椅子かんな,1.19736e-07,1
L.A Teeter,1.19472e-07,1
Sloppy Seconds,1.19472e-07,1
116,1.18794e-07,18
Hi-Fi,1.18765e-07,2
Coco Da Silva,1.1876e-07,1
Mastery,1.18487e-07,1
Lime,1.18487e-07,1
Mouse on tha Track,1.16808e-07,2
Los del Río,1.16731e-07,1
The Saturdays,1.16731e-07,1
Rhythim Is Rhythim,1.16731e-07,1
Ultramagnetic MC’s,1.16159e-07,1
Rapsody,1.1594e-07,2
Speech Defect,1.15556e-07,3
Chacho Brodas,1.15377e-07,1
La Caution,1.15376e-07,2
J.A.C.E.,1.15375e-07,2
Sunday People,1.1537e-07,1
Perfect Project,1.1537e-07,1
Goldlust,1.1537e-07,1
DJ P.O.L. Style,1.15251e-07,21
Fidelfatti,1.14843e-07,2
Black Girl Singer,1.12487e-07,1
El Sicario,1.12487e-07,1
FKA twigs,1.12175e-07,7
Barry De Vorzon,1.10921e-07,3
Christophe,1.10879e-07,1
Roy Valentín,1.10879e-07,1
Combat,1.10879e-07,1
Yari,1.07817e-07,12
Paul Weller,1.07804e-07,1
Little Simz,1.06907e-07,1
Sinjin Hawke,1.05146e-07,1
Lil Yachty,1.04029e-07,1
Prefuse 73,1.03967e-07,3
Sunnexo,1.03794e-07,2
Gears of the Apparatus,1.03495e-07,1
Hardknox,1.03476e-07,2
The 4th,1.03379e-07,3
oxadelagnia,1.02964e-07,1
slappintosh plus,1.02964e-07,1
oitudobem,1.02964e-07,1
tmpl,1.02741e-07,4
Adina Howard,1.02373e-07,2
Black Moon,1.02179e-07,2
Water Spirit,1.02145e-07,1
Peter Kuli,1.02145e-07,1
Drive45,1.02145e-07,1
Foxsky,1.02145e-07,1
Cavan Brady,1.02145e-07,1
Staple God,1.02145e-07,1
MURDER CLUB,1.02145e-07,1
William Crooks,1.02145e-07,1
テレヴァペ,1.0198e-07,2
Harrison BDP,1.01899e-07,2
Two Fingers,1.01841e-07,4
Funkmaster Flex,1.00402e-07,1
Freeloaders,1.00213e-07,1
GST大好き,9.92761e-08,15
A.D.O.R.,9.83136e-08,8
Porcupine Tree,9.79339e-08,3
Such,9.74983e-08,4
Jawnhto,9.71475e-08,2
uno,9.70067e-08,9
Era,9.61274e-08,2
Virus,9.61233e-08,1
Pound & Harris,9.61233e-08,1
Shimon,9.61233e-08,1
DJ Reche,9.61233e-08,1
Dirty Spaceman,9.55416e-08,1
BROKN,9.55416e-08,1
Wreckx‐n‐Effect,9.52787e-08,1
Tai Jason,9.45984e-08,3
Marusha,9.45388e-08,1
N*E*R*D,9.45388e-08,1
Heavy D. & the Boyz,9.43935e-08,1
Maxi Priest,9.43935e-08,1
Steve Frisco,9.43935e-08,1
Gesaffelstein,9.43316e-08,15
Miranda Cosgrove,9.43257e-08,1
Jack White,9.39593e-08,4
Norma Jean Bell,9.39159e-08,1
DJ Cam,9.39159e-08,1
RudBag,9.37083e-08,2
lomi,9.37083e-08,2
DJPoyoshi,9.34113e-08,15
Geoxor,9.31524e-08,1
H-Foundation,9.31275e-08,1
snowpoint lounge,9.30055e-08,6
GlitchxCity,9.29782e-08,1
ForteFortissimo,9.29782e-08,1
豊嶋泰嗣,9.29649e-08,1
wünsche,9.29649e-08,1
Scarface,9.2963e-08,2
shxpe,9.26492e-08,3
Dynasty,9.22378e-08,1
Paris & Healey,9.22172e-08,1
Yu2e,9.20239e-08,1
Knucks,9.20161e-08,2
TREFUEGO,9.20123e-08,1
Yellow Magic Orchestra,9.19745e-08,2
Javier Colon,9.18354e-08,1
Al Kent,9.12693e-08,2
The Firm,9.12422e-08,3
Crime Mob,9.08196e-08,7
The Cross Movement,9.07026e-08,3
Queen Latifah,9.04494e-08,4
Eddie Matos,9.01991e-08,2
Young Gunz,8.98715e-08,2
Jonny Rock,8.96355e-08,4
Rockestra Club,8.90601e-08,1
J. R. Dickson,8.90572e-08,3
Soul Providers,8.89514e-08,1
Chrome Sparks,8.89514e-08,1
Tritonal,8.83738e-08,6
fan_3,8.70634e-08,2
SLLID,8.70464e-08,7
N2Deep,8.68866e-08,1
45RPM,8.66535e-08,4
Mint Royale,8.66496e-08,5
Craig Bratley,8.6571e-08,1
Reefa!,8.64284e-08,1
Kitty,8.64013e-08,2
Crankdat,8.62819e-08,1
Noisia,8.46923e-08,1
The Upbeats,8.46923e-08,1
Bernardo Pinheiro,8.45355e-08,5
Diamond and The Psychotic Neurotics,8.37594e-08,3
Andrew Rayel,8.36432e-08,2
Kevin Moore,8.34376e-08,1
Chroma Key,8.34376e-08,1
Criminal Code,8.31246e-08,3
nuphory,8.31106e-08,1
Aim,8.25388e-08,7
Freezin,8.22314e-08,1
Dmytro Hubyak,8.0777e-08,4
Tim Harper,8.07128e-08,1
Internal Affairs,8.06768e-08,3
Bitter:Sweet,8.06573e-08,1
3LW,8.03336e-08,2
Reagan Youth,8.01035e-08,1
יאיר ניצני,7.9746e-08,2
DJ Spooky,7.93375e-08,4
Gravité Zéro,7.91276e-08,1
Darmo,7.89199e-08,1
Grossomodo,7.89199e-08,1
ROSALÍA,7.88408e-08,4
Lyrics Born,7.8534e-08,2
Screwball,7.82908e-08,1
Mucky Pup,7.82756e-08,3
Minor Threat,7.81933e-08,3
aran,7.79654e-08,2
Vicetone,7.78713e-08,2
Wolfgang Lohr,7.7868e-08,1
Dylan Locke,7.7868e-08,1
Saskrotch,7.78623e-08,1
Slushii,7.78484e-08,1
asukrai,7.78324e-08,8
Do or Die,7.77606e-08,2
Tyree,7.76533e-08,2
Master P,7.72936e-08,2
Elaine | LMN,7.71381e-08,1
Chonny Jash,7.70653e-08,4
Iperyt,7.69797e-08,1
Jaheim,7.69195e-08,1
Sharon Paige,7.69195e-08,1
HYPERTEXT,7.653e-08,1
Rahzel,7.6429e-08,1
PEEKABOO,7.64256e-08,9
Bring Me the Horizon,7.60308e-08,1
The Ladbroke Groovers,7.59542e-08,1
Gay Aunt Jane,7.59401e-08,1
DJ Silence,7.59005e-08,9
altitude.,7.5875e-08,1
ScHoolboy Q,7.5875e-08,1
Christian Löffler,7.5875e-08,1
Alka Yagnik,7.58718e-08,1
TwoThirds,7.58718e-08,1
Rockwell,7.58718e-08,1
Santigold,7.47502e-08,3
Rich Brian,7.47341e-08,1
Edward J,7.46137e-08,1
Backwud Marc,7.46137e-08,1
Kevin Lester,7.42093e-08,2
ゆるふわギャング,7.33686e-08,2
Agatka Iskra,7.3186e-08,1
Kill The Zo,7.3186e-08,1
Lil’ Sci,7.28073e-08,1
Huss und Hodn,7.28073e-08,1
MC Paul Barman,7.28073e-08,1
Just‐Ice,7.28073e-08,1
Big Tymers,7.28073e-08,1
Cnof,7.19588e-08,2
Big Kap,7.13531e-08,3
Shellshock,7.12795e-08,1
DJ Romain,7.12795e-08,1
Zed Bias,7.10149e-08,2
CLXCKWXRK,7.05056e-08,1
R de Rumba,7.02672e-08,2
DJ Rasoul,7.02451e-08,1
Lafidki,6.9719e-08,9
☆puppy☆,6.95119e-08,1
succducc,6.95119e-08,1
dooks,6.95119e-08,1
Motorfunk,6.94868e-08,1
Tronikhouse,6.94868e-08,1
Pound Boys,6.94868e-08,1
John Acquaviva,6.8775e-08,15
DJ Hurricane,6.86821e-08,4
Pujadubz,6.86734e-08,1
gothicwvlff,6.85186e-08,5
Drumcorps,6.85128e-08,3
System 7,6.851e-08,2
PokeRemixStudio,6.84476e-08,2
Sodium Chloride,6.84444e-08,17
Michal Menert,6.83816e-08,3
Sunset Phase,6.83629e-08,1
Parasol,6.83629e-08,1
Schoolly D,6.82496e-08,1
Herbie Hancock,6.82496e-08,1
Misiu,6.79119e-08,1
Lightheaded,6.79119e-08,1
Higher Sense,6.75053e-08,3
SILPH SKYLINE,6.73382e-08,1
The Paragons,6.72212e-08,1
Halle,6.71649e-08,1
Kevin McKay,6.71649e-08,1
Skanna,6.71649e-08,1
opal東京,6.7149e-08,1
Pukesquid,6.70927e-08,1
M&S,6.5301e-08,2
DJ WINDOW,6.52609e-08,1
YOOKEE,6.48707e-08,1
"Up, Bustle & Out",6.47598e-08,3
Casio Lamb,6.47489e-08,15
Antiserum,6.37922e-08,1
Goapele,6.32145e-08,2
Yung Bae,6.32103e-08,2
Aaron Spectre,6.29231e-08,3
Coast Contra,6.20829e-08,1
Raury,6.18324e-08,1
Simon Fisher Turner,6.18324e-08,1
Nadja,6.16527e-08,2
Larry June,6.14457e-08,1
M.C. 12,6.14457e-08,1
B.U.S,6.06987e-08,2
IMOJIST,6.06962e-08,1
Yea Big + Kid Static,6.04569e-08,4
Gilo,6.0153e-08,1
Altern 8,5.97933e-08,7
The Beast That Killed Bunny Downe,5.93714e-08,2
Robert J! Lake,5.85293e-08,9
Cooling Prongs,5.79811e-08,1
clppng,5.79811e-08,1
Lily Allen,5.77876e-08,2
Walter Hagen-Groll,5.74163e-08,11
Craig Alexander,5.73217e-08,1
Naska,5.69335e-08,2
Agent-X,5.68427e-08,1
ADNY,5.68427e-08,1
Johnny D & Nicky P,5.68427e-08,1
Bentz,5.67238e-08,1
nasanoa,5.6632e-08,6
Kool Shen,5.6418e-08,1
Alias Conrad Coldwood,5.62592e-08,6
Carlos Mena,5.57794e-08,2
Mr. Scruff,5.56922e-08,15
OmenXIII,5.46688e-08,5
LOBSTA B,5.46159e-08,1
U.S.U.R.A.,5.46159e-08,1
中坪淳彦,5.46062e-08,3
Vargoroth,5.45915e-08,1
猫 シ Corp.,5.45838e-08,5
WUZ,5.45557e-08,2
NxxxxxS,5.42639e-08,4
Chicago,5.40025e-08,2
GWAR,5.40002e-08,1
Freiband,5.3842e-08,7
Igorrr,5.38063e-08,2
Lasse Marhaug,5.38014e-08,1
Experimental Audio Research,5.38014e-08,1
Pan Sonic,5.38014e-08,1
GROUND-ZERO,5.38014e-08,1
ptrckparker😐🖕🏻,5.36373e-08,1
Alstroemeria Records,5.33162e-08,31
Freestylers,5.32735e-08,5
Perfect Combination,5.31597e-08,1
Aaron Hall,5.3064e-08,1
Gramatik,5.27124e-08,1
Armani Caesar,5.26284e-08,6
高田雅史,5.22379e-08,1
Junk Circuit,5.22379e-08,1
T.O.Y.,5.22379e-08,1
Jo Paciello,5.2211e-08,2
coltrane,5.1897e-08,1
Dyan Dxddy,5.1897e-08,1
SimoFrost,5.18263e-08,1
La Excepción,5.15188e-08,1
Xscape,5.15188e-08,1
ZAYN,5.15188e-08,1
Cruz,5.15188e-08,1
dARKVICe,5.14017e-08,33
日高零奈,5.11368e-08,2
Eurohead,5.09881e-08,2
Woesum,5.0986e-08,1
swell,5.0986e-08,2
Rollin B.,5.09838e-08,1
Anika,5.08831e-08,14
kyokuP,5.08256e-08,2
綾倉盟,5.05895e-08,3
Lil’ Louis,5.05466e-08,2
Fvrwvrd,5.05139e-08,1
Xxtarlit⚸,5.05139e-08,1
Игорь Фёдорович Стравинский,5.03704e-08,20
Nujabes,5.02778e-08,7
Rappin’ 4‐Tay,5.00326e-08,2
Ini Kamoze,4.97776e-08,2
The Treacherous Three,4.97755e-08,1
VANO 3000,4.97237e-08,1
Banda Sonora,4.97053e-08,2
Prof. m. Stereo,4.93968e-08,2
Grooveyard,4.93646e-08,1
Ben Frost,4.93554e-08,1
Remy & Sven,4.86682e-08,1
すてらべえ,4.85101e-08,2
Ytatsl,4.8508e-08,1
yoxtellar,4.8508e-08,1
Schusei,4.8508e-08,1
Stakka Bo,4.82131e-08,2
ZeroMizKun Nightcore,4.78776e-08,1
ricesnot,4.7453e-08,4
Snivys,4.72561e-08,4
Juelz,4.68963e-08,2
Lou Rawls,4.61853e-08,1
Nikki+,4.58042e-08,1
Gareth Emery,4.55262e-08,23
The D.O.C.,4.54785e-08,2
Shashwati Phukan,4.54766e-08,1
Audio Bullys,4.52925e-08,5
The Kooks,4.50591e-08,1
São Paulo,4.48934e-08,1
Meitz,4.48934e-08,1
Together,4.46885e-08,3
Loyle Carner,4.45978e-08,6
Only Child,4.45321e-08,2
Freaky随喜,4.44693e-08,1
Terence Blanchard,4.43981e-08,1
Zion & Lennox,4.42103e-08,3
Sy & Unknown,4.42044e-08,1
Klangkarussell,4.40838e-08,4
Hive,4.40783e-08,2
The White Mandingos,4.40765e-08,1
ARM,4.35321e-08,4
Kevin Saunderson,4.33752e-08,4
Sto Nii,4.32598e-08,1
Sol Brothers,4.3216e-08,1
E.P.S. & 2-Vibe,4.3216e-08,1
KNEECAP,4.3167e-08,2
Capone,4.31554e-08,2
Panda Bear,4.27896e-08,2
Milli Vanilli,4.27878e-08,1
Lloyd,4.27878e-08,1
Transglobal Underground,4.25799e-08,1
無力P,4.22402e-08,1
Gadiel,4.22105e-08,1
All Natural,4.20898e-08,2
初音ミク,4.20586e-08,10
o29_831,4.1882e-08,1
わた篠,4.1882e-08,1
NeLiME,4.1882e-08,1
NIKANON,4.1882e-08,1
LeeSaM,4.1882e-08,1
Spehs,4.1882e-08,1
Oasis,4.18597e-08,2
Aditi Singh Sharma,4.13132e-08,2
King Ojem,4.11689e-08,1
JVKE,4.09536e-08,1
The Disposable Heroes of Hiphoprisy,4.09377e-08,4
Rhea Fowler,4.07797e-08,1
Amen Andrews,4.07797e-08,1
Gary Jules,4.0577e-08,1
DEMON POWER HOUSE,4.04058e-08,3
Evil Nine,4.01213e-08,1
Kunal Ganjawala,4.00281e-08,1
shortfacedbear,3.9997e-08,5
Eddie Thoneick,3.98962e-08,5
Michelle Branch,3.97869e-08,1
Macklemore,3.94169e-08,2
Mr. Muthafuckin’ eXquire,3.94153e-08,1
Loxy,3.93095e-08,3
Furnier,3.93045e-08,2
Hermann Weiss,3.93029e-08,1
Waving the Guns,3.93029e-08,1
Terror Reid,3.93029e-08,1
Ventriloquist Snakes,3.93029e-08,1
Passenger of Shit,3.93029e-08,1
Siege,3.9095e-08,1
nanoshrine,3.88836e-08,2
C4FF31N3,3.88819e-08,1
Midfield General,3.87104e-08,2
TrueGreen7,3.86553e-08,2
Zai Kowen,3.84274e-08,1
Beginner,3.83988e-08,2
Kase.O,3.82306e-08,1
Butch le Butch,3.82306e-08,1
Dyro,3.80869e-08,9
Dropout Marsh,3.80434e-08,1
Pastor Troy,3.77431e-08,1
MC Purple,3.77431e-08,1
Clark Powell,3.75566e-08,4
nelde,3.75184e-08,1
Deichkind,3.74298e-08,2
Santos Party House,3.74283e-08,1
Stereo MC’s,3.74239e-08,7
asáu,3.73865e-08,2
KIDS SEE GHOSTS,3.73774e-08,3
The National Cynical Network,3.69186e-08,2
DJ UMB,3.6834e-08,16
Robyn,3.67252e-08,3
Retroactive,3.66122e-08,2
CARSTN,3.63253e-08,1
Chubb Rock,3.62748e-08,2
Lewis,3.59959e-08,5
Masayoshi Iimori,3.59687e-08,2
DJ WILDPARTY,3.59308e-08,20
taqumi,3.58852e-08,2
nyaskomet,3.5875e-08,1
Stereoman,3.5875e-08,1
Ati-juf,3.5875e-08,1
Hylen,3.5875e-08,1
mow,3.5875e-08,1
Takh,3.5875e-08,1
loopcoda,3.5875e-08,1
deardieari,3.5875e-08,1
in the blue shirt,3.5875e-08,1
yaseta,3.5875e-08,1
kyo,3.5875e-08,1
Cashmere the PRO,3.57894e-08,1
Osymyso,3.55247e-08,2
Payo Malo,3.55074e-08,1
ZPU,3.55074e-08,1
Da Lench Mob,3.52518e-08,1
Calyx,3.52518e-08,1
Foul Play,3.51885e-08,3
Indigo Girls,3.50658e-08,1
Sampha,3.50212e-08,2
Bishop McCoy,3.44266e-08,1
EternalSushi,3.42238e-08,1
moldbelly,3.42238e-08,1
Nugatory,3.42238e-08,1
hyquo,3.42238e-08,1
AshleyTV,3.42238e-08,1
aeiou music,3.42238e-08,1
Thee Jamie Starr Scenario,3.39132e-08,1
Trashman,3.38158e-08,5
Quantum Dreams,3.37264e-08,5
StoneBridge,3.36691e-08,1
Ultimate Force,3.32239e-08,1
Rockers Hi‐Fi,3.30842e-08,2
Above & Beyond,3.30495e-08,26
DJ Loli Hemorrhoids,3.30312e-08,2
DJ Duke,3.29975e-08,2
Alix Perez,3.2773e-08,2
wawawa,3.26287e-08,2
JetHawk95,3.24281e-08,7
Mateo & Matos,3.23133e-08,1
Soul Purpose,3.23133e-08,1
Benny the Butcher,3.23133e-08,1
Vice Vic,3.23133e-08,1
Ortega Cartel,3.23133e-08,1
CyanBlue,3.22265e-08,2
Soul Coughing,3.21344e-08,4
Rob Dougan,3.21343e-08,1
Stezo,3.21343e-08,1
Moon Man,3.20324e-08,2
Wagon Christ,3.19799e-08,4
Mat Zo,3.19373e-08,4
Kraak & Smaak,3.19146e-08,1
Dream,3.17233e-08,1
Danny Byrd,3.15868e-08,3
Teyana Taylor,3.14477e-08,1
Hurricane G,3.13446e-08,1
Heather B.,3.13446e-08,1
Murcof,3.13446e-08,1
Compton’s Most Wanted,3.12518e-08,1
Memdus,3.11645e-08,1
Eternal Raijin,3.11645e-08,1
Aase Nordmo Løvberg,3.04076e-08,10
New Philharmonic Orchestra,3.03757e-08,5
1tbsp,3.03569e-08,24
Koreless,3.03289e-08,1
Odaira,3.03289e-08,1
dazegxd,3.03094e-08,1
Kurobara,3.0241e-08,1
Newlisk,3.0241e-08,1
DECOYTRIO,3.0241e-08,1
HOTTOEBi,3.0241e-08,1
ark_ui,3.0241e-08,1
Palami,3.0241e-08,1
I:gor,3.01679e-08,2
DotEXE,3.01596e-08,1
Photek,3.01526e-08,7
Sophie Hunter,3.00109e-08,2
Llorca,2.99343e-08,2
黒魔,2.9782e-08,1
Otto von Schirach,2.97098e-08,1
This Nude World,2.96857e-08,1
Ambient Nudism,2.96814e-08,2
McGruff,2.96122e-08,1
burein-ita,2.95856e-08,1
矢崎早彩,2.9548e-08,2
Lathun,2.94319e-08,1
Bradley D. Hinkle,2.93111e-08,13
Young Pulse,2.92299e-08,1
Dom & Roland,2.88149e-08,1
Leela James,2.87564e-08,1
oblivion,2.86007e-08,4
The Lady of Rage,2.85203e-08,1
The Very Best,2.80876e-08,1
au miel,2.79061e-08,9
Open Skies,2.78925e-08,4
Icon,2.78021e-08,2
rtnario,2.77955e-08,6
Das Glow,2.77326e-08,1
Country Parish Music,2.65632e-08,1
Burn Water,2.64628e-08,2
Space,2.64289e-08,3
Teddybears,2.64049e-08,1
without.directive,2.62866e-08,1
E.T.A.,2.6156e-08,1
Überzone,2.60428e-08,1
P‐Money,2.60383e-08,2
Wale,2.60383e-08,2
민지운,2.58848e-08,1
KCB,2.5692e-08,8
Yahel,2.56325e-08,7
Zebrahead,2.56167e-08,1
Young Sid,2.54812e-08,1
Dreadformation,2.51886e-08,1
Frer 200,2.51467e-08,2
Adventure Club,2.51136e-08,2
Direct,2.51052e-08,1
Subject 13,2.51052e-08,1
Bushwacka!,2.51052e-08,1
Opolopo,2.50783e-08,1
Top Authority,2.50783e-08,1
The 411,2.49988e-08,1
Teairra Marí,2.49988e-08,1
Evershade,2.49349e-08,1
Twisty Tunes,2.49349e-08,1
EveryDayDashie,2.49349e-08,1
Pnk & Blu,2.49349e-08,1
Ekali,2.49124e-08,1
Joss Stone,2.48707e-08,1
dj newtown,2.46685e-08,10
Dulverton Blues,2.4617e-08,2
Field Mob,2.46159e-08,1
Sam Snee,2.46159e-08,1
Tek 9,2.43537e-08,4
Darkchrist,2.42938e-08,3
King Geedorah,2.42638e-08,1
Swing Out Sister,2.41076e-08,2
Vampyx,2.39191e-08,1
Gotye,2.38849e-08,9
Kali Uchis,2.38347e-08,1
High Five The Birthday Boy,2.38006e-08,2
Bobby Jimmy and the Critters,2.37678e-08,1
Nadia Ali,2.37586e-08,6
dannyrom288,2.33051e-08,1
Lords of the Underground,2.31708e-08,2
nailcliper,2.31629e-08,5
The P.J. Project,2.28402e-08,1
Sunscreem,2.27995e-08,1
리쌍,2.27149e-08,1
LeToya Luckett,2.27149e-08,1
Nivea,2.27149e-08,1
Yung Joc,2.27149e-08,1
Shareefa,2.27149e-08,1
Somasis,2.26865e-08,6
Tzant,2.25982e-08,2
Tony Yazbeck,2.25387e-08,1
Advanced Chemistry,2.24595e-08,2
Curtis Mayfield,2.21733e-08,1
Henry Mancini & His Orchestra,2.21134e-08,4
Henry Mancini,2.21134e-08,4
Marilyn Manson,2.21073e-08,3
Power House,2.1957e-08,1
Fabio,2.19013e-08,15
saib.,2.17699e-08,3
FC Kahuna,2.17557e-08,4
Loop Guru,2.16835e-08,1
Club Dogo,2.15786e-08,2
Jens Lekman,2.15786e-08,2
Papa Zeus,2.15777e-08,1
TBeatz,2.15777e-08,1
Spank Rock,2.15513e-08,1
Tragedy Khadafi,2.14803e-08,3
Tan-Ru,2.132e-08,2
R. Kelly,2.13191e-08,1
sleeper.spaceborn,2.13043e-08,9
Eli Robinson,2.13011e-08,2
Tony Holiday,2.129e-08,1
Sean Jay,2.11893e-08,1
Liberation,2.11893e-08,1
骨架的,2.11893e-08,1
Honeysmack,2.11893e-08,1
Swoope,2.11893e-08,1
Groovy Godzilla,2.11893e-08,1
The Narcissists,2.11893e-08,1
Made Men,2.11893e-08,1
Alan Menken,2.11818e-08,2
EastWest Rockers,2.11552e-08,3
Quantic,2.10101e-08,3
DJ Sakin,2.08993e-08,1
Candi Staton,2.06813e-08,2
Black Star,2.06631e-08,6
Tyree,2.06578e-08,1
Paris Hilton,2.06578e-08,1
Eric Dolphy,2.06578e-08,1
Laborcase,2.06296e-08,1
Jega,2.06296e-08,1
Laurent X,2.05835e-08,3
Kaz Silver,2.04779e-08,1
D.R.I.,2.0311e-08,1
Fraxo,2.01324e-08,6
Snow Productions,2.00651e-08,2
Dirty House Crew,1.99856e-08,1
Westside Gunn,1.98274e-08,2
DJ SS,1.97942e-08,2
FIJI島の水,1.94653e-08,18
45 Roller,1.94602e-08,1
The Flashbulb,1.94602e-08,1
TRANSMISSION PLUS,1.9441e-08,1
The Shamen,1.94352e-08,4
Dream Theater,1.93387e-08,1
Shankar,1.93387e-08,1
Jakatta,1.93318e-08,28
Pokémon,1.91996e-08,4
安達昌宣,1.91657e-08,1
Goldie,1.90462e-08,2
Fried,1.90454e-08,1
Bankai,1.89194e-08,3
Quench,1.8844e-08,1
T-Ford and the Boneshakers,1.88404e-08,1
Vangelis,1.87899e-08,2
Nicky Blackmarket,1.87823e-08,5
Reinier Zonneveld,1.87345e-08,1
Stevie Brock,1.85505e-08,1
Spit,1.85314e-08,1
GIRakaCHEEZER,1.85303e-08,4
Maxim,1.85269e-08,3
Pat Chilla The Beat Gorilla,1.8459e-08,2
Kobaryo,1.84074e-08,4
Junior M.A.F.I.A.,1.83978e-08,2
Clive Griffin,1.83061e-08,1
Nicholas Craven,1.83061e-08,1
Conga Squad,1.83061e-08,1
Esham,1.83061e-08,1
The Untouchables,1.83061e-08,1
Tanya Morgan,1.83061e-08,1
Fear of Tigers,1.82736e-08,1
New Young Pony Club,1.82736e-08,1
Robot Koch,1.82736e-08,1
Outlaw Posse,1.82622e-08,2
enjoii,1.80484e-08,1
grande1899,1.80484e-08,1
Booba,1.80306e-08,2
Ghislain Poirier,1.7985e-08,1
Fredo & Thang,1.79242e-08,2
DJ Command,1.7819e-08,4
Leon Bolier,1.7536e-08,1
AKKI,1.7536e-08,1
Youandewan,1.75353e-08,1
YonKaGor,1.74564e-08,1
durfland121,1.7229e-08,1
Cannonball Adderley,1.69947e-08,2
Lorentz & Sakarias,1.69677e-08,1
Square Tune Magician,1.67481e-08,2
yumeo,1.67474e-08,1
Tim Nable,1.66915e-08,4
Solarstone,1.66399e-08,13
Urin-8,1.66098e-08,2
Scream,1.66098e-08,2
Influx,1.66091e-08,1
3 Down,1.65635e-08,1
み〜こ,1.65156e-08,1
Hari Mata Hari,1.64992e-08,1
Noir Désir,1.64546e-08,1
Mason,1.64027e-08,2
annieversary,1.6299e-08,1
Charlie Beale,1.61133e-08,1
16bard,1.60447e-08,17
ほたる,1.60189e-08,2
Intruder,1.59585e-08,2
Shogun,1.5948e-08,1
Zed Peace,1.5948e-08,1
Wade Waters,1.59094e-08,3
Jim Jones,1.59006e-08,1
Steve Everson,1.58996e-08,2
Matmos,1.58994e-08,3
Lusine,1.58968e-08,1
Rafiq Bhatia,1.58968e-08,1
Butch,1.58545e-08,2
Moop Mama,1.58272e-08,1
Fantasia,1.5571e-08,1
Hot Chip,1.55366e-08,2
Kyle Bobby Dunn,1.55325e-08,1
Onur Engin,1.53424e-08,4
Windy City,1.52607e-08,1
Repercussions,1.52607e-08,1
Dexplicit,1.51985e-08,1
Elijah & Skilliam,1.51762e-08,27
Dinah Washington,1.5119e-08,1
Witchmaster,1.5106e-08,1
Ester Brinkmann,1.5106e-08,1
The Jesus and Mary Chain,1.5106e-08,1
KAZUMA,1.51047e-08,1
D.watt,1.50428e-08,3
Jad Abstrock,1.5029e-08,7
Crisis Loan,1.50265e-08,5
bryface,1.49636e-08,3
Four Tet,1.49415e-08,3
The Heavy,1.47862e-08,1
Peter Fox,1.47862e-08,1
砂川翔也,1.4774e-08,1
石川大樹,1.4774e-08,1
今村貴文,1.4774e-08,1
Gerry Capó,1.47368e-08,1
Kishore Kumar,1.47157e-08,1
Hemant Kumar,1.47157e-08,1
KK,1.47157e-08,1
Swales,1.4667e-08,1
Jarvis Cocker,1.45781e-08,1
DaunWaun,1.45401e-08,1
Mitsuruggy,1.44708e-08,1
iBringDaLulz,1.44363e-08,2
Key,1.43228e-08,4
Armando,1.42382e-08,3
MIKE,1.41744e-08,1
Norma Ray,1.39488e-08,1
Filterheadz,1.39379e-08,21
KuroKun,1.38978e-08,3
Bomb the Music Industry!,1.38336e-08,1
DJ John,1.37711e-08,1
RoughSketch,1.37483e-08,2
Aether,1.37229e-08,1
Tomba Vira,1.36894e-08,1
Hush & Chop Shop,1.36894e-08,1
D’Menace,1.36894e-08,1
Michael Gray,1.35695e-08,1
Room 5,1.35695e-08,1
Burnt Friedman,1.35152e-08,6
NeedsMoreDjent,1.34659e-08,1
DJ Supreme,1.32355e-08,3
The Micronauts,1.31927e-08,4
Ghost Town DJ’s,1.3191e-08,1
Eugene the Dream,1.3096e-08,1
James Pants,1.29405e-08,1
Akcent,1.2906e-08,2
The Pack,1.28211e-08,2
DJ Chidow and Myūjikku,1.28001e-08,1
Flufftronix,1.27972e-08,1
Detroit Swindle,1.26034e-08,1
G.O.D.,1.26034e-08,1
Subnation,1.26034e-08,1
Smokin Beats,1.26034e-08,1
Elecktroids,1.25503e-08,1
Idris Elba,1.24881e-08,1
Dimitri From Paris,1.23027e-08,1
Kotra,1.22693e-08,2
Reble,1.22311e-08,1
Ministry,1.22184e-08,1
Here Are the Facts You Requested,1.21585e-08,1
L∆VINCi,1.21525e-08,1
Maurice Ravel,1.21503e-08,2
Maciej Palicki,1.21464e-08,1
Endvorte,1.21464e-08,1
FELIX,1.21458e-08,1
高橋弘太,1.20216e-08,1
Grant Nelson,1.19237e-08,1
Cassio Ware,1.19237e-08,1
The Chicago Connection,1.19237e-08,1
Galactik Knights,1.18442e-08,1
Naitklub,1.18044e-08,1
RicoWright,1.16289e-08,1
Rawtekk,1.16001e-08,5
David Holmes,1.15602e-08,2
Orchester der Deutschen Oper Berlin,1.14678e-08,3
Fleet Foxes,1.14539e-08,1
Sékou,1.14539e-08,1
Pazul,1.14539e-08,1
Joseph Terruel,1.14539e-08,1
AraabMuzik,1.13659e-08,4
Vishal Dadlani,1.12965e-08,5
Elyanna,1.12937e-08,1
溝口ゆうま,1.12896e-08,2
Floetry,1.12361e-08,1
Kur@ra,1.11308e-08,1
Christophe Ratier,1.10353e-08,1
DJ Eric,1.10237e-08,1
ΛDRIΛNWΛVE,1.09749e-08,1
ZONΞ ΞATΞR,1.09703e-08,25
Emile van Krieken,1.09031e-08,1
E-Dancer,1.08465e-08,5
Killa Productions,1.08443e-08,2
HEALTH,1.08427e-08,2
xaviersobased,1.08422e-08,2
SOUND HOLIC,1.07803e-08,3
DJ TECHNORCH,1.0779e-08,2
すぺらんかー,1.07785e-08,1
FISH TONE,1.07785e-08,1
bassy,1.07785e-08,1
柏木るざりん,1.07785e-08,1
low quality anime profile pic,1.07785e-08,1
Shibayan,1.07785e-08,1
Tsukasa,1.07785e-08,1
中矢博元,1.07785e-08,1
Hypnatos,1.07317e-08,1
Chris Avantgarde,1.07317e-08,1
Lizard,1.06323e-08,4
Leigh Harline,1.05905e-08,2
Frank Churchill,1.05905e-08,2
Goldie Lookin Chain,1.05426e-08,2
DJ Dan,1.05426e-08,2
Pure Sugar,1.05422e-08,1
Sedat Erdogan,1.05422e-08,1
Séraphitüs-Séraphîta,1.04955e-08,2
Capella Grey,1.0404e-08,1
DJ Ruffkutt,1.01752e-08,2
DJ Madd,1.01678e-08,2
Imogen Heap,1.01374e-08,2
Hodgson,1.00376e-08,1
Black Knight,1.00068e-08,3
Toadface,9.99102e-09,11
Francisco Cerda,9.97573e-09,2
Tanikugu,9.97573e-09,2
Pocket Groovy,9.97573e-09,2
This Place Is Haunted,9.97573e-09,2
ATOLS,9.94359e-09,2
三宅優,9.94271e-09,1
小林哲也,9.94271e-09,1
morgrip,9.94271e-09,1
Akabu,9.93001e-09,2
The Subdudes,9.83019e-09,2
Ring Snuten,9.76816e-09,1
Etherwood,9.74138e-09,1
MPT,9.71486e-09,3
DJ Sprinter,9.71091e-09,1
Moreno + 2,9.66254e-09,1
DJ Dolores,9.66254e-09,1
bomberzx (PACHI87),9.60049e-09,2
Thelonious Monk Quartet,9.51288e-09,10
Tremmme,9.36725e-09,1
Mystery Man,9.34157e-09,5
HIV+,9.31599e-09,1
PIG,9.21987e-09,5
Sfork,9.05391e-09,1
An,9.01049e-09,1
DJ Pacifier,8.99892e-09,2
Francis Mercier,8.94996e-09,1
The Juan MacLean,8.88611e-09,1
Ash Taylor,8.61339e-09,2
Сектор Газа,8.59682e-09,1
Qrion,8.44197e-09,1
澤野弘之,8.29708e-09,2
Praxis,8.28679e-09,1
中沢伴行,8.21783e-09,6
Alexis Knox,8.20137e-09,1
Calvertron,8.17731e-09,1
Lost,8.11586e-09,3
T-Junction,8.0201e-09,1
Sonic Juncture,7.99865e-09,1
Gemini,7.97991e-09,3
Whitney Houston,7.97958e-09,2
Black Box,7.97925e-09,1
Jasper Street Co.,7.97925e-09,1
Mac Zimms,7.97925e-09,1
Vengaboys,7.97925e-09,1
EchoLane,7.87056e-09,1
DANGERDOOM,7.84303e-09,3
UMI,7.84237e-09,1
White Town,7.83058e-09,1
Funky People,7.77211e-09,1
Syke,7.51291e-09,2
高橋洋子,7.41009e-09,3
Monster X,7.34787e-09,1
Neosir,7.3438e-09,8
Bill Evans Trio,7.33646e-09,4
Tomohiko Togashi,7.28193e-09,3
DJ Le Roi,7.2552e-09,1
Fabulous Baker Boys,7.24384e-09,1
Dr. John and The Nite Trippers,7.23538e-09,1
Airis,7.23058e-09,8
Nurse With Wound,7.21081e-09,3
C.P.+Company,7.15931e-09,1
Death in Vegas,7.15468e-09,3
The Born Again Floozies,7.13207e-09,1
CHOPS,7.09701e-09,2
Gruff Rhys,7.02557e-09,1
Lovage,7.02557e-09,1
Bro Safari,7.02276e-09,1
Zebo,6.98528e-09,1
Gorge,6.97129e-09,27
Rosabel,6.93529e-09,8
CENTRL,6.89063e-09,1
Yes,6.81203e-09,1
ARTY,6.79394e-09,1
The 2 Bears,6.77242e-09,2
Brian Ice,6.69521e-09,14
Jan Delay,6.66723e-09,2
Alex Gaudino,6.65281e-09,2
Ark Patrol,6.56777e-09,7
EpicCandySweets,6.56612e-09,1
Quincy Jointz,6.53997e-09,15
Solatrus,6.46634e-09,3
DJ Animebby,6.44783e-09,2
市蔵,6.34146e-09,6
Spider Loc,6.32377e-09,2
One eskimO,6.29655e-09,1
Soulja Boy,6.28301e-09,1
Amazon II,6.24003e-09,1
Dogma 3000,6.22803e-09,7
Percussions,6.21812e-09,1
Dwarf,6.20669e-09,1
Aphelion Barz,6.18296e-09,1
Richard Wagner,6.0875e-09,3
Chino,6.07626e-09,1
JiKay,6.07626e-09,1
Aline Brewer,6.07514e-09,1
BogTroTTeR,6.07514e-09,1
Vektroid,6.06341e-09,2
celesti whispers,6.06241e-09,2
Robert Hood,6.0489e-09,1
天の妃少女合唱団,6.0489e-09,1
TORIENA,6.04477e-09,2
James Davies,6.03716e-09,2
Chingy,6.01415e-09,1
Wildchild,5.97316e-09,1
Monsta,5.97316e-09,1
Mayster,5.93086e-09,1
Timo Maas,5.92969e-09,2
Massano,5.91225e-09,1
Bas,5.87247e-09,2
Modo,5.84381e-09,2
Rocketman,5.82455e-09,3
Pete Heller,5.81443e-09,1
Favorite,5.68201e-09,1
t e l e p a t h テレパシー能力者,5.681e-09,7
Famicom Fountains,5.67909e-09,1
Windows96,5.67909e-09,1
Tethrahhy,5.67235e-09,1
Heist,5.65778e-09,2
Gabe Nezovic,5.61742e-09,4
Tala Day dreamer,5.61279e-09,1
The Todd Terry Project,5.60628e-09,2
∑r▲,5.58152e-09,1
kors k,5.54756e-09,4
My Dry Wet Mess,5.51536e-09,1
Vorso,5.45265e-09,19
Kavinsky,5.42084e-09,3
Torchkas,5.42084e-09,3
Salif,5.40027e-09,1
高垣楓,5.31603e-09,4
Chris Travis,5.24774e-09,1
John Coltrane Quartet,5.24774e-09,1
Keljet,5.18865e-09,1
Jwles,5.1607e-09,1
Solid Base,5.13643e-09,1
DJ Flashback,5.0616e-09,1
COCO COCAINE,5.0616e-09,1
070 Shake,5.0379e-09,3
Ken Ishii,5.03769e-09,2
USK,4.98786e-09,1
Freaky DNA,4.98786e-09,1
KPLECRAFT,4.98786e-09,1
Matheus Manente,4.98786e-09,1
Far East Recording,4.98786e-09,1
ヒゲドライバー,4.98786e-09,1
Videogame Orchestra,4.98786e-09,1
Saitone,4.98786e-09,1
Bun,4.98786e-09,1
Rockman,4.98786e-09,1
Zef,4.98786e-09,1
K->,4.98786e-09,1
Descendants of Erdrick,4.98786e-09,1
Inverse Phase,4.98786e-09,1
Sanditio,4.98786e-09,1
Mutherpluckin’ B,4.98786e-09,1
Lazerbeat,4.98786e-09,1
DJ Master Kohta,4.98786e-09,1
Robokabuto,4.98786e-09,1
Monomer,4.98786e-09,1
Snild Dolkow,4.98786e-09,1
FantomenK,4.98786e-09,1
Brent Kennedy,4.98786e-09,1
Eiko Ishiwata,4.98786e-09,1
牧歌電子,4.98786e-09,1
Stu,4.98786e-09,1
nordloef,4.98786e-09,1
Derris-Kharlan,4.98786e-09,1
阪口あや,4.94006e-09,2
Thread,4.93599e-09,4
KK Null,4.93599e-09,4
Rauppwar,4.93599e-09,4
DJ Haven,4.92909e-09,1
Gusto,4.89034e-09,2
Dan Wool,4.88838e-09,4
Ram Trilogy,4.88735e-09,1
This Way Up,4.87069e-09,1
T3NZU,4.82471e-09,1
Zusebi,4.82471e-09,1
Tadeo,4.78269e-09,3
和路なつみ,4.77407e-09,1
戸越まごめ,4.77407e-09,1
Thelonious Monk Big Band,4.75644e-09,5
davhors!,4.74767e-09,2
Active Member,4.73552e-09,2
ZEEBRA,4.73532e-09,1
Caliente Mirage,4.73365e-09,1
The Opposites,4.72014e-09,1
What So Not,4.71463e-09,1
Teori Johnson,4.71463e-09,1
DaPhinoXX,4.63258e-09,1
Divine Wrath,4.63258e-09,1
Destroyer9283,4.63258e-09,1
FrozenFire,4.63258e-09,1
Uncy Dave,4.63258e-09,1
MasterJace,4.63258e-09,1
Spooky,4.57106e-09,5
Xuxa,4.52129e-09,6
Killboy,4.51958e-09,1
[Oppy],4.51958e-09,1
Froyo,4.51958e-09,1
Jondrette Den,4.51958e-09,1
Nakarin,4.49946e-09,1
Misfits,4.49453e-09,2
GaL,4.48167e-09,1
Jason Forrest,4.47618e-09,1
Emdasche,4.43222e-09,2
JXC,4.43151e-09,1
Safari Sounds,4.42925e-09,1
Sunday School,4.41687e-09,2
佐宗綾子,4.40134e-09,1
安井洋介,4.40134e-09,1
BlaDesa,4.30956e-09,11
Bronze Nazareth,4.30326e-09,1
Freeform Five,4.29239e-09,2
Bruno Furlan,4.29221e-09,1
Vodex,4.21884e-09,1
Catorstrax,4.17002e-09,2
Xontron,4.17002e-09,2
Jobless Music,4.17002e-09,2
MMWaters,4.16931e-09,1
Cat333Pokemon,4.16931e-09,1
Gabriela Ascioli,4.16931e-09,1
5ubaruu,4.16931e-09,1
Pokestir,4.16931e-09,1
C0PLE,4.16931e-09,1
TheTimebreaker,4.16931e-09,1
Mama Sana,4.15545e-09,2
The House Keepers,4.1468e-09,1
Criminal Vibes,4.1468e-09,1
kZ,4.14319e-09,1
sampling masters MEGA,4.12531e-09,18
Xanemusic,4.10395e-09,2
Bill Bolin,4.08851e-09,2
Roller Coaster,4.0297e-09,1
Trüby Trio,4.02892e-09,1
Ethan Hein,4.02892e-09,1
J‐Live,4.00527e-09,2
Nofvncity,4.0051e-09,1
Bubble Solution,3.99583e-09,1
Ben Böhmer,3.96033e-09,1
Glem Aces,3.95587e-09,2
Shashwat Sachdev,3.94171e-09,1
Truth Hurts,3.94171e-09,1
隣人,3.90473e-09,4
izna,3.90326e-09,1
cittan*,3.90326e-09,1
LAZ,3.90326e-09,1
ASHWAN,3.82349e-09,1
This American Life,3.817e-09,2
Logic1000,3.81684e-09,1
Daphni,3.81376e-09,3
Alibi,3.79033e-09,47
ASA-CHANG&巡礼,3.75646e-09,1
Sonic Experience,3.75646e-09,1
Men of Vizion,3.75646e-09,1
Yucatan,3.75646e-09,1
The Maghreban,3.75646e-09,1
Trigg Bambino,3.73285e-09,2
Håkan Lidbo,3.73203e-09,1
ElMayonesa,3.67112e-09,2
"Willie Moore, Jr.",3.62709e-09,2
Czar Nok,3.61462e-09,1
Koit Toome,3.61407e-09,2
Indra,3.61407e-09,2
Deborah Wilson,3.59874e-09,1
本田未央,3.57011e-09,3
Jon Hassell and Bluescreen,3.519e-09,1
Space Jazz Dub Men,3.519e-09,1
Cupid,3.51649e-09,1
Prong,3.47803e-09,1
SLANDER,3.4702e-09,1
KIRK,3.4702e-09,1
GosT,3.4222e-09,1
上田麗奈,3.37927e-09,17
Ultralash,3.34528e-09,2
LUPINWAVE,3.3238e-09,1
YB,3.30888e-09,1
一ノ瀬志希,3.30462e-09,1
Janita,3.29591e-09,1
DJ Red Alert & Mike Slammer,3.2803e-09,1
Dust Devil,3.27806e-09,1
Bhad Bhabie,3.23785e-09,1
A Boogie Wit da Hoodie,3.23785e-09,1
Fobos Hailey,3.22951e-09,1
Viikatory,3.22951e-09,1
Juan RIOS,3.21761e-09,1
GRADES,3.21761e-09,1
鬱P,3.19002e-09,4
Naomi Segal,3.18912e-09,4
Jesse Rose,3.17101e-09,2
Casper,3.1708e-09,2
Panzers,3.12265e-09,1
가리온,3.12265e-09,1
渋谷凛,3.11563e-09,5
Elegia,3.1124e-09,1
boy 2000,3.06133e-09,2
YoSi*,3.05196e-09,1
stereoberry,3.05196e-09,1
黄明志,3.04351e-09,3
伴都美子,3.04325e-09,1
岸谷五朗,3.04325e-09,1
工藤夕貴,3.04325e-09,1
Every Little Thing,3.04325e-09,1
浜崎あゆみ,3.04325e-09,1
KEIKO,3.04325e-09,1
Kool Savas,3.03308e-09,1
Luke’s Anger,2.96976e-09,1
Rising Sun Nova,2.96976e-09,1
paraoka,2.96976e-09,1
Aural Vampire,2.96976e-09,1
Donna Summer,2.96976e-09,1
Noizenecio,2.96976e-09,1
Luna‐C,2.96976e-09,1
Soundbites,2.96976e-09,1
FFF,2.96976e-09,1
OVe‐NaXx,2.96976e-09,1
Y&Co.,2.96976e-09,1
The Good Men,2.93322e-09,1
R. Solution,2.93322e-09,1
The Rose,2.93322e-09,1
Saccao,2.92844e-09,4
Playa Poncho,2.92113e-09,2
Trigga Man,2.92061e-09,1
Giove DJ,2.91031e-09,2
YUI,2.87086e-09,2
Erb N Dub,2.82889e-09,1
Gabe Stilez,2.80602e-09,1
Perry Sullivan,2.80602e-09,1
Andrew Wilson,2.80602e-09,1
2 Xperience,2.80314e-09,1
The Ones,2.80314e-09,1
Bernache,2.79321e-09,1
Global Goon,2.79321e-09,1
Tour‐Maubourg,2.78227e-09,1
Jakaranda,2.77337e-09,1
Felix da Housecat,2.77064e-09,3
Reppop,2.75512e-09,4
DJ DVD RIP,2.75478e-09,1
Ural 13 Diktators,2.74696e-09,3
Zombie Cats,2.7413e-09,1
DJ P,2.71473e-09,1
Masters at Work,2.69938e-09,4
安部菜々,2.65287e-09,2
島村卯月,2.65287e-09,2
塩見周子,2.65287e-09,2
Corina,2.60464e-09,2
Baby D,2.60084e-09,1
DJ YOSHITAKA,2.57757e-09,2
Thuggie D.,2.57734e-09,2
NAOKI underground,2.57723e-09,1
TaQ,2.57723e-09,1
Sota Fujimori,2.57723e-09,1
古川竜也,2.57723e-09,1
dj nagureo,2.57723e-09,1
Cherish,2.55403e-09,1
Aki Omori,2.47003e-09,1
Black Colibri,2.468e-09,2
Kawaii amen girl,2.46685e-09,1
Kevin Lyttle,2.46156e-09,3
이반석,2.45353e-09,4
Ty,2.44398e-09,3
The Soul of John Black,2.44388e-09,2
Bappi Lahiri,2.44306e-09,1
Rumble Militia,2.44306e-09,1
Bad Company UK,2.43545e-09,1
Emmanuel Top,2.43545e-09,1
Phocust,2.43288e-09,1
Stephan Jacobs,2.43175e-09,1
hummingdeath,2.37769e-09,6
Dash Berlin,2.37729e-09,7
Neutered Kat Analyst,2.37383e-09,1
Makai,2.35371e-09,3
OceanLab,2.33177e-09,1
Balázs Fecó,2.31553e-09,1
DJ Icey,2.31553e-09,1
Leoni Jansen,2.30385e-09,1
Terry Wogan,2.30385e-09,1
Pierre Perret,2.30385e-09,1
Stephan Bodzin vs. Marc Romboy,2.30204e-09,1
MF Grimm,2.26073e-09,1
Featurecast,2.24493e-09,3
lapix,2.24301e-09,2
Liquid,2.21118e-09,2
Cloud 9,2.20853e-09,2
Rosso Barocco,2.20853e-09,2
Sax,2.20844e-09,1
Mr. Fingers,2.20844e-09,1
Afriqua,2.19866e-09,1
Evil Oil Man,2.19689e-09,1
Japanese “RPG” McSwordguy,2.1541e-09,1
ALiCE'S EMOTiON,2.1382e-09,1
Vivian Green,2.13699e-09,1
Atom and His Package,2.08913e-09,1
Randolph's Leap,2.07799e-09,1
Hobe,2.06029e-09,1
Pagefire,2.04389e-09,2
Chino XL,2.03555e-09,1
The Avener,2.03555e-09,1
Killah Priest,2.03555e-09,1
Nick Cannon,2.02799e-09,1
YOTTO,2.00598e-09,2
Michelle Owen,1.98792e-09,3
Kay Cee,1.9849e-09,1
Lizardking,1.97859e-09,2
Fun‐Da‐Mental,1.95986e-09,1
Sha Gz,1.93889e-09,1
INZO,1.92237e-09,1
slowerpace 音楽,1.89256e-09,26
CJ Bolland,1.89186e-09,1
B-Factory,1.88623e-09,1
Toxic Two,1.88623e-09,1
CityOfFeelings,1.8749e-09,14
Penta,1.86336e-09,1
Juno Reactor,1.86336e-09,1
Vader,1.86336e-09,1
Perpetual Motion,1.86328e-09,2
Nashua,1.85378e-09,1
Sup the Chemist,1.84833e-09,1
KEV,1.83412e-09,1
アサヒ,1.82819e-09,2
Cornershop,1.8118e-09,1
Eminus,1.80695e-09,1
The L‐Train,1.80328e-09,1
Skyshard,1.80328e-09,1
大友良英,1.80308e-09,3
Francisco López,1.80301e-09,2
Laminar,1.80293e-09,1
Ulf Langheinrich,1.80293e-09,1
Construction Kit,1.80293e-09,1
Antimatter,1.80293e-09,1
Zbigniew Karkowski,1.80293e-09,1
Ryoji Ikeda,1.80293e-09,1
Reol,1.7927e-09,2
Ace Aura,1.75746e-09,1
Mr. Lee,1.74751e-09,1
Chenard Walcker,1.74279e-09,1
Ray Volpe,1.68821e-09,1
電音部,1.66643e-09,3
Parov Stelar,1.6481e-09,2
Ken Laszlo,1.64631e-09,4
People Under the Stairs,1.6273e-09,2
서태지,1.61551e-09,2
bank pain,1.6143e-09,1
Double 99,1.61333e-09,1
Paula Robison,1.59456e-09,2
いよわ,1.5945e-09,1
Osanzi,1.5945e-09,1
Julie Slick,1.58241e-09,4
jesus2099,1.57403e-09,1
Dave Angel,1.55889e-09,1
Nena,1.54782e-09,3
Lewis Lovebump,1.54423e-09,4
Paul Bazooka,1.53987e-09,5
TheBusiness.,1.53188e-09,3
Ka,1.52128e-09,1
CRIMEAPPLE,1.52128e-09,1
BK,1.52128e-09,1
Ro James,1.52128e-09,1
Kinder Malo,1.52128e-09,1
E Jake,1.52128e-09,1
Everything but the Girl,1.51093e-09,6
Vials,1.47678e-09,1
Starkey,1.44223e-09,1
The Heartists,1.44099e-09,1
Bellini,1.44099e-09,1
Netsky,1.43066e-09,2
David Vunk,1.40997e-09,2
Mark J. Hadley,1.39912e-09,2
PandaBoY,1.37284e-09,16
Bryan Gee,1.33151e-09,18
AJURIKA,1.32649e-09,2
神崎蘭子,1.32643e-09,1
高槻やよい,1.32454e-09,2
港白金女学院,1.31191e-09,15
Kaisaschnitt,1.30221e-09,2
The All Seeing I,1.29416e-09,2
Los 4,1.27295e-09,1
Another Level,1.25898e-09,1
Sean Paul,1.25898e-09,1
Young Soldierz,1.24341e-09,1
Johnny Corporate,1.24341e-09,1
Moochie Mack,1.24341e-09,1
Hi‐C,1.24341e-09,1
The Gaye Device,1.234e-09,1
The Golden Palominos,1.234e-09,1
Death Tape Super Bass,1.234e-09,1
2/5 BZ,1.234e-09,1
Nirban,1.234e-09,1
Pablo Ribot,1.22184e-09,1
Circulation,1.21925e-09,1
Clubspeakers,1.21819e-09,1
eufrik,1.20047e-09,16
Lou Bega,1.19359e-09,3
La Lupita,1.19339e-09,1
Gypsymen,1.19339e-09,1
Former Hero,1.17055e-09,1
Pierre Wax,1.17036e-09,1
Black Attack,1.16801e-09,2
Wots My Code,1.15817e-09,1
ピヨ団,1.14796e-09,1
Conjure One,1.13857e-09,2
Grauzone,1.07506e-09,3
Dr. Drycer,1.07505e-09,1
Don Leisure,1.07241e-09,27
Sarah Millican,1.06082e-09,1
kamome sano,1.05851e-09,3
sasakure.UK,1.05783e-09,3
千澄,1.05691e-09,1
kous,1.05691e-09,1
Nyolfen,1.05691e-09,1
ピノキオピー,1.05691e-09,1
KENTENSHI,1.05691e-09,1
しんなりちゃん,1.05691e-09,1
Frankie Bones,1.0509e-09,1
Forbidden Poetry,1.04964e-09,2
DJ Shimamura,1.04045e-09,2
HIR,1.04045e-09,2
Groovetune,1.04041e-09,1
コバルト爆弾αΩ,1.04041e-09,1
baker,1.04041e-09,1
ちゃーりー,1.04041e-09,1
VALLEYSTONE,1.02216e-09,2
Vernal Equinox,1.02194e-09,1
Regina,1.01619e-09,1
Neil Norman,1.01177e-09,1
Peter Schilling,1.00829e-09,7
BeanJammin,1.00536e-09,1
Booka Shade,1.00299e-09,1
Junkie XL,9.83264e-10,1
Dev/Null,9.80138e-10,1
Derpy Hooves,9.70475e-10,1
NightColt,9.70475e-10,1
Tool,9.62255e-10,2
加藤ミリヤ,9.58438e-10,3
Ethel Cain,9.58299e-10,6
佐藤直紀,9.48407e-10,1
The Killers,9.42443e-10,2
Brian Ica,9.39819e-10,1
Amen,9.34618e-10,1
Joey Negro,9.331e-10,7
Ilai,9.32866e-10,3
M.I.K.E.,9.32826e-10,2
Christian Burns,9.32709e-10,1
MrMehster,9.24869e-10,1
RUON,9.21047e-10,1
浅倉大介,9.1713e-10,1
Jamie Cullum,9.15897e-10,1
ノヴィタ,9.14096e-10,1
picco,9.1331e-10,1
藍良あれれ,9.1331e-10,1
Single Gun Theory,9.12755e-10,1
Virtual Self,9.08274e-10,1
ILLENIUM,9.04181e-10,1
Jocelyn Brown,9.00025e-10,1
EnglishNarwhal,8.96348e-10,1
ヤスオ,8.96348e-10,1
DJ Die,8.8778e-10,1
Fusion,8.77459e-10,1
Zef Parisoto,8.77371e-10,1
Zadig the Jasp,8.75794e-10,11
太田雅友,8.57282e-10,1
Dub & Wheel,8.42837e-10,2
General Jaydonius,8.40904e-10,2
Ronan de Castel,8.40869e-10,1
Project One,8.37368e-10,1
Maestro Fresh‐Wes,8.26003e-10,3
BGD,8.14716e-10,3
INTERNET CLUB,8.07753e-10,1
Paul Green,7.97281e-10,1
David Hopper,7.97281e-10,1
Tony Cirone,7.97281e-10,1
Gary Karr,7.97281e-10,1
Ruth Segal,7.97281e-10,1
High Frequency Bandwidth,7.86422e-10,1
[PHYSICS],7.86422e-10,1
Simian Mobile Disco,7.86422e-10,1
Task Horizon,7.84568e-10,1
Silicon Sound,7.84568e-10,1
Airborn,7.84568e-10,1
Esselfortium,7.80213e-10,1
Gangsta Boo,7.61351e-10,1
Laurent Garnier,7.36419e-10,18
Size 9,7.33925e-10,3
PFM,7.33833e-10,2
Boriqua Tribez,7.24269e-10,1
Maxey,7.19085e-10,1
I Monster,7.1148e-10,3
Starving Trancer,7.05271e-10,2
Play Paul,7.04983e-10,1
Savas Pascalidis,7.04894e-10,2
Alabina,7.00285e-10,1
Thomas Newman,7.00285e-10,1
dreamloader,6.99475e-10,1
Kilamanzego,6.92367e-10,1
Anomalie,6.92367e-10,1
RIOT,6.79477e-10,1
Seven Lions,6.78168e-10,2
before saudade,6.78139e-10,1
Deathface,6.77745e-10,2
Terry Riley,6.74449e-10,1
Derrick Jamerson,6.73062e-10,1
EricWithTheGlockInHisSock,6.71569e-10,1
Marvaless,6.67641e-10,1
Christopher Williams,6.67641e-10,1
神宮前参道學園,6.56037e-10,9
void,6.53449e-10,3
AURORA,6.50449e-10,1
Def Rhymz,6.48313e-10,1
Jonesmann,6.33002e-10,1
きくお,6.29272e-10,1
WAKARAN GIRL,6.18477e-10,1
LEE HI,5.94043e-10,1
QB Finest,5.94043e-10,1
C Ø R V U S,5.94033e-10,3
Cool’n Cat,5.82485e-10,1
The Heavytrackerz,5.81306e-10,1
Sonny Fodera,5.81306e-10,1
東雲和音,5.55476e-10,1
[VIAN],5.15289e-10,2
Nutritious,5.15289e-10,2
Torpeedoh,5.10627e-10,1
Lost Witness,5.07948e-10,2
King Gnu,5.06724e-10,1
Kettenkrad,5.01859e-10,4
Miyuka,5.01796e-10,1
Kelly Clarkson,4.90101e-10,1
TEMPLIME,4.83417e-10,11
Spiller,4.79764e-10,10
クレイジーケンバンド,4.79219e-10,2
Crystal Kay,4.79199e-10,1
FreeTEMPO,4.79199e-10,1
MONKEY MAJIK,4.79199e-10,1
MINMI,4.79199e-10,1
松澤友和,4.79199e-10,1
MA55IVE THE RAMPAGE,4.79199e-10,1
LISA,4.79199e-10,1
Afra & The Incredible Beatbox Band,4.79199e-10,1
GUHROOVY,4.7613e-10,1
Blind Summer,4.72849e-10,2
Qua Rush,4.72685e-10,2
RoughSkreamZ,4.68834e-10,1
帝音国際学院,4.68539e-10,6
外神田文芸高校,4.68519e-10,5
Saltwater,4.66355e-10,1
Shannon,4.66355e-10,1
Bling Bling,4.62434e-10,1
NieN,4.56972e-10,1
石川智久,4.56655e-10,1
伊東真紀,4.56655e-10,1
Jay Abey,4.56636e-10,1
Oblivion,4.41757e-10,1
Nebita,4.39506e-10,1
DJ Dave Gee,4.38774e-10,14
Litmus,4.38553e-10,2
Ten-ichi,3.85633e-10,2
DJ SHION.Y,3.85616e-10,1
scythe,3.85616e-10,1
Defected Maidens,3.85616e-10,1
RedOgre,3.85616e-10,1
sdhizumi,3.85616e-10,1
ウラボロシ,3.85616e-10,1
The Quiett,3.80946e-10,3
Danny Boy,3.80914e-10,1
Olga Tañón,3.80243e-10,1
MK,3.66229e-10,2
Sons of Aliens,3.63116e-10,2
Himbiote,3.62328e-10,2
源屋,3.61035e-10,2
iTOK,3.6102e-10,1
Capchii,3.56175e-10,2
Soni,3.55941e-10,6
Nâdiya,3.49275e-10,2
Kenny Meriedeth,3.49275e-10,2
The Disco Boys,3.46843e-10,1
Downlink,3.45202e-10,1
舐達麻,3.40575e-10,1
Alexander Popov,3.40559e-10,1
Q‐Dee,3.39862e-10,1
Gorillaz,3.37436e-10,6
technokut,3.37354e-10,1
ric3show3r,3.37008e-10,1
Ivan Mastermix,3.36302e-10,3
Dropkick Murphys,3.33118e-10,1
N-Driver,3.26726e-10,2
Junk,3.26724e-10,2
∀Ｓ∀,3.26711e-10,1
AMAZE,3.26711e-10,1
kanata.t,3.26711e-10,1
Ym1024,3.26711e-10,1
KaKi,3.26711e-10,1
ohonta,3.26711e-10,1
irit*,3.26711e-10,1
Alice.,3.26711e-10,1
wakana,3.26711e-10,1
Wrashi,3.26711e-10,1
Steiner,3.26711e-10,1
Kurogen,3.26711e-10,1
youmi,3.26711e-10,1
GANKAi,3.26711e-10,1
影虎。,3.26711e-10,1
Trinity,3.26711e-10,1
Art of Noise,3.15993e-10,3
sumijun,3.0627e-10,1
Structure,3.05779e-10,2
kuraudo,3.03073e-10,1
Larry Williams and His Band,2.97686e-10,1
ꜱᴄɪ ꜰɪ ꜱᴄʜᴇᴍᴇ,2.95894e-10,1
Arcángel & De La Ghetto,2.94679e-10,3
J Balvin,2.94666e-10,2
Watussi,2.94654e-10,1
P Jam,2.9107e-10,2
Foxxy Dekay,2.70108e-10,1
Loctek,2.70108e-10,1
Joshua Morse,2.57645e-10,1
prophetik music,2.57645e-10,1
HeaT Flare,2.57645e-10,1
Sbeast,2.57645e-10,1
O. Keitel,2.57645e-10,1
Xenon Odyssey,2.57645e-10,1
Jimmy “Orion” Ellis,2.5569e-10,8
Mr. Reds,2.53436e-10,1
Nmesh,2.46234e-10,11
Holder,2.45854e-10,1
Jazmine Sullivan,2.41111e-10,1
Paul Basic,2.3716e-10,1
Closed,2.35172e-10,15
Green Ice,2.35142e-10,12
Gazebo,2.34955e-10,1
Alkalino,2.34955e-10,1
xaviorthemachine,2.34874e-10,1
Grant Wakefield,2.32189e-10,3
F.U.S.E.,2.29912e-10,1
kity,2.29654e-10,1
Foremost Poets,2.17834e-10,1
No Sé,2.11632e-10,1
Justice Cow,2.04039e-10,1
Ben Levin,2.04039e-10,1
Michael Pilarczyk,2.04024e-10,4
Fireboy DML,2.03523e-10,1
Mitch Murder,1.93338e-10,1
John Williams,1.92988e-10,52
DIVELA,1.8743e-10,2
yuigot,1.87429e-10,1
ころんば,1.87422e-10,1
irucaice,1.87415e-10,3
MC Boing,1.83495e-10,1
Speedy J,1.81558e-10,1
Superorganism,1.81558e-10,1
Urban Flow,1.81164e-10,1
DJ USYN,1.79794e-10,1
Yoshino Yoshikawa,1.79794e-10,1
gassyoh,1.79794e-10,1
CamelPhat,1.79359e-10,1
Gene Harris,1.7658e-10,1
DreamWeaver,1.74352e-10,1
Tchami,1.68986e-10,3
emon(Tes.),1.68894e-10,2
なみぐる,1.68752e-10,2
テヅカ,1.68745e-10,1
めろくる,1.68745e-10,1
nyanyannya,1.68745e-10,1
オワタP,1.68745e-10,1
TAG,1.68745e-10,1
YASUHIRO,1.68745e-10,1
Architect,1.6322e-10,1
Winno,1.61782e-10,6
Alina Baraz,1.59704e-10,1
Kathis Wolkenraver,1.58847e-10,1
Brian Bright,1.58834e-10,1
Jürgen von der Lippe,1.58124e-10,4
Ed Starink,1.5787e-10,1
Huey Dunbar,1.57468e-10,1
Shit Hot Soundsystem,1.57262e-10,1
Meat Katie,1.57262e-10,1
Ill,1.5631e-10,1
tian nya,1.55376e-10,2
OdiakeS,1.55004e-10,1
Cult Member,1.54875e-10,2
Sandy Denny,1.51597e-10,1
Леприконсы,1.51173e-10,1
S.Operator,1.51173e-10,1
New Composers,1.51173e-10,1
Уоки-токи,1.51173e-10,1
Игорь Вдовин,1.51173e-10,1
Небритые,1.51173e-10,1
Иzюм,1.51173e-10,1
Arrival Project,1.51173e-10,1
Тито,1.51173e-10,1
Deadушки,1.51173e-10,1
Озон,1.51173e-10,1
London Symphony Orchestra,1.50764e-10,5
John Shirley‐Quirk,1.50726e-10,1
Robert Tear,1.50726e-10,1
SONICON,1.49533e-10,1
Malcolm McLaren,1.4631e-10,1
Nuuro,1.44159e-10,1
FRS,1.40628e-10,1
Bill ‘Bojangles’ Robinson,1.34964e-10,1
King Midas Sound,1.31385e-10,1
datfootdive,1.29062e-10,1
Weiland,1.29062e-10,1
Wicked,1.29062e-10,1
Linda Gail Lewis,1.27652e-10,1
Joseph Shirley,1.23018e-10,2
Die Firma,1.20022e-10,1
Tony D,1.20022e-10,1
Mayhem,1.19646e-10,1
Tenement Yard,1.18775e-10,1
Dj Alyaz,1.18254e-10,43
Cuebism,1.14535e-10,1
Dani Ro,1.14101e-10,3
XM -Xenon Maiden-,1.13211e-10,21
Felix de Luxe,1.12961e-10,3
waven,1.10799e-10,5
Yunomi,1.06258e-10,1
Sonny Shimoda,1.0223e-10,1
Phish,1.01533e-10,1
East 57th St.,1.00244e-10,1
Mala Rodríguez,1.00174e-10,1
Vinil Motion,9.43695e-11,20
Kon-Ga-Boy,9.37038e-11,1
桜乃美々兎,9.37038e-11,1
大賀ルキア,9.37038e-11,1
ハレトキドキ,9.37038e-11,1
IN-KYA in Canada,9.37038e-11,1
宇都圭輝,9.37038e-11,1
Native Rapper,9.37038e-11,1
ebiten,9.37038e-11,1
Fellsius,9.37038e-11,1
Shimon & Andy C,8.88483e-11,1
Fracture,8.70453e-11,1
Little Axe,8.34745e-11,1
Prince Jammy,8.25909e-11,1
Man Machine,8.08884e-11,1
神谷奈緒,8.07719e-11,1
Elizabeth Joan Kelly,8.0699e-11,1
Riccardo Muti,8.0699e-11,1
Michael Murray,8.0699e-11,1
Mendo,8.04237e-11,21
Creme de la Creme,7.97799e-11,2
Nadastrom,7.92919e-11,1
hololive English -Justice-,7.77921e-11,1
Lisa Marie Experience,7.73753e-11,2
Catherine Zeta‐Jones,7.34952e-11,1
The Bazeman,7.34952e-11,1
Mickey Oliver,7.13185e-11,3
Koveryl,7.13111e-11,1
Soulsearcher,7.13111e-11,1
Recklezz Mari,6.67848e-11,1
DJ Lee,6.58232e-11,3
Hannulelauri,6.34649e-11,2
CasioNova,6.34649e-11,2
Adiemus,6.33155e-11,2
33 1/3 Queen,6.27471e-11,3
Prime Time,6.13708e-11,1
Stormwolf,5.80907e-11,1
The Human Experience,5.43323e-11,14
Deep West,5.18884e-11,1
AIYU,5.17828e-11,1
Almighty Associates,5.10377e-11,2
you,4.90003e-11,3
Modena City Ramblers,4.89617e-11,21
Nice & Smooth,4.87758e-11,1
Flay!,4.83397e-11,1
原紗友里,4.83086e-11,2
webyte,4.8137e-11,1
Mark McGuire,4.72224e-11,1
AK1200,4.6983e-11,1
椎名もた,4.34406e-11,3
Carl Craig,4.23946e-11,1
Caparezza,4.18717e-11,1
Ocelot,3.87907e-11,1
MYTK,3.87907e-11,1
DJ 一戸建,3.87907e-11,1
ikaruga_nex,3.87907e-11,1
Rin,3.87907e-11,1
yoshiki-narutaki,3.87907e-11,1
cYsmix,3.87907e-11,1
Littletsu,3.78466e-11,14
mican*,3.77842e-11,1
ayame,3.77842e-11,1
nachi,3.77842e-11,1
Will Quadflieg,3.63715e-11,17
Jimmie Dodd,3.42288e-11,1
Ms. Dynamite,3.35766e-11,3
Brian Eno,3.32307e-11,3
Margaret Fingerhut,3.16577e-11,1
Karl Jenkins,3.16577e-11,1
Jem,3.16545e-11,6
Jupiter,3.15631e-11,1
0081,2.95823e-11,2
Robin Jones,2.80429e-11,3
Sneaky Tim,2.80406e-11,1
Boxcar,2.74496e-11,1
Hard‐Fi,2.6418e-11,2
Dub Empire Sound,2.59949e-11,1
שלמה ארצי,2.58227e-11,2
Βαβυλώνα,2.58217e-11,1
N.A.S.A.,2.51632e-11,1
DJ Deeon,2.48908e-11,2
Richard Strauss,2.42211e-11,2
Johann Strauss,2.42211e-11,2
濱本理央,2.41543e-11,1
JVNA,2.33493e-11,1
dyalla,2.33493e-11,1
Mr. Bill,2.33493e-11,1
Jeremy Blake,2.33493e-11,1
Cuckoo,2.33493e-11,1
Rachel K Collier,2.33493e-11,1
PANXI,2.3156e-11,1
Carman,2.30131e-11,1
ZZT,2.20264e-11,1
Durango 95,2.20264e-11,1
きりん,2.05524e-11,1
Rezodrone,2.05115e-11,17
Pustulioooooo,1.93788e-11,1
Shadow Dash,1.93788e-11,1
Syleena Johnson,1.91515e-11,1
Murdock,1.8268e-11,1
Stagga,1.62956e-11,1
Organised Grime,1.62956e-11,1
pawcord,1.59474e-11,1
Friends Without Faces,1.59474e-11,1
Drought,1.58246e-11,1
KR$NA,1.5822e-11,1
LCY,1.57279e-11,19
Kellen303,1.57236e-11,5
Foreign Beggars,1.5712e-11,1
Munchyjr,1.47736e-11,3
Thomas Bergersen,1.41381e-11,1
ReeK,1.39454e-11,2
Toby Emerson,1.28815e-11,1
Simon Callow,1.21238e-11,21
Riley Reinhold,1.17326e-11,47
friendly,1.10742e-11,1
earthm🌎vers,1.02937e-11,15
Stéphane Deschezeaux,1.02586e-11,1
Crowns,1.02586e-11,1
anubasu-anubasu,1.01938e-11,1
Srezcat,1.01938e-11,1
Sanaas,1.01938e-11,1
Nizikawa,1.01938e-11,1
gya9,1.01938e-11,1
Serji,1.01938e-11,1
Tanchiky,1.01938e-11,1
Mtell,1.01938e-11,1
JS16,1.01851e-11,2
Winterberry,1.0064e-11,1
Abstract Foundation,9.67832e-12,2
Unknown Artist,8.93186e-12,1
Reelsoul,8.3437e-12,4
Kerri Chandler,7.3578e-12,2
The DJ Producer,6.77478e-12,1
dokxid,6.64818e-12,1
Yem,6.64818e-12,1
Iari,6.52795e-12,1
Akshan,6.38237e-12,26
sanodg,5.67166e-12,3
三村かな子,5.52964e-12,1
Sonic Hybrid Orchestra,5.39101e-12,1
Brothomstates,5.09254e-12,1
DJ Bunuel and Miikka Kari,5.09254e-12,1
Konepaja,5.09254e-12,1
Freakmaster K. One,5.09254e-12,1
Miikka Kari,5.09254e-12,1
Sahram,5.09254e-12,1
Op:l Bastards,5.09254e-12,1
DJ Slow,5.09254e-12,1
Psychedelic Kitchen,5.09254e-12,1
Biter MC,4.83916e-12,1
Jason M. Yu,4.16324e-12,1
Paul Schwartz,4.03119e-12,1
Smiechu,3.98064e-12,3
MMT,3.75911e-12,2
Riccio,3.54508e-12,1
David Rose,3.46134e-12,1
Broken Chip,3.26576e-12,12
emotion x,3.26398e-12,1
Mahiane,3.19058e-12,32
Trumpet Thing,3.08973e-12,2
Golden Astrobe,2.87088e-12,6
Roy Porter,2.71576e-12,1
X‐Press 2,2.50759e-12,2
MOROSE,2.39091e-12,10
Monolake,2.26765e-12,1
築山さえ,2.23586e-12,1
Klub des Loosers,2.13482e-12,10
Freestyle Orchestra,2.08593e-12,1
6th Borough Project,2.08593e-12,1
Shyne,1.90718e-12,1
RTÉ National Symphony Orchestra,1.79442e-12,1
巡音ルカ,1.76406e-12,2
鏡音リン,1.76399e-12,1
GUMI,1.76399e-12,1
神威がくぽ,1.76399e-12,1
Ｃ：\\Ｕｓｅｒ,1.63266e-12,2
芥田レンリ,1.5078e-12,2
＊-Teris,1.50774e-12,1
ハサキトオル,1.50774e-12,1
r-906,1.50774e-12,1
mucell,1.50774e-12,1
いえぬ,1.50774e-12,1
szri,1.50774e-12,1
appy,1.50774e-12,1
しもがみ,1.50774e-12,1
幾砂襷,1.50774e-12,1
原口沙輔,1.50774e-12,1
ブブゼラ,1.50774e-12,1
前線,1.50774e-12,1
サツキ,1.50774e-12,1
長谷川迷子,1.50774e-12,1
Shu,1.50774e-12,1
Braiden,1.27438e-12,24
Logic Wave,1.07492e-12,1
Smoke City,1.00168e-12,1
Sickless,1.00168e-12,1
シートベルツ,9.12978e-13,2
鹿乃,8.81183e-13,2
ササノマリイ,8.81146e-13,1
ARuFa,8.81146e-13,1
DECO*27,8.81146e-13,1
ざにお,8.81146e-13,1
Jaylib,8.66779e-13,4
Cavalier,8.66598e-13,1
Mr. Moods,8.66598e-13,1
Diesel # 1,8.63188e-13,1
Jalapeno Sound System,8.2392e-13,20
Dialga2239,7.10521e-13,1
Umbresp,7.10521e-13,1
zep,7.02345e-13,1
Auralnauts,6.30149e-13,1
Aitor Ronda,5.84499e-13,1
cold kiss,4.91245e-13,1
Krishna Chetan,4.7375e-13,2
SPECTRA*paris,3.86644e-13,1
SAYMYNAME,3.79241e-13,3
ASCA,3.47961e-13,1
Aimer,3.47961e-13,1
TOMOSUKE,3.41016e-13,2
DAJI,3.41001e-13,1
wac,3.41001e-13,1
Róisín Murphy,2.70396e-13,1
NeonCryptid,2.51741e-13,2
XIO,2.32642e-13,1
E_DEATH,2.11278e-13,2
Tandy Ogmo,2.0509e-13,1
Look Twice,2.0509e-13,1
Hamsly,2.0139e-13,1
HappyHoppyHappy,2.0139e-13,1
Random Article,1.59967e-13,5
The Vaccines,1.5994e-13,1
Spikey Wikey,1.5156e-13,1
Bob Ostertag,1.51234e-13,2
スズム,1.41713e-13,1
易坤林,1.27632e-13,1
Dot Allison,1.26729e-13,2
Lemon D,1.11676e-13,1
NAOKI in the MERCURE,1.08083e-13,1
Shaft,1.00108e-13,1
Sami Habra,7.70802e-14,46
Norbert Stein,7.56297e-14,1
David Toop,7.56297e-14,1
Carlos Zíngaro,7.56297e-14,1
Lisa Kucharski,7.56297e-14,1
Agostino Di Scipio,7.56297e-14,1
Christoph Haberer,7.56297e-14,1
Christoph Korn,7.56297e-14,1
Forte Escape,6.45759e-14,1
TrollPhace,6.17648e-14,1
メグ,5.75908e-14,1
シャロ,5.75908e-14,1
チマメ隊,5.75908e-14,1
ココア,5.75908e-14,1
リゼ,5.75908e-14,1
マヤ,5.75908e-14,1
チノ,5.75908e-14,1
千夜,5.75908e-14,1
Petit Rabbit’s,5.75908e-14,1
Paradox,3.08824e-14,1
Saints & Sinners,2.95604e-14,1
suzukiiiiiiiiii,1.85905e-14,2
yukkerom,1.61753e-14,1
ケーシー,1.61753e-14,1
RSK,1.61753e-14,1
しのりゅー,1.61753e-14,1
YZOX,1.61753e-14,1
TAROLIN,1.61753e-14,1
Hard Harmonizer,1.57565e-14,1
DJ Noriken,1.53595e-14,2
Alinut,1.53588e-14,1
4 Speed EG,1.37015e-14,1
Jomar,1.23576e-14,1
Sech,1.23571e-14,1
atnr,9.29523e-15,1
いぬ,9.29523e-15,1
Phazmidi,9.29523e-15,1
Matthias Arfmann,8.38426e-15,10
EasyPop,7.85944e-15,1
ろぼくろ,6.51583e-15,1
Nach,4.78555e-15,1
Mucho Muchacho,4.78555e-15,1
H Mafia,4.78555e-15,1
Piezas & Jayder,4.78555e-15,1
Tom Waits,4.10651e-15,1
The Tuners,2.05343e-15,3
Miktek,6.69051e-16,1
Astral Waves,5.3564e-16,8
AstroPilot,5.35301e-16,1
The John Alldis Choir,5.08422e-16,1
BOYFRIENDZ,1.66939e-16,1
Limp Pumpo,1.66939e-16,1
K''st,1.57642e-16,1
James Murray,1.3701e-16,5
Emmanuel,1.33811e-16,3
DJ Dano,1.05158e-16,1
Hair Stylistics,7.26984e-17,1
由末イリ,6.32337e-17,1
MusiCamera,6.32337e-17,1
Dimlite,5.34423e-17,1
Cynthoni,3.82899e-17,2
菅野よう子,3.82882e-17,1
Pritam,1.99024e-17,9
Ember,1.9868e-17,1
川井憲次,2.84395e-19,40
Muslimgauze,3.89359e-20,20
Fouria,3.26836e-20,27
DJ Rap,2.99883e-20,11
Cash Cash,2.82746e-20,15
Chronos,2.25603e-20,1
MachineCode,1.24496e-20,15
Current Value,8.27426e-21,14
Rundfunkchor Berlin,5.83352e-21,9
The Source,5.58916e-21,7
Arjun,5.46075e-21,2
Shashwat Singh,5.44158e-21,1
Dela,3.98053e-21,10
Stephen Roberts,2.88833e-21,4
qzqor,2.48265e-21,7
Sylvia Greenberg,2.16625e-21,3
Kaisa,1.66968e-21,5
Ramiro Lopez,1.59074e-21,16
桃箱,1.28545e-21,4
Woody/mC,1.25929e-21,5
1 Giant Leap,9.03201e-22,3
Foxfall,8.80123e-22,14
Iron Maiden,8.245e-22,5
Pepper Coyote,7.97122e-22,4
Deutsches Symphonie‐Orchester Berlin,7.2803e-22,2
H.P. Sneakstep,7.21844e-22,6
ODESZA,6.89653e-22,6
Sadahzinia,6.04823e-22,2
Xray,6.04823e-22,2
Piñata,6.04823e-22,2
David Essex,5.96918e-22,3
Black Sun Empire,5.24066e-22,10
Maribou State,4.04799e-22,4
Tape Girl,3.8762e-22,5
Current 93,3.63462e-22,3
Vanilla,3.40298e-22,4
Jackle App,3.35956e-22,3
Shikimi,3.21362e-22,1
Ian Wilkie,2.38096e-22,2
Tricky Disco,2.27556e-22,2
Sonic Boom,2.01589e-22,3
DJ Q,1.70023e-22,3
Oneohtrix Point Never,1.68712e-22,9
Sonic Species,1.43694e-22,3
DatWhackProducer,1.39431e-22,3
aen,1.32371e-22,2
Visage,1.32243e-22,2
SEGA Sound Team,1.27149e-22,3
まりつみ,1.16578e-22,2
Baschfire,1.11985e-22,1
Ponytronic,1.11985e-22,1
Steve Kerr,1.11364e-22,11
光吉猛修,1.07908e-22,4
Naughty Naughty,1.04195e-22,3
Berliner Philharmoniker,1.03705e-22,2
Soft Machine,9.81081e-23,2
Redpill,9.72621e-23,1
SWING HOLIC,9.62073e-23,2
Ørjan Nilsen,8.85625e-23,2
Cosmograph,8.6198e-23,2
Night Tempo,8.54215e-23,2
Eagles,8.24142e-23,2
JiNG*da*LaW,8.13656e-23,2
Gustavo Santaolalla,7.99396e-23,3
Gridlok,7.98031e-23,1
hanali,7.34958e-23,1
糸魚健一,7.34958e-23,1
Hidenobu Ito,7.34958e-23,1
bis,7.34388e-23,3
Travis Scott,6.71453e-23,3
[theatre],6.64334e-23,2
Dave Rodgers,6.5972e-23,4
Kasra,6.1264e-23,1
Camo & Krooked,6.1264e-23,1
Leila,6.00166e-23,1
Bizarre Inc,6.00166e-23,1
榊田智之,5.83296e-23,1
Poplica*,5.83296e-23,1
Susan Boyle,5.76774e-23,3
TERSKELEPCE,5.3993e-23,2
L.E.D.,5.372e-23,1
Remo-con,5.372e-23,1
nelward,5.28086e-23,2
Bstep,5.04451e-23,2
Morph.,4.9083e-23,1
Yamajet,4.87481e-23,1
Astronaut,4.77568e-23,2
PERCUSSION OF A SOUND MIND,4.59969e-23,1
PrinceWhateverer,4.00044e-23,1
Wilkinson,3.76796e-23,2
Philip Jeck,3.7023e-23,1
Fennesz,3.7023e-23,1
JX,3.43908e-23,1
Plump DJs,3.33459e-23,2
Lamb,3.23876e-23,1
State of Mind,3.21739e-23,4
Brasstracks,3.14249e-23,2
Bubba Sparxxx,3.13868e-23,2
Freewave,3.11984e-23,1
mycutiemarkisagun,3.11984e-23,1
Giuseppe Ottaviani,3.07873e-23,1
Monali Thakur,3.01272e-23,2
Arash,2.90535e-23,1
Sik‐K,2.88525e-23,2
Caroline Rose,2.80982e-23,1
BOYO,2.80982e-23,1
Sports,2.80982e-23,1
Skylar Astin,2.75981e-23,1
John Clarence Stewart,2.75981e-23,1
Peter Gallagher,2.75981e-23,1
Michael Thomas Grant,2.75981e-23,1
onoken,2.74568e-23,1
Storm,2.72621e-23,1
7 Days of Funk,2.72588e-23,1
heavyconfetti,2.67474e-23,1
Rich the Kid,2.62446e-23,1
Fryderyk Chopin,2.59961e-23,1
Double Decka,2.55102e-23,1
Jimmy McGriff,2.54868e-23,1
ゆの,2.5467e-23,1
Kinobe,2.50531e-23,1
Hollis P. Monroe,2.44569e-23,1
TO-MAS SOUNDSIGHT FLUORESCENT FOREST,2.44323e-23,2
Piero Cappuccilli,2.43872e-23,1
Olive Fredricks,2.43872e-23,1
Selena Gomez,2.39258e-23,1
Twine,2.38784e-23,1
Toddla T,2.36383e-23,1
3dNOW,2.34766e-23,1
Oldeaf,2.33907e-23,1
Vince Staples,2.33907e-23,1
Lange,2.3256e-23,1
MUTEMATH,2.30408e-23,1
DJ Depath,2.29421e-23,1
USAO,2.18747e-23,2
Wiener Philharmoniker,2.11161e-23,2
Thelonious Monk,2.05983e-23,1
Ground Control,2.01414e-23,1
Clinton Cerejo,1.91684e-23,1
Sreerama Chandra,1.91684e-23,1
Jasper Byrne,1.87856e-23,2
Oh No,1.86934e-23,1
Young Robbery,1.85922e-23,1
Andy Mineo,1.84899e-23,1
Fidelium,1.84874e-23,1
Bluecoats,1.81055e-23,1
obake,1.73623e-23,1
じーえふ,1.73623e-23,1
ミディ,1.73623e-23,1
YACA IN DA HOUSE,1.73623e-23,1
john=hive,1.73623e-23,1
glitch boy,1.7161e-23,1
Aests,1.7161e-23,1
Canned Heat,1.70745e-23,1
Dok2,1.64177e-23,1
Sigur Rós,1.63517e-23,1
Jax Jones,1.63476e-23,2
Hayden James,1.63368e-23,1
The Flying Lizards,1.62515e-23,1
Michael Nyman Band,1.62515e-23,1
rejection,1.62084e-23,1
Weekly Words and Grammar,1.6195e-23,1
House of Prayers,1.60075e-23,1
Rebecca St. James,1.55925e-23,1
John Kenza,1.51775e-23,1
404Billy,1.5153e-23,2
渡辺量,1.50096e-23,1
The Human League,1.49809e-23,1
RENREN,1.49246e-23,1
Durs,1.44278e-23,1
Asha Bhosle,1.38621e-23,1
Asylum,1.37813e-23,1
The Mae Shi,1.37469e-23,1
Hande Yener,1.3459e-23,1
Paradise Lost,1.32951e-23,1
DJmegan23,1.32188e-23,1
美里,1.31056e-23,2
deadman 死人,1.30895e-23,1
ESTi,1.30008e-23,1
Barry Manilow,1.296e-23,1
Zucchero,1.26634e-23,1
Ray Charles,1.26155e-23,1
清水翔太,1.25241e-23,1
Stress Level,1.20028e-23,1
Klásico,1.18273e-23,1
Rasmus,1.16376e-23,1
Ben 10,1.15393e-23,1
Benny Will Richardson,1.1392e-23,2
Carbon Based Lifeforms,1.10925e-23,1
GusGus,1.10395e-23,1
Itch‐E & Scratch‐E,1.10384e-23,1
Wild Nothing,1.08507e-23,1
Myro,1.02951e-23,1
King Oliver and His Creole Jazz Band,1.00953e-23,1
Sigala,1.00156e-23,1
David Bowie,9.69413e-24,1
Annoying,9.5954e-24,1
Damon Wild,9.57637e-24,1
nzdastrack,9.57067e-24,1
坂本龍一,9.4629e-24,1
Jesse Hamel,9.37885e-24,1
惣流・アスカ・ラングレー,9.37698e-24,1
‐M‐,9.05517e-24,1
DOUBLE,8.93787e-24,1
Codename John,8.58777e-24,1
肖央,8.45756e-24,1
Dieselboy,8.26107e-24,1
Bessie Smith,8.04561e-24,1
Wolfgang Ambros,7.82626e-24,1
Marco V,7.80949e-24,1
Wink,7.77031e-24,1
Crusader!,7.59079e-24,1
The Black Keys,7.46689e-24,1
Air France,7.44251e-24,2
Groovezone,7.32893e-24,1
Jade,7.31005e-24,2
Matmatah,7.19104e-24,1
Ohmega Watts,7.16461e-24,2
Bent,7.12983e-24,1
Benny Dayal,6.87924e-24,1
GoldLink,6.79073e-24,1
bearface.,6.64602e-24,1
Zion,6.49076e-24,1
DJ Luian,6.4583e-24,1
Spag Heddy,6.45705e-24,1
Darryl Pandy,6.24268e-24,2
Faul,6.13911e-24,1
DJ Duro,6.10816e-24,1
TranceParty,6.01857e-24,1
Don Miguelo,5.98391e-24,1
ginkiha,5.9799e-24,1
Jon Connor,5.93136e-24,1
tg.blk,5.8664e-24,1
Buxxi,5.75236e-24,1
Keinemusik,5.7346e-24,1
Thaiboy Digital,5.68768e-24,2
RVFS,5.50564e-24,1
L’Entourloop,5.42115e-24,1
Scissor Sisters,5.41817e-24,1
CMC & Silenta,5.37532e-24,1
Dannii Minogue,5.35627e-24,1
1.8.7,5.29265e-24,1
Stretch Armstrong,5.20429e-24,1
C.J. Catalizer,5.16228e-24,1
IDLES,5.15587e-24,1
The Bloody Beetroots,5.15587e-24,1
King Krule,5.09967e-24,1
guitarhero,4.68589e-24,1
Peter Gabriel,4.62432e-24,1
Chaka Khan,4.54241e-24,1
Looptroop Rockers,4.53728e-24,2
Chris Rea,4.53344e-24,1
Technoboy,4.41477e-24,2
Deadly D,4.2936e-24,1
Time All Stars,4.05572e-24,1
Casey Edwards,3.89443e-24,1
Alok,3.85016e-24,1
Huts,3.83154e-24,1
Sonu Nigam,3.65874e-24,1
Neha Kakkar,3.65874e-24,1
Creutzfeld & Jakob,3.61774e-24,1
MOSAIC.WAV,3.50976e-24,1
桃井はるこ,3.44814e-24,1
minecire,3.42431e-24,1
Cookie Monsta,3.32543e-24,1
Monica Colonna,3.21857e-24,1
Yung Aura,3.16847e-24,1
DJ Nekbath,3.16529e-24,1
DJ Raisei,3.13902e-24,1
Timewarp Inc.,3.05275e-24,1
Lab’s Cloud,2.55518e-24,1
NightcoreLounge,2.4124e-24,1
平沢進,2.35778e-24,1
Mysterious Traveller,2.24319e-24,3
Dune,2.21892e-24,1
SISTAR,2.21604e-24,1
Shekhar Ravjiani,2.15224e-24,1
Aftermath,2.13406e-24,2
HeY WUSS POPPIN JIMBO,1.98602e-24,1
Azur1s,1.93755e-24,1
Lil Woofy Woof,1.85553e-24,2
Davey Asprey,1.8072e-24,1
TISM,1.80064e-24,2
Propellerheads,1.74481e-24,2
villemdrillem,1.68781e-24,1
Suprême NTM,1.6488e-24,1
Bergheim 34,1.6152e-24,1
あき,1.60192e-24,1
Miley Cyrus,1.59955e-24,1
Shy Siesta,1.54778e-24,1
Neneh Cherry,1.49898e-24,1
Wave Meow,1.374e-24,2
YURiCa/花たん,1.36359e-24,1
Masego,1.33467e-24,1
Aloe Blacc,1.30823e-24,1
Aiobahn,1.25972e-24,1
Tiny Tim,1.25231e-24,1
Caster,1.23089e-24,1
ABIS,1.21994e-24,1
GoldenEggs,1.20487e-24,1
Sonny Black,1.16358e-24,1
Friendship Baptist Church Mass Choir,1.06519e-24,1
MirroredReality,1.00427e-24,1
Pop Smoke,9.82371e-25,2
Ammonite,9.19618e-25,1
Miami Horror,8.77743e-25,1
Louis Philippe,8.46684e-25,1
Aerosmith,8.13449e-25,1
Pipe Bueno,7.98563e-25,1
Wisin & Yandel,7.98563e-25,1
Alice in Chains,7.91512e-25,1
Panda Eyes,7.55887e-25,1
Enei,7.52313e-25,1
Brandhärd,6.79019e-25,1
Ebonii,6.41831e-25,1
Acquaviva & Lützenkirchen,5.61506e-25,1
Twintale,5.50252e-25,1
John Coltrane,4.9145e-25,1
Drunken Masters,4.40402e-25,1
Cirwo,4.27454e-25,2
Koop,3.85887e-25,1
karat,3.70006e-25,1
Young Thug,3.33044e-25,1
kiwipz,3.20733e-25,1
Chjolo,2.96899e-25,1
Frontliner,2.94531e-25,1
Gerry Mulligan,2.65807e-25,1
George Gershwin,2.61578e-25,1
Pigface,2.20043e-25,1
The Deadman,1.7243e-25,1
Alan Parsons,1.71103e-25,1
Maktone,9.5675e-26,1
Overmono,8.51746e-26,1
Alan Braxe,3.72688e-26,2
双海亜美,2.51053e-26,1
Bob Prescott,-0,0
Human Resource,-0,0
Star Academy 1,-0,0
Sid LeRock,-0,0
Rock Hotel,-0,0
State Cows,-0,0
Adolescents,-0,0
Buju Banton,-0,0
XXDarkShadow79XX,-0,0
Magik Markers,-0,0
No Authority,-0,0
Ted Allen,-0,0
Agnes Obel,-0,0
Arksun,-0,0
Europe,-0,0
MSTRKRFT,-0,0
ASD,-0,0
Volcano the Bear,-0,0
Schoolboy,-0,0
WHIPPED CREAM,-0,0
柴田徹也,-0,0
We the Kings,-0,0
The Nu People,-0,0
Black Noise,-0,0
The Three Degrees,-0,0
Vince DiCola,-0,0
Akira Rabelais,-0,0
EMF,-0,0
Taking Back Sunday,-0,0
UndreamedPanic,-0,0
The Acid Didj,-0,0
CINDY,-0,0
Axwell Λ Ingrosso,-0,0
Moek,-0,0
Clarence Reid,-0,0
Gewandhausorchester Leipzig,-0,0
Pagano,-0,0
Henrik Schwarz,-0,0
Falcons,-0,0
Never on Sunday,-0,0
Simon Curtis,-0,0
Arrow,-0,0
Miri Mawr,-0,0
DJ Jean,-0,0
Smokey Brooks,-0,0
Starparty,-0,0
Speed Freaks,-0,0
Gvcci-Hvcci,-0,0
Gisbo,-0,0
Lionel Richie,-0,0
Intoxicated,-0,0
Mouth & MacNeal,-0,0
APG550,-0,0
Jack Parow,-0,0
Полина Гагарина,-0,0
川村ゆみ,-0,0
Au/Ra,-0,0
Entombed,-0,0
Judy Garland,-0,0
tiktok nightmare,-0,0
Latee,-0,0
Katerine,-0,0
Aswad,-0,0
Gary Puckett & the Union Gap,-0,0
Push Button Objects,-0,0
Circuit Breaker,-0,0
Shampoo,-0,0
London Posse,-0,0
Tokio Hotel,-0,0
Daniel Nielsen,-0,0
Ornette Coleman,-0,0
Extra T’s,-0,0
DJタコワサ将軍,-0,0
Glejs,-0,0
Time,-0,0
Jimmie Rodgers,-0,0
鬼怒川カスミ,-0,0
The Sounds,-0,0
Chris Carrier,-0,0
Morris,-0,0
Rico Nasty,-0,0
Hilary Summers,-0,0
Cybotron,-0,0
Sheila Chandra,-0,0
Nigo,-0,0
LEVEL NINE,-0,0
Alan Dean Foster,-0,0
Scorpio,-0,0
Martin Rev,-0,0
P.O.D.,-0,0
Intensity,-0,0
MUZZ,-0,0
Max Wright,-0,0
Dizharmonia,-0,0
Leonard Bernstein,-0,0
Empress Of,-0,0
The Gap Band,-0,0
Big Youth,-0,0
Plastikman,-0,0
Rafa Barrios,-0,0
Sonny Rollins Quartet,-0,0
Bullet for My Valentine,-0,0
David Crosby,-0,0
清水信之,-0,0
Menno de Jong,-0,0
茅弘二,-0,0
The High School Musical Cast,-0,0
Thomas Jones Chase,-0,0
Jinder,-0,0
Chris Cornell,-0,0
Kausion,-0,0
Introsik,-0,0
Taco,-0,0
Arctic Monkeys,-0,0
The Almighty RSO,-0,0
Sally Shapiro,-0,0
西隆宏,-0,0
Jack Ü,-0,0
Richie Brains,-0,0
猫又おかゆ,-0,0
Luminary,-0,0
Wayne Fontana,-0,0
Annie Cordy,-0,0
UNDER17,-0,0
Rabbit Rabbit,-0,0
Check Up Twins,-0,0
Hush,-0,0
Redfoo,-0,0
Executive Sound Producer,-0,0
VØJ,-0,0
TryHardNinja,-0,0
Anna Odobescu,-0,0
Three Point Turn,-0,0
Hatena,-0,0
WINK,-0,0
J. M. Dillard,-0,0
Uncle Louie,-0,0
Zander,-0,0
横田真人,-0,0
Kage,-0,0
Derrick Harriott,-0,0
Grupo Bahía,-0,0
1st Infantry,-0,0
The Evasions,-0,0
"A Homeboy, A Hippie & A Funki Dredd",-0,0
Jukka Tolonen,-0,0
Meyhem Lauren,-0,0
bOb tracKer,-0,0
Tony Allen,-0,0
どついたるねん,-0,0
Los Legendarios,-0,0
SNAILS,-0,0
Central Cee,-0,0
Alliance,-0,0
Metro L.A.,-0,0
Strict Border,-0,0
Laurent Wolf,-0,0
De La Ghetto,-0,0
Fredrik Kempe,-0,0
Sammy Virji,-0,0
Steely Dan,-0,0
Sex Bob‐Omb,-0,0
Jupiter,-0,0
Paolo Sessa,-0,0
Meat Loaf,-0,0
Secret Service,-0,0
Carla,-0,0
大原ゆい子,-0,0
Cabaret Voltaire,-0,0
後藤まりこ,-0,0
Trevor Dandy,-0,0
Monstar,-0,0
PAX,-0,0
Evil Mothers,-0,0
Labba,-0,0
The New Apocalypse,-0,0
Orchester & Chor Eric Frantzen,-0,0
Margaret Price,-0,0
Bumblebee Unlimited,-0,0
Judy Clay,-0,0
Pwin ▲▲ Teaks,-0,0
Dick Hyman,-0,0
The Shadow,-0,0
Nina Kraviz,-0,0
Noisettes,-0,0
Hrdvsion,-0,0
India,-0,0
Leonard Cohen,-0,0
Billie Fountain,-0,0
Orchestre de la Suisse Romande,-0,0
Payday,-0,0
Greg Turner,-0,0
Pixie Lott,-0,0
Al Campbell,-0,0
DaniLeigh,-0,0
Vernon Burch,-0,0
Miikka Leinonen,-0,0
Gaznevada,-0,0
The Breeders,-0,0
Cavendish Music,-0,0
Die Doraus & Die Marinas,-0,0
Aweminus,-0,0
Sarah Vaughan,-0,0
Maker,-0,0
Afu‐Ra,-0,0
RICHIE ROZEX,-0,0
光田康典,-0,0
Hank Williams,-0,0
Yngwie Malmsteen,-0,0
Ashford & Simpson,-0,0
Me Me Me,-0,0
Danny Tenaglia,-0,0
Infernal,-0,0
Jolie Chérie,-0,0
Priscilla Herdman,-0,0
Bachman–Turner Overdrive,-0,0
Howard Roberts,-0,0
Édith Piaf,-0,0
Rude-α,-0,0
Cannibal & the Headhunters,-0,0
Quality Control,-0,0
Oscar,-0,0
Manfred Mann,-0,0
Sabrina Johnston,-0,0
Strategy,-0,0
Kristofer Maddigan,-0,0
Samantha Jade,-0,0
Matt Lange,-0,0
Mike Cannon,-0,0
ALI=3NS,-0,0
The Natural Four,-0,0
八木侑紀,-0,0
Lemon,-0,0
Society London,-0,0
The Diamonds,-0,0
Trina,-0,0
Dotorado Pro,-0,0
Soul Throbs,-0,0
daniwellP,-0,0
AZALEA,-0,0
いずれ菖蒲か杜若,-0,0
Universal,-0,0
Guitar Vader,-0,0
The Other Brothers,-0,0
jazz.K.lipa,-0,0
The Rising Sons,-0,0
Whopper Millionaire,-0,0
Gabriel Yared,-0,0
siqlo,-0,0
OblivionFall,-0,0
Kyo Itachi,-0,0
Don Joe,-0,0
さよならポニーテール,-0,0
Goo Goo Dolls,-0,0
Daughter,-0,0
Ginette Reno,-0,0
Frisco17,-0,0
Bolcher,-0,0
Bob James,-0,0
Fly Pan Am,-0,0
Flo Milli,-0,0
Bogus Order,-0,0
Conway & Temple,-0,0
仲野順也,-0,0
Ray,-0,0
Dj Yirvin,-0,0
A Day to Remember,-0,0
The Family Circle,-0,0
Riz Ortolani,-0,0
Mauro Micheloni and F.M. Band,-0,0
Kenny G,-0,0
Barbatuques,-0,0
Pauline Oliveros,-0,0
M Dubs,-0,0
RZRKT,-0,0
Protostar,-0,0
Les Rita Mitsouko,-0,0
Jim Reeves,-0,0
Samba Soul,-0,0
Jacques Lancelot,-0,0
Trash Compactor,-0,0
Hrvatski,-0,0
Amanaz,-0,0
元田恵美,-0,0
Giant Crab,-0,0
Mrs. GREEN APPLE,-0,0
[redacted],-0,0
William Hanna,-0,0
Andy Quin,-0,0
本多俊之,-0,0
Kelsea Ballerini,-0,0
Audien,-0,0
Shania Twain,-0,0
Father,-0,0
Brenda Lee,-0,0
Trei,-0,0
Spineshank,-0,0
Malky,-0,0
زياد الرحباني,-0,0
Robin Beanland,-0,0
Mother Mallard’s Portable Masterpiece Company,-0,0
THE IDOLM@STER CINDERELLA GIRLS,-0,0
Damjan Mravunac,-0,0
Melt‐Banana,-0,0
Upercent,-0,0
Brad Breeck,-0,0
Glenn Miller,-0,0
Elkka,-0,0
J.O.B. Orquestra,-0,0
Static‐X,-0,0
E‐Rotic,-0,0
フレネシ,-0,0
Orgy,-0,0
The Osmonds,-0,0
Klaus Weiss,-0,0
Mazdaratti,-0,0
Ransom,-0,0
José Feliciano,-0,0
Double Virgo,-0,0
Peter Rudenko,-0,0
Sincerely Antique,-0,0
Dreams We’ve Had,-0,0
Chain Algorithm,-0,0
Scanners,-0,0
Vanofox,-0,0
NiRé AllDai,-0,0
Volition,-0,0
Gayngs,-0,0
Amadou & Mariam,-0,0
Lil’ Sko,-0,0
光GENJI,-0,0
Hunters & Collectors,-0,0
Dub Specialist,-0,0
Rob Marmot,-0,0
Steve Conte,-0,0
Lucky Twice,-0,0
WhenTheMusketsAreRad,-0,0
Kacey Musgraves,-0,0
Gossip,-0,0
Tom Petty,-0,0
Grant,-0,0
Bryan Adams,-0,0
Handbraekes,-0,0
Act 1,-0,0
Gary Toms Empire,-0,0
Qba,-0,0
Jerry Fish & The Mudbug Club,-0,0
とろ美,-0,0
Poet and the Roots,-0,0
Joan of Arc,-0,0
AtWil,-0,0
Tokyo Police Club,-0,0
L‐Side,-0,0
Douglas Perry,-0,0
Ultimate III,-0,0
Prince Daddy & The Hyena,-0,0
Shwn,-0,0
Rhydian,-0,0
Deux Process,-0,0
2AM Club,-0,0
Krumb Snatcha,-0,0
Machinedrum,-0,0
Cartola,-0,0
Holy Ghost!,-0,0
El Tri,-0,0
Emma Pollock,-0,0
HYE TEK,-0,0
Skylark,-0,0
Leeroy Orville Erwin Jr.,-0,0
Plone,-0,0
Juli,-0,0
Thursday,-0,0
Morris Corti,-0,0
Gary’s Gang,-0,0
James Arthur,-0,0
Colatron,-0,0
Brenmar,-0,0
Nyck Caution,-0,0
Big Bud,-0,0
Coheed and Cambria,-0,0
Hawkeye,-0,0
Probe,-0,0
The Brothers Grimm,-0,0
Electronic Boutique,-0,0
Deep West,-0,0
Adam Walaciński,-0,0
Elliptisoar,-0,0
LilDeuceDeuce,-0,0
虹原いんく,-0,0
Tay Zonday,-0,0
whereisalex,-0,0
The Honey Drippers,-0,0
Black Rob,-0,0
The Animals,-0,0
Rhythm & Sound,-0,0
dufde,-0,0
Frederick,-0,0
Jamalski,-0,0
Lou Reed,-0,0
Chor der Deutschen Oper Berlin,-0,0
Norrin_Radd,-0,0
The Flirts,-0,0
Max Yasgur,-0,0
Craig Mack,-0,0
Arturo Stàlteri,-0,0
Arpanet,-0,0
Young Maylay,-0,0
Philippe Jolivet,-0,0
Organized Konfusion,-0,0
ELLEGARDEN,-0,0
nekodex,-0,0
Ben Sidran,-0,0
Joey Dee & the Starliters,-0,0
Riton,-0,0
Sơn Tùng M-TP,-0,0
Nardo Wick,-0,0
Ammonite,-0,0
Language Lab,-0,0
Formula IV,-0,0
Oversoul 7,-0,0
Pulser,-0,0
Gunna,-0,0
Hugh Hopper,-0,0
Alan Watts,-0,0
Sylvia St. James,-0,0
Lenno,-0,0
WeSSker,-0,0
Thompson Twins,-0,0
The Manhattans,-0,0
Tanlines,-0,0
SHAKALABBITS,-0,0
Hans Albers,-0,0
Nitty,-0,0
The B-Boys,-0,0
Workidz,-0,0
Stealers Wheel,-0,0
戌神ころね,-0,0
Alain Goraguer,-0,0
Botnek,-0,0
Hex,-0,0
The Hues Corporation,-0,0
Pat Metheny Group,-0,0
Earl Klugh,-0,0
Yung Mazi,-0,0
DVRST,-0,0
Andy T.,-0,0
Belle and Sebastian,-0,0
Michael Wycoff,-0,0
Frank O'Hara,-0,0
Otm Shank,-0,0
S.O.U.L.,-0,0
Fierce Ruling Diva,-0,0
Eric Clapton,-0,0
Lil’ Flip,-0,0
Huey Lewis and the News,-0,0
Hookfoot,-0,0
DeeJay Punk‐Roc,-0,0
Motörhead,-0,0
The Gabriel Hardeman Delegation,-0,0
STYLE FIVE,-0,0
Rodney Franklin,-0,0
Great Pride,-0,0
Flugschädel,-0,0
Gene Page,-0,0
Rachel Platten,-0,0
Melvin Bliss,-0,0
Night Works,-0,0
Fairport Convention,-0,0
Little Sis Nora,-0,0
Bea Miller,-0,0
Green Day,-0,0
Paul Humphrey,-0,0
El Pep's,-0,0
Jessica Baio,-0,0
ｂｏｄｙｌｉｎｅ,-0,0
パキラ,-0,0
Samson & Delilah,-0,0
Nintendo,-0,0
上田雅美,-0,0
Simone Benyacar,-0,0
The Mash,-0,0
SEMATARY,-0,0
Andrew Prahlow,-0,0
Con Funk Shun,-0,0
Richie Stephens,-0,0
The Singers Unlimited,-0,0
مصطفى قمر,-0,0
Bruce Patch,-0,0
0F.digital,-0,0
OG Maco,-0,0
Breakbeat Era,-0,0
Jim C. Nedd,-0,0
Blue Effect,-0,0
Amon Tobin,-0,0
Conrad Schnitzler,-0,0
The Shining,-0,0
The Undertones,-0,0
Double Trouble,-0,0
Pl4net Dust,-0,0
Dog Eat Dog,-0,0
Norman Candler,-0,0
Jay Rock,-0,0
hololive IDOL PROJECT,-0,0
Keith Sweat,-0,0
VHS Glitch,-0,0
Billy Joel,-0,0
The Biddu Orchestra,-0,0
Mortician,-0,0
Sfire,-0,0
Desire,-0,0
23 Unofficial,-0,0
Jeep Beat Collective,-0,0
MexikoDro,-0,0
The Ends,-0,0
SirensCeol,-0,0
DAVIN,-0,0
Alvin Cash Scott Bros Orch.,-0,0
فرقة العقارب,-0,0
Park Bird,-0,0
John Holt,-0,0
Touch and Go,-0,0
Full Crate,-0,0
Break Machine,-0,0
Gene McDaniels,-0,0
PARTYNEXTDOOR,-0,0
アネモネリア,-0,0
鈴木さえ子,-0,0
Carl Hancock Rux,-0,0
Julie London,-0,0
おおくまけんいち,-0,0
Jerry Reed,-0,0
Raiden,-0,0
Nicole Dollanganger,-0,0
Smokepurpp,-0,0
DJ Paul,-0,0
Erick E,-0,0
Arcipluvian,-0,0
Caspar Pound,-0,0
Pestilence,-0,0
Future 2000,-0,0
Operation Ivy,-0,0
ሙላቱ አስታጥቄ,-0,0
Maroon 5,-0,0
Syl Johnson,-0,0
Hilary Duff,-0,0
Your Favorite Martian,-0,0
The Damned,-0,0
Harry Cox,-0,0
Hunnid-P,-0,0
Lou Donaldson,-0,0
Merm4id,-0,0
Black Rebel Motorcycle Club,-0,0
the pillows,-0,0
Keith & Supabeatz,-0,0
Ridgewalkers,-0,0
Nicky Van She,-0,0
Bo Diddley,-0,0
Theodore Shapiro,-0,0
The New York Community Choir,-0,0
People Like Us,-0,0
簗田裕之,-0,0
Ruins,-0,0
The Spencer Davis Group,-0,0
音無小鳥,-0,0
Die Atzen,-0,0
Black Sabbath,-0,0
Teminite,-0,0
Lou Garcia,-0,0
A-Force,-0,0
Sumone,-0,0
Earthsuit,-0,0
Young Leosia,-0,0
Kalafina,-0,0
nano.RIPE,-0,0
Jake Chudnow,-0,0
공중도둑,-0,0
Sulumi,-0,0
シティボーイズ,-0,0
Eskape,-0,0
Rolly Unite,-0,0
Rhythm Heritage,-0,0
Obscene Frequenzy,-0,0
Waka Flocka Flame,-0,0
Lacuna Coil,-0,0
Shindoe,-0,0
魂音泉,-0,0
Black Grape,-0,0
Edwyn Collins,-0,0
eLan,-0,0
Kungliga Filharmonikerna,-0,0
Razorlight,-0,0
Fernando Corena,-0,0
Jeff Williams,-0,0
Sam the Sham & the Pharaohs,-0,0
Philharmonia Orchestra,-0,0
The Freaks,-0,0
Mirco de Govia,-0,0
Moondog,-0,0
中川浩二,-0,0
Charles Deluxe,-0,0
Brian Russell,-0,0
Billie Holiday and Her Orchestra,-0,0
16 BIT,-0,0
カラーズ☆スラッシュ,-0,0
Kindness,-0,0
Michael Damian,-0,0
The Nashville Opera Orchestra,-0,0
Faf Larage,-0,0
เทพพร เพชรอุบล,-0,0
MisterWives,-0,0
Momo Joseph,-0,0
Phat Kat,-0,0
Plastic Ono Band,-0,0
Semi Detached,-0,0
Saint Tropez,-0,0
Daz Bailey,-0,0
Kalwi & Remi,-0,0
DJ TOTTO,-0,0
Fit,-0,0
FKJ,-0,0
Gero,-0,0
Kay Kyser and His Orchestra,-0,0
Ramones,-0,0
The Karminsky Experience Inc.,-0,0
Clara La San,-0,0
Soopasoul,-0,0
Alsarah & the Nubatones,-0,0
Slack 1ne,-0,0
Aaron Smith,-0,0
Stanley Myers,-0,0
Jack Wagner,-0,0
Owain,-0,0
Motiv8,-0,0
L.O.A.S,-0,0
NMIXX,-0,0
Michael McCann,-0,0
B.B. King,-0,0
Magic System,-0,0
Fred,-0,0
Johnny “Guitar” Watson,-0,0
Dr. Samuel J. Hoffman,-0,0
Sweet,-0,0
The House of Love,-0,0
Teddy Pendergrass,-0,0
Jeff Alexander & His Orchestra,-0,0
Jón Hallur Haraldsson,-0,0
The Common Linnets,-0,0
Mark Ayres,-0,0
Nick Daring,-0,0
The Fuzz,-0,0
Agoraphobic Nosebleed,-0,0
Billy Stewart,-0,0
Miss Madeline,-0,0
Werner Müller und sein Orchester,-0,0
Gutta,-0,0
Linked Horizon,-0,0
Peter Calandra,-0,0
Smoove & Turrell,-0,0
Supersister,-0,0
Chase Atlantic,-0,0
Alphaville,-0,0
Johnny Mandel,-0,0
Sous Le Manteau,-0,0
The Clark Sisters,-0,0
The Acid,-0,0
Fink,-0,0
Peace Treaty,-0,0
Bowling for Soup,-0,0
Third Avenue Blues Band,-0,0
DJ Chap,-0,0
Key Glock,-0,0
Rhythm Scholar,-0,0
Dubble D,-0,0
The Fucking Champs,-0,0
Sīpoli,-0,0
KryptoDigital,-0,0
Johnny Thunder,-0,0
The Floor,-0,0
Mann,-0,0
Trip Lee,-0,0
100% Pure Poison,-0,0
Collie Buddz,-0,0
Ship Sket,-0,0
Phil Harris,-0,0
Matophonia,-0,0
Nicolas Bernier,-0,0
Silver Convention,-0,0
Com Truise,-0,0
Yesterday's Obsession,-0,0
Maarten de Jong,-0,0
Luca,-0,0
Kayla Nicole,-0,0
Kasbo,-0,0
Charlie Musselwhite,-0,0
Darondo,-0,0
John Ottman,-0,0
DJ Khaled,-0,0
Parry Gripp,-0,0
才羽モモイ,-0,0
Supersax,-0,0
AXiS,-0,0
Julius Katchen,-0,0
El Chombo,-0,0
The Beatmasters,-0,0
Lonyo,-0,0
Fox the Fox,-0,0
Rock Master Scott & The Dynamic Three,-0,0
Blasterjaxx,-0,0
Alton McClain & Destiny,-0,0
Spy 71,-0,0
Krezip,-0,0
Udo Lindenberg,-0,0
"Emerson, Lake & Palmer",-0,0
gupi,-0,0
Van McCoy & The Soul City Symphony,-0,0
René Costy,-0,0
Cyriak,-0,0
The Floating,-0,0
Remy Zero,-0,0
Girls Dead Monster,-0,0
Kodak to Graph,-0,0
John Abercrombie,-0,0
Arts the Beatdoctor,-0,0
Bob Seger & the Silver Bullet Band,-0,0
Mori Calliope,-0,0
Aby Ngana Diop,-0,0
Zonderling,-0,0
Waylon Jennings,-0,0
My Life With the Thrill Kill Kult,-0,0
Tony Romera,-0,0
J.D. Blackfoot,-0,0
DOLLVOiD,-0,0
Tuneboy,-0,0
Paul Wall,-0,0
One Night Only,-0,0
Ballin’ Jack,-0,0
1nonly,-0,0
Bettye Crutcher,-0,0
Fracture,-0,0
Aura,-0,0
Mr. Probz,-0,0
Marvin Sapp,-0,0
Houz' Mon,-0,0
PAO,-0,0
John O’Callaghan,-0,0
AESTHETICS PLEASE,-0,0
ARTBAT,-0,0
Ixi,-0,0
Mike Simpson,-0,0
DARK DESIRE,-0,0
Cement Tea,-0,0
Walsh & McAuley,-0,0
Funk Inc.,-0,0
Kohmi,-0,0
Rev. James Cleveland,-0,0
Ιάννης Ξενάκης,-0,0
Nomad,-0,0
戸部田英樹,-0,0
南春香,-0,0
FIFTY FIFTY,-0,0
Nevermen,-0,0
Sean Pratt,-0,0
Breton,-0,0
amiina,-0,0
Akinyele,-0,0
Dariush Eghbali,-0,0
The Contours,-0,0
Steve Jeffries,-0,0
Icosahedron,-0,0
The Essence of Nature,-0,0
Thirsty Merc,-0,0
Da Youngsta’s,-0,0
Chip tha Ripper,-0,0
Wave Racer,-0,0
OMNI,-0,0
DALI,-0,0
Hi‐Fi Set,-0,0
Nick Smalley,-0,0
Dollar Brand Quartet,-0,0
Wesley Willis,-0,0
Michael Howell,-0,0
Willis Jackson,-0,0
Yvonne Gage,-0,0
Rita Ora,-0,0
That Petrol Emotion,-0,0
DIYR,-0,0
François Muduga,-0,0
Albert Jones,-0,0
Scred Connexion,-0,0
NATURE,-0,0
Brick,-0,0
UFO,-0,0
Nivaya,-0,0
Black Riot,-0,0
Errol Dunkley,-0,0
Planxty,-0,0
Opal Vessel,-0,0
Don Harper,-0,0
Garnet Mimms,-0,0
Southside Movement,-0,0
Chemotex,-0,0
Artsythesecond,-0,0
50 & 50 Brothers,-0,0
The Crucifucks,-0,0
§E▲ ▓F D▓G§,-0,0
Glenn Jones,-0,0
G.L.O.B.E & Whiz Kid,-0,0
Digital Orgasm,-0,0
James Last,-0,0
Fiesta Soundsystem,-0,0
The Herbaliser,-0,0
Dingo,-0,0
Primero,-0,0
It Dies Today,-0,0
Michael Kamen,-0,0
Philwit & Pegasus,-0,0
The Funk Hunters,-0,0
Gänsehaut,-0,0
Larenz Tate,-0,0
Bravehearts,-0,0
K12,-0,0
Traore,-0,0
Vibrasphere,-0,0
Firefall,-0,0
Harris Cole,-0,0
Tony Igy,-0,0
MC Pogba,-0,0
De Jeugd van Tegenwoordig,-0,0
ASAGEN,-0,0
Wiener Haydn‐Orchester,-0,0
Beggar & Co,-0,0
Omoinotake,-0,0
Mr. Bizz,-0,0
Poor Righteous Teachers,-0,0
James Mason,-0,0
André van Duin,-0,0
Bo Burnham,-0,0
Peter Brown,-0,0
Nipsey Hussle,-0,0
Serge Reggiani,-0,0
DJ Drama,-0,0
Funky G,-0,0
Dead Can Dance,-0,0
Scratchy,-0,0
Silk,-0,0
極♨落女会,-0,0
Wee,-0,0
Leon Ndugu Chancler,-0,0
Trébol Clan,-0,0
Sebastian Knight,-0,0
The Modulations,-0,0
Spaghetti Surfers,-0,0
The Ghosts,-0,0
Eddy Grant,-0,0
Roger Troutman,-0,0
Laura Lee,-0,0
Marco Antonio Muñiz,-0,0
Lil Taty,-0,0
De Staat,-0,0
Foster the People,-0,0
Detroit Grand Pubahs,-0,0
Edgey,-0,0
Steppenwolf,-0,0
Ghost,-0,0
Иван Купала,-0,0
Bola Sete,-0,0
Incognito,-0,0
Robert Armani,-0,0
angela,-0,0
cupcakKe,-0,0
Tonk,-0,0
Teenage Fanclub,-0,0
JB,-0,0
The Queenstons,-0,0
The Byrds,-0,0
Mausberg,-0,0
Q-Feel,-0,0
Witch House,-0,0
Marius Våreid,-0,0
I-Cue,-0,0
Bots,-0,0
Codeine,-0,0
The Shirelles,-0,0
Tigers Jaw,-0,0
Walter Heath,-0,0
Stargard,-0,0
Steady Rain,-0,0
SEGA,-0,0
Seventh Wave,-0,0
Years,-0,0
The Trammps,-0,0
Sandra Richardson,-0,0
Theatrix,-0,0
LoQtus,-0,0
DRS,-0,0
Mina,-0,0
Skyfixing,-0,0
The Wideboys,-0,0
The People's Workshop,-0,0
Mary Hopkin,-0,0
Hopsin,-0,0
Steel Mind,-0,0
24‐Carat Black,-0,0
MUZIK SERVANT,-0,0
Pearl Jam,-0,0
Birds ’n’ Brass,-0,0
Wir sind Helden,-0,0
Captain Ironhelm,-0,0
Chesslo Junior,-0,0
Lemon Demon,-0,0
Jacksonville,-0,0
Proxy,-0,0
Jennifer Hudson,-0,0
Greg Tate's Garage Band,-0,0
Mike Candys & Jack Holiday,-0,0
Tim MacGregor,-0,0
Whitehouse,-0,0
Anímic,-0,0
Artefact,-0,0
Masterton,-0,0
Kodomo,-0,0
高坂穂乃果,-0,0
Chris Isaak,-0,0
Bad Cabbage,-0,0
Sunlounger,-0,0
James Blunt,-0,0
Tyler Smyth,-0,0
K‐Reen,-0,0
Minnie Riperton,-0,0
Junior Walker,-0,0
Paradisio,-0,0
Herb Ohta,-0,0
Guido,-0,0
HMage,-0,0
Learke,-0,0
The Buddy Rich Big Band,-0,0
Gaia,-0,0
Doopees,-0,0
Doctor’s Cat,-0,0
The Rapture,-0,0
Niniola,-0,0
Circuit Freq,-0,0
Nancy Sinatra,-0,0
ClariS,-0,0
Carl Dawkins,-0,0
John Cafferty,-0,0
Color Theory,-0,0
Rob Zombie,-0,0
Level 42,-0,0
Lance DeSardi,-0,0
Ray Bryant,-0,0
Sasch BBC,-0,0
Alexander Robotnick,-0,0
Dub Phizix,-0,0
Bros,-0,0
Rick Wakeman,-0,0
Wayne and Shuster,-0,0
石原慎一,-0,0
ぺのれり,-0,0
Danger Mouse & Jemini,-0,0
岡田有希子,-0,0
Queens of the Stone Age,-0,0
Montell Fish,-0,0
An Albatross,-0,0
Tommee Profitt,-0,0
OJ da Juiceman,-0,0
Tears for Fears,-0,0
!!!,-0,0
Vladimir Cosma,-0,0
Saalschutz,-0,0
Augustus Pablo,-0,0
Chapter 8,-0,0
White Noise,-0,0
Los Campesinos!,-0,0
LAWFUL CHAOTIC,-0,0
水月陵,-0,0
Nick Straker Band,-0,0
Maísa Silva,-0,0
Rollo Goes Mystic,-0,0
Dan Satch & His Atomic 8 Dance Band of Aba,-0,0
竹本晃,-0,0
Young Mooski,-0,0
DJ Starscream,-0,0
Lukas Greenberg,-0,0
Roxy Music,-0,0
Be Be K'Roche,-0,0
Jordin Sparks,-0,0
Crowded House,-0,0
À La Carte,-0,0
Celly Cel,-0,0
Chuck Mangione,-0,0
Down With Webster,-0,0
AOSOON,-0,0
Bobby Prince,-0,0
Funki Porcini,-0,0
Camille,-0,0
Danny Serrano,-0,0
The McGuire Sisters,-0,0
Neil Norman and His Cosmic Orchestra,-0,0
Laura Jones,-0,0
HUNTR/X,-0,0
Kraftwerk,-0,0
The Pentangle,-0,0
Il rovescio della medaglia,-0,0
刀根麻理子,-0,0
Harlan Ellison,-0,0
Ikonika,-0,0
Filippo Trecca,-0,0
Second Layer,-0,0
Meshuggah,-0,0
Pocket Money,-0,0
Andi Dhoska,-0,0
澤和雄,-0,0
Las Ketchup,-0,0
Ali Farka Touré,-0,0
osquinn,-0,0
Snooky Pryor,-0,0
Sophie Ellis‐Bextor,-0,0
The Ritchie Family,-0,0
Ca$h Out,-0,0
Funeral for a Friend,-0,0
Cold Grits,-0,0
KSHMR,-0,0
Kim Ann Foxman,-0,0
blackwinterwells,-0,0
Morusque,-0,0
William Doyle,-0,0
Creedence Clearwater Revival,-0,0
Dillinja,-0,0
The Common People,-0,0
Gobekli,-0,0
Louise Kirkby-Lunn,-0,0
Dub Peddla,-0,0
Lauv,-0,0
Foxygen,-0,0
Benzino,-0,0
Mr. Mitch,-0,0
AISHA,-0,0
Alkbottle,-0,0
Ted Reedy,-0,0
BVSSIC,-0,0
Ingrid Haebler,-0,0
Bang on a Can All-Stars,-0,0
Hospitality,-0,0
Kayzo,-0,0
Akeos,-0,0
The Independents,-0,0
Agrume,-0,0
Chris Lake,-0,0
Roosbeef,-0,0
Halcya,-0,0
Mudeth,-0,0
Frida,-0,0
Neonix,-0,0
Nines,-0,0
Solar Quest,-0,0
Señor Stereo,-0,0
Willi Ninja,-0,0
Parris Mitchell,-0,0
Bob Marley,-0,0
Scorpions,-0,0
High Rankin,-0,0
Koto,-0,0
Les DeMerle,-0,0
Budgie,-0,0
Archie Bell & the Drells,-0,0
Fitz and the Tantrums,-0,0
K/DA,-0,0
Michel Magne,-0,0
TERRANOVA,-0,0
DJ Seinfeld,-0,0
Nuclear Hyde,-0,0
Lil’ KeKe,-0,0
Donny Hathaway,-0,0
Jaytech,-0,0
Yuri Kane,-0,0
Connie Price & The Keystones,-0,0
Coleman Hawkins’ Swing Four,-0,0
Badawi,-0,0
Des’ree,-0,0
Badly Drawn Boy,-0,0
Lunde Bros,-0,0
Ilaria Graziano,-0,0
DJ Sprinkles,-0,0
Pantera,-0,0
Houston Person,-0,0
Kstylis,-0,0
Columbia Symphony Orchestra,-0,0
Ina Wroldsen,-0,0
SWAN K,-0,0
Aldo Vanucci,-0,0
Baobinga,-0,0
F.O.O.L,-0,0
Koda,-0,0
Xavier,-0,0
La Familia,-0,0
Band of Thieves,-0,0
Hybrid Theory,-0,0
Louis Armstrong & His All-Stars,-0,0
Queen + Paul Rodgers,-0,0
ALBATROSICKS,-0,0
The Chain Gang of 1974,-0,0
Chairmen of the Board,-0,0
The Frank Cunimondo Trio,-0,0
Jimmy Giuffre,-0,0
Electric Choc,-0,0
Joe Simon,-0,0
杏里,-0,0
Boris,-0,0
Ralf Bendix,-0,0
The Kay‐Gees,-0,0
Vikkstar,-0,0
Marcin Przybyłowicz,-0,0
Freda Payne,-0,0
Mr.C,-0,0
Derek Jameson,-0,0
angelworm,-0,0
我那覇響,-0,0
D-Tek,-0,0
Lone Ranger,-0,0
Moltocarina,-0,0
Burgess Meredith,-0,0
Cephalic Carnage,-0,0
Jack Trombey,-0,0
西浦智仁,-0,0
Jorge Rivera-Herrans,-0,0
Family Dogg,-0,0
فريد الأطرش,-0,0
Jaki Graham,-0,0
Frank Howard & the Continentals,-0,0
菊田裕樹,-0,0
The Escorts,-0,0
C-Tec,-0,0
Outlander,-0,0
hololive Indonesia,-0,0
Mercyful Fate,-0,0
Zar,-0,0
泰葉,-0,0
Snail Mail,-0,0
Bryan White,-0,0
Stanley Cowell Trio,-0,0
טונה,-0,0
The Gits,-0,0
Nona Gaye,-0,0
Holy Ghost Inc.,-0,0
Bartekko,-0,0
Random,-0,0
Tim Toupet,-0,0
Geeta Dutt,-0,0
Zach Gill,-0,0
Jain,-0,0
Eric B.,-0,0
Almeta Lattimore,-0,0
The Script,-0,0
Papa Roach,-0,0
Lonnie Liston Smith & the Cosmic Echoes,-0,0
Heresy,-0,0
Aki,-0,0
Quilapayún,-0,0
Billy Boyo,-0,0
Basil Poledouris,-0,0
Pablo Gad,-0,0
"Ray, Goodman & Brown",-0,0
Renaud,-0,0
Storm and Stress,-0,0
John Sebastian,-0,0
久保直人,-0,0
Dense & Pika,-0,0
Darkthrone,-0,0
Fishbone,-0,0
Planetakis,-0,0
Clairo,-0,0
The Polyphonic Spree,-0,0
Firefly,-0,0
KUURO,-0,0
Dr. Martini,-0,0
The Apex Theory,-0,0
Mike James Kirkland,-0,0
Baby Rockstar,-0,0
ROMBREAKER,-0,0
donGURALesko,-0,0
John Davis and the Monster Orchestra,-0,0
Armands,-0,0
Louisa,-0,0
Gospel Soul Children,-0,0
The Spinners,-0,0
Adam Lambert,-0,0
Ark,-0,0
Arab on Radar,-0,0
Pumpkin and the Profile All‐Stars,-0,0
The La’s,-0,0
ORESAMA,-0,0
Phil Pratt All Stars,-0,0
Cyber People,-0,0
のりぴー,-0,0
Deniece Williams,-0,0
DJ Scissorkicks,-0,0
HOME,-0,0
Λένα Πλάτωνος,-0,0
Takumi Toki,-0,0
La Bouche,-0,0
Tally Hall,-0,0
Ross,-0,0
Scott McKenzie,-0,0
Fripp & Eno,-0,0
최강창민,-0,0
Matthew Scott,-0,0
GruuvElement’s,-0,0
Artwork,-0,0
Rob $tone,-0,0
John Klemmer,-0,0
Unknown Mortal Orchestra,-0,0
Richter,-0,0
Kris Kross,-0,0
TTNW,-0,0
Torch,-0,0
Kenny Loggins,-0,0
Ilse DeLange,-0,0
Andreas Bourani,-0,0
Brian Transeau,-0,0
RAIN,-0,0
Cross End,-0,0
Lucio Dalla,-0,0
Norman,-0,0
Phase,-0,0
John Desire,-0,0
Virginyah,-0,0
Corrupted Mind,-0,0
Shannon Noll,-0,0
The Story So Far,-0,0
Reggie Stepper,-0,0
Keane,-0,0
Skolashnikov,-0,0
Rui da Silva,-0,0
Don Robertson,-0,0
Rob Pfeifer,-0,0
Oby Onyioha,-0,0
Howard Jones,-0,0
RADWIMPS,-0,0
New Edition,-0,0
Brad Carow,-0,0
Cornell Campbell,-0,0
Mike Ratledge,-0,0
Edmundo Ros and His Orchestra,-0,0
Scro,-0,0
Stevie B,-0,0
Danny Brown,-0,0
The Unknown DJ,-0,0
The Thermals,-0,0
Sherrill Milnes,-0,0
August Alsina,-0,0
ShibayanRecords,-0,0
Guzior,-0,0
Séamus Egan,-0,0
Benoît Charest,-0,0
2nd Sequel,-0,0
Tony Orlando & Dawn,-0,0
Oxmo Puccino,-0,0
Pino Donaggio,-0,0
Nia Ben Aur,-0,0
Reverend McFly,-0,0
Paul Hardcastle,-0,0
Chagrin d’amour,-0,0
JDS,-0,0
Charlie Hodson‐Prior,-0,0
Perto,-0,0
Miguel Campbell,-0,0
Lilicub,-0,0
Rozalla,-0,0
Elliot Goldenthal,-0,0
Milton Wright,-0,0
Ulver,-0,0
ZachGG,-0,0
空崎ヒナ,-0,0
久保田利伸,-0,0
Alain Barrière,-0,0
Spooky Tooth,-0,0
本間勇輔,-0,0
D.J. Rogers,-0,0
Heatwave,-0,0
Claude François,-0,0
UZ,-0,0
Jeffrey Fayman,-0,0
House Proud People,-0,0
Françoise Hardy,-0,0
Sapo,-0,0
Barclay James Harvest,-0,0
YUKIYANAGI,-0,0
Little Eva,-0,0
Malady of Knots,-0,0
Mamonis,-0,0
Baracuda,-0,0
Flatbush ZOMBiES,-0,0
Shel Silverstein,-0,0
Murray Roman,-0,0
Bruce Faulconer,-0,0
下村陽子,-0,0
しも,-0,0
Leod,-0,0
Sting,-0,0
Dz'Xa,-0,0
Andrés Jiménez “El Jíbaro”,-0,0
JAPSHITFUN,-0,0
ステファニー・ドーラ,-0,0
Günther,-0,0
The Odd Couple,-0,0
Starpoint,-0,0
Steinwolke,-0,0
Hijack,-0,0
Brian Griffin,-0,0
Baby Boy da Prince,-0,0
The Controllers,-0,0
Puppy Dog Pals,-0,0
Save the Robot,-0,0
Lyle Divinsky,-0,0
Empty Blue,-0,0
サカナクション,-0,0
Puzique,-0,0
The Postal Service,-0,0
Lew Howard All Stars,-0,0
波のスタイルwavestyle96,-0,0
Chick Corea,-0,0
Novakk,-0,0
Blahzay Blahzay,-0,0
AR8,-0,0
YoungBloodZ,-0,0
THEATRE BROOK,-0,0
Andrew W.K.,-0,0
iteachvader,-0,0
James A. Moorer,-0,0
MC Cool Rock & MC Chaszy Chess,-0,0
Isaac Hayes,-0,0
Juicy,-0,0
Leroy Smart,-0,0
Doc Severinsen,-0,0
Drupka Order from Thimphu and Punakha,-0,0
Ridiculon,-0,0
QZB,-0,0
S-Type,-0,0
Freemasons,-0,0
ピコ太郎,-0,0
Grand Funk Railroad,-0,0
Kaleidoscope,-0,0
Futurecop!,-0,0
Dead Poetic,-0,0
Renée Geyer,-0,0
Acid Species,-0,0
American Authors,-0,0
The Archies,-0,0
Buckethead,-0,0
Patrick Doyle,-0,0
Jones & Collins Astoria Hot Eight,-0,0
Lani Hall,-0,0
Harpers Bizarre,-0,0
Capital Kings,-0,0
Mo Beats,-0,0
Cakebuilder,-0,0
David Garrett,-0,0
Smoke DZA,-0,0
Montakhab-oz-Zākerin,-0,0
Ferrante and Teicher,-0,0
The Low Shoe Orchestra,-0,0
Leto,-0,0
Reuben Bell,-0,0
Piero Umiliani,-0,0
Delph,-0,0
riya,-0,0
Jamie Lidell,-0,0
Ethernet,-0,0
The Outhere Brothers,-0,0
MIEKO,-0,0
Molemen,-0,0
NewJeans,-0,0
Fab 5 Freddy,-0,0
Medwyn Goodall,-0,0
Man Man,-0,0
David Axelrod,-0,0
San Holo,-0,0
BamBam Babylon Bajasch,-0,0
Semiotics,-0,0
Bishop Lamont,-0,0
Rustie,-0,0
Koenig Cylinders,-0,0
4MAT4,-0,0
Barry Louis Polisar,-0,0
The Soggy Bottom Boys,-0,0
Egg Nog,-0,0
Jack Johnson,-0,0
Norman Connors,-0,0
Gowan,-0,0
Yaki-Da,-0,0
DJ Trajic,-0,0
Élégance,-0,0
Samuel Dan,-0,0
Turboneger,-0,0
The Belmonts,-0,0
The Ocular Invisible,-0,0
Cold Blood,-0,0
Bill Conti,-0,0
JT Company,-0,0
John Van Tongeren,-0,0
Tommy Bow,-0,0
Jamie Myerson,-0,0
Gordon Jenkins,-0,0
Delta 9,-0,0
Coachwhips,-0,0
Marlene,-0,0
"Ebo Taylor, Jr.",-0,0
Mob Square,-0,0
Trotter,-0,0
Ethereal,-0,0
The Grass Roots,-0,0
Von D,-0,0
mabanua,-0,0
Mindsight,-0,0
j^p^n,-0,0
Mountain,-0,0
Doctor Jeep,-0,0
Fun,-0,0
Glen Campbell,-0,0
FrankJavCee,-0,0
Hafiz Azman,-0,0
三浦あずさ,-0,0
Peanut Butter Wolf,-0,0
Philip Glass Ensemble,-0,0
Edge of Motion,-0,0
Hardfloor,-0,0
Trencher,-0,0
Leon Fleisher,-0,0
Chantal Goya,-0,0
Bobina,-0,0
The Persuaders,-0,0
Lukas Graham,-0,0
Seahaven,-0,0
James Gang,-0,0
Agent K,-0,0
Syreeta,-0,0
Trashlagoon,-0,0
Saving Grace,-0,0
Style of Eye,-0,0
Burt Goldstein,-0,0
Gimme Luv,-0,0
Braintax,-0,0
Quebonafide,-0,0
Py,-0,0
DJ Smurf,-0,0
Nick Cave & the Bad Seeds,-0,0
Alex Gray,-0,0
Andreya Triana,-0,0
君島正,-0,0
Irene Cara,-0,0
Nicola Assi,-0,0
TOMMYバード,-0,0
Ivana Spagna,-0,0
David Seville,-0,0
Manau,-0,0
Angela Bofill,-0,0
Madness,-0,0
Ari Pulkkinen,-0,0
James Bangura,-0,0
The SCLC Operation Breadbasket Orchestra and Choir,-0,0
765 MILLION ALLSTARS,-0,0
CHAM rapper,-0,0
Griffin Village,-0,0
Feng Suave,-0,0
Guns N’ Roses,-0,0
きただにひろし,-0,0
John Dahlbäck,-0,0
Black Out,-0,0
Patti and the Lovelites,-0,0
Martin King,-0,0
Ethel Merman,-0,0
Proton Kid,-0,0
Cliff Martinez,-0,0
Combichrist,-0,0
The Donnas,-0,0
Joan Jett & The Blackhearts,-0,0
Mighty Ryeders,-0,0
The Secret,-0,0
Alexia,-0,0
Ark,-0,0
佐咲紗花,-0,0
Ruiness,-0,0
The Infamous MC,-0,0
Les Bikers,-0,0
Alice Coltrane,-0,0
O.C. Smith,-0,0
Hanson Brothers,-0,0
The ARC Choir,-0,0
Lennie Hibbert,-0,0
Oyubi,-0,0
Hardnoise,-0,0
Alisha Warren,-0,0
Yoofee,-0,0
The Royals,-0,0
Beside,-0,0
Pornosonic,-0,0
Caia,-0,0
fromis_9,-0,0
Steve Parks,-0,0
Duke Jordan,-0,0
5ive,-0,0
Andres Campo,-0,0
Jerry Rivera,-0,0
Pookah,-0,0
DJ Earl,-0,0
Hugg & Pepp,-0,0
Reactor,-0,0
Colosseum,-0,0
やなぎなぎ,-0,0
The Firebolts,-0,0
nabil!,-0,0
Lucid,-0,0
ACHIM,-0,0
Christian Smith & John Selway,-0,0
Donae’o,-0,0
Placebo,-0,0
Grynpyret,-0,0
Jean-Claude Vannier,-0,0
Fetty Wap,-0,0
Miles Dyson,-0,0
Baddmixx,-0,0
Classical M,-0,0
Nigel & Marvin,-0,0
Nine,-0,0
Louis Jordan and His Tympany Five,-0,0
Mother’s Finest,-0,0
Al Johnson,-0,0
Symphonieorchester des Bayerischen Rundfunks,-0,0
Jan Akkerman,-0,0
YIFFØ,-0,0
Maazel,-0,0
Harlem Underground Band,-0,0
Yvonne Elliman,-0,0
Sexxtape,-0,0
Fan Death,-0,0
Taj Mahal,-0,0
Azitis,-0,0
DJ Funk,-0,0
Rogue,-0,0
aldrch,-0,0
The Gothic Archies,-0,0
Michael Andrews,-0,0
The Orchids,-0,0
Harold Melvin & The Blue Notes,-0,0
Fresh 3 MC’s,-0,0
Project One,-0,0
Ólafur Arnalds,-0,0
Malicia,-0,0
神原駿河,-0,0
Stevie Nicks,-0,0
Jean-Michel Bertrand,-0,0
Akasha,-0,0
Claudine Longet,-0,0
Ранетки,-0,0
COSMIC CYCLER,-0,0
Jelly Roll Morton’s Red Hot Peppers,-0,0
Front 242,-0,0
The Wooden Glass,-0,0
Laur,-0,0
Black Blood,-0,0
The Sons of Silence,-0,0
Danny Elfman,-0,0
Cesco,-0,0
The Presidents of the United States of America,-0,0
Charlie Parker,-0,0
Amsterdamse Politiekapel,-0,0
サイダーガール,-0,0
CALL911,-0,0
American Football,-0,0
iiO,-0,0
Profondita,-0,0
Love Corporation,-0,0
Thunderheist,-0,0
Carla Kihlstedt,-0,0
Slipknot,-0,0
Pigmeat Markham,-0,0
DΛRKNΣSS,-0,0
Ruben Willmer Band,-0,0
Gladys Knight & the Pips,-0,0
Japanese Breakfast,-0,0
Paris Texas,-0,0
Subhumans,-0,0
Armani White,-0,0
twinkle*twinkle,-0,0
Toby Turner,-0,0
Quintette du Hot Club de France,-0,0
Jay-Kid,-0,0
Daniel Vangarde,-0,0
Eleanor,-0,0
Hans Hotter,-0,0
Mikey Dubs,-0,0
Bucher & Kessidis,-0,0
Nicky Youre,-0,0
Pina Carmirelli,-0,0
Wolfgang Dauner Quintet,-0,0
Antibalas,-0,0
MALINDA,-0,0
Oceana,-0,0
Alvaro,-0,0
Alain Bashung,-0,0
Luc Ferrari,-0,0
古代祐三,-0,0
River Ocean,-0,0
Cindy Gibson,-0,0
Laurent Simeca,-0,0
Tommy James & the Shondells,-0,0
NOFX,-0,0
El Perro del Mar,-0,0
spill tab,-0,0
Wayne Smith,-0,0
Derek Drymon,-0,0
島みやえい子,-0,0
Unknown Caller,-0,0
Yamasuki,-0,0
juno,-0,0
UPP,-0,0
Wasback,-0,0
Tom Baker,-0,0
Zazie,-0,0
Grace,-0,0
細井聡司,-0,0
Gerry Rafferty,-0,0
The Asteroids Galaxy Tour,-0,0
The Secret of China,-0,0
ITZY,-0,0
Pete Townshend,-0,0
Prodige Namor,-0,0
Wilson Phillips,-0,0
Hemanta Mukherjee,-0,0
Eve,-0,0
Loleatta Holloway,-0,0
Białas,-0,0
X JAPAN,-0,0
Apple Inc.,-0,0
The Michael Zager Band,-0,0
Pix'L,-0,0
cut_,-0,0
Kemal,-0,0
EELS,-0,0
Robin Parris,-0,0
Boy Crisis,-0,0
Cor Swanenberg,-0,0
Sweet Sensation,-0,0
Tha Cat’s Pajamas,-0,0
The Medic Droid,-0,0
Adventure Time,-0,0
Michael Shrieve,-0,0
Dream Stalker,-0,0
phonon,-0,0
OCTiV,-0,0
Lara Fabian,-0,0
Jowell,-0,0
Wolfgang Sawallisch,-0,0
Noxagt,-0,0
Nouela,-0,0
Curt Cress,-0,0
Broken Hope,-0,0
KT Tunstall,-0,0
Fractal,-0,0
Dave Stewart,-0,0
吉冨亮二,-0,0
Dee!,-0,0
Jimmy McGriff Organ and Blues Band,-0,0
Helen Merrill con l'orchestra diretta da Piero Umiliani,-0,0
Lilly Wood and The Prick,-0,0
Timecop1983,-0,0
Barry Tuckwell,-0,0
Arthur Verocai,-0,0
DJ Jubilee,-0,0
Kenny Barron,-0,0
Bite Handle,-0,0
Dick Dale and His Del‐Tones,-0,0
Man Parrish,-0,0
Chuck Jackson,-0,0
The Blues Project,-0,0
The Agonist,-0,0
"Choir of King’s College, Cambridge",-0,0
Africa,-0,0
Phoebe Bridgers,-0,0
NextRO,-0,0
"Cerf, Mitiska & Jaren",-0,0
Inner Life,-0,0
Copyright,-0,0
Happy Mondays,-0,0
Skunk Anansie,-0,0
Fliwo,-0,0
M,-0,0
EPO,-0,0
Noisestorm,-0,0
Archie Pelago,-0,0
Olive,-0,0
Goldie Zelkowitz,-0,0
Vera,-0,0
Mütiilation,-0,0
Crazy P,-0,0
松岡美羽,-0,0
久石譲,-0,0
Kotomi,-0,0
The Grid,-0,0
Frank Klepacki,-0,0
Womba,-0,0
Tom Tom Club,-0,0
Nieve,-0,0
RYOQUCHA,-0,0
Jelly Roll,-0,0
Dreem Tran's,-0,0
Culture Beat,-0,0
Kirlian Camera,-0,0
DJ Remy,-0,0
The Exploited,-0,0
The O’Jays,-0,0
Survivor,-0,0
Matoma,-0,0
Steve Duckworth,-0,0
Pretty Taking All Fades,-0,0
Aura Dione,-0,0
Bad Computer,-0,0
ろん,-0,0
The Band,-0,0
Mz Bratt,-0,0
Wild at Heart,-0,0
Cream puff,-0,0
Too Funk,-0,0
Roger Nichols & The Small Circle of Friends,-0,0
Atlantic Starr,-0,0
Combo Colossale,-0,0
Gerry Mulligan Sextet,-0,0
"Rev. Walter McDaniel, Jr.",-0,0
Loreen,-0,0
Phil Nimmons,-0,0
New World Sound,-0,0
絢瀬絵里,-0,0
DVA,-0,0
Visa,-0,0
Gregori Klosman,-0,0
DJ Jimi Needles,-0,0
Horace Andy,-0,0
Chuck Berry,-0,0
Senses Fail,-0,0
Gene Kelly,-0,0
Kitty & The Haywoods,-0,0
Karen Finley,-0,0
Queen Esther Marrow,-0,0
Gorilla Zoe,-0,0
Michael Hunter,-0,0
MOB CHOIR,-0,0
Age of Love,-0,0
Mosca,-0,0
Fantasy Three,-0,0
Stan Getz,-0,0
Airhead,-0,0
"Church Universal and Triumphant, Inc.",-0,0
PIKASONIC,-0,0
Elite Force,-0,0
Jonathan Toth,-0,0
Cosmin TRG,-0,0
Redeilia,-0,0
System F,-0,0
T‐Bone Walker,-0,0
Elefant,-0,0
Patrick Bruel,-0,0
Modular Expansion,-0,0
Jim Brown,-0,0
Éva Csizmadia,-0,0
Texas Radio Band,-0,0
Kat Graham,-0,0
Randy Newman,-0,0
Blakroc,-0,0
Federico Durand,-0,0
Walt Barr,-0,0
Johnny Johnson & the Bandwagon,-0,0
Alan Jackson,-0,0
Schmetterlinge,-0,0
Flynn & Flora,-0,0
Karen Harding,-0,0
Howard Drossin,-0,0
The Olympics,-0,0
Covet,-0,0
Ink Project,-0,0
Kaleo,-0,0
Mark Mothersbaugh,-0,0
五條真由美,-0,0
tropes,-0,0
DJ Toolz,-0,0
Brainticket,-0,0
Donal Leace,-0,0
Sébastien Tellier,-0,0
Sophiaaaahjkl;8901,-0,0
Smash,-0,0
The Surfaris,-0,0
Hashim,-0,0
Cheat Codes,-0,0
Easy Star All-Stars,-0,0
Frank Sinatra,-0,0
Novo Amor,-0,0
Rosa Walton,-0,0
Roy of the Ravers,-0,0
zeroth,-0,0
Ad Vanz,-0,0
Secondcity,-0,0
War,-0,0
Studio,-0,0
Sky Ferreira,-0,0
The Comrads,-0,0
Future Loop Foundation,-0,0
Still Corners,-0,0
Miami,-0,0
I.E.M.,-0,0
Jonathan Richman,-0,0
Colin Towns,-0,0
John Davis,-0,0
Padma Newsome,-0,0
Minutemen,-0,0
Engineers Without Fears,-0,0
Bethlehem,-0,0
Scatman John,-0,0
Pato Banton,-0,0
Zombie Hyperdrive,-0,0
Far away Nebraska,-0,0
Surface 10,-0,0
John Reuben,-0,0
Kosheen,-0,0
Noah Neiman,-0,0
Lexicon 4,-0,0
De Nada,-0,0
黒うさP,-0,0
Tela,-0,0
Giles Corey,-0,0
MAKO,-0,0
Kaoss Edge,-0,0
wotaku,-0,0
The Seeds,-0,0
AronChupa,-0,0
Michael E,-0,0
Da‐iCE,-0,0
Echo Knight,-0,0
Goto80,-0,0
Roey Marquis II.,-0,0
Gold Blu-27,-0,0
Ashley Ninelives,-0,0
3OH!3,-0,0
Moonchild Sanelly,-0,0
Who Is Fancy,-0,0
Enoch Light and the Light Brigade,-0,0
Bobmo,-0,0
Hudson Mohawke,-0,0
Daron Malakian and Scars on Broadway,-0,0
Shungudzo,-0,0
YB,-0,0
The Durutti Column,-0,0
LVWZ,-0,0
Take That,-0,0
Bill Muir,-0,0
Kirin J Callinan,-0,0
Unclubbed,-0,0
The Hives,-0,0
ParagonX9,-0,0
沢井美空,-0,0
hellogoodbye,-0,0
Rossi B. & Luca,-0,0
mr. Gnome,-0,0
Mikey Dread,-0,0
Green Point Orchestra,-0,0
Sir Mack Rice,-0,0
Quinn Martin,-0,0
Klaudia Gronkiewicz,-0,0
Karyn White,-0,0
Yankees,-0,0
The U.S. Army Blues,-0,0
Andy Taylor,-0,0
Monster Zoku Onsomb!,-0,0
Wildlife Collective,-0,0
The Dillinger Escape Plan,-0,0
Street Sweeper Social Club,-0,0
DJ Squeeky,-0,0
Leo Kottke,-0,0
Burton Earny,-0,0
The Trucks,-0,0
Sir Richard Rodney Bennett,-0,0
Weiss,-0,0
Fouk,-0,0
Sonic Breakbeat,-0,0
Technicolour,-0,0
Lenka,-0,0
Skip Mahoney & the Casuals,-0,0
Egyptian Empire,-0,0
青龍,-0,0
Monsters of Folk,-0,0
Les Sœurs Boulay,-0,0
John Lurie,-0,0
Bou,-0,0
Danny Baranowsky,-0,0
HVDES,-0,0
Joji,-0,0
Meemo Comma,-0,0
D.O.D,-0,0
Jad Fair,-0,0
Ебанько,-0,0
Peter White,-0,0
Spencer & Hill,-0,0
Captain Rapp,-0,0
Light Club,-0,0
Ellen McIlwaine,-0,0
LAZER DIM 700,-0,0
Victor Uwaifo,-0,0
The Dream Academy,-0,0
Joeski Love,-0,0
Eleanore Mills,-0,0
oOoOO,-0,0
The Fray,-0,0
The Miracles,-0,0
Eloy,-0,0
Split & Jaxta,-0,0
ONE OK ROCK,-0,0
Rasputin’s Stash,-0,0
Thomas & Friends,-0,0
Olly James,-0,0
Ramos,-0,0
Dave Koz,-0,0
Bliss,-0,0
Kenny Rogers & The First Edition,-0,0
OMG Girlz,-0,0
Rob,-0,0
John Blu,-0,0
mossgarden,-0,0
Chuala,-0,0
LIZ,-0,0
LOVELI LORI,-0,0
Lamorn,-0,0
Captain Sky,-0,0
Doujah Raze,-0,0
King Creosote,-0,0
R.B. Hudmon,-0,0
Lil Dicky,-0,0
Gruby Mielzky,-0,0
Nerf Herder,-0,0
ZICO,-0,0
The Fabulous Five Inc.,-0,0
Les Ramoneurs de menhirs,-0,0
Apocalyptica,-0,0
Dave Spoon,-0,0
Oliverse,-0,0
Hariharan,-0,0
MEDUZA,-0,0
Samuel Beckett,-0,0
Stevie Hyper‐D,-0,0
Matthew N.,-0,0
Liza Minnelli,-0,0
Claudio Arrau,-0,0
Ace Hood,-0,0
Dark Oscillators,-0,0
Boston,-0,0
Hi-5,-0,0
Barbara & Ernie,-0,0
Cold Crush Brothers,-0,0
TWINKle MAGIC,-0,0
Mameyudoufu,-0,0
Zola Jesus,-0,0
Sweet Robots Against the Machine,-0,0
Yazoo,-0,0
Stacey Q,-0,0
Poison,-0,0
Debbie Trusty,-0,0
Tony Valor Sounds Orchestra,-0,0
Anitta,-0,0
Tom Lehrer,-0,0
Jason Load,-0,0
Cannonball Adderley Sextet,-0,0
Morat,-0,0
Uh Huh Her,-0,0
清浦夏実,-0,0
Federal Duck,-0,0
HALIENE,-0,0
M.O.O.N.,-0,0
ボブ佐久間,-0,0
Photon Maiden,-0,0
Johnny Bristol,-0,0
Renn Woods,-0,0
June of 44,-0,0
Trilark,-0,0
Freedom Express,-0,0
Transform,-0,0
Bessie Smith & Her Band,-0,0
Balthazar & JackRock,-0,0
Kreator,-0,0
The Supermen Lovers,-0,0
Eptic,-0,0
Dionne Warwick,-0,0
Smooth McGroove,-0,0
mazie,-0,0
6ix9ine,-0,0
Childs,-0,0
Cream,-0,0
PTAF,-0,0
Tony Quattro,-0,0
roxas358,-0,0
Harvey Scales,-0,0
Reg Tilsley,-0,0
River Tiber,-0,0
Charles Martinet,-0,0
NormalM,-0,0
New Canyons,-0,0
EFM-7,-0,0
Dennis Farnon & His Orchestra,-0,0
Be Wiz’U,-0,0
Aiobahn +81,-0,0
Return to Forever,-0,0
Jean de Sainte‐Colombe,-0,0
Eagle‐Eye Cherry,-0,0
Jacki‐O,-0,0
Rebecca Sugar,-0,0
Christina,-0,0
Wee Papa Girl Rappers,-0,0
Alvvays,-0,0
Nathalie Cardone,-0,0
Jackie Mittoo,-0,0
Gylan Kain,-0,0
Japan,-0,0
Celtic Thunder,-0,0
Robin S,-0,0
Flinch,-0,0
FAKE TYPE.,-0,0
Pacewon,-0,0
"Morning, Noon & Night",-0,0
Imagination,-0,0
DJ RAY-XANS,-0,0
The 20th Century,-0,0
Daniel Nitt,-0,0
Louis Prima,-0,0
Stina Nordenstam,-0,0
Pinch,-0,0
川田妙子,-0,0
Galileo Galilei,-0,0
Little Richard,-0,0
The Ready Set,-0,0
Lights Over Paris,-0,0
Silverstein,-0,0
Merle Haggard,-0,0
藤原千花,-0,0
MC Binn,-0,0
COMPAQ-QUEST,-0,0
平野綾,-0,0
Allen Toussaint,-0,0
Test Icicles,-0,0
Technasia,-0,0
Igor Presnyakov,-0,0
Elevation Worship,-0,0
The Weather Girls,-0,0
David T. Walker,-0,0
Jack Lenz,-0,0
Sensations’ Fix,-0,0
Men Against Cool,-0,0
Xeno & Oaklander,-0,0
Kaiti Kink Ensemble,-0,0
Sofie Letitre,-0,0
Jaydee,-0,0
Phuture,-0,0
Row Rocka,-0,0
Mareux,-0,0
The Briefs,-0,0
LOLI RIPE,-0,0
VECTOR GRAPHICS,-0,0
Phaze 1,-0,0
Kasabian,-0,0
Paul Lansky,-0,0
Fizzy Bangers,-0,0
Lenze & de Buam,-0,0
Mongo Santamaría,-0,0
Dune,-0,0
The Panicks,-0,0
Hiroshima,-0,0
François Feldman,-0,0
スーパーセックス永遠にSUPERSEX420,-0,0
Rammellzee,-0,0
戦場ヶ原ひたぎ,-0,0
東京アクティブNEETs,-0,0
Vijay Iyer,-0,0
Roy Ayers,-0,0
Suresh Wadkar,-0,0
Shades of Rhythm,-0,0
The Persuasions,-0,0
world’s end girlfriend,-0,0
Michał Urbaniak,-0,0
mihimaru GT,-0,0
The White Stripes,-0,0
Marius Müller‐Westernhagen,-0,0
SyKo,-0,0
Donald Byrd,-0,0
"Kitty, Daisy & Lewis",-0,0
Guru Josh,-0,0
Conrad & The Hurricane Strings,-0,0
Spanky & Our Gang,-0,0
Nightmargin,-0,0
Chromatics,-0,0
Bonnie Dobson,-0,0
The Backyard Heavies,-0,0
Hijrah,-0,0
Cocteau Twins,-0,0
The Clifford Gilberto Rhythm Combination,-0,0
J.J. Barnes,-0,0
ナナヲアカリ,-0,0
The Slapstickers,-0,0
Brooks & Dunn,-0,0
Glenn Miller and His Orchestra,-0,0
John Denver,-0,0
Maid Dresses,-0,0
Savoy,-0,0
Black Raison d'être,-0,0
Sway & King Tech,-0,0
Walter Wanderley,-0,0
Margarita Vilcāne,-0,0
山根ミチル,-0,0
スカート,-0,0
Nick Jonas,-0,0
Alfred 23 Harth,-0,0
City-O’,-0,0
Grupo Frontera,-0,0
Nachtbraker,-0,0
Tommy McCook,-0,0
CKY,-0,0
Fatima,-0,0
That Fucking Tank,-0,0
Deekline,-0,0
Sweet D,-0,0
讃州中学勇者部,-0,0
Rival,-0,0
The Edgar Winter Group,-0,0
大きい兄,-0,0
Photographer,-0,0
Lund,-0,0
Scotty,-0,0
松枝賀子,-0,0
Sak Noel,-0,0
Roy,-0,0
Nima Gorji,-0,0
Christophe Beck,-0,0
Victor Simonelli,-0,0
TAH,-0,0
Felix Cavaliere,-0,0
Underoath,-0,0
Luiz Henrique,-0,0
Phoebe Snow,-0,0
Yemi Alade,-0,0
Julian Casablancas,-0,0
Vinyl Blair,-0,0
Garrett Williamson,-0,0
Hotstylz,-0,0
"Does It Offend You, Yeah?",-0,0
Chris Field,-0,0
Darío Núñez,-0,0
Charles Bernstein,-0,0
aka The Junkies,-0,0
Mrs. Wood,-0,0
Palm Skin Productions,-0,0
OK Go,-0,0
Svix,-0,0
Etta James,-0,0
Brad Mossman,-0,0
DJ Schwarzenegger,-0,0
Walter Murphy,-0,0
3rd Coast,-0,0
TEPR,-0,0
Moods,-0,0
dstnt,-0,0
Doris,-0,0
Allen Watts,-0,0
Spin Doctors,-0,0
Gold Panda,-0,0
Don Caballero,-0,0
All My Pretty Ones,-0,0
Serge Perathoner,-0,0
野宮あゆみ,-0,0
Les Sins,-0,0
Bob Bobin,-0,0
Up Above the World,-0,0
The Crickets,-0,0
CYB,-0,0
Hi‐Gloss,-0,0
The Ahmad Jamal Trio,-0,0
Sophia Grace,-0,0
Macho Gang,-0,0
Evidence,-0,0
Alex Session,-0,0
The Lost Generation,-0,0
DRS,-0,0
Daoko,-0,0
Boy Harsher,-0,0
Stephen Gately,-0,0
ETC!ETC!,-0,0
Nanashi Mumei,-0,0
The Decemberists,-0,0
Huey,-0,0
Raw Silk,-0,0
Misteria,-0,0
Platon Andritsakis,-0,0
Nevermind,-0,0
Explosions in the Sky,-0,0
Rusty Bryant,-0,0
Halogen,-0,0
Alexander Marcus,-0,0
Fancy,-0,0
HIGH and MIGHTY COLOR,-0,0
Bēkon,-0,0
Clay Pedrini,-0,0
&I,-0,0
Blue Iverson,-0,0
DZ,-0,0
Kyo,-0,0
Eve,-0,0
Soulspace,-0,0
The Barry Gray Orchestra,-0,0
Bonar Bradberry,-0,0
Desert Sessions,-0,0
All Boxed In,-0,0
Edgar Winter’s White Trash,-0,0
Charlie Dore,-0,0
石川智晶,-0,0
Charcoal Tongue,-0,0
Pharrell Williams,-0,0
Roberto Roena y su Apollo Sound,-0,0
jigitz,-0,0
Blues Traveler,-0,0
Dashboard Confessional,-0,0
Naldo,-0,0
Los Albinos,-0,0
The Lance Gambit Trio,-0,0
J.C. Davis,-0,0
Yakuza Karaoke,-0,0
Sportfreunde Stiller,-0,0
Rune RK,-0,0
Cinema Recorded Music Library,-0,0
Luis Fonsi,-0,0
Hugh Masekela,-0,0
MRPPony,-0,0
Breakage,-0,0
Golden Donna,-0,0
SMTOWN,-0,0
KYONO,-0,0
Funabashi,-0,0
李香蘭,-0,0
Crosby & Nash,-0,0
Digital Blue,-0,0
Ladysmith Black Mambazo,-0,0
Jeff Bass,-0,0
Trees,-0,0
Breakwater,-0,0
A-RISE,-0,0
Vincent Bueno,-0,0
Hyper Potions,-0,0
Uncle Murda,-0,0
DJ Narrows,-0,0
DJ NG,-0,0
Finna,-0,0
Bob Howard and His Boys,-0,0
Felice Taylor,-0,0
L33tStr33t Boys,-0,0
Melanie,-0,0
William Onyeabor,-0,0
kazeoff,-0,0
Bad Royale,-0,0
The J. Geils Band,-0,0
Glen Brown,-0,0
Suken,-0,0
The Black Crowes,-0,0
Don Choa,-0,0
Lost Colossus,-0,0
Medicine,-0,0
Imperial Brothers,-0,0
John Summit,-0,0
McKendree Spring,-0,0
Lena Horne,-0,0
推定少女,-0,0
Pat Carroll,-0,0
Masters of Reality,-0,0
I’m From Barcelona,-0,0
Dominik Eulberg,-0,0
Ron Brice,-0,0
Darts,-0,0
University of Washington Husky Marching Band,-0,0
V.I.C.,-0,0
Diddy – Dirty Money,-0,0
Claude Nougaro,-0,0
Every Time I Die,-0,0
the bird and the bee,-0,0
Mandrill,-0,0
George Harrison,-0,0
Γιώργος Χατζηνάσιος,-0,0
NHK交響楽団,-0,0
Sway Dasafo,-0,0
Errors,-0,0
Ray J,-0,0
Morrissey,-0,0
ダ・カーポ,-0,0
Glass Candy,-0,0
Piebald,-0,0
Jefferson Airplane,-0,0
The Pyramids,-0,0
The Phoenix Singers,-0,0
ヨルシカ,-0,0
Cosmovitali ▲☥▲,-0,0
Stone Temple Pilots,-0,0
CLS,-0,0
ランカ・リー,-0,0
Iron Butterfly,-0,0
AOA,-0,0
Gal Costa,-0,0
Cross Section,-0,0
Machines Don't Care,-0,0
Sunflower Bean,-0,0
DJ 最テー,-0,0
Ian Klug,-0,0
Ken Boothe,-0,0
MIST,-0,0
The Serotonin Project,-0,0
Camper Van Beethoven,-0,0
W,-0,0
Thi'sl,-0,0
Salaam Remi,-0,0
Unreal,-0,0
Dubtribe Sound System,-0,0
20th Century Steel Band,-0,0
Deborah Cox,-0,0
LOLIPO,-0,0
Jimmy Mayes,-0,0
Woods Empire,-0,0
Henry Saiz,-0,0
Carrie Lucas,-0,0
Osibisa,-0,0
Commodo,-0,0
Mono,-0,0
T.M.Revolution,-0,0
Jr. Walker & the All Stars,-0,0
Globus,-0,0
Errorsmith,-0,0
Etro Anime,-0,0
PewDiePie,-0,0
Black Mamba,-0,0
SUPERCAR,-0,0
coffin princess,-0,0
White 2115,-0,0
小川範子,-0,0
Frankie Cutlass,-0,0
The Muppets,-0,0
The Little Boy Blues,-0,0
DJ’s United,-0,0
Bratmobile,-0,0
René,-0,0
Hydroponic Sound System,-0,0
Secret Werewolf,-0,0
LouisF,-0,0
逢坂大河,-0,0
Shakatak,-0,0
Mona Fandey,-0,0
東山奈央,-0,0
Faith Hill,-0,0
Deavid Soul,-0,0
Daði Freyr,-0,0
Brad Fiedel,-0,0
Within Temptation,-0,0
A★Teens,-0,0
Radeckt,-0,0
Billie Eilish,-0,0
K.I.M.,-0,0
Cyril Grantham,-0,0
Pinkie Guy,-0,0
Super8,-0,0
Vaya Con Dios,-0,0
CHiCO,-0,0
Jesse Somfay,-0,0
Cellardore,-0,0
Pat Metheny,-0,0
Eyedress,-0,0
The Florida Mass Choir,-0,0
Dan + Shay,-0,0
Münchener Freiheit,-0,0
The Luv Bandits,-0,0
Selda Bağcan,-0,0
Big Black,-0,0
"Crosby, Stills & Nash",-0,0
Dope Smugglaz,-0,0
Slusnik Luna,-0,0
Gloria Gaynor,-0,0
Buffy Sainte‐Marie,-0,0
Loudon Wainwright III,-0,0
The Platters,-0,0
Ben Folds Five,-0,0
Redbone,-0,0
⠽D⠑E⠎T⠙H⠕W⠕A⠍V⠼E⠃,-0,0
Psychemagik,-0,0
Lion MUSASHI,-0,0
High Fashion,-0,0
酒井省吾,-0,0
Andrea Bocelli,-0,0
Cleveland Lounge,-0,0
Jay Tee,-0,0
日下部みさお,-0,0
Covenant,-0,0
Charles Anderson,-0,0
Sidewalks and Skeletons,-0,0
Sour Gummy,-0,0
The Rocking Horse Players And Orchestra,-0,0
Apparat,-0,0
Riff Raff,-0,0
Slint,-0,0
Maceo Parker,-0,0
Celebrity Murder Party,-0,0
Freedom,-0,0
Lee Moses,-0,0
pF㎊pF㎊pF㎊pF㎊pF㎊pF㎊pF㎊pF㎊pF㎊pF㎊pF㎊pF㎊pF㎊pF㎊pF㎊pF㎊pF,-0,0
Candy Girls,-0,0
አለማየሁ እሸቴ,-0,0
N-Type,-0,0
Gary Wilson,-0,0
ATFC,-0,0
Dorian Electra,-0,0
AcousticBrony,-0,0
植松伸夫,-0,0
The Thrillseekers,-0,0
Arthur Russell,-0,0
ROUND TABLE featuring Nino,-0,0
Mr. Lif,-0,0
Trimatic,-0,0
Old School Players,-0,0
꧁꧂,-0,0
D.I.M.,-0,0
Steinski and Mass Media,-0,0
Schiller,-0,0
Hayley Kiyoko,-0,0
Fetisch Park,-0,0
I Fight Dragons,-0,0
Therapy?,-0,0
Manzel,-0,0
Katie Noonan,-0,0
St. Vincent,-0,0
Zulema,-0,0
Bettye Swann,-0,0
Gene Dunlap,-0,0
Robbie Nevil,-0,0
Turaidas Roze,-0,0
RetroVision,-0,0
The Brothers Johnson,-0,0
F.R. David,-0,0
Unique 3,-0,0
DL,-0,0
Derek and Clive,-0,0
Pooh Shiesty,-0,0
Anile,-0,0
Nino Bravo,-0,0
Tina Turner,-0,0
D4L,-0,0
Lützenkirchen,-0,0
一之瀬ユウ,-0,0
The Magi & Emanation,-0,0
Michael Price,-0,0
Cape Coral,-0,0
Gholām-Hossein Banān,-0,0
Leftwing : Kody,-0,0
Pig&Dan,-0,0
Vera Hall,-0,0
Cher Lloyd,-0,0
D.I.T.C.,-0,0
MC Flipside,-0,0
DJ Klever,-0,0
Pac Div,-0,0
Lizdek,-0,0
Serani,-0,0
Body Power,-0,0
saQi,-0,0
Mike Dearborn,-0,0
Kilo,-0,0
Gueule d’ange,-0,0
Son Lux,-0,0
Scott Tuma,-0,0
Mustard,-0,0
Malik Turner,-0,0
RQ,-0,0
Idjut Boys & Laj,-0,0
Spanish Harlem Orchestra,-0,0
Linda Scott,-0,0
Animals on Wheels,-0,0
Xyloglyph,-0,0
笠原弘子,-0,0
Esther Williams,-0,0
Aldous Harding,-0,0
Grottenolm,-0,0
Shalamar,-0,0
Logo,-0,0
Willy Alberti,-0,0
V0iD,-0,0
Lynyrd Skynyrd,-0,0
23 Skidoo,-0,0
Lorenzo Senni,-0,0
Sugar,-0,0
Cosmic Cowboys,-0,0
Listening,-0,0
Justin Hawkes,-0,0
水曜日のカンパネラ,-0,0
OMORI,-0,0
KRio,-0,0
Danny Musengo,-0,0
Kid Culture,-0,0
MYTH & ROID,-0,0
Getter Jaani,-0,0
Glenn Morrison,-0,0
Van Halen,-0,0
3M,-0,0
Technohead,-0,0
Warren Zevon,-0,0
Sir Lord Baltimore,-0,0
Rumah Sakit,-0,0
川上泰広,-0,0
Deeperlove,-0,0
Pascal Michael Stiefel,-0,0
Jack DeJohnette's Directions,-0,0
Gmak,-0,0
Dennis Olivieri,-0,0
Jack Black,-0,0
Jeff Beck,-0,0
Super Numeri,-0,0
Nuclear Bubble Wrap,-0,0
TOBYNOH,-0,0
Jason Ross,-0,0
無限 Existence,-0,0
Mark Governer,-0,0
"Black Country, New Road",-0,0
Benny Goodman and His Orchestra,-0,0
Blue Magic,-0,0
Misty Conditions,-0,0
Avenged Sevenfold,-0,0
ACE+,-0,0
Galaxy,-0,0
Protricity,-0,0
Serge Gainsbourg,-0,0
Christopher Larkin,-0,0
Eternal,-0,0
Tapp,-0,0
Das EFX,-0,0
Mudvayne,-0,0
The Politicians,-0,0
中村正人,-0,0
4 Strings,-0,0
lux natura,-0,0
Malhavoc,-0,0
Carleen & the Groovers,-0,0
Radio Slave,-0,0
Cosmic Kids,-0,0
Harrell & Sharron Lucky,-0,0
Nick Glennie‐Smith,-0,0
The Who,-0,0
Cynthia Harrell,-0,0
Lucid,-0,0
Love and Rockets,-0,0
Pete Rodríguez y su Conjunto,-0,0
Schacke,-0,0
Jack Bruce,-0,0
My Mine,-0,0
The Move,-0,0
Snayk,-0,0
senzawa,-0,0
Dinka,-0,0
REAPER,-0,0
Arnold Blair,-0,0
Jeff Lorber,-0,0
Billy Ze Kick et les Gamins en Folie,-0,0
Roger Rodier,-0,0
Harvey Mandel,-0,0
Park In Soo,-0,0
Myra Barnes,-0,0
J $tash,-0,0
Logan Paul,-0,0
The Deadkirks,-0,0
Stars on 45,-0,0
Here Come the Mummies,-0,0
Artcrime,-0,0
Extreme,-0,0
Kristen Anderson‐Lopez,-0,0
Sylvi Foster,-0,0
Sisso,-0,0
Jeremy Jordan,-0,0
Does Not Compute,-0,0
Ennio Morricone,-0,0
Uzeda,-0,0
The CB's,-0,0
Network,-0,0
The Boomtown Rats,-0,0
DJ Ten,-0,0
Andrew Gold,-0,0
Mary Elizabeth Frye,-0,0
Alfred Newman,-0,0
Pedro Mercado,-0,0
Secret Weapon,-0,0
Plastyc Buddha,-0,0
Lalo Schifrin,-0,0
venturing,-0,0
The Barrino Brothers,-0,0
RLW,-0,0
Art Ensemble of Chicago,-0,0
DJ Ötzi,-0,0
Manuel,-0,0
癒月,-0,0
Tek-One,-0,0
百石元,-0,0
Probot,-0,0
SXTN,-0,0
中野家の五つ子,-0,0
The Kids,-0,0
Belmondawg,-0,0
Megumi Hattori,-0,0
Iyer,-0,0
Ottawan,-0,0
Leo Addeo and His Orchestra,-0,0
Coco and the Bean,-0,0
Plastic Boy,-0,0
Bonde do Rolê,-0,0
Ed Bogas,-0,0
MikeQ,-0,0
BLACK GIRL / WHITE GIRL,-0,0
Aya & Chika from D&D,-0,0
Mötley Crüe,-0,0
伊藤真澄,-0,0
Reese & Santonio,-0,0
Bert Kaempfert & His Orchestra,-0,0
Perry & Sanlin,-0,0
Sage the Gemini,-0,0
Orbiter,-0,0
Aldo Romano,-0,0
The Last Mr. Bigg,-0,0
Ookay,-0,0
Sukh Knight,-0,0
Dru Hill,-0,0
Grandmaster Melle Mel,-0,0
Circle City Band,-0,0
J. Boogie’s Dubtronic Science,-0,0
Soul Position,-0,0
Tata Young,-0,0
小林香織,-0,0
Daphne & Celeste,-0,0
Chor der Staatsoper Stuttgart,-0,0
茶太,-0,0
The Jesus Lizard,-0,0
17th Boulevard,-0,0
François‐Bernard Mâche,-0,0
Drumatical Theatre,-0,0
Bobby V.,-0,0
Nastya Lisa,-0,0
Critycal Dub,-0,0
Flying Island,-0,0
Dark Sky,-0,0
서태지와 아이들,-0,0
Tom Tykwer,-0,0
Metric,-0,0
Gals and Pals,-0,0
Bok Bok,-0,0
Lil Milk,-0,0
Chanson,-0,0
David Pomeranz,-0,0
India.Arie,-0,0
Moony,-0,0
Behemoth,-0,0
Aysel,-0,0
Billie Holiday,-0,0
Call Super,-0,0
Black Merda,-0,0
New Boyz,-0,0
Eclipse,-0,0
Philip Frazier,-0,0
Hunter,-0,0
GOOSE,-0,0
Frankie Valli,-0,0
The Main Attraction,-0,0
Men at Work,-0,0
Scarlxrd,-0,0
Roy Orbison,-0,0
Veerus & Maxie Devine,-0,0
Aaron Cohen,-0,0
N.A.D.,-0,0
The More Extended Versions,-0,0
Roger Doyle,-0,0
Arthur Brown’s Kingdom Come,-0,0
Slam,-0,0
Avalanche,-0,0
The Joneses,-0,0
麻枝准,-0,0
Wayne Shorter Quartet,-0,0
中塚章人,-0,0
DāM‐FunK,-0,0
Juiceboxxx,-0,0
mSdoS,-0,0
DMC Quincy,-0,0
Jerry Orbach,-0,0
Jem Stone,-0,0
Classics IV,-0,0
Snowy Red,-0,0
Maladroit,-0,0
Jesse Anderson,-0,0
Celestaphone,-0,0
Roots Manuva,-0,0
Aaron G.,-0,0
Ralphie B,-0,0
Unknown T,-0,0
Nixon,-0,0
Riovolt,-0,0
Cabin Fever,-0,0
Mo‐Do,-0,0
DJ 2000F,-0,0
The Members,-0,0
Codd Dubz,-0,0
The Hellers,-0,0
The Counts,-0,0
The In Crowd,-0,0
川島基宏,-0,0
Starstylers,-0,0
The Mars Volta,-0,0
Lyn Collins,-0,0
Obscure FM,-0,0
Junior,-0,0
TAS 1000,-0,0
Richard Evans,-0,0
テンタクルズ,-0,0
Alex Retro,-0,0
テレビヘッド,-0,0
Andry Nalin,-0,0
Natalie Imbruglia,-0,0
Alexandra Stan,-0,0
Sangue misto,-0,0
Disco Four,-0,0
ana kennedy,-0,0
The Andrea True Connection,-0,0
Stanley Cowell,-0,0
Serious Intention,-0,0
Aztec Camera,-0,0
佐藤奈々子,-0,0
Dodge & Fuski,-0,0
Argent,-0,0
Rian Basilio and The Roosters,-0,0
Argyle Park,-0,0
"Nu-Sound Express, Ltd.",-0,0
Joe Chambers,-0,0
Freddie Mercury,-0,0
Matchbook Romance,-0,0
Coburn,-0,0
鼓童,-0,0
Δέσποινα Βανδή,-0,0
Chakachas,-0,0
Fame School,-0,0
Allie X,-0,0
Chango,-0,0
David Heartbreak,-0,0
Ed O.G. & Da Bulldogs,-0,0
fraxiom,-0,0
Virgin Stigma,-0,0
Berlin,-0,0
Bitty McLean,-0,0
Rosie Doonan,-0,0
庄司英徳,-0,0
David Dundas,-0,0
John Mellencamp,-0,0
Le Pamplemousse,-0,0
Winston Groovy,-0,0
Joey Purp,-0,0
Psy Trance Mafia,-0,0
Sabb,-0,0
Ultra High Frequency,-0,0
Broken Glass,-0,0
Rockwell,-0,0
Eirik Suhrke,-0,0
Spiral Starecase,-0,0
たむらぱん,-0,0
Claude Larson,-0,0
Aija Kukule,-0,0
King Willonius,-0,0
Monosurround,-0,0
Counting Crows,-0,0
Kramer,-0,0
Country Teasers,-0,0
Cameo,-0,0
Vivien Goldman,-0,0
Silent Boy,-0,0
Milo j,-0,0
松永政信,-0,0
Antonio Pinto,-0,0
Nikolauss,-0,0
Oliver Sain,-0,0
Blow,-0,0
Can,-0,0
Felo Man,-0,0
The Anything Muppets,-0,0
Hoax,-0,0
Rascal Flatts,-0,0
Greymatter,-0,0
neva pray,-0,0
Los,-0,0
L‐Vis 1990,-0,0
Emo Side Project,-0,0
Sonz of a Loop da Loop Era,-0,0
NICE GIRL プロジェクト!,-0,0
wujiu,-0,0
Bessie Jones,-0,0
Nonsens,-0,0
空音,-0,0
Crawford,-0,0
Sam Rivers,-0,0
The Subhumanizer,-0,0
Sister Nancy,-0,0
Dion Timmer,-0,0
Honny and the Bees Band,-0,0
Loituma,-0,0
Non Phixion,-0,0
Crouch End Festival Chorus,-0,0
René & Angela,-0,0
Jon B.,-0,0
Mike Shinoda,-0,0
Reinhold Schmidt,-0,0
Noel Pointer,-0,0
Rubba,-0,0
Suna,-0,0
Greg Downey,-0,0
Terry Day,-0,0
Baircave,-0,0
nora2r,-0,0
Bazooka,-0,0
Cerrone,-0,0
Cyberpunkers,-0,0
Jack Wilkins,-0,0
Shirley Ann Lee,-0,0
Sinnamon,-0,0
Eighties Ladies,-0,0
Bernard Estardy,-0,0
G. Dep,-0,0
Omnimotion,-0,0
Sir Harry,-0,0
杉森雅和,-0,0
Bunny Wailer,-0,0
Harry Allen,-0,0
Fortye,-0,0
Eddie Holman,-0,0
Mary Jane Girls,-0,0
Topo & Roby,-0,0
Jack Marshall,-0,0
Tony Harnell,-0,0
Obfusc,-0,0
Ted Lewis and His Orchestra,-0,0
All Angels,-0,0
Sway,-0,0
Rie fu,-0,0
Seaway,-0,0
Beatsteaks,-0,0
VIRTUAL GARDEN,-0,0
Promoe,-0,0
こみっくがーるず,-0,0
宮倉恭子,-0,0
Skyy,-0,0
Pluto Shervington,-0,0
髏々宮カルタ,-0,0
Klaus Kinski,-0,0
江口貴勅,-0,0
Morelia,-0,0
DJ Hektek,-0,0
Kraddy,-0,0
Cascada,-0,0
Sophy,-0,0
Tarkan,-0,0
ジェニス・カトレーン,-0,0
Samuel Deep,-0,0
Refused,-0,0
Blue Train,-0,0
RIKKI,-0,0
Recloose,-0,0
Amadeus Quartet,-0,0
You+Me,-0,0
G‐Dragon,-0,0
David Raksin,-0,0
Badjokes,-0,0
Mince Pye,-0,0
Valerie Dore,-0,0
Bessiff,-0,0
L’Trimm,-0,0
King Fantastic,-0,0
水瀬伊織,-0,0
From Autumn to Ashes,-0,0
Foreigner,-0,0
The Rappin' Duke,-0,0
Peewee Longway,-0,0
Zyklon,-0,0
Kings Go Forth,-0,0
Renato Carosone,-0,0
Peaches & Herb,-0,0
DJ Booty Full,-0,0
Omar,-0,0
Wingz,-0,0
The Zombies,-0,0
Factory Floor,-0,0
Paul Paul,-0,0
加賀美セイラ,-0,0
Lavalamp,-0,0
West Street Mob,-0,0
Less du Neuf,-0,0
MASI,-0,0
Lostprophets,-0,0
BTS,-0,0
The Mystiques,-0,0
ISOxo,-0,0
At the Drive‐In,-0,0
Pitchshifter,-0,0
Sister Rosetta Tharpe,-0,0
surrenderdorothy,-0,0
Mirdza Zīvere,-0,0
Mighty Sparrow,-0,0
DJ Haram,-0,0
Jimmy Spicer,-0,0
Fire Inc.,-0,0
Barbara Ann Teer,-0,0
Disco Dave & The Force of The 5 MCs,-0,0
Atoms for Peace,-0,0
Kizo,-0,0
Battles,-0,0
food house,-0,0
Primus,-0,0
polkazur,-0,0
Jordy Dazz,-0,0
TJ Davis,-0,0
Flash,-0,0
Red Aunts,-0,0
Bentley Dean,-0,0
FIBRE,-0,0
Laurindo Almeida,-0,0
Ian Brown,-0,0
Saul Stokes,-0,0
Mystifier,-0,0
LukeNovember,-0,0
Orkiestra Symfoniczna Filharmonii Narodowej,-0,0
Tiger & Woods,-0,0
Opiuo,-0,0
Sexual Harrassment,-0,0
Linda Lewis,-0,0
Tay‐K,-0,0
The Tornadoes,-0,0
savogy,-0,0
Cali Cartier,-0,0
The Norman Luboff Choir,-0,0
Lo Key,-0,0
Low,-0,0
Five Star,-0,0
Los Lobos,-0,0
Rachel Sweet,-0,0
Jade,-0,0
Lighthouse Family,-0,0
The Horace Silver Quintet,-0,0
川上領,-0,0
CHANG MA,-0,0
The Abominable Iron Sloth,-0,0
Bearings,-0,0
Hentai Dude,-0,0
ぶりる,-0,0
Slowdive,-0,0
NAOKI,-0,0
Rollin Thrax,-0,0
Sepultura,-0,0
The Monkees,-0,0
Need for Mirrors,-0,0
Barış Manço,-0,0
? and the Mysterians,-0,0
Flynt,-0,0
Cannibal Corpse,-0,0
Bruno Sanfilippo,-0,0
Blackjack,-0,0
Mackenzies,-0,0
Panama,-0,0
a‐ha,-0,0
JonTron,-0,0
Scott Matthew,-0,0
Chocolate,-0,0
Diamond Dallas Tex,-0,0
Eliminate,-0,0
Ian Boddy,-0,0
Das Modul,-0,0
Anne Clark,-0,0
Lamont Dozier,-0,0
Stargo,-0,0
Broadcast,-0,0
Ramp,-0,0
The Soul Searchers,-0,0
Lee Mason & His Orchestra,-0,0
I Awake,-0,0
Johnny “Hammond” Smith,-0,0
Little River Band,-0,0
Howwler,-0,0
Howie B,-0,0
テレビ体験,-0,0
Emblem3,-0,0
Sandra Akanke Isidore,-0,0
Skazi,-0,0
Hayseed Dixie,-0,0
Ween,-0,0
Raleigh Theodore Sakers,-0,0
Herbie Mann,-0,0
Khruangbin,-0,0
Kiynaria,-0,0
Mino,-0,0
Nick Dow,-0,0
Valerie Davis,-0,0
Pa’s Lam System,-0,0
Fonzerelli,-0,0
Yunggt3z,-0,0
DJ ENPITSU,-0,0
Main Source,-0,0
Prestige,-0,0
相原隆行,-0,0
Johnny Gioeli,-0,0
Jessica Bailiff,-0,0
Love,-0,0
Sam O'Neall,-0,0
Total Contrast,-0,0
Channel 505,-0,0
Breaka,-0,0
Pigeonhed,-0,0
Veda Simpson,-0,0
La Paquera de Jerez,-0,0
Viper,-0,0
Kermit the Frog,-0,0
New Radicals,-0,0
Christina Stürmer,-0,0
Sun-La-Shan,-0,0
Doc,-0,0
藤田真由美,-0,0
松崎しげる,-0,0
Shockwave Tag Team,-0,0
Louis Futon,-0,0
SoulEye,-0,0
Polyphonix,-0,0
Trickbaby,-0,0
Little Anthony & the Imperials,-0,0
MORGENSHTERN,-0,0
R.I.E,-0,0
Tommy Bass,-0,0
Joel Nielsen,-0,0
Sticky,-0,0
Harvey Mason,-0,0
Wall of Voodoo,-0,0
Sheila E.,-0,0
"Bob Crane, His Drums and Orchestra",-0,0
Midnight Movers,-0,0
Becks,-0,0
Dolly Parton,-0,0
B‐Real,-0,0
The Congos,-0,0
:zoviet*france:,-0,0
Carpenters,-0,0
In‐Grid,-0,0
Hoobastank,-0,0
Macroblank,-0,0
Raz Ohara and The Odd Orchestra,-0,0
Conan Gray,-0,0
Bookworms,-0,0
Ace of Base,-0,0
Michel Dalberto,-0,0
Contrefaçon,-0,0
Mustard,-0,0
Rev. J.M. Gates,-0,0
Alexey Volkov,-0,0
Marian Anderson,-0,0
Bambee,-0,0
Nieman J,-0,0
Zwei,-0,0
Léopold Nord & Vous,-0,0
DiamondBrickZ,-0,0
Skull Snaps,-0,0
Dynasty,-0,0
Dennis Ferrer,-0,0
kikiyama,-0,0
PLS&TY,-0,0
The American Dawn,-0,0
Daniel Klose,-0,0
Perrey & Kingsley,-0,0
Schnappi,-0,0
Womack & Womack,-0,0
Trans‐Siberian Orchestra,-0,0
Professor Longhair,-0,0
The Overlords,-0,0
Junior Wells’ Chicago Blues Band,-0,0
阿川泰子,-0,0
Robin Gibb,-0,0
Moonspell,-0,0
Air Supply,-0,0
Clifford Brown,-0,0
Jlin,-0,0
Bernard Herrmann,-0,0
Throbbing Gristle,-0,0
Ron Gallo,-0,0
Alba,-0,0
Intimate Strangers,-0,0
Barna Soundmachine,-0,0
The Last Town Chorus,-0,0
Frassman,-0,0
The Chalkeaters,-0,0
Akhenaton,-0,0
Westside Connection,-0,0
twocolors,-0,0
Nicole 12,-0,0
Sèyfou Yohannès,-0,0
Dyke & the Blazers,-0,0
Tony Terry,-0,0
Buddy Miles,-0,0
Reverend W.A. Donaldson,-0,0
The Disney Afternoon Studio Chorus,-0,0
EDEN,-0,0
Brenda & the Tabulations,-0,0
アイラミツキ,-0,0
Theatre of Voices,-0,0
Mahavishnu Orchestra,-0,0
Niney the Observer,-0,0
Sandi Thom,-0,0
livetune,-0,0
DJ Laz,-0,0
Alvin Cash & The Crawlers,-0,0
Erlend Øye,-0,0
Lew Stone & His Monseigneur Band,-0,0
Michael Bublé,-0,0
W.D. “Bama” Stewart,-0,0
Highlander,-0,0
Tramaine Hawkins,-0,0
The Staple Singers,-0,0
bill bissett,-0,0
Bonnie Raitt,-0,0
Antiloop,-0,0
Meshell Ndegeocello,-0,0
William Shatner,-0,0
Mediæval Bæbes,-0,0
Godley & Creme,-0,0
Don “Sugarcane” Harris,-0,0
La Boussole,-0,0
Cubenx,-0,0
Daniel Janin,-0,0
China Anne McClain,-0,0
Mel Smith,-0,0
Moluk Zarrābi Darāmad,-0,0
Kusp,-0,0
SpaceGat,-0,0
Yaeji,-0,0
Liquid Stranger,-0,0
Francis Lai,-0,0
Holly Valance,-0,0
Easy Mo Bee,-0,0
Meredith Monk,-0,0
Ash,-0,0
Stay Flee Get Lizzy,-0,0
Denise,-0,0
Glenn Lewis,-0,0
Tom Brock,-0,0
三宅大輔,-0,0
JP Cooper,-0,0
Vern & Milla,-0,0
Winchester Cathedral Choir,-0,0
SISTAR19,-0,0
Dickie Jones,-0,0
Arno Motz,-0,0
Zbigniew Preisner,-0,0
Dobie Gray,-0,0
大塚愛,-0,0
Krach,-0,0
Rank 1,-0,0
Fritz Carlton,-0,0
user-530780552,-0,0
The Auteurs,-0,0
Five Man Electrical Band,-0,0
TIN,-0,0
The Higher Intelligence Agency,-0,0
“Brother” Jack McDuff,-0,0
Sonic Youth,-0,0
HNTR,-0,0
Skids,-0,0
Yunus Güvenen,-0,0
Chet Baker Quartet,-0,0
TroyBoi,-0,0
Ambitious Lovers,-0,0
阿保剛,-0,0
The Clash,-0,0
face to face,-0,0
Zimbo Trio,-0,0
Club Nouveau,-0,0
Azzido da Bass,-0,0
Joe Gullace,-0,0
Emanuel Laskey,-0,0
Ijahman Levi,-0,0
CRIM3S,-0,0
Alex Metric,-0,0
Connector,-0,0
Atlas Earth,-0,0
Flowchart,-0,0
Moving Hearts,-0,0
Adam Ten,-0,0
Kosmos,-0,0
Paradiso Girls,-0,0
Jo Ann Garrett,-0,0
Pierô,-0,0
Party in Backyard,-0,0
Status Quo,-0,0
Russ,-0,0
J Hus,-0,0
Rhodes Rodosu,-0,0
Latimore,-0,0
Moldy,-0,0
Semisonic,-0,0
DATEKEN,-0,0
Tom Petty and the Heartbreakers,-0,0
Lee “Scratch” Perry,-0,0
S. E. Rogie,-0,0
The McCalmans,-0,0
The Beginning of the End,-0,0
Hello Bye Bye,-0,0
Miles Jaye,-0,0
Weather Report,-0,0
Little Milton,-0,0
Chaah,-0,0
Doug Robb,-0,0
加藤ありさ,-0,0
Laserkraft 3D,-0,0
Toronto,-0,0
Derek Simon,-0,0
William Basinski,-0,0
Lee Fields & the Expressions,-0,0
Eddie Hodges,-0,0
Burt Bacharach,-0,0
ElyOtto,-0,0
Tego Calderón,-0,0
泉こなた,-0,0
Melvin “Wah Wah” Watson,-0,0
Fulborn Teversham,-0,0
The Rubber Band,-0,0
Orchester Roland Kovac,-0,0
Lazy Jay,-0,0
Qlas & Blacka,-0,0
Pretenders,-0,0
Kenny Allstar,-0,0
The Wailers,-0,0
Trust,-0,0
wowaka,-0,0
Throwing Snow,-0,0
The Times,-0,0
Tokyo Ghetto Pussy,-0,0
JMJ & Richie,-0,0
Barry McGuire,-0,0
hololive English -Myth-,-0,0
Freestyle,-0,0
The Chameleon,-0,0
Stephen Warbeck,-0,0
Riot Ten,-0,0
JuicyTrax,-0,0
Romano Bais,-0,0
Caterina Valente,-0,0
My Chemical Romance,-0,0
Foamo,-0,0
Miko Mission,-0,0
RADIO FISH,-0,0
ANS,-0,0
Graham Bonnet,-0,0
Madder Rose,-0,0
Asino,-0,0
Johnny Clarke,-0,0
Fashawn,-0,0
Beirut,-0,0
Chocolate Weasel,-0,0
Banda Black Rio,-0,0
David Tudor,-0,0
Heartbreak,-0,0
Anil Chawla,-0,0
Travis,-0,0
Fatty Spins,-0,0
Ranko,-0,0
2 Player,-0,0
David Bromberg,-0,0
Andrew Bird,-0,0
The 9th Creation,-0,0
Wish Key,-0,0
BlackGummy,-0,0
Mantronix,-0,0
Terpsichord,-0,0
Run DMT,-0,0
GAME FREAK,-0,0
Tomomi Ukumori,-0,0
The Flamingos,-0,0
23,-0,0
福田有理,-0,0
YM,-0,0
Ernest Gold,-0,0
Chris Smith,-0,0
Bobby “Boris” Pickett,-0,0
The Martian,-0,0
Die Woody's,-0,0
Stu Phillips,-0,0
Luca Agnelli,-0,0
Young Koop,-0,0
The Sweet Inspirations,-0,0
Skipworth & Turner,-0,0
Sleep Token,-0,0
Marianas Trench,-0,0
Brian Bennett,-0,0
East Flatbush Project,-0,0
Son House,-0,0
Brooklyn Bounce,-0,0
ElectroKaplosion,-0,0
Ras Michael & The Sons of Negus,-0,0
MUNA,-0,0
Dustin Laurenzi,-0,0
OMFG,-0,0
Melba Moore,-0,0
Caravan Palace,-0,0
Geraldine Hunt,-0,0
Amnesty,-0,0
Quincy Jones and His Orchestra,-0,0
The Isley Brothers,-0,0
gdgd妖精s,-0,0
Orlando Julius,-0,0
HIROSHI WATANABE,-0,0
Brigitte Bardot,-0,0
Helen,-0,0
Savoy,-0,0
Mo'Rockin,-0,0
DJ Nu‐Mark,-0,0
Jóhann Jóhannsson,-0,0
Jimmy Shand and His Band,-0,0
Polar Bear,-0,0
Dynas,-0,0
Greazus,-0,0
Stefflon Don,-0,0
Skapes,-0,0
Haindling,-0,0
Stereolab,-0,0
Bomba Estéreo,-0,0
Sheb Wooley,-0,0
Charlie Rich,-0,0
Michael Cassette,-0,0
Penelope Scott,-0,0
Sleeping People,-0,0
Lil Baby,-0,0
Уметь Бы,-0,0
Mirage,-0,0
Upsilon Acrux,-0,0
Silversun Pickups,-0,0
Douglas Cummings,-0,0
Percy Faith and His Orchestra,-0,0
Blonde Redhead,-0,0
Wolfgun,-0,0
Baby Mammoth,-0,0
Yeanling3696,-0,0
Robert Camero,-0,0
Dopplereffekt,-0,0
slowthai,-0,0
Jim Ingram,-0,0
Peter Frampton,-0,0
Climie Fisher,-0,0
Slyde,-0,0
TOKYO ROSE,-0,0
Three Days Grace,-0,0
The Tallest Man on Earth,-0,0
竹内まりや,-0,0
Sandy Stewart,-0,0
Figures of Eighty,-0,0
Kid Loco,-0,0
Young H,-0,0
Mishovy Šílenosti,-0,0
Yr Atgyfodiad,-0,0
Kourosh Yaghmaei,-0,0
Lena,-0,0
Suzi Quatro,-0,0
千石撫子,-0,0
Lindemann,-0,0
Poppin'Party,-0,0
Caroline Polachek,-0,0
Steven Wilson,-0,0
U.K.,-0,0
Juice WRLD,-0,0
FWLR,-0,0
Victoria Beckham,-0,0
Wayne Shorter,-0,0
許冠傑,-0,0
白光,-0,0
Moore Kismet,-0,0
BADBADNOTGOOD,-0,0
Buddy Merrill,-0,0
Melanie Fiona,-0,0
MONORAL,-0,0
Matt Neux,-0,0
Judgitzu,-0,0
Benjamin Theves,-0,0
Tate McRae,-0,0
Philip George,-0,0
hololive English,-0,0
NicolArmarfi,-0,0
FPI Project,-0,0
Little Dragon,-0,0
Jeremy Greenspan,-0,0
Shwayze,-0,0
Eugene Record,-0,0
Tony Sineni,-0,0
Michael C. Hall,-0,0
Aziza A.,-0,0
Power of Zeus,-0,0
Chase,-0,0
Oliver Heldens,-0,0
Luminous Orange,-0,0
Rockers Revenge,-0,0
Big Shaq,-0,0
mewithoutYou,-0,0
Max Richter,-0,0
Cise Star,-0,0
Frédéric Mercier,-0,0
Nevada,-0,0
Dido,-0,0
Thirteen Senses,-0,0
Amit Mishra,-0,0
Lemon Sol,-0,0
Afrika Bambaataa & The Jazzy 5,-0,0
Juliet Fox,-0,0
Wings,-0,0
Barbara Lewis,-0,0
Knights of the Turntables,-0,0
June Miller,-0,0
高橋美佳子,-0,0
Breeder,-0,0
David Michael,-0,0
戸松遥,-0,0
WATCHMAN,-0,0
Procol Harum,-0,0
Gryffin,-0,0
Tim Hecker,-0,0
Robin Trower,-0,0
Sarah Hopkins,-0,0
Louis Armstrong and His Hot Seven,-0,0
múm,-0,0
J Álvarez,-0,0
Smart Systems,-0,0
Jessica Simpson,-0,0
Emily Bindiger,-0,0
Matthew Wilder,-0,0
Simtec & Wylie,-0,0
Kiiara,-0,0
Bedwetter,-0,0
Rue Royale,-0,0
Armenta,-0,0
Hugo TSR,-0,0
America,-0,0
Oh Wonder,-0,0
Electric Six,-0,0
i SQUARE,-0,0
Renārs Kaupers,-0,0
Artie Shaw,-0,0
Martyn,-0,0
Duster,-0,0
Wolfmother,-0,0
Harmony's,-0,0
Ralph Fridge,-0,0
Die Wildecker Herzbuben,-0,0
Mord Fustang,-0,0
Ludwig Göransson,-0,0
Klint,-0,0
The Buff Medways,-0,0
Diamond District,-0,0
ghost and tape,-0,0
Khaled,-0,0
Plez,-0,0
Flipp Dinero,-0,0
早崎あすか,-0,0
KT-19941,-0,0
Natural Touch,-0,0
Shaï,-0,0
Xian,-0,0
Technical Difficulties,-0,0
Pardeep Sran,-0,0
Dead or Alive,-0,0
Googoosh,-0,0
Hot Chelle Rae,-0,0
高橋洋樹,-0,0
Jason Fine,-0,0
DJ Zen,-0,0
Bree Runway,-0,0
win a sheep free,-0,0
Clowny,-0,0
Cartouche,-0,0
Amanda Perez,-0,0
白虹,-0,0
The Temptations,-0,0
Padmasana,-0,0
Les Fatals Picards,-0,0
Tojami Sessions,-0,0
Pavement,-0,0
Jackie Jackson,-0,0
C.J. & Co,-0,0
Shawn Christopher,-0,0
ニラパセリ,-0,0
Moss,-0,0
Mental Broadcast,-0,0
Mark Mancina,-0,0
Douglas Penn,-0,0
Rome in Silver,-0,0
Silverchair,-0,0
The Young Gods,-0,0
Regularfantasy,-0,0
Peggy Lee,-0,0
本田華子,-0,0
Porcelain Black,-0,0
Жуки,-0,0
Symbol,-0,0
ASHE,-0,0
John Cameron,-0,0
Marcello Giombini,-0,0
Jeff Beck Group,-0,0
Luther ‘Georgia Boy’ Johnson,-0,0
Thaíde & DJ Hum,-0,0
Gary Portnoy,-0,0
The Orion Experience,-0,0
Leslie Uggams,-0,0
Pat Boone,-0,0
Cardiacs,-0,0
Hot Since 82,-0,0
Unique,-0,0
Scotch,-0,0
ILLIT,-0,0
Windsor for the Derby,-0,0
Kebo Gotti,-0,0
Jason Downs,-0,0
Endigo,-0,0
Meg & Dia,-0,0
halca,-0,0
Simon Park Orchestra,-0,0
Webster Lewis,-0,0
Steve Arrington’s Hall of Fame,-0,0
Juice Aleem,-0,0
Michael Nyman,-0,0
Wild Motherfuckers,-0,0
Marshmello,-0,0
kidkanevil,-0,0
Mercer,-0,0
The Vibrations,-0,0
Cedar Walton,-0,0
Kristi Kara,-0,0
Cutting Crew,-0,0
Sharron Lucky,-0,0
Wilfred y La Ganga,-0,0
Frankie Smith,-0,0
Malaa,-0,0
Jason Segel,-0,0
Cass Piss,-0,0
Barbie,-0,0
Vistoso Bosses,-0,0
Larry Owens,-0,0
Anton Sonin,-0,0
Tokio,-0,0
Luciano Berio,-0,0
Daniel Balavoine,-0,0
Michel Jonasz,-0,0
Fog Lake,-0,0
Skinny Puppy,-0,0
Yu Murakami,-0,0
Hildegard von Bingen,-0,0
Amon Düül II,-0,0
Peter Bjorn and John,-0,0
O Yuki Conjugate + Sons of Silence = Spoke,-0,0
Crunch,-0,0
B.G.,-0,0
The Abyssinians,-0,0
Artemas,-0,0
The Pointer Sisters,-0,0
Nadine Beiler,-0,0
Kinky Go,-0,0
The Jaggerz,-0,0
Foundation,-0,0
Men Without Hats,-0,0
Carmen McRae,-0,0
Three Dog Night,-0,0
Zoom,-0,0
Momu,-0,0
T.S. Monk,-0,0
Haywire,-0,0
혜주,-0,0
Bill Cosby,-0,0
boy pablo,-0,0
Cantoma,-0,0
Tim Rosko,-0,0
M6,-0,0
千昌夫,-0,0
Julian Cope,-0,0
DJ Slimzee,-0,0
Blancmange,-0,0
Bobby Byrd,-0,0
Steam Heat,-0,0
Christine Shipp,-0,0
All the People,-0,0
GlacialSpoon,-0,0
Enya,-0,0
CobaltBW,-0,0
Tweet,-0,0
Voicians,-0,0
Yves V,-0,0
Bonnie McKee,-0,0
Fuzzy Haskins,-0,0
デッドボールP,-0,0
萩原雪歩,-0,0
VIOLENT VIRA,-0,0
Charles Mingus,-0,0
Matt Keating,-0,0
Mr. 76ix,-0,0
上海アリス幻樂団,-0,0
Gilbert Montagné,-0,0
Dawn Penn,-0,0
王菲,-0,0
Alexander Brandon,-0,0
JUMADIBA,-0,0
Lifers Group,-0,0
Art Zoyd,-0,0
Sam Dees,-0,0
OneRepublic,-0,0
The Great Kat,-0,0
Silent Vigils,-0,0
advantage Lucy,-0,0
Johnny Orlando,-0,0
Vertical Horizon,-0,0
Harvey Danger,-0,0
Söhne Mannheims,-0,0
Bongwater,-0,0
A.G.F.,-0,0
Andromedik,-0,0
WHOKILLEDXIX,-0,0
Chris Zabriskie,-0,0
The Big Brother,-0,0
Bill Riley,-0,0
Paul Misraki,-0,0
Tim Engelhardt,-0,0
Control Freaks,-0,0
Slash,-0,0
Cousin Stizz,-0,0
Little Mix,-0,0
The Wake,-0,0
Slade,-0,0
Pablo Dread,-0,0
一之瀬剛,-0,0
Klique,-0,0
I Wayne,-0,0
Harry Nilsson,-0,0
Erik Satie,-0,0
I.L.L. Will,-0,0
Modern Talking,-0,0
Memphis Minnie,-0,0
DJ Clue?,-0,0
Planetary Assault Systems,-0,0
Kumarion,-0,0
Blackdown,-0,0
GIVĒON,-0,0
Toots & The Maytals,-0,0
Addison Groove,-0,0
Vicious Pink,-0,0
Barbara,-0,0
Thy Light,-0,0
George Duke,-0,0
Herizen,-0,0
Finbar & Eddie Furey,-0,0
Python Lee Jackson,-0,0
McFadden & Whitehead,-0,0
Paul Mauriat et son orchestre,-0,0
Alpha Omega,-0,0
Darq E Freaker,-0,0
Jet,-0,0
Kehlani,-0,0
The Castaways,-0,0
Azar Lawrence,-0,0
Hamdi,-0,0
The Makemakes,-0,0
Pérez Prado and His Orchestra,-0,0
Isabella Lovestory,-0,0
Detest,-0,0
Mr. Sauceman,-0,0
Dijon,-0,0
ericdoa,-0,0
Bombs Away,-0,0
YUC'e,-0,0
Lords of Acid,-0,0
Spiritual Warriors,-0,0
Midnight Syndicate,-0,0
Atlantic Connection,-0,0
Jogeir Liljedahl,-0,0
Goblin,-0,0
内田真礼,-0,0
Bing & Ruth,-0,0
Johnny Cash,-0,0
Sam Gellaitry,-0,0
Jonth,-0,0
남구민,-0,0
Pulsarmashups,-0,0
Steel Pulse,-0,0
Lloop,-0,0
The Super Mario Players,-0,0
CRYSTAL,-0,0
Active X,-0,0
Gwen McCrae,-0,0
Van der Graaf Generator,-0,0
Loose Ends,-0,0
Stéphanie Varègues,-0,0
Christopher Tin,-0,0
Alessandro Moreschi,-0,0
Renascent,-0,0
Blind Willie McTell,-0,0
Carla Bley,-0,0
Quasamodo,-0,0
Fly by Midnight,-0,0
Spacehog,-0,0
Candido,-0,0
Bang La Decks,-0,0
Guilty Kiss,-0,0
Atmosfear,-0,0
Argiflex,-0,0
Gutterpink,-0,0
Rodrigo Amarante,-0,0
Brian May,-0,0
Don Felder,-0,0
Amos,-0,0
Greta Van Fleet,-0,0
CRi,-0,0
X Ambassadors,-0,0
Jock Hattle,-0,0
eNix Killerz,-0,0
Tom Zé,-0,0
Notch,-0,0
Unders,-0,0
The Lovelites,-0,0
Val Young,-0,0
Street Military,-0,0
Alex M.O.R.P.H.,-0,0
Billy Cobham,-0,0
The New Stan Getz Quartet,-0,0
Mom,-0,0
Andy Kerr,-0,0
SABAI,-0,0
Tyzik,-0,0
Lidell Townsell & M.T.F.,-0,0
Lindsey Stirling,-0,0
Joe Yellow,-0,0
Biscits,-0,0
The Purple Gang,-0,0
The Mighty Diamonds,-0,0
Parlet,-0,0
Ramin Djawadi,-0,0
Aivi Tran,-0,0
Dalida,-0,0
Bobby Cook & The Explosions,-0,0
Clutch,-0,0
Digital & Spirit,-0,0
Ganger,-0,0
The Modern Jazz Quartet,-0,0
Dub War,-0,0
Dennis und die wilde 13,-0,0
Utopian Concept,-0,0
Justin Timberlake,-0,0
KC and the Sunshine Band,-0,0
Camp Cope,-0,0
Ian Van Dahl,-0,0
The John Schroeder Orchestra,-0,0
The Original,-0,0
ThatSonofaMitch,-0,0
Rakaa Iriscience,-0,0
sundial,-0,0
Commodores,-0,0
Shanahan,-0,0
Norin & Rad,-0,0
Robert Winters & Fall,-0,0
Donna Allen,-0,0
True Story,-0,0
twenty one pilots,-0,0
Carey Johnson,-0,0
Breadwinner,-0,0
Liella!,-0,0
Montana Skies,-0,0
Starkillers,-0,0
＊なみりん,-0,0
The Jimmy Castor Bunch,-0,0
Adraen,-0,0
Family Guy,-0,0
Oddprophet,-0,0
Steve Martin,-0,0
Kurt Baggaley,-0,0
DREAMCATCHER,-0,0
Paul Westerberg,-0,0
Exyl,-0,0
Deepside,-0,0
7th Wonder,-0,0
InsideInfo,-0,0
シオカラーズ,-0,0
Chime,-0,0
YUNG MINCCINO,-0,0
Allen Simpson,-0,0
Luiz Bonfá,-0,0
Chinx,-0,0
Zoe Saldaña,-0,0
Vashti Bunyan,-0,0
765 MILLIONSTARS,-0,0
Konshens,-0,0
Revo,-0,0
modest by default,-0,0
Rude 66,-0,0
Paz Ortega Andrade,-0,0
Helene Fischer,-0,0
Franz & Frankie,-0,0
Kimberley Briggs,-0,0
Zero dB,-0,0
Blaze,-0,0
The Guo Brothers,-0,0
Lee Towers,-0,0
Kay Trần,-0,0
Richard Gotainer,-0,0
Editors,-0,0
Richard F,-0,0
The Delfonics,-0,0
The Fraggles,-0,0
saturn,-0,0
Marlon Asher,-0,0
Niykee Heaton,-0,0
Royal Blood,-0,0
ellis,-0,0
Ed Solo,-0,0
Blvckholes,-0,0
PNAU,-0,0
Marlon Saunders,-0,0
Gary Burton,-0,0
Eddie Drennon & BBS Unlimited,-0,0
G-REX,-0,0
Brothers Love Dubs,-0,0
M Huncho,-0,0
John Rowles,-0,0
Aaron Cherof,-0,0
Yeah Yeah Yeahs,-0,0
National Percussion Group of Kenya,-0,0
Mafia Boyz,-0,0
William S. Burroughs,-0,0
Fake Blood,-0,0
Komytea,-0,0
I-F,-0,0
L’Orchestre Electronique,-0,0
67,-0,0
Hanson,-0,0
Peabo Bryson,-0,0
Momma's Boy,-0,0
Leila Pinheiro,-0,0
Booty Luv,-0,0
La Vilerie,-0,0
Iambia,-0,0
Ben Moody,-0,0
Tiger Stripes,-0,0
Levantine,-0,0
Das Krause Duo,-0,0
ワルキューレ,-0,0
Aimee Mann,-0,0
Lucio Battisti,-0,0
Dave East,-0,0
Tameka Starr,-0,0
Irān‐od‐Dowleh Helen,-0,0
Bagarre,-0,0
HeeJin,-0,0
Alec Holowka,-0,0
Julius Brockington,-0,0
Jyc Row,-0,0
The Duke Pearson Big Band,-0,0
Arlene Tiger,-0,0
Collapse,-0,0
Trillville,-0,0
Mireille Mathieu,-0,0
Enoch Light,-0,0
Quivver,-0,0
Disasterpeace,-0,0
Mack Daddy Ju,-0,0
Robin Kenyatta,-0,0
Current Joys,-0,0
Basement Freaks,-0,0
Kate Yanai,-0,0
To Kool Chris,-0,0
William Sheller,-0,0
Weldon Irvine,-0,0
David Sancious,-0,0
Stimmhorn,-0,0
Victoria Justice,-0,0
YOASOBI,-0,0
Seduction,-0,0
Débruit,-0,0
The Bees,-0,0
Dimitri Vegas,-0,0
大貫妙子,-0,0
Ada Rook,-0,0
Ricky Williams,-0,0
Solar Fields,-0,0
TINYMAN,-0,0
Ike Turner & the Kings of Rhythm,-0,0
Ricky Martin,-0,0
Hurts,-0,0
John Dankworth and His Orchestra,-0,0
Sir Simon,-0,0
Shock,-0,0
Abstrakt Sonance,-0,0
Emperor,-0,0
Mac Thornhill,-0,0
Ash King,-0,0
Nautic,-0,0
山岸継司,-0,0
Kelly Rowland,-0,0
Cyrus,-0,0
Elina Born,-0,0
The Main Ingredient,-0,0
Emma Pittman,-0,0
Drumattic Twins,-0,0
prodby668,-0,0
Rahsaan Roland Kirk,-0,0
Strange Fruit Project,-0,0
The Moments,-0,0
Soda Club,-0,0
DJ DIESEL,-0,0
森川由加里,-0,0
Cab Calloway,-0,0
The Stunned Guys,-0,0
Miguel Ríos,-0,0
Lil’ Kleine,-0,0
Billy Ocean,-0,0
Woody Guthrie,-0,0
bar italia,-0,0
C A R V E L L,-0,0
Mike Rutherford,-0,0
Kobito,-0,0
Sikka Rymes,-0,0
이달의 소녀 yyxy,-0,0
Natalie La Rose,-0,0
Joseph Williams,-0,0
Carolina Gaitán,-0,0
Gibson Brothers,-0,0
Vera Lynn,-0,0
Sebadoh,-0,0
UnderKeel,-0,0
Frankie Knuckles,-0,0
Egotronic,-0,0
Destroyer,-0,0
Pearly Drops,-0,0
アイロボ,-0,0
Chris Barber,-0,0
Orson Welles,-0,0
Henry Franklin,-0,0
Jackname Trouble,-0,0
Johnny Osbourne,-0,0
VeggieTales,-0,0
Danity Kane,-0,0
Bill Landford & The Landfordaires,-0,0
ななひら,-0,0
DJ Tunez,-0,0
Chapter & Verse,-0,0
Wayne McGhie,-0,0
Automatic Loveletter,-0,0
Lovelock,-0,0
Lee Michaels,-0,0
オメガトライブ,-0,0
OxT,-0,0
Habischman,-0,0
Hugues Aufray,-0,0
Hercules and Love Affair,-0,0
Gianfranco Plenizio,-0,0
Kariya,-0,0
Atlantic Ocean,-0,0
Michael Riesman,-0,0
Jon Lucien,-0,0
Love Unlimited Orchestra,-0,0
Alan Stivell,-0,0
F‐Fields,-0,0
Side Effect,-0,0
Sharon Jones and the Dap‐Kings,-0,0
Trackshittaz,-0,0
Wet,-0,0
Ralphi Rosario,-0,0
Flaming Ember,-0,0
Mister X.,-0,0
Emily Osment,-0,0
ZONE,-0,0
Britt Nicole,-0,0
Sarah Webster Fabio,-0,0
Larry Coryell,-0,0
Alex Party,-0,0
Metro Station,-0,0
Luscious Jackson,-0,0
Krush,-0,0
Peter Thomas Sound Orchestra,-0,0
Squeeze,-0,0
Jimmie Walker,-0,0
De‐Phazz,-0,0
The Masqueraders,-0,0
Alabama Shakes,-0,0
Sean Szeles,-0,0
藤井志帆,-0,0
Jake Wade & The Soul Searchers,-0,0
T.O.K.,-0,0
Pa Salieu,-0,0
Mr. Vegas,-0,0
Big Brother & the Holding Company,-0,0
Max,-0,0
The Vines,-0,0
YOU LOVE HER,-0,0
Ben Grunnell,-0,0
NCT U,-0,0
Ronald Stein,-0,0
Lucy Swann,-0,0
Paul Whiteman and His Orchestra,-0,0
Refugee Camp Allstars,-0,0
シカ部,-0,0
Gallagher & Lyle,-0,0
Starchildren,-0,0
Red Velvet,-0,0
Cordell 'Scatta' Burrell,-0,0
The Viola Crayola,-0,0
Rednex,-0,0
Jerry Butler,-0,0
Alicef,-0,0
affable noise,-0,0
The J.B.’s,-0,0
Orson Karte,-0,0
Steve Aoki,-0,0
The Knife,-0,0
Tori Amos,-0,0
Eddie Bo,-0,0
Ellie Goulding,-0,0
Roy Porter Sound Machine,-0,0
Trammell Starks,-0,0
Sagittarius,-0,0
Greg Parker,-0,0
1 Trait Danger,-0,0
やまだ豊,-0,0
Ratatat,-0,0
Greyson Chance,-0,0
Cajmere,-0,0
Billy Ray Cyrus,-0,0
Jimmy Ruffin,-0,0
Nona Hendryx,-0,0
Bent Fabricius-Bjerre,-0,0
Kurts & DJ Krii,-0,0
I DONT KNOW HOW BUT THEY FOUND ME,-0,0
Rotary Connection,-0,0
Wizzard,-0,0
Reuben Wilson,-0,0
YENA,-0,0
Derek Duke,-0,0
Kevin MacLeod,-0,0
cokiyu,-0,0
HoneyWorks,-0,0
Princess Superstar,-0,0
Shades,-0,0
Teddy Killerz,-0,0
Joe Jackson Band,-0,0
sun3,-0,0
John Blair,-0,0
Ryan Amon,-0,0
Level 2,-0,0
JISOO,-0,0
Virus,-0,0
Diskord,-0,0
Interpol,-0,0
David Lynch,-0,0
Neal Acree,-0,0
日向敏文,-0,0
Impaled Nazarene,-0,0
Hossam Ramzy,-0,0
Li’ll Bo Tweak,-0,0
Karla Borecky,-0,0
Neon,-0,0
Soulful Celebration,-0,0
PAS TASTA,-0,0
John Schroeder,-0,0
Polmo Polpo,-0,0
Young Stoner Life,-0,0
ROCKY CHACK,-0,0
Madegg,-0,0
Asheru and Blue Black of The Unspoken Heard,-0,0
John Siegler,-0,0
Blackjack,-0,0
Витас,-0,0
Cloud Nothings,-0,0
Maelstrom,-0,0
Synthis,-0,0
Magnetic Man,-0,0
Rezonate,-0,0
Sie,-0,0
Folder 5,-0,0
d0llywood1,-0,0
B.W.H.,-0,0
Jan Lisiecki,-0,0
Lenny White,-0,0
Cosmic Baby,-0,0
Helium,-0,0
daine,-0,0
Eddie Cochran,-0,0
MuK,-0,0
Hugh Jackman,-0,0
The Free,-0,0
The Darkness,-0,0
The Gene Harris Quartet,-0,0
Enrique Iglesias,-0,0
Robin Harris,-0,0
Hiatus Kaiyote,-0,0
Alex Costa,-0,0
Klein & M.B.O.,-0,0
Edo.G,-0,0
Evol Intent,-0,0
Carolyn Crawford,-0,0
ABC,-0,0
Виктория Королёва,-0,0
Frédéric Galliano,-0,0
やすな,-0,0
Goofy,-0,0
Lucero,-0,0
Rhett & Link,-0,0
Johnny Hallyday,-0,0
澤田朋伯,-0,0
La Bottine Souriante,-0,0
Gregory Isaacs,-0,0
Balla et ses Balladins,-0,0
Buddy Ross,-0,0
Helix,-0,0
Doe Maar,-0,0
Lidell Townsell,-0,0
EH!DE,-0,0
Kasablanca,-0,0
Heritage,-0,0
Costollo,-0,0
Echo & the Bunnymen,-0,0
Brother to Brother,-0,0
SKisM,-0,0
Lee Dorsey,-0,0
Rainbow,-0,0
MU,-0,0
The Parliaments,-0,0
Electric Light Orchestra,-0,0
Rising Appalachia,-0,0
Barker,-0,0
Gloria Jones,-0,0
Alberto,-0,0
STAYC,-0,0
Corey Hart,-0,0
Max Elto,-0,0
Randy Brown,-0,0
Fred V & Grafix,-0,0
Waxolutionists,-0,0
The Chi‐Lites,-0,0
Creed,-0,0
Hixxy,-0,0
Helix,-0,0
Albino Gorilla,-0,0
Megalon,-0,0
Boris Policeband,-0,0
DJ Daigo,-0,0
4s4ki,-0,0
Young & Company,-0,0
Creations Unlimited,-0,0
角松敏生,-0,0
Carly Rae Jepsen,-0,0
Lars Leonhard,-0,0
Television,-0,0
Hozier,-0,0
Eveline Breaker,-0,0
Male Alchemy,-0,0
a/jus/ted,-0,0
Hardwe're,-0,0
Krankšvester,-0,0
Michel Gonet,-0,0
Alain Souchon,-0,0
Alex Burton,-0,0
Hole,-0,0
Santo & Johnny,-0,0
O Mandrake,-0,0
Jump,-0,0
Bulgarian State Radio & Television Female Vocal Choir,-0,0
Buzzcocks,-0,0
Bow Wow Wow,-0,0
Celia Cruz,-0,0
つなまる,-0,0
the Microphones,-0,0
Lianne La Havas,-0,0
The Jerry Hahn Brotherhood,-0,0
谷口輝雄,-0,0
Grateful Dead,-0,0
Jack MacGowran,-0,0
Audion,-0,0
Duke Ellington and His Orchestra,-0,0
Luke,-0,0
Perfect Cell,-0,0
The King’s Singers,-0,0
Consumer Rapport,-0,0
The Slickers,-0,0
The Eclectic Mouse,-0,0
Gary Bartz,-0,0
Jorn van Deynhoven,-0,0
John Morgan,-0,0
Ariose,-0,0
Coast 2 Coast,-0,0
ぼっちぼろまる,-0,0
Lil’ Wil,-0,0
Faze Miyake,-0,0
Dschinghis Khan,-0,0
SampliFire,-0,0
Jerry Lewis,-0,0
Hicke Und Die Starken Männer,-0,0
Fleur East,-0,0
Laura Olsher,-0,0
Mark Knopfler,-0,0
Abstract Minds,-0,0
荻野目洋子,-0,0
Devlin,-0,0
Cal Tjader,-0,0
Jack Finlay,-0,0
Mahalia Jackson,-0,0
Randy Weston,-0,0
Eddie Murphy,-0,0
Danube Dance,-0,0
VOLTA,-0,0
Bad Boys,-0,0
Sameer Ahmad,-0,0
King Oliver’s Jazz Band,-0,0
Micki Grant,-0,0
Tim Follin,-0,0
Mystic Moods,-0,0
緑川光,-0,0
Willie Dixon,-0,0
Los Suruba,-0,0
Patti LaBelle,-0,0
anvii,-0,0
Kyrstyn Pixton,-0,0
Lord Melody,-0,0
Franziska Menke,-0,0
The Bravery,-0,0
Shuttle,-0,0
Simin Ghanem,-0,0
ALVABEAT,-0,0
Huw Jones,-0,0
Mercury Rev,-0,0
Gary Numan,-0,0
Blac Youngsta,-0,0
DJ Fletch,-0,0
Amanda Lear,-0,0
Rohff,-0,0
Ivy Hollivana,-0,0
AtHeart,-0,0
Traci Lords,-0,0
Stereo 77,-0,0
Satanic Surfers,-0,0
DNCE,-0,0
Marc Anthony,-0,0
Petra & Co,-0,0
ボンジュール鈴木,-0,0
The Mel-O-Tones,-0,0
Kyu Sawamura,-0,0
Leon Bridges,-0,0
徳山秀典,-0,0
Bukka White,-0,0
Plaid,-0,0
Sabre,-0,0
Ojerime,-0,0
Sounds Orchestral,-0,0
Bruce Hornsby & the Range,-0,0
Mark Morrison,-0,0
DÖF,-0,0
miko,-0,0
和泉宏隆,-0,0
Bilderbuch,-0,0
Silvio Ecomo,-0,0
Fredo Santana,-0,0
Country & Western,-0,0
Coro del Teatro alla Scala di Milano,-0,0
James Taylor,-0,0
花澤香菜,-0,0
Theophilus London,-0,0
i‐dle,-0,0
Gec,-0,0
Joe Zawinul,-0,0
Michael Arellano,-0,0
Bottom $,-0,0
Phineas and the Ferb‐Tones,-0,0
Tosca,-0,0
A.J. & Big Justice,-0,0
RMB,-0,0
Os Mutantes,-0,0
Secreto “El Famoso Biberón”,-0,0
KYLE,-0,0
From First to Last,-0,0
Pugh Rogefeldt,-0,0
Spirit,-0,0
Jazzy System,-0,0
Koegawa,-0,0
DJ OKAWARI,-0,0
Sylvester,-0,0
AKB48,-0,0
Djedjotronic,-0,0
GUILD MERCHANT,-0,0
Lolina,-0,0
Theo Meier,-0,0
MINTTT,-0,0
Gilla,-0,0
Serum,-0,0
Frezel,-0,0
Kiprich,-0,0
Marion Black,-0,0
Thomas Ferkol,-0,0
The Mojo Men,-0,0
PLEEG,-0,0
This Heat,-0,0
Herb Robertson,-0,0
Bonnie Tyler,-0,0
Froxic,-0,0
Tréveris,-0,0
A-0,-0,0
Gert Wilden & Orchestra,-0,0
sulga,-0,0
寺田創一,-0,0
Two Door Cinema Club,-0,0
Eero Koivistoinen Music Society,-0,0
帆足圭吾,-0,0
Information Society,-0,0
Celtic Frost,-0,0
Stone Sour,-0,0
Thousand Foot Krutch,-0,0
Yuna,-0,0
Josephine Foster,-0,0
Kid Dynamite,-0,0
ESPRIT 空想,-0,0
Journey,-0,0
Manu Dibango,-0,0
Barbara Mason,-0,0
765PRO ALLSTARS,-0,0
Magic Men,-0,0
Đogani,-0,0
László Heltay,-0,0
Atomic Kitten,-0,0
Terry Reid,-0,0
ABBA,-0,0
Billy Corgan,-0,0
Stardrive,-0,0
Geraldo Vandré,-0,0
Caramell,-0,0
Nathan Fake,-0,0
Mr. Lexx,-0,0
Vellum,-0,0
Elijah Who,-0,0
Cutty Ranks,-0,0
Alvin Robinson,-0,0
Gas,-0,0
The House Crew,-0,0
Toney Lee,-0,0
Father John Misty,-0,0
Aurosonic,-0,0
Tinariwen,-0,0
Soul Mann & The Brothers,-0,0
八奈見杏菜,-0,0
4batz,-0,0
Fantastic Freaks,-0,0
Bernard “Pretty” Purdie,-0,0
2 Bal Niggets,-0,0
Ryan Paris,-0,0
Whiney,-0,0
Kurt Carr Project,-0,0
Sandy Nelson,-0,0
Laid Blak,-0,0
Freeez,-0,0
Voices in the Dark,-0,0
UTFO,-0,0
BTK,-0,0
Gino Vannelli,-0,0
Four Tops,-0,0
hard life,-0,0
Doris Day,-0,0
Curbi,-0,0
NyxTheShield,-0,0
m1dy,-0,0
Jago,-0,0
Hypnoteck,-0,0
Sarah Brightman,-0,0
Christy Essien Igbokwe,-0,0
Billain,-0,0
Bernard Minet,-0,0
Mumford & Sons,-0,0
King Jammy,-0,0
eternal judge,-0,0
Chihei Hatakeyama,-0,0
Chocolate Puma,-0,0
Kansas City Express,-0,0
Harvey Milk,-0,0
YFN Lucci,-0,0
M.E.M,-0,0
梶芽衣子,-0,0
SunStroke Project,-0,0
Silver Pozzoli,-0,0
八神純子,-0,0
とたけけ,-0,0
Sexy Rexy,-0,0
François de Roubaix,-0,0
The System,-0,0
808INK,-0,0
James Rado,-0,0
Salif Keita,-0,0
Buddha Brand,-0,0
Antonius Rex,-0,0
Reps,-0,0
Boom!,-0,0
Genghis Clan,-0,0
Freddie Robinson,-0,0
Electrixx,-0,0
The It,-0,0
Mary Lattimore,-0,0
Naderi,-0,0
Ronnie Laws,-0,0
Frank Tavaglione,-0,0
Martin Venetjoki,-0,0
Bootsy Collins,-0,0
Dunya Yunis,-0,0
Kapten Röd,-0,0
Gedz,-0,0
田中宏和,-0,0
Christian Hinzer,-0,0
salem ilese,-0,0
Our House,-0,0
Ramirez,-0,0
New Hope,-0,0
David Matthews,-0,0
MC Serch,-0,0
Michael Masser,-0,0
Apple,-0,0
The Band Perry,-0,0
Junk Yard Band,-0,0
伊沢麻未,-0,0
Aktive,-0,0
Roch Voisine,-0,0
Alexander Lewis,-0,0
Tucker Smith,-0,0
Giga,-0,0
Oiki,-0,0
Kiddy Smile,-0,0
Mazare,-0,0
L.E.D.LIGHT,-0,0
Siedah Garrett,-0,0
岩崎琢,-0,0
Colonel Bagshot,-0,0
Kelly Bailey,-0,0
Say Anything,-0,0
Air Mail,-0,0
Serú Girán,-0,0
Cristina D’Avena,-0,0
Enchantment,-0,0
Le 3ème Œil,-0,0
The Young Punx,-0,0
Carlos Guedes,-0,0
Pete Seeger,-0,0
Def Leppard,-0,0
Morgan Page,-0,0
Denham Audio,-0,0
The Mighty Three’s,-0,0
Loverboy,-0,0
Tyler Broughton,-0,0
CAPSULE,-0,0
OD404,-0,0
Go Go Charlton,-0,0
Roddy Ricch,-0,0
Don McLean,-0,0
savant shadow,-0,0
Stefano Pini,-0,0
The Newark Balkan Chorus,-0,0
Sidney Bechet Quintet,-0,0
OK K.O.! Let’s Be Heroes,-0,0
"Wood, Brass & Steel",-0,0
Farrah Abraham,-0,0
Baby Tate,-0,0
3Phaz,-0,0
Ju-Par Universal Orchestra,-0,0
MIC,-0,0
Alex Goot,-0,0
Kid Sister,-0,0
Sylvere,-0,0
Aaron LaCrate,-0,0
Dina Carroll,-0,0
Matchbox Twenty,-0,0
El DeBarge,-0,0
辻横由佳,-0,0
millstones,-0,0
Peter Kurten,-0,0
Whitewoods,-0,0
Major Force West E.M.S. Orchestra,-0,0
Amy Can Flyy,-0,0
Shahid Mallya,-0,0
Ph‐Wert,-0,0
aphextwinsucks,-0,0
William Anderson,-0,0
The Specials,-0,0
Opus 7,-0,0
Jon and Vangelis,-0,0
Hot Butter,-0,0
The 1975,-0,0
Trio,-0,0
おやすみホログラム,-0,0
Barenaked Ladies,-0,0
Wasteland,-0,0
Saweetie,-0,0
ALI,-0,0
高橋菜々,-0,0
Locksmith,-0,0
Drunkenmunky,-0,0
SAKURA*TRICK,-0,0
Wilson Pickett,-0,0
DJ Flack,-0,0
Tom Wax & Jan Jacarta,-0,0
Leonz,-0,0
Mayday Parade,-0,0
Thomas Bronzwaer,-0,0
David Shea,-0,0
United States Marine Corps,-0,0
Juice,-0,0
The Supremes,-0,0
Barbra Streisand,-0,0
Vance Joy,-0,0
Rufus,-0,0
Kyle Watson,-0,0
Captain Jack,-0,0
The Sting-Rays,-0,0
Lakeside,-0,0
Beneath,-0,0
Nico Lahs,-0,0
brentalfloss,-0,0
Mavis Staples,-0,0
ISOKNOCK,-0,0
Solomon Burke,-0,0
Jakes,-0,0
Freddie Jackson,-0,0
dBridge,-0,0
Craig “Leftside” Parkes,-0,0
鈴木達郎,-0,0
Captain Sensible,-0,0
Jimmy “Bo” Horne,-0,0
The Gaturs,-0,0
Harold Faltermeyer,-0,0
Mauro Pilato,-0,0
Franck Pourcel,-0,0
Manuel de Falla,-0,0
Gaj,-0,0
Silencer,-0,0
Trouble Funk,-0,0
Busy P,-0,0
星井美希,-0,0
Andreas Gabalier,-0,0
M83,-0,0
Dawn Wall,-0,0
Ashnikko,-0,0
Mary Wells,-0,0
The Funkees,-0,0
Sidney Phillips,-0,0
Greg Phillinganes,-0,0
Kevin Rudolf,-0,0
Lydia,-0,0
Whoarei,-0,0
Redz,-0,0
The Charlatans,-0,0
Daniela Rathana,-0,0
Patrice Rushen,-0,0
ZUNTATA,-0,0
友澤眞,-0,0
Thieu Sijbers,-0,0
Urinals,-0,0
Dave Wallace,-0,0
To Rococo Rot,-0,0
夜空メル,-0,0
Janis Joplin,-0,0
The Fantastic Four,-0,0
堀田英邦,-0,0
litmus*,-0,0
Boosie Badazz,-0,0
GEMN,-0,0
Of Monsters and Men,-0,0
EGOIST,-0,0
Solo,-0,0
Spy47,-0,0
Richard Smallwood,-0,0
Wojciech Kilar,-0,0
Drome,-0,0
Natural Born Grooves,-0,0
J.D.S.,-0,0
Jennifer Holliday,-0,0
Lee Walker,-0,0
Paul Young,-0,0
Dream,-0,0
Nexus 21,-0,0
Kill Sadie,-0,0
Fred Ventura,-0,0
Rob Sparx,-0,0
Caesar,-0,0
ASAP Productions,-0,0
Mystic Merlin,-0,0
Little Snake,-0,0
Woody Bianchi,-0,0
The Horrors,-0,0
Ray Parker,-0,0
Cal-Q-Lator,-0,0
Cadien,-0,0
Jermaine Stewart,-0,0
Ayunda Risu,-0,0
The Ordinary Boys,-0,0
The Magnetic Sounds,-0,0
Technotronic,-0,0
L.E.D.LIGHT-G,-0,0
Leellamarz,-0,0
朝香果林,-0,0
Young Dro,-0,0
Journeyman,-0,0
Ever We Fall,-0,0
三毛猫ホームレス,-0,0
T‐ARA,-0,0
KOE,-0,0
Mort Garson,-0,0
Satin Jackets,-0,0
Orties,-0,0
nana hatori,-0,0
Tyler Clacey,-0,0
The Emotions,-0,0
CYTOKINE,-0,0
The Dramatics,-0,0
MaRLo,-0,0
Althea & Donna,-0,0
David Boomah,-0,0
The Budos Band,-0,0
エリオをかまってちゃん,-0,0
Mike Post,-0,0
Tetris,-0,0
Markus Price & Carli,-0,0
Young Magic,-0,0
Talk Talk,-0,0
Romanowski,-0,0
Caron,-0,0
Thomas Dolby,-0,0
祖堅正慶,-0,0
One Way,-0,0
Wanexa,-0,0
Timebox,-0,0
Mike and Brenda Sutton,-0,0
Shawn Phillips,-0,0
Massive New Krew,-0,0
Jaye P. Morgan,-0,0
AIKA,-0,0
Nu Shooz,-0,0
足立美奈子,-0,0
Taiki Nulight,-0,0
DJ Danifox,-0,0
はな,-0,0
Lillias White,-0,0
Three Ounces of Love,-0,0
Joe Jonas,-0,0
Mike Love,-0,0
Jon Faddis,-0,0
P Money,-0,0
Perry & Rhodan,-0,0
Kapelle So&So,-0,0
Roxanne Shanté,-0,0
Herb Alpert,-0,0
Kate Ryan,-0,0
Avon Long,-0,0
Ron Geesin,-0,0
Family Tree,-0,0
Susan Alcorn,-0,0
中川翔子,-0,0
Chip,-0,0
Scott Walker,-0,0
ill‐esha,-0,0
Ernie Halter,-0,0
Dolla,-0,0
Rinzen,-0,0
Money Mark,-0,0
Leda,-0,0
SHIKI,-0,0
Korallreven,-0,0
Tim and Eric,-0,0
Julian Perretta,-0,0
Humate,-0,0
Birdy Nam Nam,-0,0
November,-0,0
Against Me!,-0,0
Holy Terror,-0,0
Art Pepper,-0,0
Jean‐Jacques Perrey,-0,0
Me & My,-0,0
DJ Isaac,-0,0
Thrice,-0,0
Shontelle,-0,0
The Hassles,-0,0
Quavo,-0,0
Somatoast,-0,0
Human,-0,0
Cosmic Gate,-0,0
Kyle Justin,-0,0
Charles Bukowski,-0,0
Pizzaman,-0,0
Vicarious Visions Audio,-0,0
The Shapeshifter,-0,0
QLONS,-0,0
The Rascals,-0,0
Audiofly,-0,0
Télépopmusik,-0,0
Michael Flanders and Donald Swann,-0,0
Paul Piot,-0,0
The Streets,-0,0
Delirious?,-0,0
Andrew Hale,-0,0
Digital Emotion,-0,0
zircon,-0,0
みとせのりこ,-0,0
François Ribac,-0,0
Sleepycap,-0,0
Tito Puente,-0,0
John Carpenter,-0,0
Fauna,-0,0
Daddy‐O,-0,0
Jung Kook,-0,0
Victor Lundberg,-0,0
Solar & Poppcke & Virginia,-0,0
Feather,-0,0
Fehlfarben,-0,0
Keni Burke,-0,0
Kinito Méndez,-0,0
anthéne,-0,0
Raphael Ravenscroft,-0,0
Right Said Fred,-0,0
"Leslie Odom, Jr.",-0,0
Rare Pleasure,-0,0
Darkstar,-0,0
Steve Clark,-0,0
The Voyagers,-0,0
Midnight Conspiracy,-0,0
ULTRA-PRISM,-0,0
FN2,-0,0
Kristian Conde,-0,0
Fragma,-0,0
Ian Taylor,-0,0
The Moon People,-0,0
OddKidOut,-0,0
Oli XL,-0,0
The John Payne Band,-0,0
J. P. Bimeni,-0,0
Chaz Jankel,-0,0
高宮なすの,-0,0
橋本直樹,-0,0
高中正義,-0,0
Apple & The Three Oranges,-0,0
The Mouseketeers,-0,0
Skillet,-0,0
Shiki(TMNS),-0,0
The Mothers of Invention,-0,0
김립,-0,0
DJ Nelson,-0,0
Jade,-0,0
SBTRKT,-0,0
Maurice Scoville,-0,0
Arcade Fire,-0,0
Richard Pryor,-0,0
Nusrat Fateh Ali Khan,-0,0
Fanfare Ciocărlia,-0,0
IM@S ALLSTARS1641,-0,0
Wilhelm Kempff,-0,0
Chopin ScrüJah,-0,0
Big Freedia,-0,0
M.O,-0,0
Shurik’n,-0,0
Chuck Brown & The Soul Searchers,-0,0
pheel.,-0,0
weish,-0,0
Fox Amoore,-0,0
Kensuke Shiina,-0,0
Kasalla,-0,0
Greeko,-0,0
Red Buddha,-0,0
Hampton the Hampster,-0,0
The Stooges,-0,0
Sara Tavares,-0,0
Topic,-0,0
Social Distortion,-0,0
Dee Nasty,-0,0
翡乃イスカ,-0,0
JPB,-0,0
Foxy Cat,-0,0
Astrud Gilberto,-0,0
The Legendary Stardust Cowboy,-0,0
The Alan Parsons Live Project,-0,0
Lamb of God,-0,0
Phan Mạnh Quỳnh,-0,0
Green Velvet,-0,0
Eric Mercury,-0,0
Psy 4 de la Rime,-0,0
The Raveonettes,-0,0
Daughtry,-0,0
Mud,-0,0
ZZZ,-0,0
REO Speedwagon,-0,0
The Rolling Stones,-0,0
Devilman,-0,0
Nacho Lovers,-0,0
Burundi Black,-0,0
The Outlaw Blues Band,-0,0
East,-0,0
U.S. Maple,-0,0
Partyline,-0,0
Laurindo Almeida Quartet,-0,0
DJ Diamond Kuts,-0,0
Alley Cat,-0,0
Patrick Cowley,-0,0
UncleBibby,-0,0
James Ferraro,-0,0
Pray for Rain,-0,0
The Soul Children,-0,0
Meco,-0,0
Komputer,-0,0
Bellini,-0,0
Signalrunners,-0,0
Christophe Willem,-0,0
Casiopea,-0,0
MELL,-0,0
小宮知子,-0,0
B2K,-0,0
Nic Sarno,-0,0
Dean Martin,-0,0
The Dandy Warhols,-0,0
Galaxie 500,-0,0
Cyndi Lauper,-0,0
Slave,-0,0
The Last Emperor,-0,0
Black Rock,-0,0
The Blackout Crew,-0,0
Scuba,-0,0
Aphrodite’s Child,-0,0
First State,-0,0
Brand New,-0,0
Codona,-0,0
Les Visiteurs du Soir,-0,0
The Primitives,-0,0
ræntgen,-0,0
TC,-0,0
Go-qualia,-0,0
Celtarabia,-0,0
Irving Berlin,-0,0
DJ Assault,-0,0
Roy Ayers Ubiquity,-0,0
Dave & Domino,-0,0
Jeff Lorber Fusion,-0,0
Maze,-0,0
Alan Hawkshaw,-0,0
Peaches,-0,0
Images,-0,0
Bass Construction,-0,0
Improved Sound Limited,-0,0
Dom Dolla,-0,0
菅野祐悟,-0,0
9mm Parabellum Bullet,-0,0
ShyRin Mochimomiji,-0,0
Dancing Fantasy,-0,0
Shocking Blue,-0,0
Karen Dalton,-0,0
Javelin,-0,0
Steve Reich and Musicians,-0,0
Larry Groupé,-0,0
Hatari,-0,0
10cc,-0,0
Junior Gee,-0,0
Fatback,-0,0
Mount Kimbie,-0,0
Jim Steinman,-0,0
Melvin Van Peebles,-0,0
Henri Dès,-0,0
Bissen,-0,0
MtheM,-0,0
Pastor & Mrs. Jim Colerick,-0,0
ARIANNE,-0,0
☺,-0,0
dante red,-0,0
Heaven 17,-0,0
Squash Gang,-0,0
みっちりねこマーチングバンド,-0,0
Promise and the Monster,-0,0
Stanislav Teterevlev,-0,0
Frizk,-0,0
Xet,-0,0
Rare Bird,-0,0
Al Kooper,-0,0
The Jacksons,-0,0
8485,-0,0
Vader Abraham,-0,0
Grapefruit,-0,0
Remy Ma,-0,0
Hybrid,-0,0
Péter Császár,-0,0
Bobby “Blue” Bland,-0,0
Killswitch Engage,-0,0
Crass,-0,0
Namika,-0,0
Ligea,-0,0
The Jules Blattner Group,-0,0
Dada Life,-0,0
9ice,-0,0
Milk & Bone,-0,0
Compost,-0,0
Captain Kirk,-0,0
Signal,-0,0
Andy Votel,-0,0
Dev79,-0,0
Frank Chacksfield & His Orchestra,-0,0
Aufnahme,-0,0
Bill Medley,-0,0
Ruby Andrews,-0,0
Ovoid,-0,0
Oliver Cheatham,-0,0
きゃりーぱみゅぱみゅ,-0,0
Eston Schweickart,-0,0
Ghettosocks,-0,0
The Kid LAROI,-0,0
DAGames,-0,0
Katy B,-0,0
Donald Glaude,-0,0
Nitro Deluxe,-0,0
Boom Clap Bachelors,-0,0
Mr. Ho,-0,0
Kelli Hand,-0,0
The Rembrandts,-0,0
Heinz Funk,-0,0
The Kingsmen,-0,0
Smallpools,-0,0
Mijk van Dijk,-0,0
Versus,-0,0
Bad Proxy,-0,0
Marlon,-0,0
hu-zin,-0,0
Lovers Revenge,-0,0
Esther Phillips,-0,0
Hijak,-0,0
Vaughan Mason & Crew,-0,0
Jack Stauber,-0,0
Them Crooked Vultures,-0,0
Daughters,-0,0
Eagles of Death Metal,-0,0
Lady Wray,-0,0
Mała Fuzja,-0,0
Sesame Street,-0,0
The Imperials,-0,0
Silhouette,-0,0
Eddie Johns,-0,0
BBC Symphony Orchestra,-0,0
Eligh,-0,0
iamerror,-0,0
Bo Hansson,-0,0
Timex Social Club,-0,0
Little Feat,-0,0
aespa,-0,0
大国奏音,-0,0
濱渦真津恵,-0,0
Vaperror,-0,0
The Beachles,-0,0
BIGBANG,-0,0
ATTLAS,-0,0
Skyzoo,-0,0
Butter Bullets,-0,0
Frankie Bleu,-0,0
Scattle,-0,0
Kaleen,-0,0
Transit Kings,-0,0
Tower of Power,-0,0
Bushy B,-0,0
Reel 2 Real,-0,0
The Birthday Party,-0,0
The‐Dream,-0,0
Dabrye,-0,0
Rebecca Black,-0,0
Christoph de Babalon,-0,0
Tyler Lyle,-0,0
LazyTown,-0,0
Soft Cell,-0,0
New London Children’s Choir,-0,0
Propaganda,-0,0
Parvati Khan,-0,0
安藤浩和,-0,0
不知火フレア,-0,0
feeble little horse,-0,0
Giorgio Moroder,-0,0
Mr. Lee,-0,0
Big Hands,-0,0
ササキトモコ,-0,0
Steve Marshall,-0,0
P-MODEL,-0,0
Reverend Horton Heat,-0,0
Sunny Hilden,-0,0
GRiZ,-0,0
Drums of Death,-0,0
Patric Caird,-0,0
Radio 4,-0,0
Platinum Hook,-0,0
Paul David Heckhausen,-0,0
Geek Music,-0,0
Karl Hyde,-0,0
X‐Ray Connection,-0,0
Russell Dickerson,-0,0
Massane,-0,0
Ocho,-0,0
DJ Kentaro,-0,0
Jean‐Jacques Kantorow,-0,0
DJ Spinna,-0,0
The Fratellis,-0,0
Drum & Lace,-0,0
"Ecstasy, Passion & Pain",-0,0
The Cannonball Adderley Quintet,-0,0
Fiona Apple,-0,0
Monodrone,-0,0
Dharma,-0,0
Starvue,-0,0
The Intruders,-0,0
Heather Jones,-0,0
Denyo,-0,0
Savant,-0,0
Cody Hobart,-0,0
Gabriel Tacchino,-0,0
Franz Ferdinand,-0,0
PNL,-0,0
David Nebel,-0,0
Hypnotic Brass Ensemble,-0,0
Ce’Cile,-0,0
The Bugaloos,-0,0
Ángel & Khriz,-0,0
Maxine Nightingale,-0,0
Timerider,-0,0
The Majesticons,-0,0
Androcell,-0,0
Cece Natalie,-0,0
Emilie Autumn,-0,0
Dick Haymes,-0,0
Steve Vai,-0,0
Joff Bush,-0,0
Suman Kalyanpur,-0,0
Nikki D,-0,0
Cherry,-0,0
Dr. Buzzard’s Original Savannah Band,-0,0
TWRK,-0,0
天気予報,-0,0
African Project,-0,0
Tshegue,-0,0
Kintar,-0,0
The Poppy Family,-0,0
Jim White,-0,0
iroha(sasaki),-0,0
Adam K & Soha,-0,0
Goldilox,-0,0
Koopsta Knicca,-0,0
Cylob,-0,0
中島美嘉,-0,0
Was (Not Was),-0,0
George Benson,-0,0
D-DOTs,-0,0
Rachel’s,-0,0
k.d. lang,-0,0
Topol,-0,0
Tag Team,-0,0
Piero Piccioni,-0,0
Fred Williams & The Jewels Band,-0,0
François‐Joël Thiollier,-0,0
Medicine Show,-0,0
栗林みな実,-0,0
Mtume,-0,0
Francky Vincent,-0,0
Lights,-0,0
Young Fame,-0,0
Anita Ward,-0,0
Crackin’,-0,0
Jessica Mauboy,-0,0
John Handy,-0,0
Alabama 3,-0,0
GiedRé,-0,0
CeCe Rogers,-0,0
Stanley Black,-0,0
Eliffant,-0,0
Mulu,-0,0
Sidan,-0,0
D.O.P.,-0,0
Detroit Emeralds,-0,0
Lil’ Will,-0,0
kmoe,-0,0
No Rome,-0,0
Napalm,-0,0
Charlie Mariano,-0,0
Sparky D,-0,0
Tasmin Archer,-0,0
user-704072988,-0,0
Lonnie Holley,-0,0
German Brigante,-0,0
Boney M.,-0,0
Saint Steven,-0,0
WILLOW,-0,0
Нервы,-0,0
Cooldown Reduction,-0,0
The Crowns of Glory,-0,0
Hokusai,-0,0
Deborah Harry,-0,0
OSTER project,-0,0
Darryl James / David Anthony Project,-0,0
Scanner,-0,0
The S.O.S. Band,-0,0
Wire,-0,0
SlimeGetEm,-0,0
Belmont,-0,0
Mighty Flames,-0,0
Ben Kweller,-0,0
Sultana,-0,0
Liam Lynch,-0,0
Babe Instinct,-0,0
Falcon Funk,-0,0
Evan Johnson,-0,0
四葉草,-0,0
The Splash Band,-0,0
Shizen no Teki-P,-0,0
Nikki Gregoroff,-0,0
Grant Green,-0,0
Innersphere,-0,0
Kaiser Chiefs,-0,0
Big X,-0,0
Iggy and The Stooges,-0,0
The Watts Prophets,-0,0
The Black Ghosts,-0,0
Far Too Loud,-0,0
Elan Rivera,-0,0
Tindersticks,-0,0
COMPAQDREAMS,-0,0
K1osk,-0,0
Tone,-0,0
Kruse & Nürnberg,-0,0
Stooshe,-0,0
Worthy,-0,0
Pi’erre Bourne,-0,0
Roxette,-0,0
Smokin’ Jo,-0,0
CHUNG HA,-0,0
DJ HMC,-0,0
Hoodboi,-0,0
Five Stairsteps,-0,0
B*Witched,-0,0
O.T. Genasis,-0,0
Ritchie Valens,-0,0
CHARCOAL FILTER,-0,0
ROY KNOX,-0,0
The S.S.O. Orchestra,-0,0
J.M. Silk,-0,0
SKYLER,-0,0
Yonder Mountain String Band,-0,0
VIRTUAL PLEASURE,-0,0
Hans Zimmer,-0,0
Kool & the Gang,-0,0
Thelma Houston,-0,0
Kristin Hersh,-0,0
Camaro's Gang,-0,0
Tito “El Bambino”,-0,0
Klangstabil,-0,0
New York City,-0,0
Scars,-0,0
KiNK,-0,0
布袋寅泰,-0,0
Plain White T’s,-0,0
Lebo M,-0,0
Disco Lines,-0,0
Death From Above 1979,-0,0
ConcernedApe,-0,0
So Schway,-0,0
Vicente Fernández,-0,0
Alesia,-0,0
The Galactic Force Band,-0,0
Naten,-0,0
MadeinTYO,-0,0
Jul,-0,0
JLS,-0,0
Cheaps,-0,0
Earl Zero,-0,0
Halfbrick Studios,-0,0
Jai Paul,-0,0
Tribes,-0,0
Jimmy Rogers,-0,0
DJ Rob3,-0,0
Gershon Kingsley,-0,0
Finger Eleven,-0,0
Biosphere,-0,0
大宮忍,-0,0
Joy Division,-0,0
AKI,-0,0
Crazy Mashcore Mafia,-0,0
Norman Greenbaum,-0,0
秋元薫,-0,0
Ashtrax,-0,0
Leonardo Favio,-0,0
Childhood,-0,0
Devin Montes,-0,0
Doctor P,-0,0
Chicago Bears,-0,0
Martin Denny,-0,0
Floret Loret,-0,0
Walter “Tangle Eye” Jackson,-0,0
Elephant Man,-0,0
Lonnie Gordon,-0,0
Powerplant,-0,0
Rich Kidz,-0,0
Jakarta,-0,0
David “Fathead” Newman,-0,0
PSYQUI,-0,0
Haftbefehl,-0,0
Jammer,-0,0
Math U Matix,-0,0
Matt Uelmen,-0,0
Ebi,-0,0
The Creatures,-0,0
waffle*,-0,0
Para One,-0,0
Kongas,-0,0
O.V. Wright,-0,0
Squirrel Nut Zippers,-0,0
VALENTINE,-0,0
Salut c’est cool,-0,0
MPH,-0,0
The Toy Dolls,-0,0
Kayna Samet,-0,0
Matthew Dear,-0,0
Tones and I,-0,0
The Mist,-0,0
813,-0,0
Beatie Wolfe,-0,0
Paso Doble,-0,0
Silver Note,-0,0
Space Manoeuvres,-0,0
7 Year Rabbit Cycle,-0,0
Pérez Prado,-0,0
The Sequence,-0,0
Fu‐Schnickens,-0,0
Malleus,-0,0
2562,-0,0
Russell Shaw,-0,0
Petey Pablo,-0,0
Dexter King,-0,0
DJ Pauly D,-0,0
"Johnson, Hawkins, Tatum & Durr",-0,0
Jimi Jamison,-0,0
Marcos Veiga,-0,0
Young–Holt Unlimited,-0,0
Freeze Corleone,-0,0
YURiKA,-0,0
Wayvee,-0,0
Comethazine,-0,0
tropes,-0,0
3 Doors Down,-0,0
Wally Badarou,-0,0
Sako,-0,0
Lone,-0,0
Cobra Starship,-0,0
Rise Against,-0,0
Katrina and the Waves,-0,0
Marc Marzenit,-0,0
Waldeck,-0,0
Glokk40Spaz,-0,0
宇徳敬子,-0,0
Au p’tit bonheur,-0,0
G.J. Lunghi,-0,0
Elizaveta,-0,0
Call O' Da Wild,-0,0
Keith Mansfield,-0,0
Debra Byrne,-0,0
Pixel Terror,-0,0
Detergent,-0,0
MFSB,-0,0
和楽器バンド,-0,0
Grace Jones,-0,0
Terry Baxter & His Orchestra,-0,0
Dirty Beaches,-0,0
Showbiz & A.G.,-0,0
Morris Day,-0,0
"幽霊, T O G E T H E R!",-0,0
Bob Dorough,-0,0
Alice Longyu Gao,-0,0
Sunset Neon,-0,0
Dario Dell'Aere,-0,0
甲田雅人,-0,0
Rhodanthe*,-0,0
Lontalius,-0,0
Chris.SU,-0,0
VTNLNX,-0,0
lilbesh ramko,-0,0
Top Priority,-0,0
Spacecraft,-0,0
Peter Ivers,-0,0
Becky G,-0,0
Сергей Джоканов,-0,0
Steven Universe,-0,0
38 Special,-0,0
Snäp!,-0,0
D.Y.A,-0,0
trorez,-0,0
Sat l'artificier,-0,0
Duralcha,-0,0
Bodyrox,-0,0
Lewis Parker,-0,0
Tipper,-0,0
Tubbe,-0,0
Albro T. Gaul,-0,0
Hodgy,-0,0
Jah Rubel,-0,0
baq5,-0,0
Dudley Moore,-0,0
Body/Head,-0,0
Jackie Wilson,-0,0
Section 25,-0,0
The Hooterville Trolley,-0,0
Jaded Heart,-0,0
Destination,-0,0
THE WORLD WE LIVE IN 星,-0,0
Fiorello LaGuardia,-0,0
Mr Blink,-0,0
The Real Roxanne,-0,0
Oscar Levant,-0,0
Kyau & Albert,-0,0
Pont Aeri,-0,0
Leon Russell,-0,0
Simple Minds,-0,0
Ran Salman,-0,0
Kid Creole and the Coconuts,-0,0
The Wanted,-0,0
AJR,-0,0
The Herb Shop,-0,0
Sweet Thursday,-0,0
Sigma,-0,0
Memory Cassette,-0,0
Indochine,-0,0
Don Bryant,-0,0
Idina Menzel,-0,0
Truska,-0,0
田中公平,-0,0
Kilians,-0,0
Crom-Tech,-0,0
Planet Perfecto Knights,-0,0
Bloomfield,-0,0
Kevin Regamey,-0,0
2 Be 3,-0,0
鳳凰火凛,-0,0
エミリア,-0,0
The Velvet Underground,-0,0
Raven Maize,-0,0
Atlas,-0,0
ヒロ,-0,0
Ann Magnuson,-0,0
Silent Killer,-0,0
Snoop Lion,-0,0
Mietze Conte,-0,0
Superpowerless,-0,0
三澤康広,-0,0
Vex Ruffin,-0,0
IOSYS,-0,0
Murder by Death,-0,0
Jump5,-0,0
Dexys Midnight Runners,-0,0
Bobbi Humphrey,-0,0
The Magic Disco Machine,-0,0
Monica Queen,-0,0
The National,-0,0
Dom 877,-0,0
Tim Maia,-0,0
Reverend G.I. Townsel,-0,0
Gammer,-0,0
NBC,-0,0
JMSN,-0,0
Burufunk,-0,0
Suicide,-0,0
Honky,-0,0
Żabson,-0,0
Станислав Костюшкин,-0,0
Joakim,-0,0
佳織みちる,-0,0
坂本真綾,-0,0
The War on Drugs,-0,0
Movie Soundtrack All Stars,-0,0
DJ Tomekk,-0,0
Valley of the Giants,-0,0
Das Bo,-0,0
Dan Fogelberg,-0,0
Polaris,-0,0
Trouble,-0,0
Subtact,-0,0
Hank Marvin,-0,0
Rekid,-0,0
Kerli,-0,0
xxxlolxxx,-0,0
Bon Jovi,-0,0
Teena Marie,-0,0
Big’n,-0,0
Egokind,-0,0
RYUWAVE,-0,0
Hugo Montenegro,-0,0
Yo La Tengo,-0,0
Anna Kendrick,-0,0
Killarmy,-0,0
Logic,-0,0
SgtScrubnoob,-0,0
MC Sereia,-0,0
Portugal. The Man,-0,0
Dark Angel,-0,0
Crissy Criss,-0,0
The John Barry Orchestra,-0,0
Peplab,-0,0
God Is My Co‐Pilot,-0,0
Niko,-0,0
Travis Porter,-0,0
The Ropes,-0,0
飯吉新,-0,0
Ernst Senff,-0,0
Future Prophecies,-0,0
Kriss,-0,0
Flytronix,-0,0
Isabella Rossellini,-0,0
Asin,-0,0
HOME MADE 家族,-0,0
benny blanco,-0,0
Wonderland,-0,0
Jason Barty,-0,0
Ruben Mandolini,-0,0
Maxence Cyrin,-0,0
One Be Lo,-0,0
Jaira Burns,-0,0
Alicks,-0,0
Omega,-0,0
Der Tourist,-0,0
ZUN,-0,0
WholePunch,-0,0
Patience & Prudence,-0,0
Tayfun Erdem,-0,0
Balkan Beat Box,-0,0
Joe O’Donnell,-0,0
Janko Nilović,-0,0
Gucci Crew II,-0,0
DragonForce,-0,0
Effie,-0,0
DezLandPlayz,-0,0
TNGHT,-0,0
Brat,-0,0
L'ADLD,-0,0
情報処理部,-0,0
Toadies,-0,0
影森みちる,-0,0
Whales,-0,0
Rayons,-0,0
Nino Nardini,-0,0
Syzz,-0,0
Lemon,-0,0
Kicks Like a Mule,-0,0
Marc Cohn,-0,0
André Heller,-0,0
The World Is Square,-0,0
INFEKT,-0,0
Ummet Ozcan,-0,0
Shirley Bassey,-0,0
Bangs,-0,0
Jonah Senzel,-0,0
The Notations,-0,0
Dennis Sheperd,-0,0
Saint Snow,-0,0
Texas Lightning,-0,0
Sharon Van Etten,-0,0
Djo Ginkgo,-0,0
aluminum,-0,0
Prizna,-0,0
Slacker,-0,0
Finley Quaye,-0,0
Samasukuru,-0,0
Art Blakey & The Jazz Messengers,-0,0
Impulse,-0,0
KAYTRAMINÉ,-0,0
i☆Ris,-0,0
2 Unlimited,-0,0
山本健誌,-0,0
Joe Meek,-0,0
Madutec,-0,0
Taproot,-0,0
Fakear,-0,0
Valley,-0,0
Spiritualized,-0,0
Deafheaven,-0,0
Foxy,-0,0
The Edge of Daybreak,-0,0
Shakespears Sister,-0,0
Mr Eazi,-0,0
Mindwarp,-0,0
Minizza,-0,0
オーイシマサヨシ,-0,0
石川淳,-0,0
Notize,-0,0
Dezo Daz,-0,0
ocotan,-0,0
Tycho,-0,0
Incredible Bongo Band,-0,0
工藤龍之介,-0,0
Gabberwijffie,-0,0
KaTT,-0,0
The Pazant Brothers,-0,0
Aqours,-0,0
日比野則彦,-0,0
SUPER MONKEY’S,-0,0
R.M,-0,0
The Joy Formidable,-0,0
Milieu,-0,0
Eric Church,-0,0
Shakedown,-0,0
The Score,-0,0
Edwin Starr,-0,0
Elizabeth Rose Bloodflame,-0,0
Walter Berry,-0,0
Dogs on Crack,-0,0
PUBLIC,-0,0
The Rebel,-0,0
Molchat Doma,-0,0
Stylophonic,-0,0
American Cream Team,-0,0
Crypticz,-0,0
Rizzo,-0,0
DJ Dione,-0,0
James Knight & The Butlers,-0,0
For Those I Love,-0,0
Jerome Moross,-0,0
A K A N E I N T O K I O,-0,0
Fried Chicken,-0,0
Puppet,-0,0
Joe Walsh,-0,0
小林泉美,-0,0
Cloudface,-0,0
Fred Schneider,-0,0
Mike Foyle,-0,0
LNR,-0,0
Shane Fahey,-0,0
Ірина Білик,-0,0
Set Fire to Flames,-0,0
The Swingle Singers,-0,0
Villy,-0,0
Disjecta,-0,0
Kay Gardner,-0,0
Harold Budd,-0,0
~Avery~,-0,0
Ida Corr,-0,0
Please,-0,0
超学生,-0,0
Daktyl,-0,0
Bass Communion,-0,0
The Veronicas,-0,0
DJ Malvado,-0,0
NF,-0,0
evvemoscia,-0,0
Rachel Auburn,-0,0
Machina Pensant,-0,0
"Crosby, Stills, Nash & Young",-0,0
The Immortals,-0,0
Little Jinder,-0,0
The All‐American Rejects,-0,0
Sorrow Plagues,-0,0
Dominique Young Unique,-0,0
Linda Clifford,-0,0
Vladimir Cauchemar,-0,0
Darkspace,-0,0
Submorphics,-0,0
松任谷由実,-0,0
Culcha Candela,-0,0
Bruce Springsteen,-0,0
Slowpalace,-0,0
ריטה,-0,0
Stefano Noferini,-0,0
Gaz,-0,0
KXNG Crooked,-0,0
Breaking Benjamin,-0,0
Dr. Atomic,-0,0
Visionistics,-0,0
DJ Fistfuck,-0,0
松澤由美,-0,0
Jim Cummings,-0,0
Wilbur “Bad” Bascomb,-0,0
Milk Dee,-0,0
Afrob,-0,0
Pooh Man,-0,0
Raito,-0,0
American Zoo,-0,0
Dust Junkys,-0,0
Lisa Lisa & Cult Jam,-0,0
Yelsid,-0,0
MoStack,-0,0
Irene Reid,-0,0
MkVaff,-0,0
Jello Biafra,-0,0
Taio Cruz,-0,0
//turntboiフォレバー95,-0,0
Mark Snow,-0,0
ONE YEAR,-0,0
Ryan Beatty,-0,0
HU?,-0,0
Deize Tigrona,-0,0
▲NDRΛS,-0,0
AWOLNATION,-0,0
Raghav,-0,0
Sly Stone,-0,0
Yellowcard,-0,0
Neu!,-0,0
Rye Rye,-0,0
Freddie North,-0,0
Khatijah Ibrahim,-0,0
伊藤サチコ,-0,0
SE7EN,-0,0
Don Thompson,-0,0
Rick James,-0,0
David Whittaker,-0,0
Real Estate,-0,0
These New Puritans,-0,0
Nina Hagen,-0,0
BADLIKE,-0,0
The New Year,-0,0
Will Sparks,-0,0
Bell & James,-0,0
Magna,-0,0
MACHINE HEAD,-0,0
TKG,-0,0
Birdy,-0,0
Motherlode,-0,0
Nicole,-0,0
Guuske Kotte,-0,0
Injaroc,-0,0
Funky Four,-0,0
Kim Wilde,-0,0
Delicious Monster,-0,0
P. Lion,-0,0
木村恵子,-0,0
Mystification,-0,0
Kim Gordon,-0,0
Patti Page,-0,0
濁茶,-0,0
REOL,-0,0
The Marvelettes,-0,0
Power Jam,-0,0
Girl Unit,-0,0
The Delgados,-0,0
ジェバンニP,-0,0
Meghan Trainor,-0,0
Verses GT,-0,0
Curiosity Killed the Cat,-0,0
Set It Off,-0,0
吉谷彩子,-0,0
Big Moses,-0,0
Dayme y El High,-0,0
Saint Punk,-0,0
Santa Esmeralda,-0,0
Jeremy,-0,0
不失者,-0,0
Foals,-0,0
Muridae,-0,0
キマグレン,-0,0
Nintendo EAD Sound Group,-0,0
Mix Mup,-0,0
LOL Boys,-0,0
Malice,-0,0
Betsie Larkin,-0,0
相対性理論,-0,0
Just Jack,-0,0
Karlito,-0,0
Idaho,-0,0
Ginuwine,-0,0
Brian L. Schmidt,-0,0
N.Phect,-0,0
The Troggs,-0,0
SKETCH SHOW,-0,0
3L,-0,0
lovesliescrushing,-0,0
Yarbrough & Peoples,-0,0
Conro,-0,0
Secret Cinema,-0,0
Jonathan Wolff,-0,0
The Ventures,-0,0
Blossom Dearie,-0,0
Siriusmo,-0,0
"Choir of Clare College, Cambridge",-0,0
Finn Keane,-0,0
Normani,-0,0
Mark B & Blade,-0,0
Preacher,-0,0
TJR,-0,0
Jeremy Zuckerman,-0,0
Yelle,-0,0
NeroArgento,-0,0
Roscoe Dash,-0,0
Симфонический оркестр Большого театра,-0,0
Random Rab,-0,0
水森亜土,-0,0
King Floyd,-0,0
Jonathan Colling,-0,0
Adamski,-0,0
Marley Marl,-0,0
Libra,-0,0
Dawid Podsiadło,-0,0
Borgore,-0,0
Pep & Rash,-0,0
Londonbeat,-0,0
Dead Boys,-0,0
Lafayette Afro-Rock Band,-0,0
優里,-0,0
tdf,-0,0
We Have Band,-0,0
Michel Fugain,-0,0
Attitude,-0,0
Lil Darkie,-0,0
DJ Mujava,-0,0
Black Moth Super Rainbow,-0,0
北村友香,-0,0
90 Day Men,-0,0
The Originals,-0,0
Frank Glazer,-0,0
The John Benson Brooks Trio,-0,0
Subgardens,-0,0
Hadouken!,-0,0
Rebelution,-0,0
Neil Larsen,-0,0
Barney,-0,0
Sinister Psyche,-0,0
Miilkbone,-0,0
Lin‐Manuel Miranda,-0,0
Derek B,-0,0
MNQN,-0,0
Strung Fellows,-0,0
Half an Orange,-0,0
Shirley Ellis,-0,0
AAAMYYY,-0,0
Black Gryph0n,-0,0
Nox Arcana,-0,0
Waterflame,-0,0
Don Ray,-0,0
Exile,-0,0
諏訪内晶子,-0,0
Alan Barry,-0,0
Niska,-0,0
Marcos Valle,-0,0
Beat Happening,-0,0
岩垂徳行,-0,0
Albert One,-0,0
Amber,-0,0
Mother Freedom Band,-0,0
みかくにんぐッ！,-0,0
DJ BoBo,-0,0
SERUiRE,-0,0
Alessi,-0,0
Push,-0,0
Debbie Reynolds,-0,0
The Ronettes,-0,0
Mechatok,-0,0
Headhunter,-0,0
Mutabaruka,-0,0
Manfred Hübler,-0,0
Christopher Walken,-0,0
El Huervo,-0,0
Yellow Note,-0,0
Vic Juris,-0,0
Five Finger Death Punch,-0,0
Freddie Hubbard,-0,0
Cyrricky,-0,0
BREAD & BUTTER,-0,0
Léo Ferré,-0,0
W-Ice & Power Team,-0,0
Miami Bass Warriors,-0,0
Milky Chance,-0,0
Magic Affair,-0,0
Piano Fantasia,-0,0
Baby’s Gang,-0,0
Rhythm Controll,-0,0
STIPP,-0,0
Hubert Kah,-0,0
Luther Vandross,-0,0
Trevor Jones,-0,0
Willeke Alberti,-0,0
Boy Meets Girl,-0,0
Maria de Medeiros,-0,0
Бутырка,-0,0
יהונתן גפן,-0,0
Daniel Deluxe,-0,0
Larry Ellis and The Black Hammer,-0,0
Milkoi,-0,0
Mica Paris,-0,0
Soul of Man,-0,0
MØ,-0,0
The Four Freshmen,-0,0
DSK,-0,0
Led Zeppelin,-0,0
The Incredible Hump,-0,0
Awesome 3,-0,0
Roger Waters,-0,0
Spencer Nilsen,-0,0
The Black on White Affair,-0,0
Dirt Nasty,-0,0
Cliff Bennett & the Rebel Rousers,-0,0
Savages,-0,0
Fockewulf 190,-0,0
Irma Thomas,-0,0
JD & The Evil's Dynamite Band,-0,0
Ella Mai,-0,0
Patti Smith,-0,0
Jon the Dentist vs. Ollie Jaye,-0,0
Ramon Tapia,-0,0
Mykel Mars,-0,0
Yma Sumac,-0,0
Eruption,-0,0
Locked Club,-0,0
Marilyn Manson,-0,0
Optiv & BTK,-0,0
James “D Train” Williams,-0,0
Shash’U,-0,0
Ohrwurm,-0,0
The Impressions,-0,0
Iliad,-0,0
kulor,-0,0
peak divide,-0,0
cat naps,-0,0
Wish,-0,0
Niels van Gogh,-0,0
The Grim Reaper,-0,0
Kleeer,-0,0
Pure Magic,-0,0
The Highstreet Allstars,-0,0
Axis,-0,0
RSL,-0,0
ローマンRoman,-0,0
David Joseph,-0,0
Puschkin,-0,0
Sara Chaves,-0,0
Fort Minor,-0,0
Jody Watley,-0,0
New Flesh,-0,0
Superbus,-0,0
Annie Lennox,-0,0
Praxis,-0,0
Terrace Martin,-0,0
The Big Bopper,-0,0
Vitamin C,-0,0
Bubblegum Octopus,-0,0
Duvall,-0,0
Mister Parker,-0,0
Gareth Morris,-0,0
Eddie Condon,-0,0
2003 Toyota Corolla,-0,0
Amii Stewart,-0,0
XXXLAF,-0,0
Michael Vorfeld,-0,0
Kings of Leon,-0,0
RYUHEI THE MAN,-0,0
Drop the Lime,-0,0
Luis Miguel,-0,0
Otis McDonald,-0,0
Kouslin,-0,0
Two Shell,-0,0
The Scary Jokes,-0,0
Carl Henry,-0,0
Lalaine,-0,0
そらまふうらさか,-0,0
Krinjah,-0,0
Rufus Blaq,-0,0
Warrior One,-0,0
Мария Нейкова,-0,0
His Majesty Andre,-0,0
Project 46,-0,0
David Gilmour,-0,0
J.Views,-0,0
Armando Trovajoli,-0,0
RAMP,-0,0
Robert Fripp,-0,0
Save Ferris,-0,0
The Jack Lester Special Band,-0,0
Antipop Consortium,-0,0
Moon Tripper,-0,0
Hangedup,-0,0
Mr. Potatohead,-0,0
Navos,-0,0
Thought Process,-0,0
Dirtyphonics,-0,0
Maria Callas,-0,0
Smalltown Collective,-0,0
The Knack,-0,0
My Bloody Valentine,-0,0
Twisted Freq,-0,0
H.P. Riot,-0,0
U96,-0,0
Junior Reid,-0,0
Soulkid #1,-0,0
Melleefresh,-0,0
True Faith,-0,0
Bobby Goldsboro,-0,0
Ronald Frankau,-0,0
Coyu,-0,0
Janis HM,-0,0
Georges Brassens,-0,0
MIU,-0,0
The Ethiopians,-0,0
Mike Greene,-0,0
owl＊tree,-0,0
LaBelle,-0,0
Blackmill,-0,0
Ella Washington,-0,0
Johnnie Taylor,-0,0
Marvin Gaye,-0,0
Mr. Bungle,-0,0
David Zowie,-0,0
Danny Ocean,-0,0
Boris Blank,-0,0
Rapeman,-0,0
Black Uhuru,-0,0
Hero Image,-0,0
Trolley Snatcha,-0,0
Cristian Viviano,-0,0
Ciccone Youth,-0,0
Pearly Queen,-0,0
森英治,-0,0
Benediktiner Mönche Der Abtei Saint-Maurice & Saint-Maur,-0,0
Mickey,-0,0
Omnia,-0,0
Fresh,-0,0
Wes Montgomery,-0,0
Edwin Hawkins Singers,-0,0
Andréas et Nicolas,-0,0
Amon Amarth,-0,0
iconoclasm,-0,0
Quadrant,-0,0
House of 909,-0,0
Rosenstolz,-0,0
BloodPop®,-0,0
Bunny Sigler,-0,0
Simon Chamberlain,-0,0
Pardison Fontaine,-0,0
Willie Colón,-0,0
Emil Beaulieau,-0,0
Lou Courtney,-0,0
Diane Cluck,-0,0
Monolink,-0,0
STARSET,-0,0
Swindle,-0,0
Acoustic Alchemy,-0,0
Sonia Rosa,-0,0
Channel One,-0,0
Apathy Point,-0,0
群雨アンブレイラ,-0,0
Thomas Wesley,-0,0
“Weird Al” Yankovic,-0,0
Henri Texier,-0,0
Ray Barretto,-0,0
Reptilian Club Boyz,-0,0
GG Magree,-0,0
A.Motion,-0,0
Tebot Piws,-0,0
Twitch,-0,0
Re‐Up Gang,-0,0
Love De-Luxe,-0,0
Ruger Hauer,-0,0
Badder Than Evil,-0,0
Vanilla Fudge,-0,0
Ted Taylor,-0,0
Montana,-0,0
Krampf,-0,0
Deceptikon,-0,0
Alice Cooper,-0,0
Dilute,-0,0
Johnny Nash,-0,0
Lizzy McAlpine,-0,0
Jeremy Steig,-0,0
Puffballs United,-0,0
Toby Romeo,-0,0
Terry Lee Brown Jr.,-0,0
Handsome Furs,-0,0
Cymande,-0,0
C & K Vocal,-0,0
John Baker,-0,0
Young Nudy,-0,0
King Curtis,-0,0
Davey Graham,-0,0
Risk Junk,-0,0
野力奏一,-0,0
Supreme Beings of Leisure,-0,0
Mike Zoot,-0,0
Rufus Thomas,-0,0
Tomoki Tamura,-0,0
SeamlessR,-0,0
James Talk,-0,0
Pelikann,-0,0
The Android Sisters,-0,0
Ripple,-0,0
The Beach Boys,-0,0
しぐれうい,-0,0
Rod Taylor,-0,0
The Tokens,-0,0
The Cataracs,-0,0
Villagers,-0,0
MC Money,-0,0
Philippe Risoli,-0,0
Dust,-0,0
TisaKorean,-0,0
Shackles,-0,0
Louise Attaque,-0,0
William Orbit,-0,0
Lord RAJA,-0,0
lege batterij,-0,0
Sho Madjozi,-0,0
Sam Binga,-0,0
Dokken,-0,0
Mahna Mahna,-0,0
Frederic Earl ‘Shorty’ Long,-0,0
Amuxax,-0,0
Raphlesia,-0,0
Asura,-0,0
美優,-0,0
Prom Queen,-0,0
和田加奈子,-0,0
Marshall Masters,-0,0
Eugene Thacker,-0,0
Jeromy Stuart,-0,0
Tom Jones,-0,0
Warlock,-0,0
Thelonious Monster,-0,0
Bing Crosby,-0,0
Jesse James,-0,0
Marginal Men,-0,0
Laxcity,-0,0
Brian Tuey,-0,0
Ghost,-0,0
Cold War Kids,-0,0
▲NGST,-0,0
Funk Masters,-0,0
石渡太輔,-0,0
Squane,-0,0
神前暁,-0,0
Bathory,-0,0
Joe Thomas,-0,0
Solid Sleep,-0,0
やくしまるえつこ,-0,0
Brethren,-0,0
The Maskman & the Agents,-0,0
Ollie & Jerry,-0,0
Mimmo Mix,-0,0
MOTOR,-0,0
Special Forces,-0,0
Donna Summer,-0,0
Galimatias,-0,0
武満徹,-0,0
Troye Sivan,-0,0
The Lumineers,-0,0
Yellowman,-0,0
The Winstons,-0,0
Ex Models,-0,0
Leat’eq,-0,0
Whynnel,-0,0
本間芽衣子,-0,0
The Claudia Quintet,-0,0
Ingo ohne Flamingo,-0,0
Grant Kirkhope,-0,0
Giacca & Flores,-0,0
山口真理,-0,0
サイトウ・キネン・オーケストラ,-0,0
広瀬香美,-0,0
Эдуард Хиль,-0,0
Angus MacLise,-0,0
Jorge Ben Jor,-0,0
Slippy,-0,0
Electronic,-0,0
Nicole Scherzinger,-0,0
King Amir,-0,0
Woodkid,-0,0
Members of Mayday,-0,0
Air,-0,0
Sasha,-0,0
Ohio Players,-0,0
Cher,-0,0
Chris Connor,-0,0
Луна,-0,0
おどる♡11,-0,0
Manfred Mann Chapter Three,-0,0
Boom Bap Project,-0,0
The Film,-0,0
Elisa,-0,0
Booker T. & the MG’s,-0,0
Christopher Port,-0,0
E.U.,-0,0
Blue Mitchell,-0,0
Adrian Simionescu,-0,0
Rare Earth,-0,0
The Friends of Distinction,-0,0
Go Freek,-0,0
The French Ensemble,-0,0
이달의 소녀,-0,0
St.Ives,-0,0
Au5,-0,0
Lill Lindfors,-0,0
Bertha Egnos,-0,0
The Korgis,-0,0
Laura Shigihara,-0,0
Ascent,-0,0
Amiri Baraka,-0,0
AUKSO,-0,0
MJ Cole,-0,0
Corona,-0,0
Alex Moukala,-0,0
David Wertman,-0,0
Noguchii,-0,0
Charles Aznavour,-0,0
English Chamber Choir,-0,0
Conway,-0,0
Mélonade,-0,0
Kideko,-0,0
Dominic Frontiere,-0,0
SMLE,-0,0
Soul Solution,-0,0
Buckcherry,-0,0
Norrie Paramor,-0,0
Angus & Julia Stone,-0,0
Kode9,-0,0
Youth Code,-0,0
Shady Blaze,-0,0
Module One,-0,0
FLAVOR FOLEY,-0,0
Kalabrese,-0,0
Rocé,-0,0
Oranges & Lemons,-0,0
Chuckie,-0,0
Clarence Wheeler & the Enforcers,-0,0
Chus & Ceballos,-0,0
Squarehead,-0,0
Shinjuku Mad,-0,0
Bananarama,-0,0
Jan Hammer,-0,0
Joe Satriani,-0,0
Supergrass,-0,0
Sneaky Sound System,-0,0
Tristam,-0,0
深澤秀行,-0,0
Curt Blakeslee,-0,0
Black Star Liner,-0,0
Jean‐Jacques Goldman,-0,0
Leon Ware,-0,0
Sam & Dave,-0,0
Gary Peacock,-0,0
Andrew Huo,-0,0
The Wild Magnolias,-0,0
Wallace Collection,-0,0
Jan Foolen,-0,0
Simone Liberali,-0,0
Tony Yayo,-0,0
ATC,-0,0
Drinking Electricity,-0,0
Hella,-0,0
Martin Solveig,-0,0
Boogie Boys,-0,0
Tarkus,-0,0
高木完,-0,0
Tim Curry,-0,0
Johnny Pate,-0,0
Herb Alpert & the Tijuana Brass,-0,0
ΣPSON,-0,0
Sheila & B. Devotion,-0,0
Dennis Coffey & The Detroit Guitar Band,-0,0
Jamey Aebersold,-0,0
Chet Baker,-0,0
Martin Circus,-0,0
C-Show,-0,0
Thad Jones/Mel Lewis Orchestra,-0,0
ROSÉ,-0,0
Gerard K. Marino,-0,0
Siskid,-0,0
HNM Magazine,-0,0
David Byrne,-0,0
Madteo,-0,0
The Dap‐Kings,-0,0
Trna,-0,0
Menahan Street Band,-0,0
Steve Brian,-0,0
Black Heat,-0,0
Treow,-0,0
Timmy Trumpet,-0,0
Shuki Levy,-0,0
Ансамбль Дмитрия Покровского,-0,0
Andrew Ridgeley,-0,0
Dan the Automator,-0,0
Fafá de Belém,-0,0
quannnic,-0,0
Luther Ingram,-0,0
Psychedelic Brony,-0,0
Starship,-0,0
Ich + Ich,-0,0
Strafe,-0,0
Eddy Mitchell,-0,0
K‐Ci & JoJo,-0,0
Scott Cooper,-0,0
Millsart,-0,0
竹原裕子,-0,0
Disrupt,-0,0
Bobby McFerrin,-0,0
Norma Jean,-0,0
10-FEET,-0,0
sgnl_fltr,-0,0
Cathal Coughlan,-0,0
Holy Other,-0,0
Deformaty,-0,0
Odyssey,-0,0
Lucky Thompson,-0,0
Heart,-0,0
Soul Odyssey,-0,0
Cooh,-0,0
The Alan Parsons Project,-0,0
Evelyn Thomas,-0,0
Rupert Holmes,-0,0
Mogwai,-0,0
Devilish Trio,-0,0
Getter,-0,0
Israel Kamakawiwoʻole,-0,0
Delegation,-0,0
Mahoroba,-0,0
Coke Escovedo,-0,0
NEGI☆U,-0,0
Jackal,-0,0
Blue Swede,-0,0
wubz,-0,0
Albert King,-0,0
Tuxedo,-0,0
見良津健雄,-0,0
Bloodstone,-0,0
Woody Shaw,-0,0
Metodi Hristov,-0,0
Cortex,-0,0
西森千明,-0,0
Mel & Tim,-0,0
Larry Graham,-0,0
Bobby Thurston,-0,0
Jo Dee Messina,-0,0
Eddie Kendricks,-0,0
Hubert Laws,-0,0
Prok & Fitch,-0,0
Creepy Autograph,-0,0
Rosemary June,-0,0
Sphinx,-0,0
Arbee,-0,0
The Good Girls,-0,0
4 Non Blondes,-0,0
Jerry Martin,-0,0
52nd Street,-0,0
The Gentle Rain,-0,0
Bernard Fêvre,-0,0
Nigo Chanel,-0,0
Crustation,-0,0
Darius Syrossian,-0,0
John Cacavas,-0,0
John Martyn,-0,0
karuta,-0,0
海田明里,-0,0
Tribe of Issachar,-0,0
Mary Love-Comer,-0,0
Die Toten Hosen,-0,0
Jimmy Cliff,-0,0
Tycoon,-0,0
Vanishing Pictures,-0,0
Transs,-0,0
Conexion,-0,0
Betta Lemme,-0,0
Monk & Canatella,-0,0
Tommy Dorsey,-0,0
The Creatures,-0,0
Elliott Smith,-0,0
Freestyle,-0,0
フランシュシュ,-0,0
Lil Durk,-0,0
Pierre Henry,-0,0
Cevin Fisher,-0,0
Karla Bonoff,-0,0
Lino,-0,0
i_o,-0,0
Ursula 1000,-0,0
Dynoro,-0,0
The Memphis Horns,-0,0
Jan Driver,-0,0
MilleniumKid,-0,0
Gebrüder Blattschuss,-0,0
Harry Styles,-0,0
岩田恭明,-0,0
Tarby,-0,0
Tenor Saw,-0,0
Sithu Aye,-0,0
Jett Chandon,-0,0
The Facedancers,-0,0
BiBi,-0,0
Phantom/Ghost,-0,0
Xerxes,-0,0
Gipsy Kings,-0,0
Ghost Train Orchestra,-0,0
Young Money,-0,0
Munk,-0,0
The Soulful Strings,-0,0
Soundprank,-0,0
Liar,-0,0
Krystian Zimerman,-0,0
杉山清貴,-0,0
The Communards,-0,0
Activ,-0,0
L.V. Johnson,-0,0
Title Fight,-0,0
ナユタン星人,-0,0
Sam Taylor‐Johnson,-0,0
Günter Kallmann Chor,-0,0
DJ Spoko,-0,0
Jesus Loves You,-0,0
Berreta,-0,0
Bigflo & Oli,-0,0
Reno Project,-0,0
Emin,-0,0
The Guess Who,-0,0
Kurwastyle Project,-0,0
Andy Grammer,-0,0
Hearts2Hearts,-0,0
Gary Wright,-0,0
Hape Kerkeling,-0,0
Odd Future,-0,0
Kenny Rankin,-0,0
The Vaselines,-0,0
Alice Clark,-0,0
Telefís,-0,0
電音部 (真新宿GR学園),-0,0
The Dave Brubeck Quartet,-0,0
Marlene Dietrich,-0,0
THE DU,-0,0
Le Bal Brotto Lopez,-0,0
The Free Movement,-0,0
Hodak,-0,0
Metapony,-0,0
Shorty,-0,0
Clockvice,-0,0
Holland Boys,-0,0
Nightlife Unlimited,-0,0
Nüw Idol,-0,0
Levon Vincent,-0,0
Donn Wilkerson,-0,0
どうぶつビスケッツ,-0,0
Bowsie,-0,0
Area Code 615,-0,0
My Morning Jacket,-0,0
Unitz,-0,0
Maggie Lindemann,-0,0
The Red Jumpsuit Apparatus,-0,0
Jack the Underdog,-0,0
Freddy Fresh,-0,0
ikura,-0,0
Petula Clark,-0,0
Bootsy’s Rubber Band,-0,0
K Suave,-0,0
Brenda Russell,-0,0
Cutmaster D.C.,-0,0
Gong,-0,0
Snow Patrol,-0,0
Joe Farrell,-0,0
Psychic Graveyard,-0,0
Shirley & Company,-0,0
Puerto Muerto,-0,0
The End of Science,-0,0
Loose Joints,-0,0
Baba Yaga,-0,0
Stealing Orchestra,-0,0
Fire,-0,0
Savage Rehab,-0,0
Monk Montgomery,-0,0
Аида Ведищева,-0,0
Wasis Diop,-0,0
Jory Boy,-0,0
Dr. John,-0,0
Pearson Sound,-0,0
Guillaume la Tortue,-0,0
asa,-0,0
Musical Mob,-0,0
Windjammer,-0,0
Soulusions,-0,0
Victor Ark,-0,0
Robert Parker,-0,0
Rob Base,-0,0
Darren Mitchell,-0,0
JAMES & GANG,-0,0
Lustre,-0,0
Guster,-0,0
Jason Mraz,-0,0
Omnipony,-0,0
わたてん☆5,-0,0
Carl Orff,-0,0
Captain Beefheart & His Magic Band,-0,0
Hildur Guðnadóttir,-0,0
Joe Sample,-0,0
Trans‐X,-0,0
Prisonshake,-0,0
The Who Boys,-0,0
Lil Pump,-0,0
Fleetwood Mac,-0,0
Busted,-0,0
Peter Buffett,-0,0
Abr.,-0,0
Starecase,-0,0
Nicole Price,-0,0
Deathpact,-0,0
Zachary Herbst,-0,0
Deebs,-0,0
Major Sample,-0,0
Carlos “Patato” Valdés,-0,0
The Stylistics,-0,0
The Moog Machine,-0,0
Adam and the Ants,-0,0
Ray Brown,-0,0
Pháo,-0,0
Mike Jones,-0,0
The Third Eye Foundation,-0,0
Lester Flatt & Earl Scruggs,-0,0
Professor And The Efficiency Experts,-0,0
Sledge Hammer,-0,0
Therapie TAXI,-0,0
Lazerhawk,-0,0
CHAKA,-0,0
Joe Williams,-0,0
James Horner,-0,0
The Nat Adderley Sextet,-0,0
Double Exposure,-0,0
Piglet,-0,0
やのあんな,-0,0
Eddie Harris,-0,0
Clint Mansell,-0,0
Mike & Charlie,-0,0
Os Cariocas,-0,0
Jspr,-0,0
John Duncan,-0,0
Orelsan,-0,0
Confidence Man,-0,0
美波,-0,0
The Gray Line,-0,0
CN,-0,0
Deerhoof,-0,0
Leo Birenberg,-0,0
The Beloved,-0,0
Al Hirt,-0,0
JustinRPG,-0,0
King of Woolworths,-0,0
Russell Brower,-0,0
Buddy Richard,-0,0
Edan,-0,0
Diana Shroomy,-0,0
Shit and Shine,-0,0
Educational rap,-0,0
I Will Never Be the Same,-0,0
Artie Webb,-0,0
The KOG,-0,0
Marc Lavoine,-0,0
Escala,-0,0
Mikky Cat,-0,0
Sweep the Leg Johnny,-0,0
Coi Leray,-0,0
四条貴音,-0,0
Revelation Funk,-0,0
Blackbird Blackbird,-0,0
Rory Gallagher,-0,0
Bas Amro,-0,0
Digital,-0,0
Pussy Riot,-0,0
Pharoah Sanders,-0,0
Riva,-0,0
Willie D,-0,0
Time Bandits,-0,0
September,-0,0
Connie Laverne,-0,0
Tony Bennett,-0,0
Savath & Savalas,-0,0
Stanley Clarke,-0,0
Stromae,-0,0
Fun Boy Three,-0,0
Tullio De Piscopo,-0,0
Monsoon,-0,0
Martha and the Muffins,-0,0
Alan Ross,-0,0
Embryo,-0,0
Gene and Jim Are Into Shakes,-0,0
Hauschka,-0,0
Fireball,-0,0
Tranquility Bass,-0,0
Jimmy Dorsey and His Orchestra,-0,0
オノマトペ大臣,-0,0
Jazzy Jay,-0,0
Homelife,-0,0
Bohemian Rhapsody,-0,0
Bad Habit Boys,-0,0
Niki and the Dove,-0,0
MJ Lenderman,-0,0
Devi McCallion,-0,0
J.J. Fad,-0,0
Caetano Veloso,-0,0
ぬゆり,-0,0
SteezTheProducer,-0,0
CSS,-0,0
Laid Back,-0,0
Andraé Crouch & the Disciples,-0,0
SSIO,-0,0
Root for The Villain,-0,0
Sixpence None the Richer,-0,0
Tecla,-0,0
悲しい Android Apartment,-0,0
Johnny Jenkins,-0,0
Kay-D,-0,0
KISS,-0,0
Daniel Johnston,-0,0
Tegan and Sara,-0,0
Chip Taylor,-0,0
MC Boob,-0,0
早見優,-0,0
Delia Derbyshire,-0,0
John Travolta,-0,0
あすとらるTrip,-0,0
Eddie Floyd,-0,0
Faro,-0,0
The Romantics,-0,0
南波真理子,-0,0
Chappell Roan,-0,0
Philip Bailey,-0,0
Arjun Vagale,-0,0
Lightnin’ Rod,-0,0
John Dankworth,-0,0
Sybil Thomas,-0,0
Chimo Bayo,-0,0
Harry Gregson‐Williams,-0,0
George Clinton and the P-Funk All Stars,-0,0
The Sindecut,-0,0
空手王,-0,0
Lil Tecca,-0,0
StewRat,-0,0
Asmus Tietchens,-0,0
The Broken View,-0,0
Tabitha Fair,-0,0
Duke Lake,-0,0
Karen Overton,-0,0
Pretty Tony,-0,0
Sharon Redd,-0,0
Jon Kennedy,-0,0
Harumi,-0,0
The Modern Institute,-0,0
Albert Hammond,-0,0
Helen T,-0,0
Debbie Deb,-0,0
三葉彩夏,-0,0
PolyphonicBranch,-0,0
Silkie,-0,0
E.S.G.,-0,0
Virus Syndicate,-0,0
Angie Care,-0,0
Second Sun,-0,0
Sexy Sushi,-0,0
YOOKiE,-0,0
AREA51,-0,0
Them Two,-0,0
Carlos ‘After Dark’ Berrios,-0,0
NGHTMRE,-0,0
Limited Express (has gone?),-0,0
土師一雄,-0,0
Nick Bike,-0,0
Grotus,-0,0
Carpenter Brut,-0,0
Skeewiff,-0,0
The Charmels,-0,0
Schlachthofbronx,-0,0
田所あずさ,-0,0
Gus Dapperton,-0,0
Blue Öyster Cult,-0,0
Mad Lion,-0,0
Brian Hyland,-0,0
Aventura,-0,0
The California Poppy Pickers,-0,0
TLC,-0,0
SMiLE.dk,-0,0
Gone Gone Beyond,-0,0
Marva Whitney,-0,0
A／I,-0,0
ALMA,-0,0
Redlight,-0,0
Froogle,-0,0
KARUT,-0,0
Nova Local,-0,0
Sniper,-0,0
Harolyn Blackwell,-0,0
8Ball,-0,0
Jedwill,-0,0
MACHETE CREW,-0,0
Kade McCuen,-0,0
Sunburned Hand of the Man,-0,0
KanouKaoru,-0,0
Evelyn “Champagne” King,-0,0
DJ Panik,-0,0
Phasma,-0,0
Dr. Rubberfunk,-0,0
Skindred,-0,0
Pop Levi,-0,0
Sumgii,-0,0
ZK king,-0,0
The New Birth,-0,0
pegaSix,-0,0
The Bulgarian Voices Angelite,-0,0
Rush,-0,0
Wonderfeel,-0,0
Tamsin West,-0,0
We Are Leo,-0,0
Adam and Andrew,-0,0
Shop Boyz,-0,0
Bill Evans,-0,0
Electrix,-0,0
Flunk,-0,0
Heuss L’enfoiré,-0,0
Metrik,-0,0
Icky,-0,0
Hani,-0,0
Saxxon,-0,0
Baraka,-0,0
Boo‐Yaa T.R.I.B.E.,-0,0
鈴木みのり,-0,0
宍戸留美,-0,0
Julee Cruise,-0,0
いしわたり淳治,-0,0
Virginia Astley,-0,0
The 21st Century,-0,0
CXRPSE,-0,0
Los Ángeles Negros,-0,0
All Time Low,-0,0
William DeVaughn,-0,0
Ujico*,-0,0
Mike Oldfield,-0,0
yutaka hirasaka,-0,0
The Infesticons,-0,0
The Dickies,-0,0
NCT 127,-0,0
麻生かほ里,-0,0
Ted Nugent,-0,0
長瀞さん,-0,0
A7S,-0,0
MORTEN,-0,0
Chicago Loop,-0,0
Эмиль Гилельс,-0,0
Junior Mance,-0,0
Dyva,-0,0
DJ Zeph,-0,0
Nazia Hassan,-0,0
Klangwerk,-0,0
Dead Kennedys,-0,0
Michelle Tumes,-0,0
The Apples in Stereo,-0,0
Movement in the City,-0,0
こなぐすり,-0,0
John Linnell,-0,0
Suicidal Rap Orgy,-0,0
Labradford,-0,0
Patrick Swayze,-0,0
Yello,-0,0
Ken Ashcorp,-0,0
Orange Kush,-0,0
J.Geco,-0,0
EQD,-0,0
七海麻美,-0,0
The Nat King Cole Trio,-0,0
CloudNone,-0,0
Jill Jones,-0,0
Lon Bender,-0,0
いとうかなこ,-0,0
Chris Luis,-0,0
美木優希奈,-0,0
Little Beaver,-0,0
f5f3fe,-0,0
David Porter,-0,0
Claudio Mingardi,-0,0
Chaffey College Jazz Ensemble,-0,0
O’Donel Levy,-0,0
Phil Grant,-0,0
Aperture Science Psychoacoustic Laboratories,-0,0
Mental Minority,-0,0
Sixfingerz,-0,0
timey/wimey,-0,0
ANGELGUTZ,-0,0
Gavin DeGraw,-0,0
Hank Crawford,-0,0
Darkeater,-0,0
Elysian Fields,-0,0
Jessica Audiffred,-0,0
Barry Brown,-0,0
Stew,-0,0
Zhané,-0,0
Amy Lou Barnes,-0,0
The Dismemberment Plan,-0,0
Neu KatalYst,-0,0
Freddo Fuori,-0,0
Half‐a‐Mill,-0,0
Flip Wilson,-0,0
Mani Deïz,-0,0
Dip T Jones,-0,0
Kraftklub,-0,0
Lisa G,-0,0
MixAndMash,-0,0
Julie Driscoll,-0,0
Joe Public,-0,0
藍井エイル,-0,0
The Propositions,-0,0
Johnny Pearson,-0,0
Razzlekhan,-0,0
Chris Montez,-0,0
Battlefield Band,-0,0
Tones on Tail,-0,0
The Good Strawberries,-0,0
Андрей Петров,-0,0
海野高校ていぼう部,-0,0
PAX217,-0,0
Anjulie,-0,0
Graham Central Station,-0,0
Keala Settle,-0,0
Colbie Caillat,-0,0
The Glass Family,-0,0
Kenny Larkin,-0,0
inverness,-0,0
Bliss n Eso,-0,0
Oliver Wallace,-0,0
Malik Trey,-0,0
Run the Jewels,-0,0
The Flying Pickets,-0,0
Alexandra Burke,-0,0
Mig 29,-0,0
Poobah,-0,0
DJ Suzy,-0,0
Dennis Coffey,-0,0
Jamaica Girls,-0,0
Jackson Sisters,-0,0
Prince Alla,-0,0
Franco Battiato,-0,0
Christell,-0,0
De Leon,-0,0
Freddie King,-0,0
Average White Band,-0,0
April Smith and the Great Picture Show,-0,0
Pescado Rabioso,-0,0
Highway Robbery,-0,0
Phace,-0,0
CRZKNY,-0,0
Kompany,-0,0
Hot Hot Heat,-0,0
Lionel Vinyl,-0,0
Pierre Bachelet,-0,0
Mukesh,-0,0
MPIA3,-0,0
Natalie Bergman,-0,0
兎田ぺこら,-0,0
Young Giftz,-0,0
Duumu,-0,0
Kraze,-0,0
The Egyptian Lover,-0,0
SOB X RBE,-0,0
Lee Oskar,-0,0
Lucky Date,-0,0
Real Life,-0,0
アリス・カータレット,-0,0
The Brian Setzer Orchestra,-0,0
Alf Poier,-0,0
Nor,-0,0
The Showmen Inc.,-0,0
Mili,-0,0
Louie Bellson,-0,0
Blümchen,-0,0
Simon & Garfunkel,-0,0
Anthony J. Gnazzo,-0,0
Papon,-0,0
Lake Malawi,-0,0
RAM,-0,0
Pinto,-0,0
Rebound X,-0,0
:(,-0,0
Agnetha Fältskog,-0,0
Jimmy Witherspoon,-0,0
2CELLOS,-0,0
Angélique Kidjo,-0,0
sinDamaged,-0,0
Art Mengo,-0,0
Wuyuntana,-0,0
MISOGI,-0,0
Hans Reichel,-0,0
José José,-0,0
Junior,-0,0
Tight Fit,-0,0
Sevenn,-0,0
田中光人,-0,0
Samuel E. Wright,-0,0
Antestor,-0,0
Cheap Trick,-0,0
Pepi Boys,-0,0
Flobots,-0,0
Spider Murphy Gang,-0,0
Ilium,-0,0
Swans Way,-0,0
Sidney Gish,-0,0
Anton Powers,-0,0
Infinite Body,-0,0
KOTOKO,-0,0
Janis Ian,-0,0
Carcass,-0,0
Paul de Jong,-0,0
Blind Melon,-0,0
The Trashmen,-0,0
Magazine 60,-0,0
Donna Washington,-0,0
Roc & Kato,-0,0
YuNi,-0,0
Aqua,-0,0
Architecture in Helsinki,-0,0
Eva Simons,-0,0
Cilla Black,-0,0
ミステリー金田一バンド,-0,0
Danzel,-0,0
Dear Reader,-0,0
SIERRA VEINS,-0,0
Helga Dernesch,-0,0
Engelwood,-0,0
Ahmad,-0,0
Pest,-0,0
Nathan Trent,-0,0
SuryaDemaH,-0,0
Jesus Belluci,-0,0
Ann Robinson,-0,0
Jupiter,-0,0
Coast to Coast,-0,0
JasonMartin,-0,0
Nico Vega,-0,0
Pere Ubu,-0,0
Zoey Dollaz,-0,0
London Philharmonic Choir,-0,0
Obrum,-0,0
Camille Yarbrough,-0,0
De Wambergers,-0,0
Jon Hopkins,-0,0
Mr Twin Sister,-0,0
Avant,-0,0
Bob Seger,-0,0
36,-0,0
Seeed,-0,0
Keith Ape,-0,0
稲葉曇,-0,0
2 Much,-0,0
仙狐,-0,0
Phyllis Hyman,-0,0
Rone,-0,0
Fobee,-0,0
Big Mike,-0,0
Manowar,-0,0
The New Vaudeville Band,-0,0
飯島真理,-0,0
Puss,-0,0
Mansun,-0,0
Rappy,-0,0
アゴアニキ,-0,0
Ken Nordine,-0,0
Francesca Lombardo,-0,0
AZEDIA,-0,0
Combo Belge,-0,0
Peter Pearson,-0,0
Allister Brimble,-0,0
Robert Miles,-0,0
Majid Jordan,-0,0
L. Pierre,-0,0
Rhythmatic,-0,0
Marcus Belgrave,-0,0
The Choir of All Saints,-0,0
Zekwé Ramos,-0,0
Parker & Clind,-0,0
The Champs,-0,0
Golden Earring,-0,0
watson,-0,0
Keith Power,-0,0
Todd Rundgren,-0,0
A.R.D.I.,-0,0
Bone Crusher,-0,0
The Ultraviolet Catastrophe,-0,0
THIRST,-0,0
Zombies for Money,-0,0
PON,-0,0
Sixx:A.M.,-0,0
Rozz Dyliams,-0,0
Uta Bella,-0,0
Akito,-0,0
Michel Sardou,-0,0
XV,-0,0
Ramsey Lewis,-0,0
The Cecil Holmes Soulful Sounds,-0,0
Mateo Flowers,-0,0
siromaru,-0,0
BitBeam,-0,0
The Shins,-0,0
Daniel Licht,-0,0
Julian Fane,-0,0
Soundgarden,-0,0
Cookie Monster,-0,0
Risse,-0,0
The Other People Place,-0,0
boggio,-0,0
Lukas Foss,-0,0
pxzvc,-0,0
C+C Music Factory,-0,0
BABYMETAL,-0,0
Play School,-0,0
Art Farmer,-0,0
'Lectric Workers,-0,0
Jorge Santana,-0,0
Kingdom,-0,0
Marshall Jefferson,-0,0
Son Seals,-0,0
Barrington Levy,-0,0
Nooch,-0,0
Michael Finnissy,-0,0
Bobby Darin,-0,0
One True God,-0,0
山崎憲司,-0,0
Deorro,-0,0
Sufjan Stevens,-0,0
Datsik,-0,0
Arrakis,-0,0
Rick Astley,-0,0
PVT,-0,0
Saja Boys,-0,0
星宮とと,-0,0
Faul & Wad,-0,0
James Hurr,-0,0
The Sven Libæk Orchestra,-0,0
Tiffany,-0,0
Mÿon,-0,0
永田権太,-0,0
Coops,-0,0
Lata Mangeshkar,-0,0
J‐Rocc,-0,0
Eddie Lang,-0,0
Jana Rush,-0,0
Life Sim,-0,0
The Hasbeens,-0,0
DESURABBITS,-0,0
Dandy Livingstone,-0,0
Diggy‐MO’,-0,0
Alkaline Trio,-0,0
ココ,-0,0
Heathered Pearls,-0,0
西田ひかる,-0,0
Tujamo,-0,0
FKW,-0,0
紗倉ひびき,-0,0
Sarah McLachlan,-0,0
Eugene Wilde,-0,0
Lyeform,-0,0
Mobitex,-0,0
Botch,-0,0
My Darkest Days,-0,0
Solan,-0,0
Said El Kurdi,-0,0
Deep Freeze Productions,-0,0
Ponderosa Twins Plus One,-0,0
Rickie Lee Jones,-0,0
O’Keefe Music Foundation,-0,0
Hugo Montenegro and His Orchestra,-0,0
Math the Band,-0,0
Vluarr,-0,0
Los Amigos Invisibles,-0,0
Cris MJ,-0,0
Surface,-0,0
Jubei,-0,0
Everett Bradley,-0,0
Wuki,-0,0
An Endless Sporadic,-0,0
SilkPonies,-0,0
Little Royal & The Swingmasters,-0,0
Claude‐Michel Schönberg,-0,0
Olympic Runners,-0,0
Dino Verde,-0,0
Gary Glitter,-0,0
Ralph MacDonald,-0,0
Cartoons,-0,0
(sic)boy,-0,0
Shokii,-0,0
Crystal Murray,-0,0
Alternate Skies,-0,0
Peech Boys,-0,0
BOREDOMS,-0,0
Wham!,-0,0
Kev Hopper,-0,0
The Muel,-0,0
Cookin’ on 3 Burners,-0,0
Copycat,-0,0
88rising,-0,0
Cassie,-0,0
Dada,-0,0
Veell,-0,0
Minotaur Shock,-0,0
Eternal Love,-0,0
Peggy Gou,-0,0
First Class,-0,0
Orinoko,-0,0
Feather,-0,0
Krystol,-0,0
David Batiste,-0,0
Stephen Stills,-0,0
Dean Lewis,-0,0
Trevor Rabin,-0,0
Deutsch Amerikanische Freundschaft,-0,0
Seth Gueko,-0,0
Gooseworx,-0,0
Omar,-0,0
Spektrem,-0,0
George Clanton,-0,0
Catch My Soul,-0,0
Alice DeeJay,-0,0
DJ Scotch Egg,-0,0
Five Way Mirror,-0,0
Neil Diamond,-0,0
Crossnaders,-0,0
İlhan İrem,-0,0
Stupeflip,-0,0
Spock,-0,0
Lindstrøm,-0,0
DJVI,-0,0
Bénabar,-0,0
Livin’ Joy,-0,0
The Rasmus,-0,0
Pinkfong,-0,0
VORTOM,-0,0
Sandro Silva,-0,0
Xavier Wulf,-0,0
Dan Salvato,-0,0
Hermóðr,-0,0
Rhythm on the Loose,-0,0
DJ Hollywood,-0,0
The Cult,-0,0
The Mighty Mighty Bosstones,-0,0
Eric Chevalier,-0,0
Beans,-0,0
The The,-0,0
Bobby Hebb,-0,0
Eekkoo,-0,0
Kenny Rogers,-0,0
Youngblood Brass Band,-0,0
Kiz,-0,0
Pig Destroyer,-0,0
King Missile,-0,0
FEX,-0,0
Digital Planet,-0,0
PFS,-0,0
Edu Lobo,-0,0
Glenn Wilson,-0,0
LLNN,-0,0
田中昌之,-0,0
Urban Soul,-0,0
Domo Genesis,-0,0
GARNiDELiA,-0,0
Аква Віта,-0,0
The Speaking Canaries,-0,0
Rich Homie Quan,-0,0
Funkadelic,-0,0
Jeanine van Elzakker,-0,0
Kick Up,-0,0
Lexis,-0,0
Hobocombo,-0,0
Hertz,-0,0
Baltimora,-0,0
Chico Buarque,-0,0
Iyaz,-0,0
Jon Thompson Orchestra,-0,0
林ゆうき,-0,0
DJ Felli Fel,-0,0
Heaven,-0,0
Neil Young,-0,0
愛瀬雅巳,-0,0
Ray Manzarek,-0,0
Jason Paige,-0,0
Bonez MC,-0,0
Gladstone Anderson,-0,0
Uldis Stabulnieks,-0,0
Richard “Humpty” Vission,-0,0
Adonis,-0,0
Guayo Man & O.G. Black,-0,0
100. debija,-0,0
phoreyz,-0,0
Lotek Hi-Fi,-0,0
The Tony Hatch Sound,-0,0
Richard Wright,-0,0
Rockapella,-0,0
On the House,-0,0
The Sheppards,-0,0
Picco,-0,0
Jimmy & Susy,-0,0
Joe Taylor,-0,0
Luke Cusato,-0,0
AKB,-0,0
Makkon,-0,0
Travel Sex,-0,0
Viewer,-0,0
Voyager,-0,0
Van Did,-0,0
Ambisonic,-0,0
The Flaming Lips,-0,0
Zero 7,-0,0
jeNoth,-0,0
Masters of Ceremony,-0,0
山神ルーシー(略),-0,0
Steve Tibbetts,-0,0
Clarence Carter,-0,0
Tyler Bates,-0,0
Shiny Toy Guns,-0,0
Hildegard Knef,-0,0
Scott Gairdner,-0,0
Nanne,-0,0
Bizzy & Co.,-0,0
Jack Rokka,-0,0
Smash Mouth,-0,0
The Selecter,-0,0
Arnold Jarvis,-0,0
James Ingram,-0,0
Sugar Billy Garner,-0,0
UB40,-0,0
BUMP OF CHICKEN,-0,0
Meli’sa Morgan,-0,0
Perfume,-0,0
Adele,-0,0
Black Box Recorder,-0,0
Алексей Батыченко,-0,0
豊平区民TOYOHIRAKUMIN,-0,0
Purple Ribbon All‐Stars,-0,0
New Jersey Connection,-0,0
T La Rock,-0,0
Ananda Shankar,-0,0
難波弘之,-0,0
Zamilska,-0,0
Zeal,-0,0
Cordless Soul Machine,-0,0
The Ethics,-0,0
Alphonso Johnson,-0,0
Regard,-0,0
Bad Meets Evil,-0,0
101 Strings,-0,0
Pilot,-0,0
Lil Ugly Mane,-0,0
Mij Mack,-0,0
Battletek,-0,0
g h o s t i n g,-0,0
Corrosion of Conformity,-0,0
Poppy,-0,0
BioBlitZ,-0,0
Cab Calloway and His Orchestra,-0,0
Brand Image,-0,0
Carmen,-0,0
Sunrise Avenue,-0,0
AKINO,-0,0
Move D,-0,0
Moderat,-0,0
TAK,-0,0
Alan Cook,-0,0
Kurtis Blow,-0,0
The Manhattan Transfer,-0,0
bedfordnoise,-0,0
Honey Cone,-0,0
Brother + Sister,-0,0
Halozy,-0,0
Domino,-0,0
Lumidee,-0,0
Meg Myers,-0,0
Denroy Morgan,-0,0
Bo Carter,-0,0
Tinkerbells Fairydust,-0,0
Jamie Christopherson,-0,0
Shawn Mendes,-0,0
荘司朗,-0,0
The London Theatre Orchestra,-0,0
Bromley,-0,0
ZoeEngine,-0,0
Anne Murray,-0,0
Arthur Gibbs and His Gang,-0,0
Tominic,-0,0
Emalkay,-0,0
Jacob Garchik,-0,0
Absolute Ensemble,-0,0
Circle Jerks,-0,0
Cristobal Tapia de Veer,-0,0
Crash Test Dummies,-0,0
Estiva,-0,0
We Are Scientists,-0,0
Bytesize,-0,0
Sophia,-0,0
Peter Reveen,-0,0
Auvic,-0,0
DJ Jörg,-0,0
DJ Pied Piper & The Masters of Ceremonies,-0,0
Fast Floor,-0,0
Galt MacDermot,-0,0
Foxing,-0,0
Systemwide,-0,0
NAMCO SAMPLING MASTERS,-0,0
The Living Souls,-0,0
Tashaki Miyaki,-0,0
Wretch 32,-0,0
Revazz,-0,0
Sarah Slean,-0,0
ヒャダイン,-0,0
Průvan,-0,0
Silly Wizard,-0,0
Wash Dennis & Charlie Sims,-0,0
MACE,-0,0
Semoothe,-0,0
hunz,-0,0
HEALING FANTASY,-0,0
D’art-,-0,0
Lexia,-0,0
Otomania,-0,0
Epsilon,-0,0
Nick Mason,-0,0
Gay Beast,-0,0
Jean-Phillippe Aviance,-0,0
コックリさん,-0,0
Florito,-0,0
Sinsémilia,-0,0
Santos,-0,0
Do Make Say Think,-0,0
Dean Rodell,-0,0
Erkut Taçkın,-0,0
Tove Lo,-0,0
The Stranglers,-0,0
Jeff van Dyck,-0,0
DJ Spookie,-0,0
Masterminds,-0,0
Ocean Wisdom,-0,0
Gimpson,-0,0
"From the Sunset, Forest and Grief",-0,0
Screaming Trees,-0,0
Lal Waterson,-0,0
Big John Hamilton,-0,0
firephlex productions,-0,0
Paramore,-0,0
Les Cowboys Fringants,-0,0
Buffalo Springfield,-0,0
Lukid,-0,0
Saint-Preux,-0,0
Millbrook,-0,0
Sporty‐O,-0,0
Adam White,-0,0
Justin Stone,-0,0
カヒミ・カリィ,-0,0
Frank Black,-0,0
Matt Gray,-0,0
Pepe Deluxé,-0,0
池田彩,-0,0
Unicorn Kid,-0,0
彩菜,-0,0
Sandy Marton,-0,0
flashygoodness,-0,0
Billy Satellite,-0,0
Ponky,-0,0
Matys,-0,0
岩崎良美,-0,0
Hybrid Leisureland,-0,0
Holy Noise,-0,0
Jimin,-0,0
Bohannon,-0,0
Hipnosis,-0,0
PISS SPEARS,-0,0
System of a Down,-0,0
タニウチヒデキ,-0,0
Mark Tower,-0,0
Corinne Bailey Rae,-0,0
Yann Tiersen,-0,0
Loski,-0,0
Lionel Hampton,-0,0
Mindex,-0,0
Mike Morasky,-0,0
Phan Kim Thanh,-0,0
Light Asylum,-0,0
ESOTERICISM,-0,0
Christine McVie,-0,0
Halcyon441,-0,0
Brenda & The Big Dudes,-0,0
John Fahey,-0,0
Gloria Estefan,-0,0
Gil Trythall,-0,0
Mars Argo,-0,0
Honeyz,-0,0
BCee,-0,0
Ian Hawgood,-0,0
Atreyu,-0,0
Zonae,-0,0
Coda,-0,0
Bedoes,-0,0
Amil,-0,0
Boddika,-0,0
Tommy McCook & The Supersonics,-0,0
Scarlett Peace,-0,0
Russ Chimes,-0,0
Steam Powered Giraffe,-0,0
Charles Kynard,-0,0
The Stone Roses,-0,0
Nana Caymmi,-0,0
Whitesnake,-0,0
The Fatima Mansions,-0,0
Havana Brown,-0,0
The B.B. & Q. Band,-0,0
Station Earth,-0,0
The Independence,-0,0
Planet Perfecto,-0,0
Camerata Salzburg,-0,0
Houdini,-0,0
Linton Kwesi Johnson,-0,0
タカナシトリコ,-0,0
Grand Wizzard Theodore,-0,0
Rockets,-0,0
Kojo Funds,-0,0
aden,-0,0
DT8 Project,-0,0
Jerry “Boogie” McCain,-0,0
L.S.G.,-0,0
Snøw,-0,0
Volta Bureau,-0,0
eleventwelfth,-0,0
You’ll Never Get to Heaven,-0,0
Ayla Nereo,-0,0
Calexico,-0,0
ESG,-0,0
Dee D. Jackson,-0,0
Prefab Sprout,-0,0
Roy Davis Jr.,-0,0
Robbie Seed,-0,0
ToonBoy Covers,-0,0
Moscow Military Brass Orchestra,-0,0
Dome,-0,0
Lone Catalysts,-0,0
Franklyn Ajaye,-0,0
Marty Maggio,-0,0
Patsy Cline,-0,0
Senntenial,-0,0
Klubbheads,-0,0
Roy Wood,-0,0
Jeremih,-0,0
Norman Feels,-0,0
Shandi Sinnamon,-0,0
Hunger!,-0,0
Jerry Goldsmith,-0,0
Kevin Aviance,-0,0
Illdisposed,-0,0
Sterling Void,-0,0
Μίκης Θεοδωράκης,-0,0
Bill Haley and His Comets,-0,0
Civil Twilight,-0,0
King Pleasure,-0,0
Jonas Brothers,-0,0
Paralell Manifesto,-0,0
Terry Callier,-0,0
"nothing,nowhere.",-0,0
Command Strange,-0,0
Inner City,-0,0
Nana Mouskouri,-0,0
The Roches,-0,0
Michael Henderson,-0,0
qebrµs,-0,0
Fransis Derelle,-0,0
American Composers Orchestra,-0,0
TAI,-0,0
Machine,-0,0
Kornell Aka Piermid,-0,0
Substance,-0,0
CAKE,-0,0
De Rigueur,-0,0
The Amity Affliction,-0,0
Paula Cole,-0,0
András Schiff,-0,0
The Count Basie Orchestra,-0,0
Baths,-0,0
The Three Stooges,-0,0
Greg Nice,-0,0
TheLegendTubaGuy,-0,0
Edward Maya,-0,0
NerdOut,-0,0
Rebekka Karijord,-0,0
gLAdiator,-0,0
木村明美,-0,0
Laguna Seca,-0,0
Jakie Quartz,-0,0
ZHU,-0,0
Choir of Young Believers,-0,0
Burro Banton,-0,0
CLP,-0,0
Glass Tiger,-0,0
Tara Vaughan,-0,0
지평권,-0,0
Dennis Brown,-0,0
Black Needle Noise,-0,0
Nicole J. McCloud,-0,0
Marcos in Dub,-0,0
Piemont,-0,0
Kwame Ture,-0,0
Luke Mandala,-0,0
Fischmob,-0,0
8 Wonders,-0,0
Racey,-0,0
nuages,-0,0
IAMTHEKIDYOUKNOWWHATIMEAN,-0,0
Einstürzende Neubauten,-0,0
了法寺,-0,0
Treble Clef,-0,0
Chubby Checker,-0,0
DJ これからの緊急災害,-0,0
Noh Vae,-0,0
Genesis,-0,0
ADC Band,-0,0
The Users,-0,0
Dread Fox,-0,0
G-Low,-0,0
Black Dresses,-0,0
Bergen filharmoniske orkester,-0,0
Mort Stevens and His Orchestra,-0,0
Bilge Pump,-0,0
The Fearless Four,-0,0
Linda Lyndell,-0,0
スチャダラパー,-0,0
Klaus Lage Band,-0,0
Brainstorm,-0,0
Kubbi,-0,0
Jason Weaver,-0,0
Freefire,-0,0
Hopesfall,-0,0
Tyla,-0,0
Oniris,-0,0
Kano,-0,0
Natalia Bonner,-0,0
Les McCann,-0,0
Mimi & Richard Fariña,-0,0
The Grodeck Whipperjenny,-0,0
Lennie Tristano,-0,0
灰野敬二,-0,0
Josh Mancell,-0,0
The Beginerz,-0,0
D-Team,-0,0
青山テルマ,-0,0
Tyson Yen,-0,0
Monk Higgins,-0,0
Bug Kann & The Plastic Jam,-0,0
Papito,-0,0
Gabs,-0,0
飯野賢治,-0,0
Supersillyus,-0,0
Syrinx,-0,0
Niall Horan,-0,0
Derek Bailey,-0,0
Martika,-0,0
Saucy Santana,-0,0
CCS,-0,0
Sam and the Womp,-0,0
The Vibrettes,-0,0
Seventeen Evergreen,-0,0
Thin Lizzy,-0,0
Tom Krause,-0,0
Dawn Somewhere,-0,0
Claire,-0,0
The Olivia Tremor Control,-0,0
mgk,-0,0
Vybz Kartel,-0,0
die!!die!!color!!!,-0,0
The City of Prague Philharmonic Orchestra,-0,0
Orchestre Lamoureux,-0,0
jaimie branch,-0,0
Juan Montego,-0,0
Opus III,-0,0
Bobby (Boris) Pickett and The Crypt‐Kickers,-0,0
松前真奈美,-0,0
Red Carpet,-0,0
Homemade Weapons,-0,0
チト,-0,0
Josh Garrels,-0,0
Lazaro Casanova,-0,0
The Cookies,-0,0
阿良々木月火,-0,0
James Bay,-0,0
Raymond Scott Quintette,-0,0
ELpH,-0,0
Eddie Palmieri,-0,0
Dutch Master,-0,0
Chic,-0,0
Hannah Williams,-0,0
MillionYoung,-0,0
AC/DC,-0,0
Bun B,-0,0
Jesu Brødre,-0,0
Barada,-0,0
山本邦山,-0,0
Billy Preston,-0,0
Kate Walsh,-0,0
The Frim,-0,0
Samuel L. Jackson,-0,0
London Grammar,-0,0
Mandrake Som,-0,0
Maddalena Fagandini,-0,0
Scritti Politti,-0,0
Alphabeat,-0,0
Meatball,-0,0
The Stan Tracey Quartet,-0,0
The Real Thing,-0,0
Maxx,-0,0
Eliphino,-0,0
ismBoF,-0,0
カラテクノ,-0,0
Rudy Love & The Love Family,-0,0
Lorde,-0,0
At the Gates,-0,0
Andrew Tasselmyer,-0,0
CUS,-0,0
The Laziest Men on Mars,-0,0
Nitro Fun,-0,0
Sysex,-0,0
工藤真由,-0,0
André Rieu,-0,0
Leroy Vinnegar,-0,0
Bad Company,-0,0
Superfly,-0,0
sleepy randy,-0,0
Agitation Free,-0,0
The Chantels,-0,0
Black & White Brothers,-0,0
A Reminiscent Drive,-0,0
Cheb Sahraoui & Chaba Fadela,-0,0
Kent,-0,0
Black Oak Arkansas,-0,0
Washington Phillips,-0,0
nanobii,-0,0
Marlena Shaw,-0,0
Ninja Sex Party,-0,0
Duke Pearson,-0,0
MC Magic Max,-0,0
Telekinesis,-0,0
Habstrakt,-0,0
Nikki Giovanni,-0,0
Al B. Sure!,-0,0
Tyrone Davis,-0,0
Deep Blue Something,-0,0
LeviathanJPTV,-0,0
Margeeah,-0,0
Baby Huey,-0,0
Julian Jordan,-0,0
Grand Puba,-0,0
정재일,-0,0
Hunch,-0,0
Flight Facilities,-0,0
Derrick May,-0,0
Darren Styles,-0,0
Gewelt,-0,0
Caspa,-0,0
Karthik,-0,0
でぃすとーしょん,-0,0
Bulu,-0,0
Rappy McRapperson,-0,0
Gus Backus,-0,0
Vicki Sue Robinson,-0,0
Tavares,-0,0
Dave Blunts,-0,0
Cherrelle,-0,0
Charlie Whitehead,-0,0
LordAndiso,-0,0
Ali Tabatabaee,-0,0
Mark Knight,-0,0
Pieces of a Dream,-0,0
Cat Stevens,-0,0
Minuit Café,-0,0
桃黒亭一門,-0,0
Jermaine Jackson,-0,0
Emmelie de Forest,-0,0
Observer Allstars,-0,0
Alexander Courage,-0,0
Barack Obama,-0,0
Elvis Costello & The Attractions,-0,0
タンポポ,-0,0
Marcy Playground,-0,0
Psykopig,-0,0
Movement,-0,0
K.I.D.,-0,0
John Gregory & His Orchestra,-0,0
Firebeatz,-0,0
Afro-Rican,-0,0
Starcluster,-0,0
J King & Maximan,-0,0
Daemien Frost,-0,0
Eddie Schwartz,-0,0
Bruce Haack,-0,0
14?,-0,0
Dylan & Loxy,-0,0
SoaringFlight,-0,0
Grovesnor,-0,0
BEAT CRUSADERS,-0,0
Norma Jean Wright,-0,0
Lick,-0,0
Ivor Cutler,-0,0
Chevreuil,-0,0
Ohio Express,-0,0
Palf,-0,0
Michael White,-0,0
Mer-A,-0,0
Winkee,-0,0
The Clovers,-0,0
Nightcrawlers,-0,0
Souffrance,-0,0
David Rush,-0,0
Ron Richardson,-0,0
Colors,-0,0
Shuggie Otis,-0,0
Doche,-0,0
AVANCE,-0,0
Alle Farben,-0,0
Harvey Sutherland,-0,0
Nightwalker,-0,0
Kronos Quartet,-0,0
Marc DePulse,-0,0
Matt Darey,-0,0
Moe Koffman,-0,0
Songs to Wear Pants To,-0,0
Afinity,-0,0
Neon Hitch,-0,0
Julio Bashmore,-0,0
George Fenton,-0,0
Scann-Tec,-0,0
Burzum,-0,0
The Mighty Tomcats,-0,0
Franco Piccolini,-0,0
Sonic Underground,-0,0
Jaymo & Andy George,-0,0
Terra Incognita,-0,0
Etno Engjujt,-0,0
Longers,-0,0
Severoth,-0,0
Kabanagu,-0,0
浜渦正志,-0,0
Magma,-0,0
Raymond Scott,-0,0
40mP,-0,0
Michael Franks,-0,0
White Ring,-0,0
Kashif,-0,0
Julia Kautz,-0,0
Buddy Rich,-0,0
Marina Van-Rooy,-0,0
Fillypunk,-0,0
Butterglove,-0,0
Skybreak,-0,0
The Echo of Koenigssee,-0,0
Charles Wright,-0,0
JoeyVFX,-0,0
I Set My Friends on Fire,-0,0
Erich Kunzel,-0,0
wAFF,-0,0
D.A.V.E. The Drummer,-0,0
Monno,-0,0
Loggins & Messina,-0,0
Camilo Sesto,-0,0
Wendy Rene,-0,0
The World’s Famous Supreme Team,-0,0
Vinnie Paz,-0,0
Michael Silversher,-0,0
72crash,-0,0
Musical Youth,-0,0
The Buckwheat Boyz,-0,0
KIZAN518,-0,0
Bolivar,-0,0
Geri Halliwell,-0,0
PANTyRAiD,-0,0
The Q4,-0,0
Jack Garratt,-0,0
Dom,-0,0
Brass Construction,-0,0
The 4‐Skins,-0,0
Miami Sound Machine,-0,0
Catboss.,-0,0
rachyl,-0,0
The Housemartins,-0,0
ナナホシ管弦楽団,-0,0
Euge Groove,-0,0
佐野信義,-0,0
Donald Fagen,-0,0
Fingers in the Noise,-0,0
Emika,-0,0
Eric D'Alessandro,-0,0
Jules Tropicana,-0,0
The Proclaimers,-0,0
A Great Big World,-0,0
Marsimoto,-0,0
Zimbabwe Legit,-0,0
Grille-Chemand,-0,0
La Cliqua,-0,0
宇山寛人,-0,0
Boobie Knight & the Soulciety,-0,0
Barely March,-0,0
Slug Christ,-0,0
Dennis Linde,-0,0
The Skatalites,-0,0
Huub Ten Hacken,-0,0
100 Proof (Aged in Soul),-0,0
Robot Boyfriend,-0,0
Tycho,-0,0
Ricardo Ray & Bobby Cruz,-0,0
Andre Williams,-0,0
Aya Nakamura,-0,0
Lo‐Fi‐Fnk,-0,0
Rishi Rich,-0,0
CINDERELLA PROJECT,-0,0
Leona Lewis,-0,0
Instupendo,-0,0
Fehrplay,-0,0
Amanda Blank,-0,0
Nozomu Matsumoto,-0,0
Vincent de Moor,-0,0
Oval,-0,0
Tony Sheridan,-0,0
Namasté,-0,0
URUBU,-0,0
Whale,-0,0
Toecutter,-0,0
CV,-0,0
Joanna Newsom,-0,0
Joe Esposito,-0,0
Baccara,-0,0
Mattia Pompeo,-0,0
Stefano Guzzetti,-0,0
Eek‐A‐Mouse,-0,0
Russell Sherman,-0,0
De Lite,-0,0
藤原鞠菜,-0,0
Willie Nelson,-0,0
Bobby Glenn,-0,0
Les Musclés,-0,0
Earl Grey,-0,0
SAINT WKND,-0,0
Simon Patterson,-0,0
Lil Jule,-0,0
Jethro Tull,-0,0
yeule,-0,0
Yun*chi,-0,0
Kaaris,-0,0
415,-0,0
伊藤さやか,-0,0
Ambassadeurs,-0,0
Cham,-0,0
DJ Gunshot,-0,0
Paul Horn,-0,0
Last Heroes,-0,0
Ojos de Brujo,-0,0
Thomas & Schubert,-0,0
Sabzi,-0,0
Sadkey,-0,0
Charlie P.,-0,0
Wendy Carlos,-0,0
Meic Stevens,-0,0
梶浦由記,-0,0
chillwagon,-0,0
Disturbed,-0,0
James Beige,-0,0
Aevion,-0,0
Karin Krog,-0,0
Stevia,-0,0
Spence,-0,0
北白川たまこ,-0,0
THP Orchestra,-0,0
Pigbag,-0,0
分島花音,-0,0
A-One,-0,0
Mark Hollis,-0,0
Amire Bendjeddou,-0,0
Charles Wright & the Watts 103rd Street Rhythm Band,-0,0
Jeffrey Osborne,-0,0
Phil Manzanera,-0,0
Deep Purple,-0,0
Salvatore Accardo,-0,0
Cliff Richard,-0,0
Måneskin,-0,0
Cuba Gooding,-0,0
NTO,-0,0
Kryptomedic,-0,0
Snavs,-0,0
Sum 41,-0,0
Ben Harper,-0,0
Warez,-0,0
Lionel Bart,-0,0
Hemo,-0,0
Toto,-0,0
The Monsoon Bassoon,-0,0
smith.,-0,0
Endaf Emlyn,-0,0
The Crusaders,-0,0
Emma Hewitt,-0,0
David Ruffin,-0,0
Boris,-0,0
Paper Route,-0,0
Band of Horses,-0,0
Smooth,-0,0
Manu Chao,-0,0
PhonyBrony,-0,0
Titus Andronicus,-0,0
Lorenz Büffel,-0,0
Chick Corea Elektric Band,-0,0
Apollo Quartet,-0,0
Fischerspooner,-0,0
Angel Haze,-0,0
Boy Blue,-0,0
ツインテイルズ,-0,0
Gabriel Garzón‐Montano,-0,0
Jean Paul Makhlouf,-0,0
Donovan,-0,0
030,-0,0
The Blue Jays,-0,0
Luminocolor,-0,0
Edward H. Dafis,-0,0
The Finder's,-0,0
Axwell,-0,0
Nari & Milani,-0,0
ANTOPIKO3,-0,0
Orange Krush,-0,0
Magic Sword,-0,0
One Self,-0,0
Hyper,-0,0
V-Love,-0,0
Keith & Tex,-0,0
Kabuki,-0,0
brakence,-0,0
Synergy,-0,0
Live-O,-0,0
MC Mabon,-0,0
The Get Up Kids,-0,0
Magic Sam Blues Band,-0,0
Howard Blake,-0,0
Richard Pinhas,-0,0
Car Seat Headrest,-0,0
Gang of Four,-0,0
The John Barry Seven,-0,0
Raggio di Luna,-0,0
tUnE-yArDs,-0,0
KOTONOHOUSE,-0,0
DJ Spinn,-0,0
M‐Beat,-0,0
Colonel Abrams,-0,0
Combustible Edison,-0,0
Riko Dan,-0,0
Leroy & the Drivers,-0,0
VinRouge,-0,0
Ol’ Dirty Bastard,-0,0
Scutoid,-0,0
Disparition,-0,0
MisfitChris,-0,0
Melanie Martinez,-0,0
Monaco,-0,0
Tommy Tate,-0,0
Baby Washington,-0,0
Paolo Conte,-0,0
Wigwam,-0,0
Between Interval,-0,0
Calboy,-0,0
The Jon Spencer Blues Explosion,-0,0
killedmyself,-0,0
Milt Jackson,-0,0
nihigo,-0,0
Matthew Shipp,-0,0
Shirley Brown,-0,0
Devin the Dude,-0,0
Tino Casal,-0,0
Desireless,-0,0
Esperanto,-0,0
APRIL,-0,0
Plattenpapzt,-0,0
KiiD,-0,0
Syoko,-0,0
Adolf Stern,-0,0
Minotor,-0,0
Nicholas Lens,-0,0
Barry Jamieson,-0,0
Mike Ladd,-0,0
Travie McCoy,-0,0
Hans Kennel,-0,0
Cloud One,-0,0
Unlimited Touch,-0,0
Egyptrixx,-0,0
Mad Cobra,-0,0
Future Disciple,-0,0
Leon Haywood,-0,0
Ahead to the Sea,-0,0
Aritus,-0,0
Polarkreis 18,-0,0
Pierce the Veil,-0,0
Richard O’Brien,-0,0
Barbara Manson,-0,0
PUFFY,-0,0
Caesars,-0,0
René et Gaston,-0,0
Traffic,-0,0
NIRGILIS,-0,0
Slim Hustla,-0,0
Chicago London Underground,-0,0
Memory Tapes,-0,0
Andrea Goodman,-0,0
EDWARD(我),-0,0
Lol Coxhill,-0,0
Mr. Chop,-0,0
New Atlantic,-0,0
Yeasayer,-0,0
Patrick Williams,-0,0
General Public,-0,0
gabby start,-0,0
MC Shy D,-0,0
かに風味,-0,0
Andrei Tudor,-0,0
Savage States,-0,0
The Timewriter,-0,0
Going Quantum,-0,0
Iced Earth,-0,0
Karat,-0,0
The Rio Carnival Orchestra,-0,0
Thunder & Lightning,-0,0
鈴木康純,-0,0
Copy Paste Soul,-0,0
TWICE,-0,0
Country Joe McDonald,-0,0
Charles Earland,-0,0
Najee,-0,0
Brian David Gilbert,-0,0
Ramon Morris,-0,0
Heaven and Earth,-0,0
Djavan,-0,0
FEE,-0,0
Collective Soul,-0,0
Robert Palmer,-0,0
Hubert Eaves III,-0,0
BISHU,-0,0
Rubberlegs Williams,-0,0
Gentleman,-0,0
La Funk Mob,-0,0
RY X,-0,0
Sam Kinison,-0,0
Shellac,-0,0
Dio,-0,0
Michel Legrand,-0,0
Orchestre national de France,-0,0
Lancaster__,-0,0
Lil’ Louis & the World,-0,0
遠山明孝,-0,0
Saku,-0,0
Ozols,-0,0
The Kinks,-0,0
MARY,-0,0
Julie Andrews,-0,0
Feshh,-0,0
Protoculture,-0,0
The Corporation,-0,0
Lamont,-0,0
Rebel Scum,-0,0
Droptek,-0,0
Quiet Riot,-0,0
William Fitzsimmons,-0,0
DJ Rush,-0,0
Naja Rosa,-0,0
Compulsion,-0,0
The Righteous Brothers,-0,0
vze,-0,0
Tomcraft,-0,0
French Original,-0,0
CHVRCHES,-0,0
増田順一,-0,0
Joey McCrilley,-0,0
164,-0,0
The Yardbirds,-0,0
Groove Theory,-0,0
Phenomania,-0,0
Super8 & Tab,-0,0
Dorrough,-0,0
Chris Hülsbeck,-0,0
Terry Zhong,-0,0
Ken Thorne,-0,0
The Conet Project,-0,0
Justo Betancourt,-0,0
Ray Parker Jr.,-0,0
bignic,-0,0
くるり,-0,0
Italian Boys,-0,0
Johnnie Ray,-0,0
Fountains of Wayne,-0,0
Boots Randolph,-0,0
That Kid,-0,0
Sub Urban,-0,0
The Vapors,-0,0
Rheingold,-0,0
The Wonderbolts!,-0,0
XTC,-0,0
Sonic Fusion,-0,0
当山ひとみ,-0,0
TrySail,-0,0
Stuart Hyatt,-0,0
Them,-0,0
Ben Gold,-0,0
K3,-0,0
Stretch,-0,0
Richy Nix,-0,0
Milow,-0,0
PirateCrab,-0,0
ManMan Savage,-0,0
Aaron Carter,-0,0
William Leymergie,-0,0
Bassheads,-0,0
フジネットワークシステム,-0,0
NTSC,-0,0
Ninajirachi,-0,0
Daze Prism,-0,0
Sun,-0,0
Zoe Winkler,-0,0
Innerpartysystem,-0,0
.Casting,-0,0
Deadbeat,-0,0
富永真央,-0,0
Splendora,-0,0
峰岸透,-0,0
OKAY,-0,0
The Blackbyrds,-0,0
Lightships,-0,0
Laima Sproģe,-0,0
Fonky Family,-0,0
The Mystic Moods Orchestra,-0,0
Tes La Rok,-0,0
Stars,-0,0
ヲタみん,-0,0
Mario Hammer,-0,0
Shelleyan Orphan,-0,0
Charlie,-0,0
LSPLASH,-0,0
Adel Tawil,-0,0
Julien Lamassonne,-0,0
The Shangri‐Las,-0,0
The Blow,-0,0
The Ruts,-0,0
102 gecs,-0,0
SCRIPT,-0,0
若井淑,-0,0
Ghost Loft,-0,0
Shaka Ponk,-0,0
Fausto Papetti,-0,0
These Kids Wear Crowns,-0,0
Fluke,-0,0
Miltiades,-0,0
Jacob Sartorius,-0,0
shtk9u,-0,0
Suede,-0,0
Bloody Vomit Bukkake,-0,0
Chriss Ortega,-0,0
Pleasure,-0,0
Wives,-0,0
The Fairlanes,-0,0
Googie Rene Combo,-0,0
Hydro,-0,0
Orginal Buam,-0,0
Newham Generals,-0,0
Louis Prima and His New Orleans Gang,-0,0
InI,-0,0
Kym Mazelle,-0,0
DJ MHM,-0,0
Anton Karas,-0,0
カルメン・マキ,-0,0
Téléphone,-0,0
Blowfly,-0,0
Moi Renee,-0,0
Monte,-0,0
Owl City,-0,0
Christina Perri,-0,0
Ecano,-0,0
Michael Giacchino,-0,0
須戸敏之,-0,0
Morbid Angel,-0,0
Marie‐Claire Alain,-0,0
High Maintenance,-0,0
MC Hero,-0,0
磯江俊道,-0,0
Rex Mundi,-0,0
Svenson & Gielen,-0,0
bôa,-0,0
Michael Sembello,-0,0
Ludovico Einaudi,-0,0
Years & Years,-0,0
Full Intention,-0,0
The GA Gurlz,-0,0
Think,-0,0
Aurora,-0,0
Caesars Palace,-0,0
The Divine Comedy,-0,0
Thegur90,-0,0
STEREO DIVE FOUNDATION,-0,0
Skull,-0,0
Lambchop,-0,0
MustBeat Crew,-0,0
3R2,-0,0
Sandrose,-0,0
Maceo & the Macks,-0,0
Janne Schaffer,-0,0
Carol Williams,-0,0
Macklemore & Ryan Lewis,-0,0
三留尚子,-0,0
FLOW,-0,0
Eiffel 65,-0,0
Riot Nation,-0,0
Adeaze,-0,0
Team,-0,0
Andain,-0,0
Pasteur Lappé,-0,0
Melanie Pappenheim,-0,0
Lars Moston,-0,0
Kelpe,-0,0
Mungo Jerry,-0,0
Blackrock,-0,0
Spartaque,-0,0
Stéphane Denève,-0,0
Antoine Dodson,-0,0
Dazz Band,-0,0
Yabby U,-0,0
Sarah Silverman,-0,0
Hyper on Experience,-0,0
Mest,-0,0
W.A.S.P.,-0,0
REID,-0,0
The Jelly Bean Bandits,-0,0
Taco Hemingway,-0,0
Luke Eargoggle,-0,0
Dany Dan,-0,0
TMX BOOM,-0,0
Ray Charles and His Orchestra,-0,0
Kidz in the Hall,-0,0
Talking Heads,-0,0
Simon Viklund,-0,0
Lenny Kravitz,-0,0
chelmico,-0,0
Boldy James,-0,0
Cayucas,-0,0
Rebecca Shoichet,-0,0
Ékoué,-0,0
Thomas Mapfumo & The Blacks Unlimited,-0,0
Tilt,-0,0
Liquid Gold,-0,0
竹間淳,-0,0
小林啓樹,-0,0
Unknown Caller,-0,0
Waldir Calmon,-0,0
Dimension,-0,0
Alberto José González,-0,0
The New Breed,-0,0
The Purple Fox,-0,0
Lemaitre,-0,0
Neutral Milk Hotel,-0,0
The Underdog Project,-0,0
24kGoldn,-0,0
KW Griff,-0,0
Coffee,-0,0
Fizzi Pizzi,-0,0
The Heliocentrics,-0,0
DJ Nehpets,-0,0
Deedee Magno Hall,-0,0
Garoad,-0,0
92 Eternal,-0,0
Milk Talk,-0,0
Olga Dreģe,-0,0
The Vinyl Rippers,-0,0
Head West,-0,0
Mac Dre,-0,0
Anita Lane,-0,0
足立賢明,-0,0
Square Punch,-0,0
杉山圭一,-0,0
Morgana King,-0,0
Bali Bandits,-0,0
The Radio Dept.,-0,0
OsamaSon,-0,0
Archaii,-0,0
Daniel Powter,-0,0
うさ,-0,0
JA‐X,-0,0
縄田寿志,-0,0
Crom & Thanh,-0,0
Peter Alexander,-0,0
Nirvana,-0,0
Flood,-0,0
Mims,-0,0
Hail Mary Mallon,-0,0
The Ebonys,-0,0
Aki Bergen,-0,0
Breakbot,-0,0
Voice of America,-0,0
Midwives of Discord,-0,0
Unique II,-0,0
PJ,-0,0
Gyedu-Blay Ambolley,-0,0
Beat Junkies,-0,0
Jim Dooley,-0,0
Mojay,-0,0
Stooki Sound,-0,0
DJ RaMeMes,-0,0
Buddy Baker,-0,0
Off,-0,0
Third Eye Blind,-0,0
100s,-0,0
Bob & Earl,-0,0
SEBii,-0,0
More Plastic,-0,0
El Gran Combo de Puerto Rico,-0,0
Česká filharmonie,-0,0
Supershy,-0,0
Aguaturbia,-0,0
Bombers,-0,0
J99,-0,0
G‐Eazy,-0,0
Pimp Wax,-0,0
HINOIチーム,-0,0
Converge,-0,0
Loco Dice,-0,0
Andy Kim,-0,0
Double S,-0,0
Gloria Barnes,-0,0
Billy Paul,-0,0
Dubloadz,-0,0
Na Palm,-0,0
Justin,-0,0
311,-0,0
Mk.gee,-0,0
Lowell Fulson,-0,0
John Butler Trio,-0,0
Alain Duvivier,-0,0
TJ.hangneil,-0,0
ロボ子さん,-0,0
David Mook,-0,0
Gary Walker & Rain,-0,0
Low Poly,-0,0
Ronnie Hudson and the Street People,-0,0
Pam Pero,-0,0
The Carl Cox Concept,-0,0
ミルキィホームズ,-0,0
K.P. & Envyi,-0,0
Bauhouse,-0,0
Bobby Caldwell,-0,0
The Flock,-0,0
Colleen D’Agostino,-0,0
National Philharmonic Orchestra,-0,0
Cocoon,-0,0
إحسان المنذر,-0,0
Third Degree,-0,0
Patrick Gauthier,-0,0
Mitch Ryder,-0,0
BuGgY_BiTz,-0,0
Marilyn McCoo,-0,0
Chief Keef,-0,0
Ghena Dimitrova,-0,0
Yuck,-0,0
DEVO,-0,0
Linnegoewd,-0,0
Scouting for Girls,-0,0
Beauty Brain,-0,0
The Shrink,-0,0
Beach House,-0,0
Denite,-0,0
Klaxons,-0,0
Stephanie Mills,-0,0
Crown Heights Affair,-0,0
Billy Brooks,-0,0
High Beggars,-0,0
MC5,-0,0
Chris Rickwood,-0,0
AYYBO,-0,0
김완선,-0,0
Constera,-0,0
Swizz Beatz,-0,0
Arthur Kreiger,-0,0
Rootbeer,-0,0
Das Department,-0,0
Possum Dixon,-0,0
Carl Douglas,-0,0
Silver Bullet,-0,0
Labrinth,-0,0
Sébastien Léger,-0,0
Guy,-0,0
Alan Silvestri,-0,0
Girl's Day,-0,0
Figure,-0,0
Bossfight,-0,0
Indianna Hale,-0,0
AFK,-0,0
Sebastian Brandt,-0,0
Seals & Crofts,-0,0
Sabrina Salerno,-0,0
Shandy Kubota,-0,0
Almar,-0,0
Revelacion,-0,0
種島ぽぷら,-0,0
Rockabye Baby!,-0,0
Creepy Nuts,-0,0
Cheech & Chong,-0,0
Slayyyter,-0,0
Cypis,-0,0
Gap Mangione,-0,0
Արամ Խաչատրյան,-0,0
Julianna Barwick,-0,0
Homeschool Dropouts,-0,0
Emily Portman,-0,0
Efdemin,-0,0
Walter & Gelder,-0,0
If,-0,0
Ani Klang,-0,0
Frisco,-0,0
Timothy Leary,-0,0
Musique Chienne,-0,0
Henry Krinkle,-0,0
Soulsister,-0,0
Laurie Johnson,-0,0
Strawberry Hospital,-0,0
Antonio Testa,-0,0
黒崎れおん,-0,0
Кино,-0,0
George Thorogood & the Destroyers,-0,0
GH,-0,0
Anilah,-0,0
Rose Stone,-0,0
Srav3R,-0,0
Maynard Ferguson,-0,0
009 Sound System,-0,0
SAINt JHN,-0,0
Eric Kloss,-0,0
Gabe,-0,0
Kill Paris,-0,0
Cage the Elephant,-0,0
Doormouse,-0,0
Sweet Tee,-0,0
Murlo,-0,0
Pat Martino,-0,0
Martin Lawrence,-0,0
Lupeelou,-0,0
Advance,-0,0
DeBarge,-0,0
Aloka,-0,0
Shelly Manne,-0,0
雨宿どみ乃,-0,0
Roland Clark,-0,0
佐野電磁,-0,0
Studio Pressure,-0,0
Cortex,-0,0
Sonny Stitt,-0,0
Cass Elliot,-0,0
NateWantsToBattle,-0,0
Derek and the Dominos,-0,0
GQ,-0,0
Benny Goodman,-0,0
Philippe Lafontaine,-0,0
Rahat Fateh Ali Khan,-0,0
Voodoo Queens,-0,0
Ride,-0,0
Swordfish,-0,0
Napalm Death,-0,0
Lágrima Ríos,-0,0
Ulrich Schnauss,-0,0
Vanity 6,-0,0
Andrew Bayer,-0,0
Gentle Giant,-0,0
Natasha Bedingfield,-0,0
Dirk Freymuth,-0,0
タイナカ彩智,-0,0
Spliff,-0,0
戸田信子,-0,0
UK Apachi,-0,0
Lisa Mitchell,-0,0
Beejays,-0,0
中村照夫,-0,0
Sawtooth Sucka,-0,0
Jon Brion,-0,0
The Lovemakers,-0,0
Joe Cocker,-0,0
Ivan Picazo,-0,0
Rob Ellis,-0,0
Girls Under Glass,-0,0
Living Colour,-0,0
JOME,-0,0
Badger,-0,0
HearThuG,-0,0
Anthony McBazooka,-0,0
ミツキヨ,-0,0
Mocca,-0,0
The Last Sighs of the Wind,-0,0
Annorkoth,-0,0
Earl Nightingale,-0,0
The Lyman Woodard Organization,-0,0
Jovanotti,-0,0
Luciano Supervielle,-0,0
アロナ,-0,0
アリサ・ミハイロヴナ・九条,-0,0
Grant MacDonald,-0,0
Sly Fox,-0,0
Speaker Honey,-0,0
Human Race,-0,0
Ouai Stéphane,-0,0
DJ EFX,-0,0
Rainbow Dash,-0,0
LAKE,-0,0
Freestyle,-0,0
Louis and Bebe Barron,-0,0
Pink and Brown,-0,0
Ella Fitzgerald,-0,0
Terror Fabulous,-0,0
Marilyn Monroe,-0,0
Kenny Nolan,-0,0
Milcho Leviev,-0,0
Becko,-0,0
Patton Oswalt,-0,0
LaTour,-0,0
DG Yola,-0,0
Georges Delerue,-0,0
Wheatus,-0,0
LOVE PSYCHEDELICO,-0,0
Shakin’ Stevens,-0,0
Belinda Carlisle,-0,0
Shirley Horn,-0,0
きこうでんみさ,-0,0
T’Pau,-0,0
Wilbur Bascomb and the Zodiac,-0,0
Barney McAll,-0,0
asuka tanaka,-0,0
Red Devil,-0,0
The Cardigans,-0,0
Dr. Kucho!,-0,0
Ringlets,-0,0
Primadonna,-0,0
Kanyon,-0,0
Evanescence,-0,0
Paul Giovanni,-0,0
Harry Romero,-0,0
Halley Hard Sound Unit,-0,0
Klaus Nomi,-0,0
Snow,-0,0
Lady Bee,-0,0
Như Quỳnh,-0,0
Patti Austin,-0,0
Wasted Penguinz,-0,0
Jazzberry Patch,-0,0
Edie Brickell & New Bohemians,-0,0
Young Boo,-0,0
Daniel Chorzempa,-0,0
Jimmy Ponder,-0,0
Phil Thornton,-0,0
Dollar,-0,0
Model 500,-0,0
中司雅美,-0,0
Kurt Hiltawsky,-0,0
Felguk,-0,0
Constant Deviants,-0,0
Untold,-0,0
Groundislava,-0,0
The Icemen,-0,0
Sheila Armstrong,-0,0
Samantha Mumba,-0,0
State of Alert,-0,0
Sagitaire,-0,0
Conchita Wurst,-0,0
Felli,-0,0
Jon Gibson,-0,0
Ensemble Minisym,-0,0
Under the Influence of Giants,-0,0
The Party Boyz,-0,0
Jewelz & Sparks,-0,0
Ginger Baker’s Air Force,-0,0
Okay Temiz,-0,0
fripSide,-0,0
Circular,-0,0
遠藤瑠香,-0,0
Rosa Yemen,-0,0
AJJ,-0,0
景山将太,-0,0
Marteria,-0,0
Cataract,-0,0
Marce,-0,0
Dave Matthews Band,-0,0
Oran “Juice” Jones,-0,0
Paul Shortino,-0,0
J.J. Cale,-0,0
放課後ティータイム,-0,0
The Headhunters,-0,0
Saves the Day,-0,0
Asa,-0,0
Claudja Barry,-0,0
DJ Cheb i Sabbah,-0,0
Rae Sremmurd,-0,0
meganeko,-0,0
Toni Basil,-0,0
Bashy,-0,0
Surfer Blood,-0,0
himynameisshan.,-0,0
Kiesza,-0,0
JT Money,-0,0
Beatmaster,-0,0
LT United,-0,0
Tennis,-0,0
Amaze,-0,0
さくらみこ,-0,0
Simon Carrington,-0,0
Odyssey,-0,0
Mandy Moore,-0,0
seatrus,-0,0
Haddaway,-0,0
Bodyscrub,-0,0
Totally Radd!!,-0,0
"Blood, Sweat & Tears",-0,0
ドクロちゃん,-0,0
Wil Bolton,-0,0
Toasty,-0,0
The Crystals,-0,0
Otra puse,-0,0
George Bruns,-0,0
Shawn Kemp,-0,0
Dexter Wansel,-0,0
Nathan Abshire,-0,0
Cozm-Oz-One,-0,0
Brân,-0,0
Vitro,-0,0
Link Wray & His Raymen,-0,0
Cocoa Tea,-0,0
Doodled,-0,0
Temper,-0,0
Wilbert Longmire,-0,0
Ram Jam,-0,0
Oblique Occasions,-0,0
Bobbie Gentry,-0,0
Halloween Thrills,-0,0
Divine Styler,-0,0
Acqua Fragile,-0,0
The Equatics,-0,0
Delwyn Siôn,-0,0
The High & Mighty,-0,0
Jaybee,-0,0
Quindon Tarver,-0,0
TYNAN,-0,0
Arijit Singh,-0,0
NAGISA,-0,0
Marten Hørger,-0,0
La Rumeur,-0,0
Midas Touch,-0,0
Slowly,-0,0
Mudgoose,-0,0
Sllash & Doppe,-0,0
Jonny Greenwood,-0,0
Detroyt,-0,0
Beaver & Krause,-0,0
La Mont Zeno Theatre,-0,0
Sugar Donut,-0,0
Tim Carleton,-0,0
SØL,-0,0
Dicky Wells and His Orchestra,-0,0
Lesbian Boy,-0,0
William James,-0,0
Regina Belle,-0,0
Foo Fighters,-0,0
Selena Gomez & the Scene,-0,0
Paradox 3000,-0,0
Carla Vallet,-0,0
Bassbear!!,-0,0
Branford Marsalis,-0,0
Sloppy Jane,-0,0
The El Dorados,-0,0
St. Regis,-0,0
Boris Dlugosch,-0,0
Milton Nascimento,-0,0
Fish Go Deep,-0,0
福山光晴,-0,0
Pony Pony Run Run,-0,0
hayve,-0,0
Harold Williamson,-0,0
The Crazy World of Arthur Brown,-0,0
Else,-0,0
Steps,-0,0
Thomas Hendrix,-0,0
The Egg,-0,0
Children of The Corn,-0,0
Snowflake,-0,0
Wes Smith,-0,0
Wam,-0,0
SIPPY,-0,0
Scandal,-0,0
IM@S ALLSTARS++,-0,0
S‐X,-0,0
Boris Gardiner,-0,0
Nat Adderley,-0,0
Richard Jaques,-0,0
後ろから這いより隊G,-0,0
Bobby Hutcherson,-0,0
Tobu,-0,0
Sly & Hunter,-0,0
Gavin Bryars,-0,0
Excuse 17,-0,0
Quad City DJ’s,-0,0
The DNC,-0,0
Fuzzy Logik,-0,0
The Doors,-0,0
Szymon Goldberg,-0,0
Funczion SOUNDS,-0,0
Andy Fairweather‐Low,-0,0
Aminé,-0,0
Busy Bee,-0,0
Jónsi & Alex,-0,0
稲泉りん,-0,0
Electronic Art Ensemble,-0,0
Triumvirat,-0,0
Carrie Underwood,-0,0
Mr. G,-0,0
Timmy Thomas,-0,0
Jars of Clay,-0,0
Passenger,-0,0
Khésis,-0,0
Dean Jones,-0,0
Diss-Cuss,-0,0
Kiki Dee,-0,0
Isaac Schankler,-0,0
Александр Порфирьевич Бородин,-0,0
Liberty X,-0,0
The Twinkle Brothers,-0,0
Al Bowlly,-0,0
Mr Joseph,-0,0
Étienne Daho,-0,0
Iceberg Slim,-0,0
Effin,-0,0
八幡浩暢,-0,0
Sun Ra,-0,0
TEMPURA KIDZ,-0,0
Patrick Simmons,-0,0
Leslie Bricusse,-0,0
Yomicid,-0,0
Gawr Gura,-0,0
Larry Williams,-0,0
Paul Russell,-0,0
Rixton,-0,0
Glenn Rune Gallefoss,-0,0
Zutt,-0,0
Jimmy Smith,-0,0
Trim,-0,0
Army of the Pharaohs,-0,0
Jean Carne,-0,0
DJ Travella,-0,0
Loren Allred,-0,0
Labi Siffre,-0,0
Major Look,-0,0
Twisted Sister,-0,0
Mia Martina,-0,0
Wet Willie,-0,0
C‐Systems,-0,0
Laura,-0,0
John Giorno,-0,0
Mike Ravelli,-0,0
Sérgio Mendes & Brasil ’66,-0,0
Willie Mitchell,-0,0
clown core,-0,0
Sounds From the Ground,-0,0
ANOHNI and the Johnsons,-0,0
濱野美奈子,-0,0
The Sylvers,-0,0
F i b o n a c c i,-0,0
Eleven Past One,-0,0
I Hate You,-0,0
David Gray,-0,0
Gitane DeMone,-0,0
Adam X,-0,0
Naked Eyes,-0,0
Neal Hefti,-0,0
Bady-Dorzhu Ondar,-0,0
The Quantic Soul Orchestra,-0,0
The Big Sleep,-0,0
Hi‐Lux,-0,0
The Shadows,-0,0
Chocolate Milk,-0,0
黒石ひとみ,-0,0
DJ Fox,-0,0
Kim Carnes,-0,0
Low Pros,-0,0
Chaty,-0,0
Romanthony's Nightvision,-0,0
Kumara,-0,0
David Wise,-0,0
八月二雪,-0,0
Melissa Manchester,-0,0
Alice Merton,-0,0
Steve “Silk” Hurley,-0,0
Harrison,-0,0
Mr. Mister,-0,0
Super Lover Cee & Casanova Rud,-0,0
Hayla,-0,0
Minimum Chips,-0,0
Ashdown,-0,0
Blur,-0,0
The New York Howl,-0,0
René Carol,-0,0
I See MONSTAS,-0,0
Karman,-0,0
Roman Messer,-0,0
MC Shan,-0,0
Darby,-0,0
Alain Renaud,-0,0
Andrew Sega,-0,0
Le Téléphone Arabe,-0,0
Stress,-0,0
Jade Cicada,-0,0
Ultra-Sonic,-0,0
Rebecca Luker,-0,0
General Degree,-0,0
Blame,-0,0
Mira Calix,-0,0
Vanessa Paradis,-0,0
Kopp Jonhson,-0,0
Otis Redding,-0,0
Scott White,-0,0
Parliament-Funkadelic,-0,0
Τα 4 Επίπεδα της Ύπαρξης,-0,0
Simple Plan,-0,0
Skylar Grey,-0,0
Castle Logical,-0,0
zabutom,-0,0
In Rainbows,-0,0
Michie Mee & L.A. Luv,-0,0
Black Machine,-0,0
Positive K,-0,0
Marco Decimo,-0,0
Mass Production,-0,0
Dan Forden,-0,0
Jelly BonBon,-0,0
Alkpote,-0,0
David Benoit,-0,0
Tati Quebra Barraco,-0,0
Alicia Myers,-0,0
Operating Theatre,-0,0
M2U,-0,0
Joel Grey,-0,0
.O.Rang,-0,0
Robert Junior,-0,0
Groove Allegiance,-0,0
Flairs,-0,0
MAISONdes,-0,0
シモン,-0,0
Mark Pledger,-0,0
Lewo Chyba,-0,0
girl in red,-0,0
The 4 Instants,-0,0
Chip-Man,-0,0
Unkillaz,-0,0
奥井雅美,-0,0
Moonbeam,-0,0
Dennis Edwards,-0,0
Cheriimoya,-0,0
Unk,-0,0
Neon Jungle,-0,0
Sherman “Swampy”,-0,0
Kotton The Cutie,-0,0
Boom Bip,-0,0
The Animal in Me,-0,0
Neon Indian,-0,0
After 7,-0,0
Bluelite,-0,0
Skrux,-0,0
DJ Gant‐Man,-0,0
Original Soul Senders,-0,0
The Brooklyn Bridge,-0,0
Sixtoo,-0,0
Zombie Zombie,-0,0
Roger Wagner,-0,0
Thirty Seconds to Mars,-0,0
Paffendorf,-0,0
potsu,-0,0
Rina Sawayama,-0,0
Sacred Spirit,-0,0
CR64HBRM,-0,0
TMSV,-0,0
SHIHO,-0,0
Ghostfriend,-0,0
Laurel Halo,-0,0
Arthur Lyman,-0,0
The Road Home,-0,0
Koelenz,-0,0
DJ Governor,-0,0
Jawoll,-0,0
Ghost Dance,-0,0
Clarence Mann,-0,0
L.A. Carnival,-0,0
Suduaya,-0,0
Norman Cook,-0,0
Nickelback,-0,0
Joe Hertz,-0,0
Sean Price,-0,0
Dennis the Fox,-0,0
John Lee Hooker,-0,0
Kindrid,-0,0
Nico Fidenco,-0,0
Ricardo Montaner,-0,0
Della Humphrey,-0,0
Tom Browne,-0,0
Vivien Vee,-0,0
Temple of the Dog,-0,0
DATAGIRL,-0,0
The Tape-beatles,-0,0
A Perfect Circle,-0,0
Ailow,-0,0
Taana Gardner,-0,0
Margie Joseph,-0,0
Timothy Hugh,-0,0
Puddle of Mudd,-0,0
Albert West,-0,0
MSD,-0,0
HeavenWraith,-0,0
Colin Hay,-0,0
Seether,-0,0
Davy DMX,-0,0
Gregorian,-0,0
Orangy,-0,0
Ralph Castelli,-0,0
Savlonic,-0,0
Tantrum Desire,-0,0
Steve Kuhn,-0,0
Jasper Tygner,-0,0
Black Rings Under My Eyes,-0,0
Bruno Pelletier,-0,0
Duke Dumont,-0,0
Paul J. Smith,-0,0
Billy Changer,-0,0
Spacer,-0,0
Eumir Deodato,-0,0
City Limits,-0,0
Renaldo & The Loaf,-0,0
Lil Mosey,-0,0
Wonder Girls,-0,0
葉麗儀,-0,0
周璇,-0,0
Journey to Ixtlan,-0,0
Cougar,-0,0
Cadillac,-0,0
J-CORE SLiCER,-0,0
Grain,-0,0
Wyndham Lewis,-0,0
Jane,-0,0
池上正,-0,0
すりぃ,-0,0
Baxter,-0,0
Wah!,-0,0
D-Funk,-0,0
Jean Knight,-0,0
Spice Pistols,-0,0
Your Favourite Garçon,-0,0
Charmian Carr,-0,0
Gat Décor,-0,0
Silk Sonic,-0,0
The Jessica Fletchers,-0,0
笹井隆司,-0,0
Church of Extacy,-0,0
Paul Bart,-0,0
Mike Mareen,-0,0
Arcade High,-0,0
Instant Funk,-0,0
Black Milk,-0,0
Mike WiLL Made‐It,-0,0
Anonymous 4,-0,0
Cynthia Onrubia,-0,0
Lesley Gore,-0,0
Rancid,-0,0
Steam,-0,0
Rita,-0,0
vivi,-0,0
The Live Band,-0,0
Ikkimel,-0,0
Karmin,-0,0
VESK GREEN,-0,0
渡部龍,-0,0
Paul T,-0,0
Lightnin’ Hopkins,-0,0
Shin Sakiura,-0,0
Shawn Colvin,-0,0
Royal-T,-0,0
Gheorghe Zamfir,-0,0
Michel’le,-0,0
Dances With White Girls,-0,0
Hansgod,-0,0
Bad Sector,-0,0
Tootskee & the Czar MC,-0,0
Julia Hülsmann Quartet,-0,0
Deborah Haslam,-0,0
Bugs,-0,0
FaltyDL,-0,0
ARMS Band,-0,0
Testament,-0,0
Sonic Inc.,-0,0
Anne Dudley,-0,0
Bleachers,-0,0
Sweet Female Attitude,-0,0
The Heath Brothers,-0,0
Jimmy Eat World,-0,0
Love Unlimited,-0,0
Edlan,-0,0
Jomanda,-0,0
See-Saw,-0,0
DJ Shah,-0,0
Nicholas Britell,-0,0
VII,-0,0
Martinelli,-0,0
The Mamas & the Papas,-0,0
Mistral,-0,0
Gary Moore,-0,0
Moodswings,-0,0
Soft Touch,-0,0
Jim Messina,-0,0
David Chalmin,-0,0
Lena Raine,-0,0
Damso,-0,0
Rare Essence,-0,0
G Tom Mac,-0,0
Silentó,-0,0
Cell,-0,0
Jeff Wayne,-0,0
Pink Project,-0,0
Wendell Austin,-0,0
The Bar‐Kays,-0,0
Bama,-0,0
Hubwar,-0,0
Tenacious D,-0,0
Napoleon XIV,-0,0
Wild Cherry,-0,0
Geto Boys,-0,0
The Bob Seger System,-0,0
DJ SWISHA,-0,0
The Henry Mancini Orchestra,-0,0
Desmond Child,-0,0
Philippe Eidel,-0,0
Soul Brothers Six,-0,0
LAXX,-0,0
Art Blakey,-0,0
Twin Temple,-0,0
Abbey Lincoln,-0,0
Rafael Cerato,-0,0
AXEL.K,-0,0
Bullet,-0,0
Circuit,-0,0
川口博史,-0,0
Nabiha,-0,0
Skero,-0,0
Millyz,-0,0
Lucky Millinder,-0,0
Quest,-0,0
Forrest,-0,0
Francine McGee,-0,0
ボビー,-0,0
Mike Posner,-0,0
Barry White and His Orchestra,-0,0
Ralph Tresvant,-0,0
Don Diablo,-0,0
Keny Arkana,-0,0
seleP,-0,0
Motorcitysoul,-0,0
Brian Auger & the Trinity,-0,0
Black Label Society,-0,0
Ludwig Wittgenstein,-0,0
The Rippingtons,-0,0
The Mar‐Keys,-0,0
George Olsen and His Music,-0,0
Mr. Meeble,-0,0
Sherbet,-0,0
The TnT Boys,-0,0
Jme,-0,0
Burning Spear,-0,0
Zoe,-0,0
Ambiance,-0,0
L-X-Carbo,-0,0
Konstantin Trokay,-0,0
Beenie Man,-0,0
笠井紀美子,-0,0
Fingaprint,-0,0
Rise,-0,0
Mr. Belt & Wezol,-0,0
Marius Constant,-0,0
Barry White,-0,0
Angel City,-0,0
Kansas,-0,0
Rolf Zuckowski und seine Freunde,-0,0
Keroué,-0,0
Doves,-0,0
Dottor Dag,-0,0
Phantom Planet,-0,0
Hi-Five,-0,0
Reptilicus,-0,0
Louis Chédid,-0,0
C’hantal,-0,0
The Dubliners,-0,0
B Beat Girls,-0,0
Karl Walker,-0,0
Dreams,-0,0
░▒▓新しいデラックスライフ▓▒░,-0,0
Tinashe,-0,0
Angels & Airwaves,-0,0
Ylvis,-0,0
Michael J. Blood,-0,0
The Harvey Averne Dozen,-0,0
John Cale,-0,0
Jack Lee,-0,0
Yumeka,-0,0
YUMDDA,-0,0
Duran Duran,-0,0
The McCoys,-0,0
Bullion,-0,0
Alex Clare,-0,0
Yakkle,-0,0
芳賀敬太,-0,0
cLOUDDEAD,-0,0
Asha Puthli,-0,0
Make the Girl Dance,-0,0
Savage Grace,-0,0
CloZinger,-0,0
The Bug,-0,0
Loreli,-0,0
Popol Vuh,-0,0
KAVARI,-0,0
Q Lazzarus,-0,0
ロビン,-0,0
Ideal,-0,0
山下達郎,-0,0
My Name Is Kay,-0,0
The Robert Cobert Orchestra,-0,0
zootzie,-0,0
Sinners Club,-0,0
Maykretch,-0,0
TRSH,-0,0
Vernon,-0,0
Glam,-0,0
Time Zone,-0,0
Sleepytime Gorilla Museum,-0,0
Brother Arthur,-0,0
Käärijä,-0,0
Sub Sub,-0,0
Verbal Kent,-0,0
LORN,-0,0
James Asher,-0,0
Drowning Pool,-0,0
Madeleine Wood,-0,0
Bit' a Sweet,-0,0
G.G. Near,-0,0
Elley Duhé,-0,0
Ahmad Jamal,-0,0
Billy Bragg,-0,0
Brodinski,-0,0
IC3PEAK,-0,0
Bettye LaVette,-0,0
John Matthias,-0,0
大橋純子,-0,0
Spunk,-0,0
Caesar Frazier,-0,0
Rodney O & Joe Cooley,-0,0
Wilcannia Mob,-0,0
Father’s Children,-0,0
尾崎景吾,-0,0
Zigfrīds Račiņš,-0,0
4 Tune Fairytales,-0,0
Frank Ski,-0,0
Zapp,-0,0
Tony Domenico,-0,0
Airto Moreira,-0,0
Pentatonix,-0,0
BØRNS,-0,0
The Inclinations,-0,0
Dave & Ansel Collins,-0,0
C‐Bo,-0,0
天海春香,-0,0
Tedashii,-0,0
Francis Cabrel,-0,0
A Flock of Seagulls,-0,0
Baby Fox,-0,0
Subscape,-0,0
Elend,-0,0
Chicago Gangsters,-0,0
Final Edition,-0,0
Mac DeMarco,-0,0
Jerry Lee Lewis,-0,0
Babatunde Olatunji,-0,0
Muhlis Akarsu,-0,0
Zinc,-0,0
本田竹広,-0,0
Sole Fusion,-0,0
みきとP,-0,0
R.T.Z.,-0,0
Spiridon Shishigin,-0,0
Kate Nash,-0,0
Soul Khan,-0,0
Indila,-0,0
Signum,-0,0
Don Laka,-0,0
Alexander O’Neal,-0,0
Hammock,-0,0
Gel-Sol,-0,0
Prozzäk,-0,0
The Ledgends,-0,0
Bingo Players,-0,0
Fear Factory,-0,0
George Buzinkai,-0,0
Boo-Boo B (6 Year Old Wonder),-0,0
東京スカパラダイスオーケストラ,-0,0
鷺巣詩郎,-0,0
廻転楕円体,-0,0
Laserdance,-0,0
Miguel de Deus,-0,0
Frog Pocket,-0,0
Ascendant Vierge,-0,0
G3,-0,0
DEATH DEVOIR,-0,0
Kadhja Bonet,-0,0
Joe Goddard,-0,0
Ticon,-0,0
Franchise,-0,0
Living Jazz,-0,0
Idris Muhammad,-0,0
Howlin’ Wolf,-0,0
Tenebrax,-0,0
Delon Reid,-0,0
Drik de Bruijn,-0,0
Waffle,-0,0
Dexta,-0,0
Vakeró,-0,0
Jimmy Webb,-0,0
Boban Marković Orkestar,-0,0
AViT,-0,0
Mike Longo,-0,0
The Hi‐Lo’s,-0,0
Syn Cole,-0,0
Roland Pidoux,-0,0
George Clinton,-0,0
Leda Stray,-0,0
Munno,-0,0
Nina Simone,-0,0
Tomahawk,-0,0
No Doubt,-0,0
Supertramp,-0,0
Edwin Birdsong,-0,0
NATZure,-0,0
Michael Brook,-0,0
Technical Itch,-0,0
Van She,-0,0
Allan Roosileht,-0,0
wido,-0,0
Infinity Crush,-0,0
Letherette,-0,0
Shiver,-0,0
Naughty Boy,-0,0
Gringo,-0,0
ハッピーくるくる,-0,0
Blue Stahli,-0,0
Mary Gardner,-0,0
Terror Danjah,-0,0
Dr Meaker,-0,0
Broken Social Scene,-0,0
Rockie Robbins,-0,0
David Glen Eisley,-0,0
Hi-Gate,-0,0
Trivium,-0,0
Varien,-0,0
Quelle Chris,-0,0
Ina Deter Band,-0,0
IAMDDB,-0,0
cherry chola,-0,0
Screamin’ Jay Hawkins,-0,0
E.S. Posthumus,-0,0
Archive,-0,0
Bowery Electric,-0,0
RingoFlicks,-0,0
DJ Pierre,-0,0
Ashlee Simpson,-0,0
Wallows,-0,0
Les Betteraves,-0,0
Jae Deal,-0,0
Lovely Peaches,-0,0
Pixies,-0,0
Kimya Dawson,-0,0
John R. Graham,-0,0
travongle,-0,0
Natbird,-0,0
Romanthony,-0,0
Bill Withers,-0,0
Raffaele Rizzi,-0,0
KEiNA,-0,0
Lightning Bolt,-0,0
Broder Daniel,-0,0
Fiachra Trench,-0,0
Steffi,-0,0
Hollen,-0,0
Sullivan King,-0,0
Monologue,-0,0
Clapman,-0,0
Ariel Pink’s Haunted Graffiti,-0,0
Skylar Spence,-0,0
XG,-0,0
Jack Off Jill,-0,0
French Affair,-0,0
Griselda,-0,0
The Aquabats!,-0,0
Class Action,-0,0
El Profesor,-0,0
結束バンド,-0,0
Sash!,-0,0
B-Lovee,-0,0
Daisy Chapman,-0,0
Ray Jay and the Eastsiders,-0,0
Daly Wilson Big Band,-0,0
Bob Dylan,-0,0
Kelly,-0,0
Dazey and the Scouts,-0,0
Basic Channel,-0,0
Marcapasos,-0,0
Dawin,-0,0
Dillinger,-0,0
Misty in Roots,-0,0
Evelyne Voilaume,-0,0
Lil’Fish,-0,0
Anakim,-0,0
Maniac,-0,0
Be Your Own Pet,-0,0
Chelley,-0,0
Absofacto,-0,0
Femalite,-0,0
Hypernova,-0,0
DJ Electrohead,-0,0
Junie Morrison,-0,0
Capcom Sound Team,-0,0
AN21 & Max Vangeli,-0,0
Stevie Wonder,-0,0
Samael,-0,0
Jared Emerson-Johnson,-0,0
Alex G,-0,0
Go West,-0,0
5 Seconds of Summer,-0,0
Kenny Burrell,-0,0
Otis Taylor,-0,0
Shirley Murdock,-0,0
kurtains,-0,0
Melanie Mau & Martin Schnella,-0,0
UUN4,-0,0
Liquid Liquid,-0,0
Love Kills,-0,0
姚莉,-0,0
"Drop Dead, Gorgeous",-0,0
Graingers,-0,0
imase,-0,0
Đàm Vĩnh Hưng,-0,0
Teenage Jesus and the Jerks,-0,0
Emily Van Evera,-0,0
marble,-0,0
Pete Schofield and the Canadians,-0,0
夏色まつり,-0,0
三品湊,-0,0
Good Charlotte,-0,0
Audioslave,-0,0
Johan,-0,0
Friendship,-0,0
Hanson,-0,0
Push Ups,-0,0
Edward Sharpe and the Magnetic Zeros,-0,0
Dasha,-0,0
Sashko Naganuma,-0,0
NERVO,-0,0
Skin Divers,-0,0
Newcleus,-0,0
4minute,-0,0
Greg & Steve,-0,0
DVBBS,-0,0
ItaloJohnson,-0,0
sakuraburst,-0,0
David Gold,-0,0
The Von Bondies,-0,0
Lee Morgan,-0,0
DJ Sound,-0,0
Coastal,-0,0
Kenzo,-0,0
The Hill/Wiltschinsky Guitar Duo,-0,0
Chuck Roberts,-0,0
a_hisa,-0,0
My Little Pony,-0,0
L.A. Dream Team,-0,0
Magic Eye,-0,0
Eargear,-0,0
Snow Banks,-0,0
Freshlyground,-0,0
Justin Scharvona,-0,0
The Colorblind James Experience,-0,0
Sky Creackers,-0,0
ID Cℎίℯƒ,-0,0
Forest,-0,0
Bazzi,-0,0
Marci,-0,0
Richard Jacques,-0,0
Ryu,-0,0
Ronnie Aldrich,-0,0
Asian Doll,-0,0
Eugene Bowen,-0,0
rouri404,-0,0
Phochos,-0,0
Chris Rainbow,-0,0
Sadness,-0,0
Lit,-0,0
"The Checkmates, Ltd.",-0,0
LONGMAN,-0,0
Cabbage Boy,-0,0
Natalie Cole,-0,0
Earthspace,-0,0
DUCKY,-0,0
Battery Crémil,-0,0
Karen Brake,-0,0
Raphael,-0,0
Reno Red,-0,0
Tzusing,-0,0
Nancy Martinez,-0,0
Mihalis Safras,-0,0
Gary Taylor,-0,0
The Martin Brothers,-0,0
Integrity,-0,0
Trisomie 21,-0,0
Mylta,-0,0
Wax,-0,0
The Andrews Sisters,-0,0
山根麻以,-0,0
Taim,-0,0
Ursine Vulpine,-0,0
Dire Straits,-0,0
Rick Braun,-0,0
No Age,-0,0
David Grant,-0,0
Mr. Potatohead,-0,0
VERSA,-0,0
4*TOWN,-0,0
AnTgry,-0,0
The Playmates,-0,0
Savage,-0,0
The Andrew Oldham Orchestra,-0,0
Emil Bulls,-0,0
Hot Boy$,-0,0
竹村延和,-0,0
Youth Never Dies,-0,0
BadHairlineProductions,-0,0
Gary Burton Quartet,-0,0
DETO BLACK,-0,0
Mel Tormé,-0,0
Steve Cropper,-0,0
Urbanforest,-0,0
The Tony Williams Lifetime,-0,0
Negu Gorriak,-0,0
Lil Wyte,-0,0
Anstam,-0,0
菊池桃子,-0,0
First Choice,-0,0
THE MAD CAPSULE MARKETS,-0,0
Michael Devellis,-0,0
Focus,-0,0
J:Kenzo,-0,0
Longevity Crew,-0,0
Chuck Cissel,-0,0
SHADED,-0,0
ZZCCMXTP,-0,0
Crookers,-0,0
Members Only,-0,0
Titeknots,-0,0
Chor der Bayreuther Festspiele,-0,0
Jennifer Paige,-0,0
Haujobb,-0,0
Cyrus Rego,-0,0
Sydney Youngblood,-0,0
Lou Bond,-0,0
Jamie Principle,-0,0
Tommy Guerrero,-0,0
Jennette McCurdy,-0,0
Arthur Baker and the Backbeat Disciples,-0,0
Koven,-0,0
Doris & Kelley,-0,0
The Pogues,-0,0
On-lyne,-0,0
Leo Sayer,-0,0
Iggy Pop,-0,0
Territoire,-0,0
Tristan,-0,0
Brian Tyler,-0,0
The Moody Blues,-0,0
Burial Hex,-0,0
Fefe Dobson,-0,0
Pozsi & Basic,-0,0
Christian McBride,-0,0
Anna of the North,-0,0
Tino Contreras,-0,0
あおい愛,-0,0
Danny Keith,-0,0
Young Triforce Cat Baron,-0,0
丹下桜,-0,0
Henk Habraken,-0,0
Anita Meyer,-0,0
Smookie Illson,-0,0
Ultravox,-0,0
GODSPEED 音,-0,0
Lisa Germano,-0,0
Line Renaud,-0,0
Harry Belafonte,-0,0
GYARI,-0,0
ML Buch,-0,0
Billy Squier,-0,0
Roy Budd,-0,0
D1,-0,0
DJ’s Rule,-0,0
Babylon System,-0,0
BBRAINZ,-0,0
Just Friends,-0,0
Mr. L,-0,0
Herwig Mitteregger,-0,0
Theo Bleckmann,-0,0
Bea Pelea,-0,0
The Philadelphia Orchestra,-0,0
umru,-0,0
MHD,-0,0
椛田早紀,-0,0
David Puentez,-0,0
Nick Ingman,-0,0
Brikkuni,-0,0
Objekt,-0,0
Outside,-0,0
Necros,-0,0
Finatticz,-0,0
Mall Grab,-0,0
Rampage,-0,0
SUGAR RUSH,-0,0
The Cars,-0,0
Hot Streak,-0,0
oshikiri,-0,0
Wolfgang Meyer,-0,0
Santiano,-0,0
Tailor Jae,-0,0
התזמורת הפילהרמונית הישראלית,-0,0
Awkwafina,-0,0
The Rum Baba,-0,0
Taylor Mead,-0,0
Leontina Vukomanović,-0,0
Clyde McPhatter,-0,0
Patti LaBelle & The Bluebelles,-0,0
Shelley Hirsch,-0,0
Richard Hill,-0,0
Daydreamer,-0,0
D‐Train,-0,0
1000mods,-0,0
すーぱーそに子,-0,0
The Ink Spots,-0,0
Another,-0,0
Triple Discharge,-0,0
Joolz Gianni,-0,0
L.E.D.-G,-0,0
Assassin,-0,0
綾野ましろ,-0,0
Experimentation,-0,0
Gino Soccio,-0,0
Augustana,-0,0
Ten City,-0,0
B.B.Rights,-0,0
Kenneth Bager,-0,0
Future Frog,-0,0
Meero,-0,0
Federico Franchi,-0,0
Elvis Costello,-0,0
8 Graves,-0,0
Johnny Moore’s Three Blazers,-0,0
Diana Gordon,-0,0
Keri Hilson,-0,0
13 Organisé,-0,0
Joe Tex,-0,0
Robert Frost,-0,0
Wang Chung,-0,0
Masked Wolf,-0,0
Soulkast,-0,0
Bleu Nuage,-0,0
Creative Source,-0,0
RinneRadio,-0,0
Mystikal,-0,0
Gary Byrd,-0,0
Solar Bears,-0,0
Bleu Clair,-0,0
[Disney],-0,0
Danzig,-0,0
Gario,-0,0
David Rose and His Orchestra,-0,0
Bette Midler,-0,0
Miles Davis Quintet,-0,0
Oliver Schories,-0,0
Lemon8,-0,0
麦コロッケ,-0,0
POLYSICS,-0,0
Maza,-0,0
Imaginary Cities,-0,0
Yakui the Maid,-0,0
colate,-0,0
Omarion,-0,0
Eric Cunningham,-0,0
Harajuku,-0,0
Goody Goody,-0,0
Duke Williams and The Extremes,-0,0
Hechizeros Band,-0,0
Mason Callaway,-0,0
奥河英樹,-0,0
Paulinho da Costa,-0,0
Big Bird,-0,0
Alex Adair,-0,0
CYaRon!,-0,0
Alestorm,-0,0
Gilbert O’Sullivan,-0,0
The Body Snatchers,-0,0
MAN WITH A MISSION,-0,0
Bag Raiders,-0,0
David McCallum,-0,0
Freeform,-0,0
Capital Cities,-0,0
Michel Chion,-0,0
RESCENE,-0,0
Ultra Naté,-0,0
John Mayer,-0,0
Elizio De Buzios,-0,0
Dylan Brady,-0,0
Senser,-0,0
Tony Joe White,-0,0
Binary Finary,-0,0
COOL&CREATE,-0,0
Carissa’s Wierd,-0,0
3 Phase,-0,0
Violator,-0,0
Eartha Kitt,-0,0
Arthur Prysock,-0,0
Jeff Beal,-0,0
Younger Brother,-0,0
Foster Sylvers,-0,0
Jean-Pierre Mader,-0,0
The Loops of Fury,-0,0
Khia,-0,0
Kenny Smith & The Loveliters,-0,0
Lizzy Mercier Descloux,-0,0
Jesse Frederick,-0,0
Bad Boombox,-0,0
Gummibär,-0,0
David Hume,-0,0
Falling in Reverse,-0,0
kuru,-0,0
Stephen Drury,-0,0
Veronica Petrucci,-0,0
New Arcades,-0,0
Robert Glasper,-0,0
Mono Culture,-0,0
Fatal Bazooka,-0,0
Huub Van Grinsven,-0,0
Schiller Street Gang,-0,0
Maxwell,-0,0
Radioactive Goldfish,-0,0
Altor Ronda,-0,0
David Soul,-0,0
Atlantic Drift,-0,0
Claire Hamill,-0,0
Jean-Pierre François,-0,0
Denny Jaeger,-0,0
Jan Garbarek,-0,0
Sugar Minott,-0,0
Yppah,-0,0
Jason Mewes,-0,0
Carl Hall,-0,0
Beverly Glenn‐Copeland,-0,0
Super Beagle,-0,0
NiziU,-0,0
Gordotoloko,-0,0
Killa Kyleon,-0,0
Ken Corday,-0,0
Leroy Hutson,-0,0
Modestep,-0,0
Kaily,-0,0
R-Tyme,-0,0
Haze,-0,0
Ava Louise,-0,0
Skaggs,-0,0
Bernard Wright,-0,0
The Undisputed Truth,-0,0
Allure,-0,0
Lofi Fruits Music,-0,0
The Raining Heart,-0,0
Dino,-0,0
Captive Unicorns,-0,0
DX Pasta,-0,0
AYA,-0,0
Catrin Finch,-0,0
East Side Beat,-0,0
Jeanette “Lady” Day,-0,0
Charlie Chaplin,-0,0
Buraka Som Sistema,-0,0
Chester Randle’s Soul Senders,-0,0
Toni Braxton,-0,0
Michiel van den Bos,-0,0
Cheryl Lynn,-0,0
René Breitbarth,-0,0
Колибри,-0,0
Funk Factory,-0,0
I‐Level,-0,0
Pastor T.L. Barrett,-0,0
Boz Scaggs,-0,0
Statelapse,-0,0
Interactive,-0,0
Le Dom,-0,0
World Famous Audio Hacker,-0,0
Swans,-0,0
Sabrina Carpenter,-0,0
T‐SQUARE,-0,0
Telephone Jim Jesus,-0,0
Roger Miller,-0,0
DarTokki,-0,0
Joni Mitchell,-0,0
Fields We Found,-0,0
Hoglodytes,-0,0
Oumou Sangaré,-0,0
Billy Gardener,-0,0
Ed Young,-0,0
Thomas de Hartmann,-0,0
J.D. Jaber,-0,0
Jackie Moore,-0,0
Trinidad James,-0,0
Daryl Hall & John Oates,-0,0
T-Ski Valley,-0,0
Nanotek,-0,0
Crazy Calls,-0,0
Sweet Mercy,-0,0
Michael Garrison,-0,0
The RAH Band,-0,0
Márcio Stein,-0,0
Sa‐Fire,-0,0
Tubeway Army,-0,0
kradness,-0,0
日高愛,-0,0
Yak,-0,0
David Cassidy,-0,0
Georgia Anne Muldrow,-0,0
The Loading Zone,-0,0
Heldon,-0,0
Madhouse,-0,0
September,-0,0
ｄｒｋｔｒｘ テレパシーのビジョンを持つもの,-0,0
SINN6R,-0,0
Kalyanji Anandji,-0,0
Plus‐Tech Squeeze Box,-0,0
にーそっくすす,-0,0
Tee Lopes,-0,0
Hissanol,-0,0
小倉唯,-0,0
Poe,-0,0
David Lyme,-0,0
DJ Spin,-0,0
T. Rex,-0,0
The Feels,-0,0
amohS,-0,0
Yaul,-0,0
Sara Bareilles,-0,0
Yandel,-0,0
The Mystic Number National Bank,-0,0
Jéan-Claude T.,-0,0
Housemaster Boyz,-0,0
Morphosis,-0,0
Anita Baker,-0,0
Azymuth,-0,0
LunyAlex,-0,0
Antônio Carlos Jobim,-0,0
Eric Carmen,-0,0
Pekka Pohjola,-0,0
リゼ・ヘルエスタ,-0,0
Badesalz,-0,0
General Levy,-0,0
The Association,-0,0
Sasha Alex Sloan,-0,0
Dave Hollister,-0,0
Nia Peeples,-0,0
Lock ’n Load,-0,0
Free,-0,0
Tino JJ,-0,0
SVNF8,-0,0
הצ׳רצ׳ילים,-0,0
Mainx,-0,0
The Showboys,-0,0
mynameisntjmack,-0,0
The Icypoles,-0,0
Radar Bird,-0,0
Metro Area,-0,0
Elkie Brooks,-0,0
Gallhammer,-0,0
Toro y Moi,-0,0
Afriqué,-0,0
Olivia Newton‐John,-0,0
M,-0,0
Citizen Cope,-0,0
Jato,-0,0
World Class Wreckin’ Cru,-0,0
Whistle,-0,0
John Kongos,-0,0
Diamond Messages,-0,0
Cujo,-0,0
Steve Mulder,-0,0
Draso,-0,0
Rachid Taha,-0,0
Bryan Ferry,-0,0
Tim Bergling,-0,0
Macajey,-0,0
The Coasters,-0,0
Lena Katina,-0,0
Judie Tzuke,-0,0
glaive,-0,0
The Excels,-0,0
Бьянка,-0,0
美妃,-0,0
Happy Campers,-0,0
The Loving Sisters,-0,0
Talvin Singh,-0,0
Dubstar,-0,0
The Jammers,-0,0
Richard Durand,-0,0
Barbara Lynn,-0,0
Lazy Ants,-0,0
ミラクルミュージカル,-0,0
Sascha Rydell,-0,0
Darbo,-0,0
Sibot,-0,0
The Searchers,-0,0
John Zorn,-0,0
Lovebug Starski,-0,0
Jon Lajoie,-0,0
Joshua,-0,0
Wiener Mozart Ensemble,-0,0
Future Islands,-0,0
Urbani,-0,0
The Fauns,-0,0
Allan Holdsworth,-0,0
LeVert,-0,0
Djuma Soundsystem,-0,0
Dom La Nena,-0,0
Just Brothers,-0,0
Jochen Miller,-0,0
Judas Priest,-0,0
Claire Littley,-0,0
Shinehead,-0,0
Spoon,-0,0
キャナァーリ倶楽部,-0,0
Max Romeo,-0,0
Actress,-0,0
Tina Moore,-0,0
Tommy Trash,-0,0
YAYAYI,-0,0
דודו טסה,-0,0
Cyclops,-0,0
Max Mathews,-0,0
’Til Tuesday,-0,0
JJ Salinas,-0,0
WALK THE MOON,-0,0
HyunA,-0,0
DaBaby,-0,0
Bourvil,-0,0
Brenton Wood,-0,0
Ella Jenkins,-0,0
Jennifer Hanson,-0,0
The Cure,-0,0
Pino D’Angiò,-0,0
Imperial Circus Dead Decadence,-0,0
Putrefy Factor 7,-0,0
Cygnus X,-0,0
Crystal Waters,-0,0
Depone,-0,0
Noah D,-0,0
The Count & Sinden,-0,0
Candy Dulfer,-0,0
西木野真姫,-0,0
The Winans,-0,0
fourfolium,-0,0
タナカトモノリ,-0,0
John Patton,-0,0
Paul Sharada,-0,0
Odetta,-0,0
Tony Christie,-0,0
SALES,-0,0
Millie Jackson,-0,0
Jimmy Edgar,-0,0
Third Son,-0,0
Howard Roberts Quartet,-0,0
Guto Roberts,-0,0
Om Unit,-0,0
loophoof,-0,0
YZ,-0,0
XBXRX,-0,0
Inon Zur,-0,0
The Temprees,-0,0
Cecilia Krull,-0,0
Mabisyo,-0,0
Petit Rabbit's with beans,-0,0
Hunting Lodge,-0,0
mirai,-0,0
Kai Engel,-0,0
Lewis Capaldi,-0,0
Don Dellpiero,-0,0
King,-0,0
Reasons,-0,0
Texta,-0,0
Chris & Carla,-0,0
佐倉千代,-0,0
Golden Features,-0,0
The Futures,-0,0
Palass,-0,0
Ronnie Foster,-0,0
Ethereal Shroud,-0,0
Eaves,-0,0
HEYZ,-0,0
Hausmarke,-0,0
Hilight Tribe,-0,0
Lordi,-0,0
David Alvarado,-0,0
J Majik,-0,0
Madd Anju,-0,0
Beni,-0,0
Sidney Samson,-0,0
Bark Psychosis,-0,0
Notaker,-0,0
Al Wilson,-0,0
Antwon,-0,0
大谷幸,-0,0
X-101,-0,0
“Sweet” Charles Sherrell,-0,0
Sipping Soma,-0,0
Sir John Betjeman,-0,0
O‐Zone,-0,0
Blackfield,-0,0
Jestofunk,-0,0
Melissa,-0,0
Acker Bilk,-0,0
Vindata,-0,0
しほり,-0,0
Ian Dury,-0,0
The San Sebastian Strings,-0,0
Markus Mann,-0,0
鈴木広志,-0,0
Divine Sounds,-0,0
Nocera,-0,0
Krootchey,-0,0
Anthony Attalla,-0,0
Seventh Stitch,-0,0
Nancy Wilson,-0,0
Tristan Scroggins,-0,0
SEREBRO,-0,0
POOLCLVB,-0,0
友達つくり隊,-0,0
Acid Mothers Temple & The Melting Paraiso U.F.O.,-0,0
ユイレヴィ♡,-0,0
Zebra Katz,-0,0
R. City,-0,0
Harry Pussy,-0,0
Showtek,-0,0
Vicki Anderson,-0,0
The Paradise,-0,0
Bob Crosby and the Bob Cats,-0,0
Power Rangers,-0,0
Hurricane Chris,-0,0
Van McCoy,-0,0
Extrawelt,-0,0
さユり,-0,0
Jagged Edge,-0,0
Ted Mulry Gang,-0,0
Savage,-0,0
Mr. Flash,-0,0
John Newman,-0,0
Fairmont,-0,0
Mirani,-0,0
RAWINTHEVOID,-0,0
Broke One,-0,0
The Chico Hamilton Quintet,-0,0
Skee Mask,-0,0
Karlheinz Stockhausen,-0,0
Basement,-0,0
Cero Rio,-0,0
Dread MC,-0,0
Le Tigre,-0,0
American Gypsy,-0,0
Genetic,-0,0
Wamdue Project,-0,0
Terrorize,-0,0
Rido,-0,0
Dizzy Gillespie,-0,0
Piotr Gajcy,-0,0
Matthew Herbert,-0,0
Five or Six,-0,0
Georgio,-0,0
Greed,-0,0
Crowder,-0,0
D Double E,-0,0
Gabriela Robin,-0,0
Leslie West,-0,0
Todd Terje,-0,0
Snitchbros,-0,0
Stan Ridgway,-0,0
Sniff ’n’ the Tears,-0,0
Fade to Black,-0,0
Alphonse Mouzon,-0,0
unknownsignals,-0,0
ram jam world,-0,0
Dru,-0,0
Adventures of Stevie V,-0,0
Tim Roth,-0,0
Drastic Duo,-0,0
岬なこ,-0,0
Lena,-0,0
The Marcels,-0,0
A R I Z O N A,-0,0
Herman Kelly & Life,-0,0
Mary O’Hara,-0,0
Migos,-0,0
Vanessa Carlton,-0,0
下田祐,-0,0
BARELY ALIVE,-0,0
Lenny Williams,-0,0
Dr. Andonuts,-0,0
SOAK,-0,0
The Allman Brothers Band,-0,0
Эдуард Артемьев,-0,0
Black Coast,-0,0
Gene Chandler,-0,0
Miracles,-0,0
Bizz Nizz,-0,0
Libera,-0,0
Martin Galway,-0,0
Diego,-0,0
Swallow,-0,0
Black Lung,-0,0
Love is Same All,-0,0
People’s Choice,-0,0
Sylvia Striplin,-0,0
Pink Guy,-0,0
Samurai Breaks,-0,0
Art of Tones,-0,0
Nicholas Karr,-0,0
Babes in Toyland,-0,0
Diviacchi,-0,0
Elspongie,-0,0
Ivan Shopov,-0,0
Roger Eno,-0,0
fhána,-0,0
El Coco,-0,0
Calibro 35,-0,0
O.A.R.,-0,0
Cavetown,-0,0
Spice,-0,0
Raffi,-0,0
mihomi,-0,0
Sergio Delanuà,-0,0
NewSong,-0,0
SpongeBob and The Losers,-0,0
Space,-0,0
The Soul Seven,-0,0
Astor Piazzolla and His Tango Quintet,-0,0
Deedrah,-0,0
Surly,-0,0
Uriah Heep,-0,0
Yeat,-0,0
中島愛,-0,0
Bad Omens,-0,0
Engelbert Humperdinck,-0,0
The Blizzard,-0,0
AFI,-0,0
Gerald Fried,-0,0
Client,-0,0
Wedlock,-0,0
Spoonie Gee,-0,0
Debmaster,-0,0
Sugar Creek,-0,0
Elk Road,-0,0
The Sea Nymphs,-0,0
The Passions,-0,0
Floating Points,-0,0
OKI,-0,0
Pages,-0,0
Jessie Ware,-0,0
山口理恵,-0,0
NOKI,-0,0
Bobby Williams,-0,0
Brennan Heart,-0,0
Sly Withers,-0,0
Mito,-0,0
Blues Brothers,-0,0
Dion,-0,0
Tabar,-0,0
S22,-0,0
Headie One,-0,0
Cornelius Brothers & Sister Rose,-0,0
Dadub,-0,0
Oddwin,-0,0
Jasmine Cephas‐Jones,-0,0
Sunn O))),-0,0
Brando,-0,0
Elliphant,-0,0
Randy Crawford,-0,0
Xavi&Gi,-0,0
新沼謙治,-0,0
San Pacho,-0,0
Reverse Psychology,-0,0
Magiera,-0,0
Laurie Anderson,-0,0
Sheryl Crow,-0,0
Sonority,-0,0
Patric La Funk,-0,0
Jah Cure,-0,0
The Prototypes,-0,0
Slow Motion Centerfold,-0,0
The Ramsey Lewis Trio,-0,0
El_txef_a,-0,0
Kings of Tomorrow,-0,0
Kate Havnevik,-0,0
The Whole Darn Family,-0,0
RCola,-0,0
Lou Grant,-0,0
Chip E.,-0,0
Equinox,-0,0
Nymfo,-0,0
D.H.T.,-0,0
OBESØN,-0,0
FREAK ON,-0,0
Triggerfinger,-0,0
Feint,-0,0
John Medeski,-0,0
Wenzday,-0,0
Russ,-0,0
Eddie Henderson,-0,0
Slim Smith,-0,0
MikyFlex,-0,0
Tru Faith,-0,0
Gala,-0,0
Rick Dees & His Cast of Idiots,-0,0
King Crimson,-0,0
Red Rat,-0,0
Eric Weissberg,-0,0
Dave Grusin,-0,0
The Electric Prunes,-0,0
Sam Hunt,-0,0
Mitchie M,-0,0
Marksun & Brian,-0,0
Breach,-0,0
キャロル,-0,0
Revolution Void,-0,0
HeathisHuman,-0,0
amazarashi,-0,0
Perri Alleyne,-0,0
Astral & Shit,-0,0
SCUM,-0,0
Lisa B,-0,0
Sizzla,-0,0
Blak Twang,-0,0
The Ataris,-0,0
Wordsworth,-0,0
Black Marble,-0,0
Axemen,-0,0
Yah Supreme,-0,0
Allen Ginsberg,-0,0
Tipsy,-0,0
Tom Scott,-0,0
blackbear,-0,0
Slow Reels,-0,0
Lowland,-0,0
石垣秀基,-0,0
עפרה חזה,-0,0
Pola & Bryson,-0,0
The Partysquad,-0,0
Faxe,-0,0
Lady A,-0,0
Man in a Room,-0,0
Daler Mehndi,-0,0
Stan Bush & Barrage,-0,0
HOT PLACE,-0,0
London Philharmonic Orchestra,-0,0
Markomen,-0,0
Yusef Lateef,-0,0
Bebe Rexha,-0,0
Spokes,-0,0
Pete Lazonby,-0,0
The Lovin’ Spoonful,-0,0
Burnski,-0,0
Mutato Muzika,-0,0
Inaya Day,-0,0
Israel Baker,-0,0
Saturn駅,-0,0
Mihka!,-0,0
Cocktail Party Effect,-0,0
Yazzus,-0,0
Nektar,-0,0
(K)NoW_NAME,-0,0
Cloudier,-0,0
Gamma Ray,-0,0
Vincent Mashups,-0,0
Pirate Jams,-0,0
Stylóo,-0,0
Yael Naïm,-0,0
Get Well Soon,-0,0
Bobby Womack,-0,0
Angelo Badalamenti,-0,0
Lucenzo,-0,0
Sipprell,-0,0
Spencer Brown,-0,0
Randy Houser,-0,0
Simplification,-0,0
Gilberto Gil,-0,0
The Night Writers,-0,0
Garcia's Super Funk,-0,0
Shabaam Sahdeeq,-0,0
Da'Ville,-0,0
Steve Miller Band,-0,0
SlyphStorm,-0,0
Ben E. King,-0,0
Midnight Star,-0,0
Akbal,-0,0
Blanke,-0,0
The Rock Steady Crew,-0,0
Anja Garbarek,-0,0
Paul Engemann,-0,0
Jackmate,-0,0
Go‐Go’s,-0,0
Temple One,-0,0
Tracy Chapman,-0,0
Tod Dockstader,-0,0
Morgan Fisher,-0,0
José González,-0,0
Paul C & Paolo Martini,-0,0
EPROM,-0,0
Junior Senior,-0,0
Twink,-0,0
Eddy Senay,-0,0
Zombie Nation,-0,0
Stephan Bodzin,-0,0
Bong‐Ra,-0,0
Dawn,-0,0
Véronique Sanson,-0,0
Casanova,-0,0
IRF,-0,0
Black Ivory,-0,0
Hannah Montana,-0,0
Peter Straus,-0,0
Penguin Cafe Orchestra,-0,0
Guem,-0,0
B. Ames,-0,0
René Amesz,-0,0
Den Harrow,-0,0
Scientist,-0,0
The Dells,-0,0
Bruford,-0,0
501,-0,0
christ.,-0,0
Sweet Trip,-0,0
ATYYA,-0,0
Mark Instinct,-0,0
Tony Grayson,-0,0
ghastly,-0,0
GLaDOS,-0,0
赤血球 AE3803,-0,0
Poni Hoax,-0,0
Daxbak,-0,0
Kelly Osbourne,-0,0
Capleton,-0,0
Thanatos,-0,0
Little Big Town,-0,0
双海真美,-0,0
Trio Mediæval,-0,0
山口裕史,-0,0
Paul Mauriat,-0,0
Charles Bradley,-0,0
Marcos & Belutti,-0,0
YBN Nahmir,-0,0
The Bothy Band,-0,0
松浦雅也,-0,0
Jon Doe,-0,0
Fast Food Rockers,-0,0
Mano Negra,-0,0
David Arnold,-0,0
Jordan Knight,-0,0
HHH,-0,0
KOAN Sound,-0,0
浜口史郎,-0,0
Höhner,-0,0
RuPaul,-0,0
Kenny Lattimore,-0,0
Rhys Chatham,-0,0
Mashmakhan,-0,0
Bill Hicks,-0,0
Noble,-0,0
Morgana,-0,0
Doug Moreland,-0,0
BANKS,-0,0
Mata-Hari,-0,0
Mint Condition,-0,0
OTTO,-0,0
Tierra,-0,0
Styx,-0,0
Nils Frahm,-0,0
Dusty Springfield,-0,0
Udit Narayan,-0,0
Bowa,-0,0
Switch,-0,0
Chuck Brown,-0,0
Yilan,-0,0
Frida Gold,-0,0
Echosmith,-0,0
John Williams,-0,0
Gerald Mallory,-0,0
González & Gonzalo,-0,0
Culture Club,-0,0
Metronomy,-0,0
Kwabs,-0,0
Guru Josh Project,-0,0
My Brightest Diamond,-0,0
Cleo,-0,0
Niek Stein,-0,0
Parliament,-0,0
Charlottefield,-0,0
Digital Waves,-0,0
Fat Boys,-0,0
Carly Simon,-0,0
佐藤仁美,-0,0
High Fidelity Three,-0,0
Ehren Stowers,-0,0
Minilogue,-0,0
Enon,-0,0
Magnum,-0,0
小潘潘,-0,0
Neon Trees,-0,0
Corey Feldman,-0,0
SaidWho,-0,0
Lustra,-0,0
Robert Lax,-0,0
Johnny Mathis,-0,0
EXILE,-0,0
Stevie Wright,-0,0
The Outfield,-0,0
Peelo,-0,0
Jacob Miller,-0,0
Squid Squad,-0,0
Manoa,-0,0
Blue Foundation,-0,0
JHz,-0,0
Joe Anderson,-0,0
Hazhe,-0,0
Bandolero,-0,0
Albin de la Simone,-0,0
Jeremy Storch,-0,0
Silkbless,-0,0
The Temper Trap,-0,0
Jamaram,-0,0
Archie Whitewater,-0,0
Misanthrope,-0,0
Lowrell Simon,-0,0
Ｓｐｏｒｔ３０００,-0,0
Sandy Rivera,-0,0
Sly One,-0,0
Congress,-0,0
Black Grass,-0,0
Driving Faces,-0,0
Dennis St. James,-0,0
Dance Fever,-0,0
Deedubs,-0,0
The Ziggens,-0,0
Addison Rae,-0,0
Bumblebeez,-0,0
石田燿子,-0,0
Roy Hamilton,-0,0
Otis Gayle,-0,0
Maxine Singleton,-0,0
Jefferson Starship,-0,0
沢城みゆき,-0,0
Jibbs,-0,0
The Potbelleez,-0,0
Gary Low,-0,0
Randy Crenshaw,-0,0
Armor for Sleep,-0,0
Kölsch,-0,0
U.N.L.V.,-0,0
Reel Big Fish,-0,0
Fun Fun,-0,0
Cem Özel,-0,0
Lee Fields,-0,0
Captain Rock,-0,0
芸能山城組,-0,0
Blue Mink,-0,0
Steve Winwood,-0,0
Aire,-0,0
Gwen Guthrie,-0,0
Guy J,-0,0
Dorothy Ashby,-0,0
The Wasteland Wailers,-0,0
ZOEgirl,-0,0
X,-0,0
DJ YOSHITAKA-G,-0,0
Hozokauh,-0,0
The Biz,-0,0
M & G,-0,0
Speedwave,-0,0
keshi,-0,0
Hollywood Holt,-0,0
S.O.S.,-0,0
Killing Joke,-0,0
Mister Rogers,-0,0
Formula 7,-0,0
The United States of America,-0,0
Bensley,-0,0
Gauge,-0,0
Lykke Li,-0,0
Ryan Leslie,-0,0
Fast Life Yungstaz,-0,0
Wasted Image,-0,0
Animotion,-0,0
Singing Sweet,-0,0
Warrant,-0,0
John Ussery,-0,0
Afrika Bambaataa,-0,0
Lime,-0,0
Candy Bowman,-0,0
Phoenix #2772,-0,0
Smith & Smart,-0,0
فيروز,-0,0
bLiNd,-0,0
Lonnie Liston Smith,-0,0
Cali Swag District,-0,0
Nitzer Ebb,-0,0
MC 900 Ft Jesus,-0,0
Digital Mystikz,-0,0
MONTiE THE BEAR,-0,0
Zook,-0,0
"Hamilton, Joe Frank & Reynolds",-0,0
Icehouse,-0,0
Monopol,-0,0
Modern English,-0,0
MILLENNIUM PARADE,-0,0
Goldfinger,-0,0
Lead Belly,-0,0
Osanna,-0,0
Drake Bell,-0,0
Lolishit,-0,0
遠藤正明,-0,0
Deathpile,-0,0
lupa,-0,0
Audio Lotion,-0,0
The Mad Lads,-0,0
Siouxsie and the Banshees,-0,0
Sunshine Anderson,-0,0
New Kingdom,-0,0
アンメルツP,-0,0
Rudimentary Peni,-0,0
Jane Weaver,-0,0
Dem Hoodstarz,-0,0
Michael Schulte,-0,0
Michel Schwalbé,-0,0
Nettohunden,-0,0
Chelsea Wolfe,-0,0
Maji,-0,0
DJ Casper,-0,0
Edgar Froese,-0,0
Jay Reatard,-0,0
Dennis Alcapone,-0,0
Mike Hawkins,-0,0
OXES,-0,0
Dear Nora,-0,0
Rosie,-0,0
Celeste Legaspi,-0,0
Galaxy 2 Galaxy,-0,0
Toonika,-0,0
Cliff Edwards,-0,0
Conor Maynard,-0,0
Renan Luce,-0,0
The Techniques IV,-0,0
Initiative H,-0,0
Hoaprox,-0,0
Dr. Alimantado,-0,0
millexica,-0,0
ねごと,-0,0
Renée Elise Goldsberry,-0,0
Masarima,-0,0
Brother Ali,-0,0
MDR Rundfunkchor Leipzig,-0,0
Audra Mae,-0,0
The Strokes,-0,0
Ray Conniff,-0,0
Lord T & Eloise,-0,0
Patrick Hernandez,-0,0
Morgin Madison,-0,0
Lynx,-0,0
Bally Sagoo,-0,0
小林ゆう,-0,0
Chuck Lorre,-0,0
Theo Vaness,-0,0
Carmine Coppola,-0,0
Ramzoid,-0,0
Xavier Naidoo,-0,0
Warren Kime,-0,0
トゲナシトゲアリ,-0,0
Eddie Morton,-0,0
manish,-0,0
Kawai Sprite,-0,0
Joanna Law,-0,0
Grouper,-0,0
Mr Hudson,-0,0
Koko Taylor,-0,0
Brian Fahey and His Orchestra,-0,0
Fastway,-0,0
Otto A. Totland,-0,0
氷河,-0,0
Résonance,-0,0
Tiamat,-0,0
Walls of Jericho,-0,0
Barcelona,-0,0
Naked Funk,-0,0
Psychick Warriors ov Gaia,-0,0
ハチ,-0,0
MARINA,-0,0
DJ Brisk,-0,0
The Bangles,-0,0
Sam Prekop,-0,0
Chandra,-0,0
藤井美苗,-0,0
Jess Mills,-0,0
Matthew Dekay,-0,0
Nexy,-0,0
The Teardrop Explodes,-0,0
Tokyo Machine,-0,0
William Bell,-0,0
Dokaka,-0,0
Bridgit Mendler,-0,0
Ron Wasserman,-0,0
พนม นพพร,-0,0
Joe Harriott and John Mayer Double Quintet,-0,0
Supreme Cuts,-0,0
Deadboy,-0,0
Emma Gelotte,-0,0
宮里久美,-0,0
Leon Vegas,-0,0
Ebo Taylor,-0,0
Tryo,-0,0
The Chambers Brothers,-0,0
ALI PROJECT,-0,0
Change,-0,0
Peter Metro,-0,0
John Farnham,-0,0
DeVotchKa,-0,0
Erich Kleinschuster Sextett,-0,0
Rookie Card,-0,0
Mark Griskey,-0,0
Anderson .Paak,-0,0
James Chance and the Contortions,-0,0
Cyberpunk Colt,-0,0
Jigsaw,-0,0
The Treniers,-0,0
Laura Nyro,-0,0
Kllo,-0,0
戸高一生,-0,0
Tony Alvon & the Belairs,-0,0
DarkMateria,-0,0
Jenna Rose,-0,0
Vince Tempera,-0,0
Down to the Bone,-0,0
Enric Barbat,-0,0
The Barrie Moore Combo,-0,0
Soul To Soul,-0,0
iLoveMakonnen,-0,0
Hannes Rasmus,-0,0
Diamanda Galás,-0,0
Tha Playah,-0,0
The Barracudas,-0,0
Williams Fairey Band,-0,0
Infinite Livez,-0,0
Parque en el Espacio,-0,0
The Troubleneck Brothers,-0,0
Distance,-0,0
TK,-0,0
LANsv.,-0,0
William Harris,-0,0
Sync24,-0,0
Mike Krüger,-0,0
Egotrip,-0,0
Frazier,-0,0
Martha Reeves and the Vandellas,-0,0
Camel,-0,0
REDZED,-0,0
Kabin Crew,-0,0
Benny Page,-0,0
Hairy Diamond,-0,0
Hood,-0,0
Starley,-0,0
Louie Zong,-0,0
Johnny Pluse,-0,0
Jidenna,-0,0
Charly Danone,-0,0
Ken-Y,-0,0
Wild Sugar,-0,0
Nathan Dawe,-0,0
Valerie Simpson,-0,0
Vita Chambers,-0,0
Madeaux,-0,0
Oscar Rocchi’s Orchestra,-0,0
The Drifters,-0,0
Donell Jones,-0,0
Bas Noir,-0,0
Duffy,-0,0
LOVE AND HATES,-0,0
Odyssey,-0,0
PUZIQUe,-0,0
John Surman,-0,0
Sol Bontempi,-0,0
Deepnite,-0,0
村上聖,-0,0
Graham Nash,-0,0
Rose Melberg,-0,0
Grouplove,-0,0
Xilent,-0,0
신중현,-0,0
The Jefferson Lemon Blues Band,-0,0
Kelly Pace and Group,-0,0
中西哲一,-0,0
Agent!,-0,0
H8_Seed,-0,0
Sisqó,-0,0
Toe Tag,-0,0
MC Duke,-0,0
Joy Unlimited,-0,0
Maria Rosa Carminati,-0,0
Mario 3D World Big Band,-0,0
Andrew Davenport,-0,0
Paul Williams,-0,0
Fifth Flight,-0,0
Ken Carson,-0,0
Brother Bones,-0,0
空隙,-0,0
Tito Puente and His Orchestra,-0,0
MadLove,-0,0
Harold Arlen,-0,0
Akure Wall,-0,0
ZipZipper,-0,0
Fred Wesley,-0,0
The 5th Dimension,-0,0
Alex Lee,-0,0
David Essex,-0,0
Pase Rock,-0,0
Indeep,-0,0
Paul SG,-0,0
Chris de Burgh,-0,0
Statik Selektah,-0,0
bo en,-0,0
COLTEMÖNIKHA,-0,0
Hot Chocolate,-0,0
Song of Zarathustra,-0,0
Jaco Pastorius,-0,0
Craig Armstrong,-0,0
Steven McNair,-0,0
ISSBROKIE,-0,0
9 Lazy 9,-0,0
Sheppard,-0,0
Claude Dubois,-0,0
Eddie Cantor,-0,0
冨田勲,-0,0
Christiana Chappet,-0,0
Oomph!,-0,0
Brad,-0,0
Iron & Wine,-0,0
Fame on Fire,-0,0
Neue Heimat,-0,0
Raumakustik,-0,0
Quartz,-0,0
Novalis,-0,0
SuperSweep,-0,0
Skønflap,-0,0
Xuân Mai,-0,0
Jon Moritsugu,-0,0
icesawder,-0,0
The Reese Project,-0,0
Exhaust,-0,0
Edna Wright,-0,0
Drone,-0,0
Swan,-0,0
Banbarra,-0,0
King T,-0,0
Electro Organic Sound System,-0,0
Andy M. Stewart,-0,0
Apostles,-0,0
Philip Kolak,-0,0
Joan Manuel Serrat,-0,0
Sly & the Family Stone,-0,0
Andy Tau,-0,0
Death of the Cool,-0,0
Pascal Letoublon,-0,0
Ravi Shankar,-0,0
David Oliver,-0,0
Luke Abbott,-0,0
Roni Size & DJ Die,-0,0
Private Taste,-0,0
K7,-0,0
Jean‐Luc Ponty,-0,0
Sandals,-0,0
Fukkk Offf,-0,0
The Meters,-0,0
Artful Dodger,-0,0
BOØWY,-0,0
Lily Frost,-0,0
The Buggles,-0,0
The Specialist,-0,0
Eslabón Armado,-0,0
Gladezz,-0,0
A Static Lullaby,-0,0
Jaga Jazzist,-0,0
Dirty Elegance,-0,0
Dan Hill,-0,0
Richard Zagiba,-0,0
Ensemble Modern,-0,0
The Argo Singers,-0,0
The Ballistic Brothers vs. The Eccentric Afros,-0,0
Levity,-0,0
Butthole Surfers,-0,0
Carlos,-0,0
Forecast,-0,0
Emer Mayock,-0,0
Big Country,-0,0
Martine Girault,-0,0
Girls’ Generation,-0,0
Ametsub,-0,0
J-Walk,-0,0
Mental Instrum,-0,0
Mitomoro,-0,0
Little Wink,-0,0
Gaspard Augé,-0,0
The Gregory Brothers,-0,0
Cris Williamson,-0,0
Vicio Latino,-0,0
White Zombie,-0,0
Richard Petit,-0,0
Snowbird,-0,0
Bomfunk MC’s,-0,0
Vamos Art,-0,0
ODD EYE CIRCLE,-0,0
Generation X,-0,0
Ջիվան Գասպարյան,-0,0
Lily Laskine,-0,0
Dragonette,-0,0
Auto‐Auto,-0,0
少女病,-0,0
Mick Gordon,-0,0
Landlord,-0,0
Similar Outskirts,-0,0
Heatbeat,-0,0
PSYQUO,-0,0
Reese,-0,0
新しい時代の自動車,-0,0
Hampton Hawes,-0,0
Antoine Duhamel,-0,0
20 Fingers,-0,0
Oingo Boingo,-0,0
Malcolm X,-0,0
William D. Drake,-0,0
A’Studio,-0,0
Fela Kuti,-0,0
Christopher Cross,-0,0
Ann Peebles,-0,0
BodyRockers,-0,0
Melvins,-0,0
Central Line,-0,0
Apes & Androids,-0,0
Fugazi,-0,0
Tina Malia,-0,0
meg rock,-0,0
Jon Bellion,-0,0
Femi Kuti,-0,0
Elvis Depressedly,-0,0
she,-0,0
Sadam Ant,-0,0
Banderas,-0,0
Exteria,-0,0
Veruca Salt,-0,0
Dr. Lonnie Smith,-0,0
Buster Williams,-0,0
Deux,-0,0
Cults,-0,0
Lisa Rowe,-0,0
Fairlane,-0,0
Sammy Davis Jr.,-0,0
Carl Carlton,-0,0
The Sick Lipstick,-0,0
The Third Guitar,-0,0
Afrirampo,-0,0
David Dycus,-0,0
Debra Laws,-0,0
Think Tree,-0,0
Aristotle,-0,0
Joe Dassin,-0,0
Anand Shinde,-0,0
Judy Cheeks,-0,0
Ockney,-0,0
Tangerine Dream,-0,0
Weebl,-0,0
Annette Taylor,-0,0
Plastic Bertrand,-0,0
Ten Wheel Drive,-0,0
A Taste of Honey,-0,0
消灯 Life,-0,0
The Sun Ra Arkestra,-0,0
Normand Corbeil,-0,0
South Bronx,-0,0
Ester Dean,-0,0
Demi Lovato,-0,0
Eurythmics,-0,0
Fania All-Stars,-0,0
Lulu & the Luvvers,-0,0
Selace,-0,0
Alizée,-0,0
Robert Schroeder,-0,0
Maarten van der Vleuten,-0,0
The Sensations,-0,0
John Tesh,-0,0
Mickey Avalon,-0,0
The Eighth Day,-0,0
Bad Religion,-0,0
Freejak,-0,0
GucciGate,-0,0
Rob Swift,-0,0
Regina Spektor,-0,0
The Rocket Summer,-0,0
The Washboard Rhythm Kings,-0,0
Tempa T,-0,0
Charles Matthews,-0,0
glass beach,-0,0
Audio Fidelity,-0,0
Renaldo Domino,-0,0
Axel,-0,0
iLOVEFRiDAY,-0,0
Sane Masayuki,-0,0
Matt and Kim,-0,0
midwxst,-0,0
Leslie Hall,-0,0
Trivecta,-0,0
Nairobi Sisters,-0,0
HIM,-0,0
Issey Cross,-0,0
Virus Incorporation,-0,0
Volume 10,-0,0
The Satan,-0,0
The Jets,-0,0
Kevin Bateson,-0,0
田中しのぶ,-0,0
Daydream,-0,0
Lil Mama,-0,0
Gravity Kills,-0,0
レム,-0,0
LoPhi,-0,0
Enzo is Burning,-0,0
Skye Sweetnam,-0,0
秋月律子,-0,0
Maurice André,-0,0
Traxamillion,-0,0
Jacques Brel,-0,0
BurnedKirby,-0,0
米光美保,-0,0
Fragile State,-0,0
Nostalgix,-0,0
Kep1er,-0,0
Scratch Massive,-0,0
Rosemary Fairweather,-0,0
Ascii.Disko,-0,0
Train,-0,0
Dynamic Corvettes,-0,0
Specifics,-0,0
The Turtles,-0,0
Neal Howard,-0,0
Made in Mexico,-0,0
Bobby Vinton,-0,0
Jah Screechy,-0,0
The Mohawks,-0,0
Jodi Benson,-0,0
SLACKCiRCUS,-0,0
Willesden Dodgers,-0,0
Roberta Flack,-0,0
新居昭乃,-0,0
Sam Dillard,-0,0
Shaboozey,-0,0
Andy pls,-0,0
L.T.D.,-0,0
Byron Davis & The Fresh Krew,-0,0
TheFatRat,-0,0
YoungBoy Never Broke Again,-0,0
Monster Magnet,-0,0
Zebda,-0,0
Midnight Oil,-0,0
Mark Eteson,-0,0
Russell Simmons,-0,0
Los Incas,-0,0
Switch Disco,-0,0
supercell,-0,0
Camping in Alaska,-0,0
David Allan Coe,-0,0
Duval Timothy,-0,0
Michael Rüsenberg,-0,0
Blue Amazon,-0,0
The Whatnauts,-0,0
Down AKA Kilo,-0,0
MC Fats,-0,0
Tikkle Me,-0,0
Vypes,-0,0
Bombo Rosa,-0,0
The String Cheese Incident,-0,0
Common Underground,-0,0
さよならポエジー,-0,0
Carlos Santana,-0,0
Reflekt,-0,0
Harmony Sisters,-0,0
灰島銀華,-0,0
Chris & Cosey,-0,0
Nachoman,-0,0
INXS,-0,0
Royal Flush,-0,0
Ara Tokatlián,-0,0
Gábor Szabó,-0,0
Extortion,-0,0
Razat,-0,0
Rebecca Zamolo,-0,0
The Nite-Liters,-0,0
Tkay Maidza,-0,0
Charlie Schmidt,-0,0
The Jimi Hendrix Experience,-0,0
Sylvia Robinson,-0,0
George Kranz,-0,0
Stars of the Lid,-0,0
Type O Negative,-0,0
Texas Is the Reason,-0,0
Bamboo,-0,0
Rche,-0,0
Decap,-0,0
The Luna Sequence,-0,0
Rowpieces,-0,0
Tim Buckley,-0,0
津島善子,-0,0
Couple N,-0,0
Julien Clerc,-0,0
Michael McDonald,-0,0
Emílio Santiago,-0,0
Scoop,-0,0
of Montreal,-0,0
Chris Cutler,-0,0
The Jones Girls,-0,0
Karen Young,-0,0
Live,-0,0
James Brown & The Famous Flames,-0,0
Mac Lethal,-0,0
B.T. Express,-0,0
妖精帝國,-0,0
Nikola Gala,-0,0
ヨーコ,-0,0
Positive Force,-0,0
Les Baxter,-0,0
replacer,-0,0
C2C,-0,0
The World Domination,-0,0
Mr JL,-0,0
The Little Ones,-0,0
Alan Parker,-0,0
Hugh Bullen,-0,0
Marcia Griffiths,-0,0
Shades of Brown,-0,0
Village People,-0,0
Goja,-0,0
Goro,-0,0
This Mortal Coil,-0,0
Global Groove,-0,0
Terra Ferma,-0,0
Mavado,-0,0
Alan Moore,-0,0
David Bergeaud,-0,0
Blockster,-0,0
Meredith Brooks,-0,0
Graham Coxon,-0,0
Confetti’s,-0,0
George Andreas,-0,0
Klaypex,-0,0
Faze‐O,-0,0
Aerotonin,-0,0
Key‐Matic,-0,0
黒木智子,-0,0
Alex S.,-0,0
The Cyrkle,-0,0
Access Denied,-0,0
BLACKPINK,-0,0
Ceephax Acid Crew,-0,0
Emanon,-0,0
Caz Clay,-0,0
Lothar and the Hand People,-0,0
橋本由香利,-0,0
Patti Jo,-0,0
Lee Aaron,-0,0
Sister Sledge,-0,0
Clara!,-0,0
Shade,-0,0
Modest Mouse,-0,0
Bobby Russell,-0,0
channel select,-0,0
HeyLasFas!,-0,0
Korn,-0,0
Ashley Wallbridge,-0,0
Mitsunori Ikeda,-0,0
Daniel Lopatin,-0,0
Lisa Hannigan,-0,0
Toumani Diabaté,-0,0
sapientdream,-0,0
MNDSCP,-0,0
Jaron,-0,0
OMI,-0,0
Stanley Turrentine,-0,0
The Chicks,-0,0
Miss Jane,-0,0
Key4050,-0,0
Clarence Paul & The Members,-0,0
Jesse McCartney,-0,0
Владимир Шаинский,-0,0
Richard Roundtree,-0,0
DJ Skribble,-0,0
Quincy Jones,-0,0
八王子P,-0,0
Roy Bebop,-0,0
LB,-0,0
DJ Vadim,-0,0
c4rl,-0,0
Al Stewart,-0,0
Peter W,-0,0
Ojiji,-0,0
Alvin Curran,-0,0
バンドメンバー募集,-0,0
Andrea McArdle,-0,0
Gym Class Heroes,-0,0
ArcaneSoul,-0,0
Nicholas Bennison,-0,0
The Doobie Brothers,-0,0
Bronski Beat,-0,0
The Ragga Twins,-0,0
Fixions,-0,0
Veracocha,-0,0
Alwoods,-0,0
The Chordettes,-0,0
Kelly Charles,-0,0
Haley Gibby,-0,0
XDB,-0,0
西川貴教,-0,0
Марионетка,-0,0
L.A. Symphony,-0,0
Mary-Kate & Ashley Olsen,-0,0
Tocadisco,-0,0
David Shire,-0,0
DJ Zirk,-0,0
Landon Austin,-0,0
Noname,-0,0
Schola Hungarica,-0,0
Player,-8.535e-26,1
Paul Simon,-1.0425e-25,1
Tatsh,-1.62308e-25,2
Jack Wall,-2.47486e-25,1
Teste,-2.59164e-25,1
Doug Lazy,-2.68691e-25,1
Petit Biscuit,-3.31176e-25,1
Balam Acab,-3.55504e-25,1
Wisin,-3.88778e-25,2
Al Green,-4.86827e-25,1
Psiryn,-5.64774e-25,1
duncathan,-6.02232e-25,1
Sapaa,-6.02232e-25,1
Robert Wyatt,-7.02756e-25,1
Black Flag,-8.15025e-25,1
Rod Stewart,-8.31367e-25,1
Ethical,-8.33542e-25,1
Stanislav Tolkachev,-9.23434e-25,1
Esthero,-9.71824e-25,1
MONOLITH,-1.09546e-24,1
Kevala,-1.11456e-24,1
Goio,-1.11968e-24,1
Da Bush Babees,-1.19695e-24,1
Kiko,-1.22372e-24,2
Swami Sound,-1.25498e-24,1
Salvatore Ganacci,-1.36994e-24,1
Galantis,-1.38096e-24,1
Betty Wright,-1.42714e-24,2
じん,-1.51736e-24,1
開発室Pixel,-1.53916e-24,1
dj TAKA,-1.55112e-24,2
Riku,-1.57437e-24,1
roboticoder,-1.57458e-24,1
Rizz Records,-1.64238e-24,1
Richard Harvey,-1.70284e-24,1
The Midnight,-1.726e-24,1
Black Strobe,-1.73335e-24,1
Old World Disorder,-1.75225e-24,1
Gravity,-1.75225e-24,1
FERG,-1.82389e-24,2
Power Glove,-1.83793e-24,1
How to Dress Well,-1.86245e-24,1
Stonebank,-1.94175e-24,1
Nigel Stanford,-1.94175e-24,1
Red Axes,-1.97289e-24,1
Donald Mclaughlin,-1.99092e-24,1
TRC,-2.05804e-24,1
Torske,-2.08823e-24,1
Elton John,-2.2031e-24,1
Starless Zenith,-2.21639e-24,1
Synthion,-2.38098e-24,1
cosmicosmo,-2.38098e-24,1
Lil Moshpit,-2.41387e-24,1
Siva Six,-2.52921e-24,1
Alpha,-2.59044e-24,1
Halsey,-2.6325e-24,1
Max Cooper,-2.64854e-24,1
Stormzy,-2.78156e-24,2
Spin 4th,-2.97744e-24,1
Markus Schulz,-3.19185e-24,1
Diveo,-3.25932e-24,1
Ute Lemper,-3.38558e-24,1
Paolo Nutini,-3.42738e-24,1
The Secret Life,-3.53055e-24,2
633397,-3.53672e-24,1
Kirara Magic,-3.61403e-24,1
lily-an,-3.6205e-24,1
えみぃ,-3.6205e-24,1
Santana,-3.83785e-24,1
Jonathan Coe,-4.09828e-24,1
Giant Pink,-4.11033e-24,1
$atori Zoom,-4.29648e-24,1
Foxes,-4.30082e-24,1
Clean Tears,-4.61396e-24,1
NyaniKore,-4.61627e-24,1
Piana,-4.65238e-24,1
オゾン,-4.82388e-24,1
10SAI,-4.82388e-24,1
grape milk,-4.9745e-24,1
Caleb Calloway,-5.09906e-24,1
Law and Auder,-5.1734e-24,1
.dotfile,-5.18074e-24,1
Orchestre de chambre Jean‐François Paillard,-5.19062e-24,1
Alec Empire,-5.25189e-24,1
Вася Пряников,-5.30323e-24,1
Newsboys,-5.37854e-24,1
米津玄師,-5.46186e-24,1
Bloc Party,-5.66814e-24,1
Nirvana,-5.73645e-24,1
MEGATEN,-5.79055e-24,1
t+pazolite,-5.85977e-24,1
113,-5.88785e-24,1
Sam Cooke,-5.95951e-24,1
Mesogears,-6.00657e-24,2
YG,-6.02063e-24,1
lafew,-6.09937e-24,1
Белые Тени,-6.10863e-24,1
Breathe Carolina,-6.20822e-24,1
岡部啓一,-6.87166e-24,1
Kungs,-6.88599e-24,1
Jea,-6.89531e-24,3
The Verve,-6.9049e-24,1
Northern Lite,-7.02338e-24,2
Kamal Khan,-7.05955e-24,1
DBX,-7.11359e-24,1
marina,-7.24101e-24,2
Punky Brewskies,-7.36486e-24,1
ｓｋｙ 空,-7.37588e-24,1
Sevdaliza,-7.43967e-24,1
Hexstatic,-7.66664e-24,1
Citizen King,-7.91471e-24,1
Vanic,-8.03196e-24,1
BlueBrony,-8.11805e-24,1
Asia,-8.15741e-24,1
Alice Cooper,-8.15741e-24,1
Grup Ses,-8.2134e-24,1
Shackleton,-8.2422e-24,1
Bear McCreary,-8.32276e-24,1
Jazzy,-8.41349e-24,1
Sex Of Insects,-8.45761e-24,1
Mina,-8.575e-24,1
TRF,-8.57996e-24,1
Kevin Björk,-8.58674e-24,1
Yakui,-8.71166e-24,1
NeatNeet,-8.74844e-24,1
Joe Jackson,-8.85271e-24,1
HXLY KXSS,-8.99297e-24,1
Billy Idol,-9.09864e-24,1
Coki,-9.15901e-24,1
Alter Ego,-9.19168e-24,1
Dave,-9.41891e-24,1
Romy,-9.81164e-24,3
Paul Jacobs,-9.82376e-24,1
Thes One,-1.00188e-23,3
waterfront dining,-1.00377e-23,1
Megadeth,-1.00421e-23,1
Peter Maffay,-1.00421e-23,1
Manic Street Preachers,-1.04295e-23,3
sanah,-1.04418e-23,1
forest runaways,-1.06496e-23,1
Usual Suspects,-1.07969e-23,1
Sage Francis,-1.09801e-23,1
AES Dana,-1.10804e-23,1
Rako,-1.13525e-23,1
Ninja McTits,-1.14612e-23,1
Flowdan,-1.16619e-23,1
alottadogs,-1.17581e-23,1
mindvacy,-1.19941e-23,1
Dancing Dolls,-1.22023e-23,1
Operation Phoenix,-1.24833e-23,1
Lee Spencer,-1.24833e-23,1
Clemek,-1.24833e-23,1
Tommi Eckart,-1.24833e-23,1
Sun Electric,-1.24833e-23,1
Bat for Lashes,-1.25751e-23,1
Rhye,-1.26103e-23,1
Mazzy Star,-1.27279e-23,1
Armand Hammer,-1.27349e-23,3
Eva Twin,-1.28169e-23,1
Abhijit Vaghani,-1.2979e-23,1
peЯoco.,-1.32e-23,1
Sheck Wes,-1.32395e-23,1
Ron Grainer,-1.34805e-23,1
AlunaGeorge,-1.34979e-23,1
Monty Norman,-1.37618e-23,1
Shai,-1.40663e-23,1
DAVA,-1.4197e-23,1
SOPHIE,-1.43099e-23,1
Dario Zenker,-1.43242e-23,1
Tudd,-1.43356e-23,1
Jonny L,-1.45872e-23,1
Friction,-1.45872e-23,1
TOWA TEI,-1.47716e-23,2
Chicane,-1.47801e-23,2
Termanology,-1.48572e-23,1
Action Bronson,-1.50895e-23,1
Hangin' From A Cloud,-1.51218e-23,1
Northern Zone,-1.53161e-23,1
The Kills,-1.56792e-23,1
JoFes SkillzMen,-1.56792e-23,1
Zubeen Garg,-1.58099e-23,2
Marcy Mane,-1.58486e-23,1
Abel,-1.60342e-23,3
コバソロ,-1.65657e-23,1
堀江由衣,-1.67196e-23,1
Desiigner,-1.68619e-23,1
Cream Soda,-1.70581e-23,1
Cosmonet,-1.72931e-23,1
AchtVier,-1.76411e-23,1
Bounty Killer,-1.76852e-23,1
大野雄二,-1.80483e-23,1
Mighty Dub Katz,-1.8813e-23,1
Mousse T.,-1.91066e-23,1
Duke Ellington,-1.91128e-23,1
DAYOx2,-1.9292e-23,2
近藤浩治,-1.95935e-23,2
Onichomp,-1.96666e-23,3
Pizet,-2.0013e-23,1
sailortroon,-2.01881e-23,1
mashiro exists,-2.01881e-23,1
Yolanda Be Cool,-2.11137e-23,1
Terranova,-2.17945e-23,1
tilt-six,-2.21307e-23,1
Raven‐Symoné,-2.2499e-23,2
Bajofondo,-2.26435e-23,2
John Murphy,-2.27537e-23,1
Godflesh,-2.28459e-23,1
Teen Suicide,-2.32389e-23,1
Nicky Romero,-2.34324e-23,1
石野卓球,-2.35614e-23,1
Laidback Luke,-2.39418e-23,1
Mama Mystique,-2.42268e-23,1
DJ Antoine,-2.47392e-23,1
Kimbra,-2.49323e-23,1
Max Coveri,-2.49993e-23,1
DOMINO,-2.49993e-23,1
Volumetrique,-2.50006e-23,2
鈴木雅之,-2.50325e-23,1
Feryquitous,-2.53726e-23,1
Massimo,-2.56476e-23,1
Doctor Flake,-2.64736e-23,2
Mandar,-2.65248e-23,3
Chrosky,-2.65342e-23,1
Zap Mama,-2.65587e-23,1
Shantel,-2.71238e-23,1
The Sabres of Paradise,-2.71238e-23,1
Gecko,-2.72538e-23,1
Frank De Wulf,-2.72538e-23,1
James Galway,-2.73745e-23,1
POLICEMAN,-2.78086e-23,1
cs127,-2.89058e-23,3
Elbow,-2.89535e-23,2
Hazelstorm,-2.89776e-23,2
BOOM BOOM SATELLITES,-2.93435e-23,1
LiSA,-3.02849e-23,8
Neotropic,-3.03532e-23,1
Upland,-3.03532e-23,1
Alexander Rishaug,-3.03532e-23,1
Martin Horntveth,-3.03532e-23,1
Information,-3.03532e-23,1
Bogdan Raczynski,-3.03532e-23,1
Shreya Ghoshal,-3.09699e-23,2
Matty G,-3.13647e-23,1
strigidae,-3.19459e-23,1
Massimo Pericolo,-3.26166e-23,2
אשמדאי,-3.43361e-23,3
Nappy Roots,-3.43671e-23,1
Death Cab for Cutie,-3.45554e-23,1
Bad Brains,-3.48211e-23,1
COCONABE,-3.51433e-23,1
NOMA,-3.60165e-23,2
Mars ILL,-3.63748e-23,1
The Benjamin Gate,-3.63748e-23,1
Bryce,-3.71935e-23,1
tobyMac,-3.89444e-23,4
Cornelius,-3.9394e-23,3
Murphy Radio,-4.12271e-23,1
White Chorus,-4.12271e-23,1
Namoy Budaya,-4.12271e-23,1
Individual Distortion,-4.12271e-23,1
Matter Mos,-4.12271e-23,1
折戸伸治,-4.144e-23,1
西邑在処,-4.144e-23,1
高瀬一矢,-4.144e-23,1
若菜,-4.144e-23,1
Emily Montes,-4.19659e-23,1
James High,-4.21016e-23,2
Merz,-4.25337e-23,2
MAX,-4.34103e-23,6
Mardial,-4.62876e-23,2
東方神起,-4.67655e-23,1
Accept,-4.79887e-23,1
The Smashing Pumpkins,-5.04933e-23,3
Darlyn Vlys,-5.31254e-23,11
Rammstein,-5.35237e-23,2
Kaskade,-5.45294e-23,2
I Musici,-5.59148e-23,2
Tinlicker,-5.77078e-23,2
Grimm,-5.79643e-23,1
Charlotte Plank,-5.79643e-23,1
DjCyCO,-5.80418e-23,3
Michy Reincke,-5.92619e-23,4
AFX,-6.32332e-23,3
Global Deejays,-6.47272e-23,1
WAVE,-6.63922e-23,3
John Lennon,-6.91107e-23,2
Plácido Domingo,-7.23959e-23,3
Simon V,-7.41779e-23,3
JQ the #1 Contender,-7.77419e-23,1
Nova & Jory,-7.84848e-23,1
大久保博,-8.0055e-23,2
Pegboard Nerds,-8.01857e-23,2
倖田來未,-8.08699e-23,2
JayMoney,-8.39318e-23,2
Nxpnsv,-8.51969e-23,1
gwEm,-8.51969e-23,1
Time Fragment,-8.8222e-23,1
GORE,-8.8222e-23,1
Truth,-9.2628e-23,1
Insulino Dependiente,-9.2628e-23,1
Noyz Narcos,-9.2628e-23,1
DSA Commando,-9.2628e-23,1
Psilodump,-9.78019e-23,2
Trampa,-9.92449e-23,1
Jauz,-9.92449e-23,1
AFFKT,-9.99024e-23,9
Ian Dury & the Blockheads,-1.02143e-22,5
Tracy,-1.04438e-22,2
Quixotic,-1.06207e-22,1
Drop Die,-1.07668e-22,1
影山ヒロノブ,-1.15717e-22,3
Diabarha,-1.20204e-22,4
Mr. Da-Nos,-1.29454e-22,2
Arthur Brown,-1.39932e-22,1
GroovyRoom,-1.45557e-22,1
pH-1,-1.45557e-22,1
Shako el SH,-1.45854e-22,6
Erothyme,-1.46566e-22,2
Mira,-1.50327e-22,3
Kelela,-1.50712e-22,2
The Cranberries,-1.55575e-22,2
DJ Rolando,-1.5648e-22,2
Togo-Chef,-1.57547e-22,1
SLAKE,-1.57547e-22,1
D.J.SETUP,-1.57547e-22,1
North-T,-1.59061e-22,1
Jowell & Randy,-1.60946e-22,5
katsu,-1.61869e-22,1
Keiko Dash,-1.70394e-22,2
市瀬るぽ,-1.81234e-22,3
Ryu☆,-1.93605e-22,2
U1 overground,-2.06989e-22,4
Headhunterz,-2.14765e-22,2
Jessikita,-2.19321e-22,3
The Shanghai Restoration Project,-3.24997e-22,5
TCLB,-3.27896e-22,6
Lil Uzi Vert,-3.40606e-22,8
Mefjus,-3.44942e-22,5
Greg Hale Jones,-4.52068e-22,5
Ivy Queen,-5.09021e-22,1
Mik,-5.18952e-22,8
Arcángel,-5.38476e-22,2
Kururu*Bloom Records,-5.40101e-22,11
Bad Bunny,-5.73973e-22,5
DDRKirby(ISQ),-6.02764e-22,4
Pete Oak,-6.63286e-22,16
山本椛,-7.25118e-22,1
越田Rute隆人,-7.76315e-22,5
ゆうゆ,-9.54365e-22,6
Plan B,-1.01804e-21,2
Egon,-1.10087e-21,6
DJ Safe,-1.17803e-21,31
DJもっちー,-1.39397e-21,28
RedOne,-2.03608e-21,4
Gazpacho,-2.24032e-21,6
VTQ,-2.37982e-21,15
The Cynphetic Collective,-2.50977e-21,16
Grooverider,-2.72036e-21,4
M.A.N.D.Y.,-2.73783e-21,8
DJ Gigola,-2.89544e-21,5
One‐T,-3.94769e-21,4
ZYTOKINE,-4.21225e-21,10
DiGiTAL WiNG,-4.57986e-21,12
DEXAMP,-7.08472e-21,6
Stephen O’Malley,-1.01145e-20,23
Dam Swindle,-1.18195e-20,8
DJ Soina,-1.73011e-20,15
Raspberry Jelly Donuts,-2.21721e-20,9
Louis Armstrong,-2.37277e-20,16
