source,n_decades_of_derivatives,decade_span,source_year,in_degree
Donna Summer — I Feel Love,6,1970s-2020s,1977,27
The Beatles — I Am the Walrus,6,1960s-2020s,1967,7
The Beatles — Twist and Shout,6,1960s-2020s,1963,6
Lyn Collins — Think (About It),5,1980s-2020s,1972,91
"The Winstons — Amen, Brother",5,1980s-2020s,1969,53
Public Enemy — Bring the Noise,5,1980s-2020s,1987,51
Falco — Rock Me Amadeus,5,1980s-2020s,1985,28
Peter Schilling — Major Tom (Völlig losgelöst),5,1980s-2020s,1982,27
AC/DC — Back in Black,5,1980s-2020s,1980,25
Isaac Hayes — Walk on By,5,1960s-2020s,1969,23
Phil Collins — In the Air Tonight,5,1980s-2020s,1981,21
Inner City — Good Life,5,1980s-2020s,1988,18
Max Coveri — Bye Bye Baby,5,1980s-2020s,1991,17
Men Without Hats — The Safety Dance,5,1980s-2020s,1982,17
Eric B. & Rakim — I Know You Got Soul,5,1980s-2020s,1987,17
New Order — Blue Monday,5,1980s-2020s,1983,17
Giorgio Moroder — Chase,5,1980s-2020s,1978,16
Michael Jackson — Billie Jean,5,1980s-2020s,1982,16
The B‐52s — Love Shack,5,1980s-2020s,1989,14
Falco — Vienna Calling,5,1980s-2020s,1985,14
Frankie Goes to Hollywood — Relax,5,1980s-2020s,1983,14
Depeche Mode — People Are People,5,1980s-2020s,1984,13
Beastie Boys — Girls,5,1980s-2020s,1986,12
Daryl Hall & John Oates — I Can’t Go for That (No Can Do),5,1980s-2020s,1981,12
Nena — 99 Red Balloons,5,1980s-2020s,1983,12
Yello — Oh Yeah,5,1980s-2020s,1985,11
Carl Douglas — Kung Fu Fighting,5,1980s-2020s,1974,11
N.W.A — Straight Outta Compton,5,1980s-2020s,1988,11
"Lipps, Inc. — Funkytown (12″ version)",5,1970s-2020s,1979,11
Talking Heads — Once in a Lifetime,5,1980s-2020s,1980,11
Led Zeppelin — When the Levee Breaks,5,1980s-2020s,1971,10
Vanessa — Eternity,5,1980s-2020s,1989,10
James Brown — Funky President (People It’s Bad),5,1980s-2020s,1974,9
KISS — I Was Made for Lovin’ You,5,1970s-2020s,1979,9
Dschinghis Khan — Moskau,5,1970s-2020s,1979,9
War — Low Rider,5,1980s-2020s,1975,9
The Beatles — All You Need Is Love,5,1960s-2010s,1967,9
Cheryl Lynn — Got to Be Real,5,1970s-2010s,1978,8
Metallica — Master of Puppets,5,1980s-2020s,1986,8
The Police — Voices Inside My Head,5,1980s-2020s,1980,7
Pink Floyd — Time,5,1970s-2020s,1973,7
Michael Jackson — Rock With You,5,1970s-2020s,1979,5
The Honey Drippers — Impeach the President,4,1980s-2010s,1973,58
Grandmaster Flash & The Furious Five — The Message,4,1990s-2020s,1982,53
Niko — Night of Fire,4,1990s-2020s,1997,42
Queen — We Will Rock You,4,1980s-2020s,1977,41
Maio & Co. — Dark in the Night,4,1990s-2020s,1994,38
Daft Punk — Da Funk,4,1990s-2020s,1995,38
Jennifer Lopez — Waiting for Tonight,4,1990s-2020s,1999,37
Nirvana — Smells Like Teen Spirit,4,1990s-2020s,1991,37
Daft Punk — Around the World,4,1990s-2020s,1996,34
Virginelle — Fantasy,4,1990s-2020s,1990,29
"Earth, Wind & Fire — September",4,1990s-2020s,1978,29
Queen — Another One Bites the Dust,4,1990s-2020s,1980,28
Go Go Girls — One Night in Arabia,4,1990s-2020s,1999,27
Nine Inch Nails — Closer,4,1990s-2020s,1994,26
Moloko — Sing It Back,4,1990s-2020s,1998,26
Aphex Twin — Windowlicker,4,1990s-2020s,1999,25
C+C Music Factory — Gonna Make You Sweat (Everybody Dance Now),4,1990s-2020s,1990,24
Madonna — Frozen,4,1990s-2020s,1993,23
Max Coveri — Running in the 90’s,4,1990s-2020s,1999,23
Britney Spears — …Baby One More Time,4,1990s-2020s,1998,23
Massive Attack — Teardrop,4,1990s-2020s,1998,23
浜崎あゆみ — Boys & Girls “AUBE Original Mix”,4,1990s-2020s,1999,22
Kool & the Gang — Summer Madness,4,1980s-2020s,1974,22
Ann Lee — 2 Times (original edit mix),4,1990s-2020s,1998,22
Dr. Love — Eurobeat,4,1990s-2020s,1999,22
The Big Brother — Wild Reputation,4,1990s-2020s,1990,22
"James Brown — Funky Drummer, Part 1",4,1980s-2010s,1970,21
Vengaboys — We Like to Party,4,1990s-2020s,1998,21
Eiffel 65 — Blue (Da Ba Dee),4,1990s-2020s,1999,20
Beastie Boys — Intergalactic,4,1990s-2020s,1998,20
Incredible Bongo Band — Apache,4,1980s-2010s,1973,20
Rheingold — Dreiklangsdimensionen,4,1980s-2010s,1980,20
Aqua — Barbie Girl,4,1990s-2020s,1997,20
Peter Schilling — Terra Titanic,4,1980s-2010s,1984,20
Falco — Der Kommissar,4,1990s-2020s,1982,20
Trio — Da da da ich lieb dich nicht du liebst mich nicht aha aha aha,4,1990s-2020s,1982,19
Ohio Players — Funky Worm,4,1980s-2010s,1972,19
The Human League — Don’t You Want Me,4,1990s-2020s,1981,19
Spice Girls — Wannabe,4,1990s-2020s,1996,18
Afrika Bambaataa & Soulsonic Force — Planet Rock,4,1980s-2010s,1982,18
Korn — Freak on a Leash,4,1990s-2020s,1998,18
globe — DEPARTURES,4,1990s-2020s,1996,18
Third Eye Blind — Semi‐Charmed Life,4,1990s-2020s,1997,18
Audio Two — Top Billin’,4,1990s-2020s,1987,17
Nine Inch Nails — Head Like a Hole,4,1990s-2020s,1989,17
The Doors — Riders on the Storm,4,1990s-2020s,1971,17
Rick James — Super Freak,4,1990s-2020s,1981,17
Michael Jackson — Beat It,4,1990s-2020s,1982,17
Eurythmics — Sweet Dreams (Are Made of This),4,1990s-2020s,1983,17
James Brown — The Payback,4,1980s-2010s,1973,17
Dave Rodgers — Kingdom of Rock,4,1990s-2020s,1999,17
The Future Sound of London — We Have Explosive,4,1990s-2020s,1996,17
Doug E. Fresh — La Di‐Da‐Di,4,1990s-2020s,1985,17
The Beatles — A Day in the Life,4,1990s-2020s,1967,17
Aaliyah — Are You That Somebody?,4,1990s-2020s,1998,17
globe — Feel Like dance (original mix),4,1990s-2020s,1995,16
"Billy Idol — White Wedding, Part 1",4,1980s-2020s,1982,16
Melvin Bliss — Synthetic Substitution,4,1980s-2010s,1973,16
Run‐D.M.C. — Here We Go (live at the Funhouse),4,1980s-2010s,1985,16
Aaliyah — One in a Million,4,1990s-2020s,1996,16
Wu‐Tang Clan — C.R.E.A.M.,4,1990s-2020s,1993,15
Sophie — My World,4,1980s-2020s,1989,15
Dave Rodgers — The Final Countdown,4,1990s-2020s,2008,15
Dave Rodgers — Deja Vu,4,1990s-2020s,2000,15
Massive Attack — Unfinished Sympathy,4,1990s-2020s,1991,14
高橋洋子 — 残酷な天使のテーゼ,4,1990s-2020s,1995,14
Survivor — Eye of the Tiger,4,1990s-2020s,1982,14
Stardust — Music Sounds Better With You (12” club mix),4,1990s-2020s,1998,14
Queen — Under Pressure,4,1990s-2020s,1981,14
Cypress Hill — Insane in the Brain,4,1990s-2020s,1993,13
"Vengaboys — Boom, Boom, Boom, Boom!!",4,1990s-2020s,1998,13
Billy Squier — The Big Beat,4,1990s-2020s,1980,13
Whitney Houston — I Wanna Dance With Somebody (Who Loves Me),4,1990s-2020s,1987,13
Wamdue Project — King of My Castle,4,1990s-2020s,1998,13
The Offspring — Pretty Fly (for a White Guy),4,1990s-2020s,1998,13
The Isley Brothers — Between the Sheets,4,1980s-2020s,1983,13
Beck — Loser,4,1990s-2020s,1993,13
Blur — Song 2,4,1990s-2020s,1997,13
The Beatles — Sgt. Pepper’s Lonely Hearts Club Band,4,1980s-2010s,1967,13
Rob Base & D.J. E‐Z Rock — It Takes Two,4,1980s-2010s,1988,13
Madonna — Papa Don’t Preach,4,1980s-2010s,1986,13
Bloodhound Gang — The Bad Touch,4,1990s-2020s,2000,13
Cyndi Lauper — Girls Just Want to Have Fun,4,1980s-2020s,1983,12
Madison Avenue — Don’t Call Me Baby (original mix 7”),4,1990s-2020s,1999,12
Michael Jackson — Thriller,4,1990s-2020s,1982,12
Led Zeppelin — Whole Lotta Love,4,1980s-2010s,1969,12
Eagles — Hotel California,4,1970s-2020s,1976,12
Suzy Lazy — Love Generation,4,1990s-2020s,2019,12
The Police — Every Breath You Take,4,1990s-2020s,1983,12
Gary Numan — Cars,4,1980s-2020s,1979,12
Dexter Wansel — Theme From the Planets,4,1980s-2020s,1976,12
Detroit Emeralds — You're Getting a Little Too Smart,4,1980s-2010s,1973,12
Faith No More — Epic,4,1980s-2020s,1989,12
Mariah Carey — All I Want for Christmas Is You,4,1990s-2020s,1994,12
Bee Gees — Stayin’ Alive,4,1990s-2020s,1977,12
Indeep — Last Night a D.J. Saved My Life,4,1980s-2010s,1982,12
Weezer — Say It Ain’t So,4,1990s-2020s,1994,12
Michael Jackson — Bad,4,1980s-2010s,1987,12
Peter Schilling — Major Tom (Coming Home),4,1980s-2010s,1982,12
Fine Young Cannibals — She Drives Me Crazy,4,1980s-2020s,1988,12
bôa — Duvet,4,1990s-2020s,1998,12
ATB — 9 PM (Till I Come) (Matt Darey remix),4,1990s-2020s,1999,11
The Notorious B.I.G. — Big Poppa,4,1990s-2020s,1994,11
Syl Johnson — Different Strokes,4,1980s-2010s,1967,11
The Prodigy — Smack My Bitch Up,4,1990s-2020s,1997,11
Isaac Hayes — Theme From ‘Shaft’,4,1970s-2000s,1971,11
Isaac Hayes — Ike’s Mood 1,4,1980s-2020s,1970,11
Madonna — Ray of Light,4,1990s-2020s,1998,11
House of Pain — Jump Around,4,1990s-2020s,1992,11
Coolio — Gangsta’s Paradise,4,1990s-2020s,1995,11
Deutsch Amerikanische Freundschaft — Brothers,4,1980s-2010s,1986,10
Mylène Farmer — XXL,4,1990s-2020s,1995,10
The Beatles — Eleanor Rigby,4,1990s-2020s,1966,10
Falco — Rock Me Amadeus (The Salieri version),4,1980s-2020s,1985,10
The Sugarhill Gang — Rapper’s Delight,4,1990s-2020s,1980,10
Blondie — Heart of Glass,4,1980s-2020s,1978,10
Bill Withers — Ain’t No Sunshine,4,1980s-2020s,1971,10
globe — wanna Be A Dreammaker,4,1990s-2020s,1999,10
Kim Carnes — Bette Davis Eyes,4,1990s-2020s,1981,10
The Verve — Bitter Sweet Symphony,4,1990s-2020s,1997,10
Metallica — For Whom the Bell Tolls,4,1990s-2020s,1984,10
川井憲次 — M01 謡I—Making of Cyborg,4,1990s-2020s,1995,10
Beastie Boys — (You Gotta) Fight for Your Right (To Party),4,1980s-2010s,1986,10
Bob James — Nautilus,4,1980s-2010s,1974,10
globe — Love again,4,1990s-2020s,1998,10
Led Zeppelin — Stairway to Heaven,4,1990s-2020s,1971,10
Joy — Touch by Touch,4,1980s-2010s,1985,10
Prince — Kiss,4,1990s-2020s,1986,10
Blondie — Rapture,4,1980s-2020s,1980,10
LL Cool J — Mama Said Knock You Out,4,1990s-2020s,1990,10
Chumbawamba — Tubthumping,4,1990s-2020s,1997,9
Herbie Hancock — Rockit,4,1980s-2020s,1983,9
The MD X‐Spress — God Made Me Phunky,4,1990s-2020s,1994,9
Kool & the Gang — Jungle Boogie,4,1980s-2020s,1973,9
The Beatles — Yellow Submarine,4,1960s-2020s,1966,9
globe — FACES PLACES,4,1990s-2020s,1997,9
The Doors — Light My Fire,4,1990s-2020s,1967,9
KRS‐One — Sound of da Police,4,1990s-2020s,1993,9
Zapp — More Bounce to the Ounce,4,1980s-2010s,1980,9
U2 — New Year’s Day,4,1980s-2020s,1983,9
Bob Marley & The Wailers — Exodus,4,1970s-2010s,1977,9
The Prodigy — Firestarter,4,1990s-2020s,1996,9
The Beatles — Here Comes the Sun,4,1990s-2020s,1969,9
"Pink Floyd — Shine On You Crazy Diamond, Parts I–V",4,1990s-2020s,1975,9
Beastie Boys — Paul Revere,4,1990s-2020s,1986,9
Kelly Charles — You’re No Good for Me (club mix),4,1980s-2010s,1987,8
Fugees — Ready or Not,4,1990s-2020s,1996,8
Beastie Boys — The New Style,4,1980s-2010s,1986,8
Depeche Mode — Strangelove (Pain mix),4,1980s-2010s,1987,8
Run‐D.M.C. — Peter Piper,4,1980s-2010s,1986,8
Steve Miller Band — Fly Like an Eagle,4,1980s-2010s,1976,8
Céline Dion — My Heart Will Go On,4,1990s-2020s,1996,8
Bob James — Take Me to the Mardi Gras,4,1980s-2010s,1975,8
Commodores — The Assembly Line,4,1980s-2010s,1974,8
The Soul Searchers — Ashley’s Roachclip,4,1980s-2010s,1974,8
Maio & Co. — Black Power,4,1990s-2020s,1994,8
The Prodigy — Out of Space,4,1990s-2020s,1992,8
globe — FREEDOM,4,1990s-2020s,1996,8
The Beatles — Taxman,4,1980s-2020s,1966,8
Giorgio Moroder — Tony’s Theme,4,1990s-2020s,1983,8
Robin S — Show Me Love,4,1990s-2020s,1993,8
Yes — Owner of a Lonely Heart,4,1990s-2020s,1983,8
"Lollies — Wahnsinn (...Hölle, Hölle, Hölle) (Radio Version)",4,1990s-2020s,2012,8
The Prodigy — Voodoo People,4,1990s-2020s,1994,8
Falco — Jeanny,4,1980s-2010s,1985,8
Deee‐Lite — Groove Is in the Heart,4,1990s-2020s,1990,8
Technotronic — Pump Up the Jam,4,1980s-2020s,1989,8
Amadou & Mariam — Je pense à toi,4,1990s-2020s,1998,8
The Beatles — Sgt. Pepper’s Lonely Hearts Club Band (Reprise),4,1980s-2010s,1967,8
Beastie Boys — No Sleep Till Brooklyn,4,1980s-2020s,1986,8
Art of Noise — Close (to the Edit),4,1980s-2010s,1984,8
Belinda Carlisle — Heaven Is a Place on Earth,4,1990s-2020s,1987,8
globe — FACE,4,1990s-2020s,1997,8
Kim Wilde — Kids in America,4,1990s-2020s,1981,8
Motörhead — Ace of Spades,4,1990s-2020s,1980,8
"Pink Floyd — Another Brick in the Wall, Part 2",4,1990s-2020s,1979,8
Suzanne Vega — Tom’s Diner,4,1990s-2020s,1987,7
James Brown — The Boss,4,1980s-2010s,1973,7
Beastie Boys — Sabotage,4,1990s-2020s,1994,7
Portishead — Glory Box,4,1990s-2020s,1994,7
KISS — I Love It Loud,4,1980s-2010s,1982,7
The Beatles — Helter Skelter,4,1980s-2020s,1968,7
De La Soul — Stakes Is High,4,1990s-2020s,1996,7
Groove Armada — I See You Baby,4,1990s-2020s,1999,7
Mariah Carey — Emotions,4,1990s-2020s,1991,7
Deep Purple — Smoke on the Water,4,1990s-2020s,1972,7
Stevie Wonder — Superstition,4,1980s-2020s,1972,7
CoLD SToRAGE — Messij,4,1990s-2020s,1995,7
Jean Knight — Mr. Big Stuff,4,1980s-2010s,1971,7
Luniz — I Got 5 on It,4,1990s-2020s,1995,7
:wumpscut: — Ich will dich,4,1990s-2020s,1999,7
Toto — Africa,4,1990s-2020s,1982,7
Matthew Wilder — Break My Stride,4,1980s-2020s,1983,7
Salt‐N‐Pepa — Shoop,4,1990s-2020s,1993,7
Marvin Gaye — Let’s Get It On,4,1970s-2010s,1973,7
The Dave Brubeck Quartet — Take Five,4,1980s-2010s,1959,7
Snap! — The Power,4,1990s-2020s,1990,7
globe — SWEET PAIN,4,1990s-2020s,1996,7
Eurythmics — Sweet Dreams (Are Made of This),4,1990s-2020s,1982,7
Beastie Boys — Root Down,4,1990s-2020s,1994,7
The Bangles — Walk Like an Egyptian,4,1990s-2020s,1985,7
The Beatles — Let It Be,4,1970s-2020s,1970,7
Norma Sheffield — Your Body Lies,4,1990s-2020s,1990,7
Marlena Shaw — Woman of the Ghetto,4,1990s-2020s,1974,6
Tom Tom Club — Genius of Love,4,1980s-2020s,1981,6
KISS — God of Thunder,4,1970s-2010s,1976,6
Public Enemy — Shut Em Down,4,1990s-2020s,1991,6
Isaac Hayes — Hyperbolicsyllabicsesquedalymistic,4,1980s-2010s,1969,6
Madonna — Vogue,4,1990s-2020s,1990,6
The Beatles — Penny Lane,4,1960s-2010s,1967,6
White Zombie — More Human Than Human,4,1990s-2020s,1995,6
Semisonic — Closing Time,4,1990s-2020s,1998,6
Sex Pistols — God Save the Queen,4,1980s-2020s,1977,6
Curtis Mayfield — (Don’t Worry) If There’s a Hell Below We’re All Going to Go,4,1970s-2020s,1970,6
Weezer — Undone – The Sweater Song,4,1990s-2020s,1994,6
Genesis — Land of Confusion,4,1980s-2020s,1986,6
N.W.A — Fuck tha Police,4,1990s-2020s,1988,6
The Beatles — Revolution 9,4,1990s-2020s,1968,6
Bob Marley & The Wailers — Sun Is Shining,4,1970s-2020s,1971,6
Derek and the Dominos — Layla,4,1970s-2010s,1970,6
Idris Muhammad — Could Heaven Ever Be Like This,4,1990s-2020s,1977,6
The Police — Roxanne,4,1970s-2020s,1978,6
Yazoo — Don't Go,4,1990s-2020s,1982,6
"Mike Oldfield — Tubular Bells, Part One",4,1970s-2010s,1973,6
Nina Simone — See‐Line Woman,4,1990s-2020s,1964,6
Led Zeppelin — Immigrant Song,4,1990s-2020s,1970,5
Nine Inch Nails — March of the Pigs,4,1990s-2020s,1994,5
高橋洋子 — 残酷な天使のテーゼ<Director’s Edit.Version>,4,1990s-2020s,1995,5
Lauryn Hill — Doo Wop (That Thing),4,1990s-2020s,1998,5
ABBA — Dancing Queen,4,1980s-2020s,1976,5
The Bar‐Kays — Holy Ghost,4,1970s-2000s,1978,5
Tom Tom Club — Genius of Love (extended mix),4,1980s-2020s,1981,5
The Wailers — I Shot the Sheriff,4,1980s-2010s,1973,5
Run‐D.M.C. — Dumb Girl,4,1980s-2010s,1986,5
Barry Manilow — Could It Be Magic,4,1970s-2010s,1975,5
Gladys Knight & the Pips — The Way We Were / Try to Remember,4,1970s-2010s,1974,5
Wild Cherry — Play That Funky Music,4,1970s-2020s,1976,5
Marianne Rosenberg — Er gehört zu mir,4,1980s-2010s,1975,5
KISS — Detroit Rock City,4,1970s-2010s,1976,5
Stevie Wonder — I Wish,4,1980s-2020s,1976,5
Bill Withers — Just the Two of Us,4,1980s-2020s,1980,5
The Beatles — With a Little Help From My Friends,4,1970s-2010s,1967,5
The Beatles — I Saw Her Standing There,4,1960s-2020s,1963,5
Dennis Coffey & The Detroit Guitar Band — Scorpio,4,1980s-2010s,1971,5
Ice Cube — It Was a Good Day,4,1990s-2020s,1992,5
Ann Peebles — I Can’t Stand the Rain,4,1990s-2020s,1973,5
Pink Floyd — Money,4,1990s-2020s,1973,5
The Beatles — Girl,4,1970s-2020s,1965,5
The Beatles — A Hard Day’s Night,4,1990s-2020s,1964,5
Nine Inch Nails — Hurt,4,1990s-2020s,1994,5
Stevie Wonder — Sir Duke,4,1980s-2020s,1976,5
芸能山城組 — DOLLS’ POLYPHONY,4,1990s-2020s,1988,5
Lou Reed — Walk on the Wild Side,4,1970s-2010s,1972,5
Jerry Goldsmith — The Omen: Ave Satani,4,1990s-2020s,1976,5
The Showboys — Drag Rap,4,1990s-2020s,1986,5
Funkadelic — (Not Just) Knee Deep,4,1970s-2020s,1979,4
Sylvester — You Make Me Feel (Mighty Real),4,1990s-2020s,1978,4
Snoop Dogg — Who Am I (What’s My Name)?,4,1990s-2020s,1993,4
Buffalo Springfield — For What It’s Worth,4,1990s-2020s,1966,4
The Beatles — Hey Bulldog,4,1960s-2020s,1969,4
The Jacksons — Blame It on the Boogie,4,1980s-2010s,1978,4
Bee Gees — You Should Be Dancing,4,1980s-2010s,1976,4
The S.O.S. Band — Just Be Good to Me,4,1990s-2020s,1983,4
Pink Floyd — Breathe,4,1980s-2020s,1973,4
Black Ivory — Mainline,4,1990s-2020s,1979,4
People’s Choice — Do It Any Way You Wanna,4,1980s-2010s,1975,4
First Choice — Let No Man Put Asunder,4,1980s-2010s,1977,4
Grandmaster Melle Mel — White Lines (Don’t Do It),4,1980s-2020s,1983,4
"Genesis — Tonight, Tonight, Tonight",4,1980s-2010s,1987,4
"Genesis — Tonight, Tonight, Tonight",4,1980s-2010s,1986,4
The Mamas & the Papas — California Dreamin’,4,1970s-2000s,1992,4
Dead Kennedys — California über alles,4,1990s-2020s,1980,4
Mylène Farmer — Libertine,4,1980s-2020s,1986,4
U2 — Where the Streets Have No Name,4,1980s-2010s,1987,4
Afrika Bambaataa & Soulsonic Force — Planet Rock,4,1980s-2020s,1986,4
Rush — Tom Sawyer,4,1990s-2020s,1981,4
George Michael — Freedom 90,4,1990s-2020s,1990,4
Curtis Mayfield — Superfly,4,1970s-2000s,1972,4
The Beatles — When I’m Sixty‐Four,4,1980s-2010s,1967,4
The Who — Won’t Get Fooled Again,4,1990s-2020s,1971,4
:wumpscut: — Mother,4,1990s-2020s,1994,4
Whitney Houston — I’m Every Woman,4,1990s-2020s,1992,4
The Smiths — How Soon Is Now?,4,1990s-2020s,1984,4
:wumpscut: — Wreath of Barbs (album mix),3,2000s-2020s,2001,131
Smash Mouth — All Star,3,2000s-2020s,1997,68
Linkin Park — Numb,3,2000s-2020s,2003,48
"Daft Punk — Harder, Better, Faster, Stronger",3,2000s-2020s,2001,47
Celldweller — Switchback,3,2000s-2020s,2003,46
Rick Astley — Never Gonna Give You Up,3,2000s-2020s,1987,40
Oasis — Wonderwall,3,2000s-2020s,1995,39
Britney Spears — Toxic,3,2000s-2020s,2003,38
Cherry — Yesterday,3,1990s-2010s,1999,37
La Roux — Bulletproof,3,2000s-2020s,2009,37
Virginelle — Hot Love & Emotion,3,1990s-2010s,1993,37
Kesha — TiK ToK,3,2000s-2020s,2009,36
Owl City — Fireflies,3,2000s-2020s,2009,35
Dr. Dre — The Next Episode,3,2000s-2020s,1999,35
JAY‐Z — 99 Problems,3,2000s-2020s,2003,34
Daft Punk — Technologic,3,2000s-2020s,2005,34
Nathalie — Heartbeat,3,1990s-2010s,1998,34
Mega NRG Man — Seventies,3,1990s-2010s,1994,32
Marko Polo — Money Go!,3,1990s-2010s,1999,30
Caramell — Caramelldansen (Speedycake Remix),3,2000s-2020s,2008,30
MGMT — Kids,3,2000s-2020s,2007,30
Lady Gaga — Poker Face,3,2000s-2020s,2008,29
Katy Perry — I Kissed a Girl,3,2000s-2020s,2008,29
Lady Gaga — Just Dance,3,2000s-2020s,2008,29
Gorillaz — Feel Good Inc.,3,2000s-2020s,2005,29
Linkin Park — In the End,3,2000s-2020s,2000,29
Mega NRG Man — Burning Desire,3,1990s-2010s,1999,28
M.I.A. — Paper Planes,3,2000s-2020s,2007,28
Soulja Boy — Crank That (Soulja Boy),3,2000s-2020s,2007,28
Domino — Tora Tora Tora,3,1990s-2010s,1996,27
Lady Gaga — Bad Romance,3,2000s-2020s,2009,27
Niko — Speedway,3,2000s-2020s,2008,27
Rihanna — Umbrella,3,2000s-2020s,2007,27
Celldweller — So Long Sentiment,3,2000s-2020s,2009,26
Britney Spears — Me Against the Music,3,2000s-2020s,2003,25
Aaliyah — Back & Forth,3,1990s-2010s,1994,24
David Essex — Boom Boom Fire,3,1990s-2010s,2019,24
Jilly — Take a Look in My Heart,3,1990s-2010s,1992,24
Daft Punk — One More Time,3,2000s-2020s,2000,24
浜崎あゆみ — appears “99 Greeting Mix”,3,1990s-2010s,1999,24
Eminem — Without Me,3,2000s-2020s,2002,23
浜崎あゆみ — Fly high,3,2000s-2020s,1999,23
Dave & Domino — Anniversary,3,1990s-2010s,2005,23
The Killers — Mr. Brightside,3,2000s-2020s,2003,23
Miro — By Your Side (Original mix),3,1990s-2010s,1999,23
Anastacia — I’m Outta Love,3,2000s-2020s,2000,23
Moby — Go (original),3,1990s-2010s,1990,23
DMX — X Gon’ Give It to Ya,3,2000s-2020s,2002,23
Domino — I Wanna Dance,3,1990s-2010s,1998,22
浜崎あゆみ — UNITE!,3,2000s-2020s,2001,22
Gwen Stefani — Hollaback Girl,3,2000s-2020s,2004,22
Ye — Touch the Sky,3,2000s-2020s,2005,22
JAY‐Z — Dirt Off Your Shoulder,3,2000s-2020s,2003,22
Jim Jones — Pop Champagne (instrumental),3,2000s-2020s,2008,22
INNA — Hot,3,2000s-2020s,2005,22
浜崎あゆみ — Kanariya (album version),3,1990s-2020s,1999,21
浜崎あゆみ — SEASONS “Original Mix”,3,2000s-2020s,2000,21
Lil Jon & The East Side Boyz — Get Low,3,2000s-2020s,2002,21
Eminem — Lose Yourself,3,2000s-2020s,2002,21
Edo — Too Young to Fall in Love,3,1990s-2010s,1994,21
ATB — 9 PM (Till I Come) (radio edit),3,1990s-2010s,1998,21
Coldplay — Viva la vida,3,2000s-2020s,2008,21
Kelly Clarkson — Since U Been Gone,3,2000s-2020s,2003,21
Disturbed — Down With the Sickness,3,2000s-2020s,2000,21
King & Queen — He-Hey Dancin',3,1990s-2010s,1995,21
The Jacksons — I Want You Back,3,1990s-2010s,1969,21
Eminem — The Real Slim Shady,3,2000s-2020s,1999,21
Mike Hammer — Heart Breaker,3,1990s-2010s,1992,21
Justice — Waters of Nazareth,3,2000s-2020s,2006,20
Gnarls Barkley — Crazy,3,2000s-2020s,2006,20
泉こなた — もってけ！セーラーふく,3,2000s-2020s,2007,20
50 Cent — In da Club,3,2000s-2020s,2003,20
Franz Ferdinand — Take Me Out,3,2000s-2020s,2003,20
:wumpscut: — Totmacher,3,1990s-2010s,1999,20
Taylor Swift — Love Story,3,2000s-2020s,2008,20
David Essex — Burning Love,3,1990s-2010s,1995,19
Missy Elliott — Get Ur Freak On,3,2000s-2020s,2001,19
Lady Gaga — LoveGame,3,2000s-2020s,2008,19
Major Lazer — Pon de Floor,3,2000s-2020s,2009,19
Missy Elliott — Lose Control,3,2000s-2020s,2005,19
Dr. Love — Don't Stand So Close,3,1990s-2020s,1999,19
Ludacris — Move Bitch,3,2000s-2020s,2001,19
Lady Gaga — Paparazzi,3,2000s-2020s,2008,19
Avril Lavigne — Complicated,3,2000s-2020s,2002,19
Daft Punk — Aerodynamic,3,2000s-2020s,2001,19
Vanessa Carlton — A Thousand Miles,3,2000s-2020s,2002,19
Dusty — Crazy for Love,3,2000s-2020s,2001,19
浜崎あゆみ — SURREAL “Original Mix”,3,2000s-2020s,2000,19
Ye — Love Lockdown,3,2000s-2020s,2008,18
Moby — Porcelain,3,2000s-2020s,1999,18
J‐Kwon — Tipsy,3,2000s-2020s,2004,18
Daft Punk — Robot Rock,3,2000s-2020s,2005,18
Green Day — Boulevard of Broken Dreams,3,2000s-2020s,2004,18
F.C.F. — Bad Desire (Atomic mix),3,1990s-2010s,1990,17
Loleatta Holloway — Love Sensation,3,1980s-2000s,1980,17
Justice — D.A.N.C.E.,3,2000s-2020s,2007,17
Ray Parker Jr. — Ghostbusters,3,2000s-2020s,1984,17
Leslie Parrish — Save Me,3,1990s-2010s,1999,17
Daft Punk — Human After All,3,2000s-2020s,2005,17
The Killers — Somebody Told Me,3,2000s-2020s,2004,17
Leslie Parrish — Remember Me,3,1990s-2010s,1999,17
Manuel — Gas Gas Gas,3,2000s-2020s,2007,17
Alstroemeria Records — Bad Apple!!,3,2000s-2020s,2007,17
DJ Luke Penn — Music Fever,3,1990s-2010s,1996,17
Joachim Witt — Goldener Reiter,3,1980s-2000s,1980,16
OutKast — Hey Ya!,3,2000s-2020s,2003,16
The Mohawks — The Champ,3,1990s-2020s,1968,16
Panic! at the Disco — I Write Sins Not Tragedies,3,2000s-2020s,2005,16
Opus — Live Is Life,3,1990s-2010s,1997,16
MGMT — Electric Feel,3,2000s-2020s,2007,16
System of a Down — Chop Suey!,3,2000s-2020s,2001,16
blink‐182 — I Miss You,3,2000s-2020s,2003,16
Go 2 — Not For Sale,3,2000s-2020s,2018,16
La Roux — In for the Kill,3,2000s-2020s,2009,16
Linkin Park — One Step Closer,3,2000s-2020s,2000,16
Edward Maya — Stereo Love,3,2000s-2020s,2009,16
Vicky Vale — Dancing,3,1990s-2010s,1999,16
Jennifer Lopez — Jenny From the Block,3,2000s-2020s,2001,16
Dave Rodgers — Music For The People,3,1990s-2010s,1997,16
Cherry — When I Close My Eyes,3,1990s-2010s,1999,16
Go 2 — Looka Bomba,3,2000s-2020s,2006,16
Rod Stewart — Da Ya Think I’m Sexy?,3,1990s-2010s,1978,16
Vanessa — Hey Hey,3,1990s-2010s,1993,16
Kevin Johnson — Chemical Love,3,2000s-2020s,2006,15
The Future Sound of London — Papua New Guinea,3,1990s-2020s,1991,15
The White Stripes — Seven Nation Army,3,2000s-2020s,2003,15
Rihanna — Disturbia,3,2000s-2020s,2008,15
Lia — 鳥の詩,3,2000s-2020s,2000,15
Go Go Girls — My Sweet Banana,3,1990s-2010s,2009,15
Franz Tornado — Bandolero Comanchero,3,1990s-2010s,1999,15
Dead or Alive — You Spin Me Round (Like a Record),3,2000s-2020s,1984,15
Ramones — Blitzkrieg Bop,3,2000s-2020s,1976,15
Skull Snaps — It’s a New Day,3,1980s-2000s,1973,15
Céline Dion — It’s All Coming Back to Me Now,3,1990s-2020s,1996,15
:wumpscut: — Jesus Antichristus,3,2000s-2020s,2006,15
Princess Superstar — Perfect,3,2000s-2020s,2005,15
Santana — Smooth,3,1990s-2020s,1999,15
Madonna — Bedtime Story,3,1990s-2020s,1994,15
King Kong & D. Jungle Girls — Boom Boom Dollar,3,1980s-2000s,1989,15
Vanilla Ice — Ice Ice Baby,3,2000s-2020s,1990,15
Niko — Made of Fire,3,1990s-2010s,2007,14
Justin Timberlake — SexyBack,3,2000s-2020s,2006,14
Metallica — Enter Sandman,3,2000s-2020s,1990,14
Modest Mouse — Float On,3,2000s-2020s,2004,14
Angie Davies — Superman,3,1990s-2010s,1993,14
Britney Spears — Gimme More,3,2000s-2020s,2007,14
Bette Midler — Superstar,3,1990s-2010s,1972,14
:wumpscut: — Just a Tenderness,3,2000s-2020s,2004,14
t.A.T.u. — All the Things She Said,3,2000s-2020s,2002,14
Yeah Yeah Yeahs — Heads Will Roll,3,2000s-2020s,2009,14
Orchestral Manoeuvres in the Dark — Enola Gay,3,1990s-2020s,1980,14
Cherry — Round n' Round,3,1990s-2010s,1999,14
Whitney Houston — It’s Not Right but It’s Okay,3,1990s-2020s,1998,14
Madonna — Hung Up,3,2000s-2020s,2005,14
Alizée — Moi… Lolita,3,2000s-2020s,2000,14
P!nk — Get the Party Started,3,2000s-2020s,2001,14
Papa Roach — Last Resort,3,2000s-2020s,2000,14
Darude — Sandstorm (original mix),3,2000s-2020s,1999,14
Tension — You Got Me Going Crazy,3,1990s-2010s,1992,14
Leslie Parrish — Killing My Love,3,1990s-2010s,2008,14
David Essex — Tokyo Tokyo,3,1990s-2010s,1995,14
浜崎あゆみ — Depend on you,3,1990s-2010s,1999,13
Lady Gaga — Bad Romance,3,2000s-2020s,2009,13
KISS — Hotter Than Hell,3,1970s-2000s,1986,13
Beyoncé — Crazy in Love,3,2000s-2020s,2003,13
Beside — Change the Beat (French Rap),3,1980s-2000s,1982,13
Rammstein — Du hast,3,1990s-2020s,1997,13
Wain L. — Make Up Your Mind,3,1990s-2010s,1994,13
Jurgen Vries — The Theme,3,2000s-2020s,2002,13
a‐ha — Take On Me,3,2000s-2020s,1984,13
King & Queen — Para Para,3,1990s-2010s,1994,13
Snoop Dogg — Drop It Like It’s Hot,3,2000s-2020s,2004,13
My Chemical Romance — Welcome to the Black Parade,3,2000s-2020s,2006,13
Tears for Fears — Shout,3,2000s-2020s,1985,13
Marko Polo — Baby Queen Seventeen,3,1990s-2010s,1998,13
Paramore — Misery Business,3,2000s-2020s,2007,13
The Proclaimers — I’m Gonna Be (500 Miles),3,2000s-2020s,1987,13
EMF — Unbelievable,3,1990s-2010s,1988,13
O‐Zone — Dragostea din tei (original Romanian version),3,2000s-2020s,2003,13
MGMT — Time to Pretend,3,2000s-2020s,2007,13
Barry Adamson — Something Wicked This Way Comes,3,1990s-2020s,1995,13
Destiny’s Child — Bootylicious,3,2000s-2020s,2001,13
Lil Wayne — A Milli,3,2000s-2020s,2008,13
Suzy Lazy — Din Don Dan,3,1990s-2010s,1999,13
Skee‐Lo — I Wish,3,1990s-2010s,1995,13
Jim Jones — Pop Champagne,3,2000s-2020s,2008,13
Moby — Natural Blues,3,2000s-2020s,1999,12
Doug E. Fresh — La-Di-Da-Di,3,1980s-2010s,1985,12
Mega NRG Man — Get Me Power,3,1990s-2010s,2006,12
Madison — You Can Light My Fire,3,1990s-2010s,1998,12
Daft Punk — Television Rules the Nation,3,2000s-2020s,2005,12
ABBA — Gimme! Gimme! Gimme! (A Man After Midnight),3,2000s-2020s,1979,12
Ying Yang Twins — Wait (The Whisper Song),3,2000s-2020s,2005,12
Salt‐N‐Pepa — Push It,3,2000s-2020s,1988,12
Katy Perry — Hot n Cold,3,2000s-2020s,2008,12
Kelis — Milkshake,3,2000s-2020s,2003,12
Linkin Park — Crawling,3,2000s-2020s,2000,12
The Clash — Rock the Casbah,3,1990s-2010s,1982,12
DragonForce — Through the Fire and Flames,3,2000s-2020s,2005,12
Rage Against the Machine — Killing in the Name,3,2000s-2020s,1992,12
INXS — Need You Tonight,3,2000s-2020s,1987,12
Usher — Yeah!,3,2000s-2020s,2004,12
DJ Ötzi — Hey Baby,3,2000s-2020s,2000,12
Smash Mouth — Walkin’ on the Sun,3,1990s-2020s,1997,12
B*Witched — C’est la vie,3,1990s-2010s,1998,12
Mark Astley — Super Rider,3,2000s-2020s,2008,12
Kylie Minogue — Can’t Get You Out of My Head,3,2000s-2020s,2001,12
Chosen Few — Name of the DJ (original mix),3,1990s-2010s,1997,12
Dannii Minogue — Disremembrance,3,1990s-2020s,1997,12
Benny Benassi — Satisfaction,3,2000s-2020s,2002,12
浜崎あゆみ — Dearest “Original Mix”,3,2000s-2020s,2001,12
Nelly Furtado — Say It Right,3,2000s-2020s,2006,11
Eminem — My Name Is,3,2000s-2020s,1999,11
浜崎あゆみ — Trauma,3,1990s-2020s,1999,11
Jilly — Ding a Ling,3,1990s-2010s,1994,11
Franz Tornado — Mad Cow,3,1990s-2010s,1996,11
globe — Many Classic Moments,3,2000s-2020s,2002,11
Edelweiss — Bring Me Edelweiss (Tourist version),3,1980s-2010s,1988,11
Bell Biv DeVoe — Poison,3,2000s-2020s,1990,11
Muse — Supermassive Black Hole,3,2000s-2020s,2006,11
Fastway — Shock Out,3,2000s-2020s,2018,11
Beyoncé — Single Ladies (Put a Ring on It),3,2000s-2020s,2008,11
Michael Jackson — Don’t Stop ’Til You Get Enough,3,1970s-2000s,1979,11
Annalise — New Love,3,1990s-2010s,1994,11
Sir Mix‐A‐Lot — Baby Got Back,3,2000s-2020s,1992,11
Hot Streak — Body Work (vocal),3,1990s-2010s,1983,11
Coldplay — Fix You,3,2000s-2020s,2005,11
Neo — Midnight Love,3,2000s-2020s,2009,11
Dr. Alban — It's My Life,3,1990s-2010s,1991,11
Basement Jaxx — Where’s Your Head At,3,2000s-2020s,2001,11
長沼英樹 — Let Mom Sleep,3,2000s-2020s,2000,11
Jennifer Lopez — If You Had My Love,3,1990s-2020s,1999,11
Caramell — Caramelldansen,3,2000s-2020s,2001,11
The Notorious B.I.G. — Juicy,3,1990s-2010s,1994,11
Gorillaz — Clint Eastwood,3,2000s-2020s,2000,11
倖田來未 — キューティーハニー,3,2000s-2020s,2004,11
Dr. Dre — Forgot About Dre,3,2000s-2020s,1999,11
The Shangri‐Las — Remember (Walkin’ in the Sand),3,2000s-2020s,1964,11
Les Blue Belles — Telephone,3,1990s-2010s,1995,11
Green Day — Wake Me Up When September Ends,3,2000s-2020s,2004,11
Outlander — Vamp,3,1990s-2020s,1991,11
Black Sun Empire — Hideous,3,2000s-2020s,2005,11
Jay Sean — Down,3,2000s-2020s,2009,11
Kelly Clarkson — Behind These Hazel Eyes,3,2000s-2020s,2003,11
Black Eyed Peas — I Gotta Feeling,3,2000s-2020s,2009,11
Alice DeeJay — Better Off Alone,3,2000s-2020s,1999,11
Everything but the Girl — Missing,3,1990s-2010s,1994,11
Fastway — Rockin’ Hardcore,3,2000s-2020s,2009,11
Fastway — 777,3,2000s-2020s,2007,11
The Big Brother — Soul Gasoline (Power Soul mix),3,1990s-2010s,1992,11
Justice — DVNO,3,2000s-2020s,2007,11
Lou Bega — Mambo No. 5 (A Little Bit of…),3,2000s-2020s,1999,11
Depeche Mode — Just Can’t Get Enough (Schizo mix),3,1980s-2000s,1981,11
Depeche Mode — Just Can’t Get Enough,3,2000s-2020s,1981,11
Slam — Positive Education,3,1990s-2010s,1993,11
Kris Kross — Jump,3,1990s-2010s,1992,11
m‐flo — come again,3,2000s-2020s,2001,11
Depeche Mode — Enjoy the Silence,3,2000s-2020s,1990,11
Christina Aguilera — Genie in a Bottle,3,2000s-2020s,1999,11
Eminem — Shake That,3,2000s-2020s,2005,11
Engineers Without Fears — Spiritual Aura,3,1990s-2020s,1994,11
Aretha Franklin — A Deeper Love,3,1990s-2010s,1993,10
Nina Simone — Sinnerman,3,1990s-2010s,1965,10
Marlon Saunders — Unknown from M.E. …THEME OF “KNUCKLES”,3,1990s-2010s,1998,10
Linkin Park — Faint,3,2000s-2020s,2003,10
U2 — With or Without You,3,2000s-2020s,1987,10
Lolita — Goin’ On,3,1990s-2010s,1998,10
David Guetta — Sexy Bitch,3,2000s-2020s,2009,10
David Axelrod — The Human Abstract,3,1990s-2020s,1969,10
Madonna — Into the Groove,3,2000s-2020s,1984,10
Dr. Dre — Nuthin’ but a “G” Thang,3,1990s-2010s,1992,10
Limp Bizkit — Rollin’ (Air Raid Vehicle),3,2000s-2020s,2000,10
Bloodhound Gang — The Bad Touch,3,2000s-2020s,1999,10
The Notorious B.I.G. — Party and Bullshit,3,1990s-2010s,1993,10
Nickerbocker & Biene — Zruck zu Dir (Hallo Klaus),3,1990s-2010s,1982,10
Claire Littley — FLY ME TO THE MOON,3,1990s-2020s,1995,10
Cher — Believe,3,2000s-2020s,1998,10
Beastie Boys — So What’cha Want,3,1990s-2020s,1992,10
Ben E. King — Stand by Me,3,2000s-2020s,1962,10
Daft Punk — Voyager,3,2000s-2020s,2001,10
De Niro — Start,3,1990s-2010s,1994,10
Avril Lavigne — Girlfriend,3,2000s-2020s,2007,10
Mountain — Long Red,3,1990s-2010s,1972,10
Dr. Dre — Still D.R.E.,3,2000s-2020s,1999,10
Fergie — London Bridge,3,2000s-2020s,2006,10
Mako — Kiss to Kiss,3,1990s-2010s,1999,10
Priscilla — Love is in Danger,3,1990s-2010s,2008,10
Marvin Gaye — I Heard It Through the Grapevine,3,2000s-2020s,1968,10
Mylène Farmer — California,3,1990s-2020s,1995,10
m.o.v.e — Blazin' Beat,3,1990s-2010s,1999,10
Barenaked Ladies — One Week,3,2000s-2020s,1998,10
Justice — Stress,3,2000s-2020s,2007,10
All Saints — I Know Where It’s At,3,1990s-2010s,1997,10
The All‐American Rejects — Gives You Hell,3,2000s-2020s,2008,10
Chumbawamba — Tubthumping,3,1990s-2020s,1997,10
Daft Punk — Digital Love,3,2000s-2020s,2001,10
Michael Jackson — Blood on the Dance Floor,3,1990s-2010s,1997,10
Queen — Bohemian Rhapsody,3,2000s-2020s,1975,10
Destiny’s Child — Say My Name,3,2000s-2020s,1999,10
Autechre — Basscadet,3,1990s-2020s,1993,10
:wumpscut: — Die Liebe,3,2000s-2020s,2006,10
Domino — Euroboy,3,1990s-2010s,1999,10
Mike Hammer — Shock Me,3,1990s-2020s,1992,10
Cascada — Everytime We Touch,3,2000s-2020s,2005,10
Pizza Girl — Crazy for You,3,1990s-2010s,1998,10
Blackstreet — No Diggity,3,1990s-2010s,1996,10
Madonna — Justify My Love,3,1990s-2010s,1990,10
Princess F. — Technotronic Flight,3,1990s-2010s,1995,10
Slayer — War Ensemble,3,1990s-2010s,1990,10
Dragonette — Pick Up the Phone,3,2000s-2020s,2009,10
"Khia — My Neck, My Back (Lick It)",3,2000s-2020s,2002,10
Kylie Minogue — Slow,3,2000s-2020s,2003,10
Young MC — Bust a Move,3,2000s-2020s,1989,10
Franz Tornado — Super Euro Flash,3,2000s-2020s,2001,9
玉置成実 — Believe,3,2000s-2020s,2003,9
John Lennon — Imagine,3,2000s-2020s,1971,9
Sara — Burning up for You,3,1990s-2010s,2006,9
Infected Mushroom — I Wish,3,2000s-2020s,2003,9
Soft Cell — Tainted Love,3,2000s-2020s,1981,9
浜崎あゆみ — Daybreak,3,2000s-2020s,2002,9
FC Kahuna — Hayling,3,2000s-2020s,2002,9
Kraftwerk — Nummern,3,1980s-2010s,1981,9
Fort Minor — Remember the Name,3,2000s-2020s,2005,9
Dr. Love — Doctor Love,3,1990s-2010s,2008,9
Niko — 1 for the Money 2 for the Show,3,1990s-2010s,2019,9
Daft Punk — Oh Yeah,3,2000s-2020s,1997,9
The Human League — Being Boiled,3,1990s-2010s,1978,9
Taylor Swift — You Belong With Me,3,2000s-2020s,2008,9
Aaliyah — If Your Girl Only Knew,3,1990s-2010s,1996,9
Talking Heads — Psycho Killer,3,2000s-2020s,1977,9
Village People — Y.M.C.A.,3,1990s-2020s,1978,9
"Public Enemy — Caught, Can We Get a Witness?",3,1980s-2000s,1988,9
Cheryl — Fight for This Love,3,2000s-2020s,2009,9
Red Hot Chili Peppers — Can’t Stop,3,2000s-2020s,2002,9
浜崎あゆみ — immature “Album Version”,3,1990s-2020s,1999,9
Oda — Shy Gun,3,1990s-2010s,2008,9
Aaliyah — Rock the Boat,3,2000s-2020s,2001,9
David Bowie — Space Oddity,3,2000s-2020s,1969,9
Harold Faltermeyer — Axel F,3,2000s-2020s,1984,9
A★Teens — Mamma Mia,3,1990s-2010s,1999,9
Linkin Park — What I’ve Done,3,2000s-2020s,2007,9
Estelle — American Boy,3,2000s-2020s,2007,9
Nena — 99 Luftballons,3,1990s-2010s,1983,9
Basement Jaxx — Bingo Bango,3,1990s-2020s,1999,9
Pitbull — I Know You Want Me (Calle Ocho),3,2000s-2020s,2007,9
Happy Mondays — Step On,3,1990s-2020s,1990,9
Mylène Farmer — Je t’aime mélancolie,3,1990s-2020s,1991,9
Sean Paul — Get Busy,3,2000s-2020s,2002,9
Kid Cudi — Day ’n’ Nite (Nightmare),3,2000s-2020s,2008,9
Maroon 5 — This Love,3,2000s-2020s,2002,9
影山ヒロノブ — CHA‐LA HEAD‐CHA‐LA,3,1990s-2020s,1989,9
Lemon Demon — The Ultimate Showdown of Ultimate Destiny,3,2000s-2020s,2006,9
Nine Inch Nails — The Perfect Drug,3,1990s-2020s,1995,9
Leslie Parrish — Victim,3,2000s-2020s,2008,9
Beastie Boys — Sure Shot,3,1990s-2010s,1994,9
Goldfrapp — Ooh La La,3,2000s-2020s,2005,9
Ika — Go Godzilla Go,3,1990s-2010s,2020,9
Linkin Park — New Divide,3,2000s-2020s,2009,9
m.o.v.e — around the world,3,1990s-2010s,1998,9
George Michael — Careless Whisper,3,2000s-2020s,1984,9
A‐Beat Power — Wanted,3,1990s-2010s,1993,9
浜崎あゆみ — poker face,3,1990s-2010s,1999,8
浜崎あゆみ — monochrome,3,1990s-2010s,1999,8
Rick James — Mary Jane,3,1990s-2010s,1978,8
The Beatles — Because,3,2000s-2020s,1969,8
Al Green — Love and Happiness,3,1990s-2020s,1972,8
James Brown — Funky Drummer,3,1980s-2010s,1986,8
Britney Spears — Circus,3,2000s-2020s,2008,8
Fatboy Slim — Ya Mama,3,2000s-2020s,2000,8
David Dima — Tsundere Night,3,2000s-2020s,2008,8
The Rolling Stones — Sympathy for the Devil,3,2000s-2020s,1968,8
David Bowie — Let’s Dance,3,2000s-2020s,1983,8
The Notorious B.I.G. — Hypnotize,3,1990s-2010s,1997,8
Nina Simone — Feeling Good,3,1990s-2010s,1965,8
Nuage — I'm Gonna Carry On,3,2000s-2020s,2006,8
竹内まりや — プラスティック・ラブ,3,1980s-2020s,1984,8
Delta Queens — My Bandido,3,1990s-2020s,2007,8
Van Halen — Jump,3,2000s-2020s,1983,8
Aphex Twin — Avril 14th,3,2000s-2020s,2001,8
Etta James — Something's Got a Hold on Me,3,1990s-2010s,1962,8
Dave Rodgers — Beat of the Rising Sun,3,1990s-2010s,1999,8
Denise — In My Dreams,3,1990s-2020s,2009,8
Haddaway — What Is Love,3,2000s-2020s,1992,8
The Jacksons — ABC,3,1990s-2010s,1970,8
CAKE — Short Skirt/Long Jacket,3,2000s-2020s,2001,8
倖田來未 — real Emotion,3,2000s-2020s,2003,8
浜崎あゆみ — Free & Easy “Original Mix”,3,2000s-2020s,2002,8
Onyx — Slam,3,1990s-2020s,1993,8
Peter Gabriel — Sledgehammer,3,1990s-2020s,1986,8
Limp Bizkit — Nookie,3,1990s-2020s,1999,8
Hubert Kah — Engel 07,3,1990s-2010s,1984,8
Musical Youth — Pass the Dutchie,3,1990s-2010s,1982,8
Metallica — Nothing Else Matters,3,1990s-2020s,1990,8
The O’Jays — For the Love of Money,3,1970s-2000s,1973,8
Five Stairsteps — Don't Change Your Love,3,1990s-2010s,1968,8
t.A.T.u. — Not Gonna Get Us,3,2000s-2020s,2002,8
Michael Jackson — Smooth Criminal,3,2000s-2020s,1987,8
Jilly — Be My Babe,3,1990s-2010s,2020,8
Unique II — Break My Stride,3,1990s-2010s,1996,8
Basement Jaxx — Good Luck,3,2000s-2020s,2003,8
Sean Kingston — Beautiful Girls,3,2000s-2020s,2007,8
The Buggles — Video Killed the Radio Star,3,1980s-2020s,1979,8
Fleetwood Mac — Dreams,3,2000s-2020s,1977,8
Newfield – Moroni – Sinclaire — Deltadance.com,3,1990s-2010s,2010,8
Ye — Heartless,3,2000s-2020s,2008,8
Bette Midler — Daytime Hustler,3,1980s-2010s,1972,8
Whodini — Friends,3,1990s-2010s,1984,8
Slick Rick — Children’s Story,3,1990s-2010s,1988,8
Jurassic 5 — Jayou,3,1990s-2010s,1997,8
Coldplay — Clocks,3,2000s-2020s,2002,8
Fugees — Fu‐Gee‐La,3,1990s-2010s,1995,8
Kate Bush — Running Up That Hill (A Deal With God),3,2000s-2020s,1985,8
m.o.v.e — BREAK IN2 THE NITE,3,1990s-2010s,1998,8
Chris Stanton — A Perfect Hero,3,2000s-2020s,2008,8
Ol’ Dirty Bastard — Shimmy Shimmy Ya,3,2000s-2020s,1995,8
Nathalie — Desperado,3,1990s-2010s,2008,8
Vicky Vale — Superdance,3,1990s-2010s,2019,8
OutKast — B.O.B.,3,2000s-2020s,2000,8
Justice — Genesis,3,2000s-2020s,2007,8
Black Sabbath — War Pigs / Luke’s Wall,3,1980s-2010s,1970,8
DJ Ötzi — Anton aus Tirol (party mix),3,2000s-2020s,1999,8
Snow Patrol — Chasing Cars,3,2000s-2020s,2006,8
Art of Noise — Moments in Love,3,1980s-2000s,1983,8
S3RL — Pretty Rave Girl,3,2000s-2020s,2008,8
Marilyn Manson — The Beautiful People,3,2000s-2020s,1996,8
Paul Dickenson — Time for a Miracle,3,2000s-2020s,2008,8
Gwen Stefani — What You Waiting For?,3,2000s-2020s,2004,8
m‐flo — REEEWIND!,3,2000s-2020s,2003,8
Daft Punk — Burnin’,3,1990s-2020s,1997,8
:wumpscut: — Rise Again,3,2000s-2020s,2004,8
Cyndi Lauper — Time After Time,3,2000s-2020s,1983,8
Gorillaz — DARE,3,2000s-2020s,2005,8
The Prodigy — Breathe,3,1990s-2020s,1997,8
The Prodigy — No Good (Start the Dance),3,1990s-2020s,1994,8
"Daft Punk — Harder, Better, Faster, Stronger",3,2000s-2020s,2001,8
Imogen Heap — Hide and Seek,3,2000s-2020s,2005,8
Nathalie Cardone — Baïla si,3,1990s-2020s,1999,8
deadmau5 — I Remember (vocal mix),3,2000s-2020s,2008,8
Rockwell — Somebody’s Watching Me,3,2000s-2020s,1983,7
Mariah Carey — Joy to the World,3,1990s-2020s,1994,7
浜崎あゆみ — A Song for ××,3,1990s-2020s,1999,7
Wildchild — Renegade Master (original mix),3,1990s-2020s,1995,7
Moby — Why Does My Heart Feel So Bad?,3,1990s-2010s,1999,7
:wumpscut: — Your Last Salute,3,2000s-2020s,2004,7
Cameo — Word Up,3,1980s-2010s,1986,7
Dire Straits — Money for Nothing,3,2000s-2020s,1985,7
Digital Underground — The Humpty Dance,3,1980s-2000s,1989,7
Daft Punk — Emotion,3,2000s-2020s,2005,7
Barry Manilow — Copacabana (At the Copa),3,1990s-2010s,1978,7
Chic — Good Times,3,1980s-2010s,1979,7
Falco — Junge Römer,3,1980s-2010s,1984,7
Daft Punk — Face to Face,3,2000s-2020s,2001,7
The Cure — Close to Me,3,1990s-2010s,1985,7
The Beatles — For No One,3,2000s-2020s,1966,7
Brass Construction — Movin’,3,1970s-1990s,1975,7
Renegade Soundwave — Biting My Nails,3,1980s-2010s,1988,7
Aaliyah — Age Ain’t Nothing but a Number,3,1990s-2010s,1994,7
Garbage — Milk,3,1990s-2010s,1995,7
Kelis — Caught Out There,3,2000s-2020s,1999,7
Nas — It Ain’t Hard to Tell,3,1990s-2010s,1994,7
"Justice — Phantom, Pt II",3,2000s-2020s,2007,7
Gorillaz — Dirty Harry,3,2000s-2020s,2005,7
Deftones — My Own Summer (Shove It),3,1990s-2020s,1997,7
Eric B. & Rakim — Microphone Fiend,3,1980s-2000s,1988,7
Wild Cherry — Play That Funky Music,3,1990s-2020s,1976,7
Empire of the Sun — Walking on a Dream,3,2000s-2020s,2008,7
Drake — Forever,3,2000s-2020s,2009,7
The Notorious B.I.G. — Dead Wrong,3,2000s-2020s,1999,7
Fish Go Deep — The Cure & The Cause (original mix),3,2000s-2020s,2006,7
[:SITD:] — Rot V1.0,3,2000s-2020s,2009,7
No Doubt — Just a Girl,3,2000s-2020s,1995,7
Makaveli — Hail Mary,3,1990s-2010s,1996,7
Aghast View — Pay Off,3,1990s-2020s,1997,7
Hubert Kah — So Many People,3,1980s-2010s,1989,7
AC/DC — Thunderstruck,3,2000s-2020s,1990,7
Beastie Boys — Shake Your Rump,3,1990s-2010s,1989,7
TLC — No Scrubs,3,2000s-2020s,1999,7
Cutting Crew — (I Just) Died in Your Arms,3,2000s-2020s,1986,7
JAY‐Z — December 4th,3,2000s-2020s,2003,7
Justice — Let There Be Light,3,2000s-2020s,2006,7
The Cure — Lullaby,3,1980s-2010s,1989,7
Daft Punk — Veridis Quo,3,2000s-2020s,2001,7
Run‐D.M.C. — King of Rock,3,1990s-2020s,1985,7
New Order — Confusion,3,1990s-2010s,1983,7
Radiohead — Reckoner,3,2000s-2020s,2007,7
MC Shan — The Bridge,3,1990s-2010s,1986,7
Jennifer Lopez — Play,3,2000s-2020s,2001,7
Chicago — Street Player,3,1970s-2020s,1979,7
"Matthias Reim — Verdammt, ich lieb’ dich",3,1990s-2010s,1990,7
Brandy — The Boy Is Mine,3,1990s-2010s,1998,7
Stevie Wonder — Superstition,3,2000s-2020s,1972,7
Eric B. & Rakim — My Melody,3,1990s-2010s,1987,7
JAY‐Z — Lucifer,3,2000s-2020s,2003,7
Kool & the Gang — Give It Up,3,1990s-2010s,1969,7
浜崎あゆみ — Boys & Girls (A Eurobeat mix),3,1990s-2010s,2000,7
Daft Punk — Steam Machine,3,2000s-2020s,2005,7
玉置成実 — Realize,3,2000s-2020s,2003,7
Simple Minds — Alive and Kicking,3,1990s-2010s,1985,7
MC Hammer — U Can’t Touch This,3,1990s-2010s,1990,7
S3RL — Dealer,3,2000s-2020s,2009,7
Go 2 — Superstar,3,2000s-2020s,2018,7
Coldcut — Timber,3,1990s-2020s,1997,7
blink‐182 — What’s My Age Again?,3,2000s-2020s,1999,7
Garcon — Bazooka Man,3,1990s-2010s,1996,7
Annerley Gordon — On My Own,3,1990s-2010s,1994,7
Nas — The World Is Yours,3,1990s-2020s,1994,7
Coldplay — The Scientist,3,2000s-2020s,2002,7
R.E.M. — Losing My Religion,3,2000s-2020s,1991,7
Diana Ross — Upside Down,3,1990s-2010s,1980,7
O.C. — Time’s Up,3,1990s-2020s,1994,7
Ice‐T — Colors,3,1980s-2020s,1988,7
Peter Schilling — Die Wüste lebt,3,1980s-2010s,1982,7
Justin Timberlake — My Love,3,2000s-2020s,2006,7
Mariah Carey — We Belong Together,3,2000s-2020s,2005,7
Metallica — The Unforgiven,3,1990s-2020s,1990,7
Sly & the Family Stone — Sing a Simple Song,3,1980s-2010s,1969,7
Nine Inch Nails — Eraser,3,1990s-2010s,1994,7
Pete Rock & C.L. Smooth — They Reminisce Over You (T.R.O.Y.),3,1990s-2010s,1992,7
Peter Bjorn and John — Young Folks,3,2000s-2020s,2006,7
Hubert Kah — Einmal nur mit Erika ...,3,1990s-2010s,1983,7
Average White Band — Pick Up the Pieces,3,1980s-2010s,1973,7
Acen — Trip II the Moon (The Darkside),3,1990s-2010s,1992,7
高橋洋子 — 魂のルフラン,3,1990s-2010s,1997,7
Seal — Kiss From a Rose,3,1990s-2020s,1994,7
Lucky Twice — Lucky,3,2000s-2020s,2006,7
Daft Punk — Too Long,3,2000s-2020s,2001,7
Mega NRG Man — Megaton Man (Megaton mix),3,1990s-2010s,1993,7
島谷ひとみ — 亜麻色の髪の乙女,3,2000s-2020s,2002,7
Daft Punk — Short Circuit,3,2000s-2020s,2001,7
Madonna — Like a Prayer,3,1990s-2010s,1989,7
Journey — Don’t Stop Believin’,3,2000s-2020s,1981,7
"MIKA — Relax, Take It Easy",3,2000s-2020s,2006,7
Roxette — The Look,3,1980s-2010s,1988,7
Candy Taylor — Scandal,3,1990s-2010s,2008,7
David Bowie — Let’s Dance,3,1990s-2010s,1983,7
deadmau5 — Ghosts ’n’ Stuff,3,2000s-2020s,2009,6
deadmau5 — Faxing Berlin,3,2000s-2020s,2006,6
Labi Siffre — I Got The,3,1990s-2010s,1975,6
Jerry Lee Lewis — Break Up,3,1980s-2010s,1983,6
Ginuwine — Pony,3,1990s-2020s,1996,6
Change — The Glow of Love,3,1990s-2010s,1980,6
girl next door — 偶然の確率,3,2000s-2020s,2008,6
Baha Men — Who Let the Dogs Out,3,2000s-2020s,2000,6
Will Smith — Gettin’ Jiggy Wit It,3,1990s-2010s,1997,6
David Essex — Thank You Arigato,3,1990s-2010s,2019,6
Busta Rhymes — Woo Haa!! Got You All in Check,3,2000s-2020s,1996,6
Enya — Boadicea,3,1990s-2010s,1986,6
The Clash — The Guns of Brixton,3,1990s-2020s,1979,6
Dionne Warwick — Déjà vu,3,1990s-2010s,1979,6
The Game — Hate It or Love It,3,2000s-2020s,2005,6
Fleetwood Mac — Everywhere,3,2000s-2020s,1987,6
The Beatles — Octopus’s Garden,3,2000s-2020s,1969,6
Whitney Houston — So Emotional,3,2000s-2020s,1987,6
Mylène Farmer — L’Âme‐stram‐gram,3,1990s-2010s,1999,6
Faithless — Insomnia,3,1990s-2010s,1996,6
Limp Bizkit — Rollin’ (Urban Assault Vehicle),3,2000s-2020s,2000,6
Fatboy Slim — Weapon of Choice,3,2000s-2020s,2000,6
The Beatles — While My Guitar Gently Weeps,3,2000s-2020s,1968,6
m‐flo — the Love Bug,3,2000s-2020s,2004,6
Red Hot Chili Peppers — Californication,3,2000s-2020s,1999,6
Beastie Boys — Intergalactic,3,2000s-2020s,1998,6
Britney Spears — Oops!…I Did It Again,3,2000s-2020s,2000,6
ROUND TABLE featuring Nino — Let Me Be With You,3,2000s-2020s,2002,6
Fatboy Slim — Star 69,3,2000s-2020s,2000,6
Foo Fighters — Everlong,3,2000s-2020s,1997,6
Bill Withers — Lovely Day,3,1980s-2000s,1977,6
Tone‐Lōc — Wild Thing,3,1990s-2010s,1988,6
Right Said Fred — I’m Too Sexy,3,2000s-2020s,1991,6
Madonna — 4 Minutes,3,2000s-2020s,2008,6
P!nk — Funhouse,3,2000s-2020s,2008,6
Electric Light Orchestra — Mr. Blue Sky,3,1990s-2020s,1977,6
Beastie Boys — Body Movin’,3,2000s-2020s,1998,6
Radiohead — Creep,3,1990s-2020s,1992,6
50 Cent — Candy Shop,3,2000s-2020s,2005,6
Marva Whitney — Unwind Yourself,3,1980s-2010s,1969,6
Sting — Shape of My Heart,3,1990s-2020s,1993,6
Doki Doki — Sing Na Na Na,3,1990s-2010s,2008,6
Fergie — Fergalicious,3,2000s-2020s,2006,6
Cascada — Evacuate the Dancefloor,3,2000s-2020s,2008,6
Max Romeo — I Chase the Devil,3,1990s-2010s,1976,6
JAY‐Z — Threat,3,2000s-2020s,2003,6
Corona — The Rhythm of the Night,3,1990s-2020s,1993,6
Jungle Brothers — I’ll House You,3,1990s-2010s,1988,6
Rihanna — Don’t Stop the Music,3,2000s-2020s,2007,6
Speedman — Speed Lover,3,2000s-2020s,2001,6
Klaus Lage Band — 1000 und 1 Nacht (Zoom!),3,1990s-2010s,1984,6
Michael Jackson — Jam,3,1990s-2010s,1991,6
浜崎あゆみ — YOU,3,1990s-2010s,1998,6
Heatwave — Boogie Nights,3,1980s-2010s,1976,6
The Beatles — Strawberry Fields Forever,3,1970s-2010s,1967,6
Lynyrd Skynyrd — Sweet Home Alabama,3,2000s-2020s,1974,6
JAY‐Z — Moment of Clarity,3,2000s-2020s,2003,6
Rock Master Scott & The Dynamic Three — The Roof Is on Fire,3,1990s-2010s,1985,6
James Brown — Blues & Pants,3,1990s-2010s,1971,6
Eiffel 65 — Blue (Da Ba Dee),3,1990s-2020s,1999,6
Montell Jordan — This Is How We Do It,3,2000s-2020s,1995,6
Marvin Gaye — What’s Going On,3,1990s-2010s,1971,6
Taana Gardner — Heartbeat (club version),3,1980s-2000s,1981,6
Alicia Keys — You Don’t Know My Name,3,2000s-2020s,2003,6
The Beatles — Dear Prudence,3,2000s-2020s,1968,6
Acen — Trip II the Moon,3,1990s-2020s,1992,6
Black Eyed Peas — My Humps,3,2000s-2020s,2005,6
Los del Río — Macarena,3,1990s-2010s,1993,6
globe — Joy to the love (ORIGINAL MIX),3,1990s-2020s,1995,6
m.o.v.e — Rage your dream,3,1990s-2010s,1998,6
The Chemical Brothers — Galvanize,3,2000s-2020s,2004,6
John B — Pressure,3,1990s-2010s,1998,6
Nas — Made You Look,3,2000s-2020s,2002,6
Bronski Beat — Smalltown Boy,3,1990s-2020s,1984,6
Terror Squad — Lean Back,3,2000s-2020s,2004,6
globe — Can’t Stop Fallin’ in Love,3,2000s-2020s,1997,6
P!nk — So What,3,2000s-2020s,2008,6
Depeche Mode — Strangelove (Blind mix),3,1980s-2000s,1987,6
Depeche Mode — Get the Balance Right! (Combination mix),3,1980s-2000s,1983,6
702 — Get It Together,3,1990s-2020s,1996,6
Die Fantastischen Vier — MfG (Mit freundlichen Grüßen),3,1990s-2010s,1999,6
Foreigner — Cold as Ice,3,2000s-2020s,1977,6
Bobby Caldwell — What You Won’t Do for Love,3,1990s-2010s,1978,6
Parliament — Aqua Boogie (A Psychoalphadiscobetabioaquadoloop),3,1980s-2000s,1978,6
The Beatles — Tomorrow Never Knows,3,2000s-2020s,1966,6
UKW — Sommersprossen,3,1980s-2000s,1982,6
Ixi — Der Knutschfleck,3,1980s-2000s,1983,6
DJ Luck & MC Neat — A Little Bit of Luck (original mix),3,1990s-2010s,1999,6
D’Angelo — Cruisin’,3,1990s-2010s,1995,6
Mary J. Blige — Be Happy,3,1990s-2020s,1994,6
Guns N’ Roses — Sweet Child o’ Mine,3,1980s-2020s,1987,6
The Clash — The Magnificent Seven,3,1990s-2020s,1980,6
t.A.T.u. — Я сошла с ума,3,2000s-2020s,2000,6
William Bell — I Forgot to Be Your Lover,3,1990s-2010s,1969,6
Bon Jovi — You Give Love a Bad Name,3,2000s-2020s,1986,6
長沼英樹 — Humming the Bassline,3,2000s-2020s,2000,6
"Earth, Wind & Fire — Boogie Wonderland",3,1980s-2020s,1979,6
Michael Jackson — Remember the Time,3,2000s-2020s,1991,6
Los Ángeles Negros — Cómo quisiera decirte,3,1990s-2010s,1969,6
Passion Pit — Little Secrets,3,2000s-2020s,2009,6
:wumpscut: — Crown of Thorns,3,2000s-2020s,2004,6
Housemaster Boyz — House Nation,3,1990s-2010s,1986,6
Natasha Bedingfield — Unwritten,3,2000s-2020s,2004,6
The Jimmy Castor Bunch — It’s Just Begun,3,1980s-2000s,1972,6
Depeche Mode — Personal Jesus,3,2000s-2020s,1989,6
Sister Nancy — Bam Bam,3,1990s-2010s,1982,6
Electric Six — Gay Bar,3,2000s-2020s,2003,6
Enya — Orinoco Flow,3,1990s-2010s,1988,6
Adam Ant — Room at the Top,3,1980s-2000s,1989,6
m‐flo — Lotta Love,3,2000s-2020s,2007,6
Green Day — Brain Stew,3,1990s-2020s,1995,6
*NSYNC — It's Gonna Be Me,3,2000s-2020s,2000,6
Sly & the Family Stone — Family Affair,3,1990s-2010s,1971,6
平野綾 — 冒険でしょでしょ？,3,2000s-2020s,2006,6
Public Enemy — Public Enemy No. 1,3,1990s-2010s,1987,6
Pizza Girl — Funny Boy,3,1990s-2010s,2008,6
globe — Perfume of love,3,1990s-2020s,1998,6
Faithless — Insomnia (Monster mix),3,1990s-2020s,1995,6
Prince — When Doves Cry,3,1980s-2000s,1984,6
Steve Miller Band — The Joker,3,1990s-2010s,1973,5
Mtume — Juicy Fruit,3,1990s-2010s,1983,5
Malcolm McLaren — Buffalo Gals,3,1980s-2000s,1983,5
London Symphony Orchestra — Cantina Band,3,1990s-2020s,1977,5
Sister Sledge — He’s the Greatest Dancer,3,1990s-2010s,1979,5
Metallica — Wherever I May Roam,3,1990s-2010s,1990,5
Pino D’Angiò — Ma quale idea,3,1990s-2020s,1981,5
The Beatles — Something,3,2000s-2020s,1969,5
Pete Lazonby — Sacred Cycles (original mix),3,2000s-2020s,1994,5
Daft Punk — Make Love,3,2000s-2020s,2005,5
Aphex Twin — [Rhubarb],3,1990s-2010s,1994,5
De La Soul — Me Myself and I,3,1990s-2010s,1989,5
The Doors — Touch Me,3,1990s-2020s,1968,5
Busta Rhymes — Woo Hah!! Got You All in Check,3,2000s-2020s,1996,5
Walter Murphy — A Fifth of Beethoven,3,1990s-2010s,1976,5
globe — Is this love,3,1990s-2020s,1997,5
Michael Gray — The Weekend (original 12″ mix),3,2000s-2020s,2004,5
Mylène Farmer — Pourvu qu’elles soient douces,3,1980s-2020s,1988,5
Bobby Byrd — Hot Pants (bonus Beats),3,1990s-2020s,1988,5
Roni Size / Reprazent — Brown Paper Bag,3,1990s-2020s,1997,5
The Meters — Handclapping Song,3,1980s-2010s,1970,5
James Brown — Funky Drummer,3,1990s-2020s,1991,5
David Bowie — Fame,3,1990s-2010s,1975,5
Men at Work — Down Under,3,2000s-2020s,1981,5
Michael Jackson — Human Nature,3,1990s-2010s,1982,5
Justice — One Minute to Midnight,3,2000s-2020s,2007,5
Justice — Phantom,3,2000s-2020s,2007,5
Iggy Pop — Lust for Life,3,1990s-2010s,1977,5
Christine McVie — And That’s Saying a Lot,3,1990s-2010s,1970,5
Johnny Gioeli — LIVE & LEARN …main theme of “SONIC ADVENTURE 2”,3,2000s-2020s,2001,5
The Supremes — Stop! In the Name of Love,3,2000s-2020s,1965,5
"The Beatles — Ob‐La‐Di, Ob‐La‐Da",3,2000s-2020s,1968,5
Wendy Rene — After Laughter (Comes Tears),3,1990s-2010s,1964,5
The Chemical Brothers — Leave Home,3,1990s-2020s,1995,5
Visage — Fade to Grey,3,2000s-2020s,1980,5
Captain Sensible — Wot?,3,1980s-2010s,1982,5
deadmau5 — Ghosts ’n’ Stuff,3,2000s-2020s,2009,5
Burial — Archangel,3,2000s-2020s,2007,5
Soundgarden — Black Hole Sun,3,1990s-2020s,1994,5
Gil Scott‐Heron — We Almost Lost Detroit,3,1990s-2010s,1977,5
Brenda & the Tabulations — Let’s Go All the Way (Down),3,1990s-2010s,1977,5
Edwin Starr — War,3,2000s-2020s,1970,5
Nirvana — In Bloom,3,2000s-2020s,1991,5
Barry White and His Orchestra — I’m Gonna Love You Just a Little More Baby,3,1980s-2010s,1973,5
Gorillaz — 19-2000,3,2000s-2020s,2001,5
Junior Senior — Move Your Feet,3,2000s-2020s,2002,5
Timbaland — Give It to Me,3,2000s-2020s,2007,5
Gil Scott‐Heron — The Bottle,3,1980s-2010s,1974,5
Alphaville — Forever Young,3,1980s-2020s,1984,5
Ennio Morricone — L’estasi dell’oro,3,2000s-2020s,1966,5
Nine Inch Nails — Terrible Lie,3,1990s-2020s,1989,5
Shirley Bassey — Diamonds Are Forever,3,1990s-2010s,1971,5
Laid Back — White Horse,3,1980s-2010s,1983,5
Juvenile — Back That Azz Up,3,1990s-2020s,1998,5
DJ NRG — You Are the Number One,3,1990s-2010s,1993,5
Imogen Heap — Just for Now,3,2000s-2020s,2005,5
Coldcut — People Hold On,3,1990s-2010s,1989,5
James Brown — Papa Don’t Take No Mess,3,1980s-2010s,1974,5
Mary Jane Girls — All Night Long,3,1980s-2000s,1983,5
Ice‐T — Ya Don’t Quit,3,1980s-2000s,1986,5
JAY‐Z — What More Can I Say,3,2000s-2020s,2003,5
Cheryl Lynn — Got to Be Real,3,2000s-2020s,1978,5
Kiz — Die Sennerin vom Königssee,3,1980s-2000s,1983,5
Falco — Emotional,3,1980s-2010s,1986,5
The New Birth — Got to Get a Knutt,3,1980s-2000s,1972,5
Syncopix — Anonymous,3,1980s-2000s,2008,5
Ace of Base — Cruel Summer,3,2000s-2020s,1998,5
Trio — Da Da Da (I Don’t Love You You Don’t Love Me Aha Aha Aha),3,1980s-2010s,1981,5
The Chemical Brothers — Hey Boy Hey Girl,3,2000s-2020s,1999,5
Madonna — Material Girl,3,1980s-2010s,1984,5
Bohannon — Let’s Start the Dance,3,1980s-2000s,1978,5
Chic — Le Freak,3,1990s-2010s,1978,5
Shakira — Hips Don’t Lie,3,2000s-2020s,2005,5
Gossip — Standing in the Way of Control,3,2000s-2020s,2005,5
Funkadelic — You’ll Like It Too,3,1980s-2010s,1980,5
Limp Bizkit — My Way,3,2000s-2020s,2000,5
Kano — Another Life,3,2000s-2020s,1983,5
The Staple Singers — Let’s Do It Again,3,1970s-2000s,1975,5
Tears for Fears — Woman in Chains,3,1990s-2020s,1989,5
Ye — The New Workout Plan,3,2000s-2020s,2004,5
DJ Shadow — The Number Song,3,1990s-2010s,1996,5
The Beatles — Love You To,3,1990s-2020s,1966,5
The Prodigy — Poison,3,1990s-2020s,1994,5
Schoolly D — P.S.K. What Does It Mean?,3,1990s-2010s,1985,5
The Romantics — What I Like About You,3,1990s-2020s,1980,5
Paso Doble — Computerliebe (Die Module spielen verrückt),3,1980s-2000s,1985,5
Foo Fighters — The Pretender,3,2000s-2020s,2007,5
Opus III — It’s a Fine Day,3,1990s-2010s,1992,5
Paul Johnson — Get Get Down,3,1990s-2020s,1999,5
Cypress Hill — How I Could Just Kill a Man,3,1990s-2020s,1991,5
Tricky — Overcome,3,1990s-2020s,1995,5
Guns N’ Roses — Welcome to the Jungle,3,2000s-2020s,1987,5
Stevie Nicks — Edge of Seventeen,3,1980s-2000s,1981,5
:wumpscut: — Churist Churist,3,2000s-2020s,2005,5
JAY‐Z — Encore,3,2000s-2020s,2003,5
Jaco Pastorius — Portrait of Tracy,3,1990s-2010s,1976,5
Daft Punk — High Life,3,2000s-2020s,2001,5
Utah Saints — What Can You Do for Me,3,1990s-2020s,1991,5
"The Isley Brothers — Footsteps in the Dark, Parts 1 & 2",3,1990s-2010s,1977,5
Force & Styles — Harmony,3,1990s-2010s,1996,5
Falco — The Sound of Music,3,1980s-2020s,1986,5
Every Little Thing — 出逢った頃のように,3,1990s-2010s,1997,5
Tricky — Ponderosa,3,1990s-2020s,1994,5
Markus — Ich will Spaß,3,1980s-2000s,1982,5
The Chemical Brothers — Block Rockin’ Beats,3,1990s-2010s,1997,5
Serge Gainsbourg — Bonnie and Clyde,3,1990s-2010s,1968,5
Depeche Mode — Leave in Silence (longer),3,1980s-2000s,1982,5
Infected Mushroom — Electro Panic,3,2000s-2020s,2002,5
Franziska Menke — Tretboot in Seenot,3,1980s-2000s,1983,5
Amy Winehouse — Tears Dry on Their Own,3,2000s-2020s,2006,5
Modjo — Lady (Hear Me Tonight),3,2000s-2020s,2000,5
Spliff — Das Blech,3,1980s-2000s,1982,5
Doki Doki — Too Fast for Love,3,1990s-2010s,2019,5
Coldplay — Yellow,3,2000s-2020s,2000,5
Fugees — How Many Mics,3,1990s-2010s,1996,5
Depeche Mode — Everything Counts,3,1980s-2000s,1983,5
Chic — Good Times,3,1980s-2020s,1979,5
GZA/Genius — Labels,3,1990s-2010s,1995,5
Def Leppard — Pour Some Sugar on Me,3,1980s-2010s,1987,5
Shaggy — It Wasn’t Me,3,2000s-2020s,2000,5
JAY‐Z — The Watcher 2,3,2000s-2020s,2002,5
Funkadelic — Good Old Music,3,1980s-2010s,1970,5
globe — Anytime smokin' cigarette,3,1990s-2020s,1997,5
Ghostface Killah — Mighty Healthy,3,2000s-2020s,2000,5
Mylène Farmer — Sans contrefaçon,3,1980s-2020s,1988,5
50 Cent — Disco Inferno,3,2000s-2020s,2004,5
Queen 26 — Don't Let Me Be the First,3,2000s-2020s,2008,5
Onyx — Throw Ya Gunz,3,1990s-2020s,1993,5
The Cranberries — Zombie,3,2000s-2020s,1994,5
Michael Jackson — Stranger in Moscow,3,2000s-2020s,1995,5
Crime Mob — Knuck If You Buck,3,2000s-2020s,2004,5
David Essex — Restless and Wild,3,2000s-2020s,2019,5
Linkin Park — Lying From You,3,2000s-2020s,2003,5
Mr. Oizo — Flat Beat,3,1990s-2010s,1999,5
Stardust — Music Sounds Better With You (radio edit),3,1990s-2010s,1998,5
The O’Jays — Back Stabbers,3,1990s-2010s,1972,5
長沼英樹 — That’s Enough,3,2000s-2020s,2000,5
Art of Noise — Beat Box (Diversion One),3,1990s-2020s,1984,5
Bonobo — The Keeper,3,2000s-2020s,2009,5
OutKast — Roses,3,2000s-2020s,2003,5
Linkin Park — Nobody’s Listening,3,2000s-2020s,2003,5
Inspectah Deck — R.E.C. Room,3,2000s-2020s,1999,5
Ghost Town DJ’s — My Boo,3,1990s-2020s,1995,5
Fatboy Slim — Praise You,3,2000s-2020s,1998,5
10cc — I’m Not in Love,3,1970s-2010s,1975,5
M|A|R|R|S — Pump Up the Volume,3,1990s-2020s,1987,5
Amerie — 1 Thing,3,2000s-2020s,2005,5
Fela Kuti — Water No Get Enemy,3,1990s-2010s,1975,5
Linkin Park — Papercut,3,2000s-2020s,2000,5
Pitbull — Hotel Room Service,3,2000s-2020s,2009,5
Hot Chocolate — You Sexy Thing,3,1980s-2010s,1975,5
Crazy Town — Butterfly,3,2000s-2020s,1999,5
Kraftwerk — The Robots,3,1990s-2010s,1978,5
The Beatles — Hey Jude,3,1980s-2020s,1970,5
Lia — Saya's Song,3,2000s-2020s,2008,5
Steely Dan — Hey Nineteen,3,1980s-2000s,1980,5
C.J. Catalizer — Across the Universe,3,2000s-2020s,2006,5
Daft Punk — Crescendolls,3,2000s-2020s,2001,5
The Beach Boys — Wouldn’t It Be Nice,3,1990s-2010s,1966,5
The Zombies — Time of the Season,3,1990s-2010s,1968,5
MF DOOM — Vomit,3,2000s-2020s,2006,5
OutKast — Ms. Jackson,3,2000s-2020s,2000,5
Graham Central Station — The Jam,3,1990s-2010s,1975,5
The Stylistics — You Are Everything,3,1990s-2020s,1971,5
Klaus & Klaus — An der Nordseeküste,3,1980s-2000s,1984,5
Jack Finlay — Enterprise Bridge Sequence,3,1990s-2010s,1978,5
John Carpenter — Halloween Theme / Main Title,3,1990s-2020s,1979,5
The Beatles — Day Tripper,3,1980s-2020s,1966,4
Gang Starr — You Know My Steez,3,1990s-2010s,1998,4
Method Man & Redman — How High,3,1990s-2020s,1995,4
Vera Hall — Trouble So Hard,3,1990s-2020s,1960,4
Hubert Kah — Military Drums (7″ version),3,1980s-2010s,1987,4
Daft Punk — Revolution 909,3,1990s-2020s,1996,4
Black Sun Empire — The Rat,3,2000s-2020s,2002,4
Kurtis Blow — AJ Scratch,3,1980s-2000s,1984,4
JAY‐Z — Change Clothes,3,2000s-2020s,2003,4
Marlena Shaw — California Soul,3,1990s-2010s,1969,4
The Beach Boys — California Girls,3,2000s-2020s,1965,4
Depeche Mode — Policy of Truth,3,1990s-2010s,1990,4
Barry White — Let the Music Play,3,1970s-2010s,1976,4
Led Zeppelin — Kashmir,3,1990s-2010s,1975,4
Johnny Cash — Folsom Prison Blues,3,1980s-2020s,1955,4
Brandy — Angel in Disguise,3,1990s-2020s,1998,4
Sweet — Ballroom Blitz,3,1980s-2010s,1973,4
浜崎あゆみ — TO BE,3,1990s-2010s,1999,4
Black Sabbath — Black Sabbath,3,1980s-2010s,1970,4
Prince — 1999,3,1980s-2010s,1982,4
The Sugarhill Gang — Apache,3,1990s-2010s,1981,4
"Руки вверх! — 1, 2, 3, 4, 5",3,1990s-2020s,1997,4
Missy Elliott — Work It,3,2000s-2020s,2002,4
Eazy‐E — Boyz-N-The Hood,3,1980s-2020s,1987,4
Michael Jackson — Dangerous,3,1990s-2010s,1991,4
Fela Kuti — Confusion,3,1970s-2020s,1994,4
James Brown — Get on the Good Foot (Parts 1 & 2),3,1990s-2010s,1972,4
Ye — Gold Digger,3,2000s-2020s,2005,4
globe — Stop! In the Name of Love,3,2000s-2020s,2001,4
Joachim Witt — Kosmetik,3,1980s-2000s,1980,4
Three Dog Night — One,3,2000s-2020s,1968,4
JoJo — Leave (Get Out),3,2000s-2020s,2004,4
Leftfield — Open Up,3,1990s-2010s,1995,4
James Brown — My Thang,3,1990s-2010s,1974,4
The B‐52s — Private Idaho,3,1980s-2000s,1980,4
倖田來未 — Butterfly,3,2000s-2020s,2005,4
Duffy — Mercy,3,2000s-2020s,2007,4
Gwen Stefani — The Sweet Escape,3,2000s-2020s,2006,4
Donna Summer — She Works Hard for the Money,3,1980s-2010s,1983,4
Limp Bizkit — Take a Look Around,3,2000s-2020s,2000,4
John Travolta — You’re the One That I Want,3,1990s-2010s,1978,4
Peter Gabriel — Mercy Street,3,1990s-2010s,1986,4
Alexander O’Neal — Love Makes No Sense,3,1990s-2010s,1993,4
Bob Dylan — Most Likely You Go Your Way and I’ll Go Mine,3,1980s-2000s,1966,4
Nurse With Wound — Brained by Falling Masonry,3,1980s-2020s,1984,4
"Brainticket — Brainticket, Part I",3,1980s-2000s,1971,4
Justice — Phantom,3,2000s-2020s,2006,4
Fats Domino — Kansas City,3,1960s-1990s,1965,4
The Shangri‐Las — Leader of the Pack,3,1980s-2000s,1964,4
Suicide Commando — Better Off Dead,3,2000s-2020s,1998,4
Hilary Duff — So Yesterday,3,2000s-2020s,2003,4
Amanda Lear — Queen of China-Town,3,1970s-2010s,1977,4
Parliament — Give Up the Funk (Tear the Roof off the Sucker),3,1980s-2020s,1975,4
blink‐182 — All the Small Things,3,2000s-2020s,1999,4
Pink Floyd — Fearless,3,1970s-2020s,1971,4
The Smashing Pumpkins — Today,3,1990s-2020s,1993,4
Thirty Seconds to Mars — The Kill,3,2000s-2020s,2005,4
Irv Teibel — The Psychologically Ultimate Seashore,3,1970s-2010s,1969,4
Big L — MVP,3,1990s-2020s,1995,4
The Beatles — The Fool on the Hill,3,2000s-2020s,1967,4
The Mamas & the Papas — California Dreamin’,3,2000s-2020s,1965,4
Origin Unknown — Valley of the Shadows,3,1990s-2020s,1993,4
Ian Dury & the Blockheads — Hit Me With Your Rhythm Stick,3,1980s-2000s,1978,4
Depeche Mode — It’s No Good,3,1990s-2010s,1997,4
Placebo — Running Up That Hill,3,2000s-2020s,2003,4
The Prodigy — Their Law,3,1990s-2020s,1994,4
Gorillaz — O Green World,3,2000s-2020s,2005,4
Richard O’Brien — The Time Warp,3,1980s-2000s,1975,4
Jerry Lee Lewis — C. C. Rider,3,1960s-2010s,1989,4
The Smashing Pumpkins — 1979,3,2000s-2020s,1995,4
Tenacious D — Tribute,3,2000s-2020s,2001,4
The Fall — Masquerade,3,1990s-2010s,1997,4
X Marks the Pedwalk — Facer,3,1990s-2010s,1995,4
Nine Inch Nails — The Downward Spiral,3,1990s-2010s,1994,4
Sasha — Xpander,3,1990s-2010s,1999,4
UGK — Int’l Players Anthem (I Choose You),3,2000s-2020s,2007,4
Sara — Memories,3,1990s-2010s,2008,4
Iggy Pop — The Passenger,3,2000s-2020s,1977,4
倖田來未 — Someday,3,2000s-2020s,2006,4
Depeche Mode — Master and Servant,3,1980s-2000s,1984,4
Jackson Sisters — I Believe in Miracles,3,1980s-2010s,1973,4
Falco — Auf der Flucht,3,1980s-2010s,1982,4
globe — Sa Yo Na Ra,3,1990s-2020s,1998,4
Tag Team — Whoomp! (There It Is),3,2000s-2020s,1993,4
Suicide — Ghost Rider,3,1990s-2010s,1977,4
Spider Murphy Gang — Skandal im Sperrbezirk,3,1990s-2020s,1981,4
Colonel Abrams — Trapped,3,1980s-2010s,1985,4
宇多田ヒカル — Beautiful World,3,2000s-2020s,2007,4
Michael Jackson — Rock With You,3,2000s-2020s,1979,4
Blondie — Atomic,3,2000s-2020s,1979,4
U2 — Beautiful Day,3,2000s-2020s,2000,4
The Temptations — My Girl,3,1990s-2010s,1964,4
The Beatles — Back in the U.S.S.R.,3,1980s-2020s,1968,4
DJ Casper — Cha‐Cha Slide (radio),3,2000s-2020s,2000,4
Eminem — Stan,3,2000s-2020s,2000,4
Fat Boys — Human Beat Box,3,1980s-2000s,1984,4
J. Cole — A Tale of 2 Citiez,3,1990s-2010s,2014,4
倖田來未 — 愛のうた,3,2000s-2020s,2007,4
The Blackbyrds — Reggins,3,1980s-2010s,1974,4
Al Johnson — I’m Back for More,3,1980s-2010s,1980,4
Dr. Dre — Xxplosive,3,2000s-2020s,1999,4
Ne‐Yo — Closer,3,2000s-2020s,2008,4
Depeche Mode — Blasphemous Rumours,3,1980s-2000s,1984,4
The B‐52s — Rock Lobster,3,1970s-2020s,1979,4
The Beach Boys — Sloop John B,3,1960s-2010s,1966,4
Beastie Boys — 3 the Hard Way,3,1990s-2010s,2004,4
Slayer — Angel of Death,3,1980s-2000s,1986,4
DeBarge — A Dream,3,1990s-2010s,1983,4
Evanescence — Going Under,3,2000s-2020s,2003,4
Eagles — One of These Nights,3,1970s-2010s,1975,4
長沼英樹 — Grace & Glory,3,2000s-2020s,2000,4
Paul McCartney — Wonderful Christmastime,3,1990s-2020s,1979,4
Nirvana — Come as You Are,3,2000s-2020s,1991,4
The Beatnuts — Off the Books,3,1990s-2010s,1997,4
Hank Crawford — Wildflower,3,1990s-2010s,1973,4
Kraftwerk — Trans‐Europe Express,3,1980s-2020s,1977,4
Depeche Mode — People Are People (Different mix),3,1980s-2000s,1984,4
Grace Jones — My Jamaican Guy,3,1980s-2010s,1982,4
Rick James — Give It to Me Baby,3,1990s-2020s,1981,4
Tri-Star — SEF Deluxe,3,2000s-2020s,2008,4
Girls Aloud — Sexy! No No No…,3,2000s-2020s,2007,4
Loleatta Holloway — Hit and Run,3,1970s-2000s,1976,4
Peter Gabriel — In Your Eyes,3,2000s-2020s,1986,4
Massive Attack — Weather Storm,3,1990s-2020s,1994,4
Prince — Controversy,3,1980s-2010s,1981,4
War — Galaxy,3,1970s-2000s,1977,4
Prince — Batdance,3,1980s-2010s,1989,4
Photek — Rings Around Saturn,3,1990s-2020s,1995,4
Onyx — Shifftee,3,1990s-2020s,1993,4
Van Halen — Eruption,3,1990s-2020s,1978,4
Thompson Twins — Hold Me Now,3,2000s-2020s,1983,4
R. Kelly — Ignition (remix),3,2000s-2020s,2002,4
t.A.T.u. — Нас не догонят,3,2000s-2020s,2001,4
Daft Punk — Superheroes,3,2000s-2020s,2001,4
The Rolling Stones — You Can’t Always Get What You Want,3,1960s-2010s,1969,4
“Weird Al” Yankovic — Hardware Store,3,2000s-2020s,2003,4
"Elton John — Rocket Man (I Think It’s Going to Be a Long, Long Time)",3,2000s-2020s,1972,4
Triumph — She Devil,3,1990s-2020s,2020,4
The Big Brother — Dancing in the Fire (Fire mix),3,1990s-2010s,1992,4
浜崎あゆみ — Trust (A Eurobeat Mix),3,1990s-2010s,2000,4
Bob Dylan — Stuck Inside of Mobile With the Memphis Blues Again,3,1980s-2000s,1966,4
Hunnid-P — Dive Into The Mellow …for Aquatic Mine,3,2000s-2020s,2001,4
Hunnid-P — Space Trip Steps …for Meteor Herd,3,2000s-2020s,2001,4
Bonnie Tyler — Holding Out for a Hero,3,2000s-2020s,1984,4
Kim Wilde — Dancing in the Dark,3,1990s-2020s,1983,4
Serge Gainsbourg — Initials B.B.,3,1990s-2020s,1968,4
All the People — Cramp Your Style,3,1990s-2010s,1972,4
Jim Ingram — Drumbeat,3,1980s-2000s,1974,4
Depeche Mode — World in My Eyes (Mode to Joy),3,2000s-2020s,1990,4
Curtis Mayfield — Mother’s Son,3,1970s-2000s,1974,4
David Bowie — Soul Love,3,2000s-2020s,1972,4
U2 — I Still Haven’t Found What I’m Looking For,3,1990s-2010s,1987,4
Survivor — Eye of the Tiger,3,2000s-2020s,1982,4
Pink Floyd — Echoes,3,1990s-2010s,1971,4
Air — Playground Love,3,2000s-2020s,2000,4
Brenda & the Tabulations — Right on the Tip of My Tongue,3,1990s-2010s,1971,4
Aphex Twin — 4,3,2000s-2020s,1996,4
Saint Etienne — Nothing Can Stop Us,3,2000s-2020s,1991,4
"Fatboy Slim — Right Here, Right Now",3,2000s-2020s,1999,4
Mariah Carey — Always Be My Baby,3,1990s-2020s,1995,4
The Chemical Brothers — Block Rockin’ Beats,3,1990s-2010s,1997,4
Depeche Mode — Leave in Silence,3,1980s-2000s,1982,4
Little Richard — Tutti Frutti,3,1980s-2010s,1955,4
The Beatles — In My Life,3,1980s-2020s,1965,4
Queen — Fat Bottomed Girls,3,2000s-2020s,1978,4
The Jacksons — Opening / Can You Feel It,3,1980s-2010s,1981,4
Basement Jaxx — Jump n’ Shout,3,1990s-2020s,1999,4
N.W.A — Appetite for Destruction,3,1990s-2010s,2002,4
The Cardigans — Lovefool,3,1990s-2020s,1996,4
The Beatles — Lucy in the Sky With Diamonds,3,1990s-2010s,1967,4
Frou Frou — Let Go,3,2000s-2020s,2002,4
Together — Together,3,2000s-2020s,2000,4
Linkin Park — Session,3,2000s-2020s,2003,4
Stezo — It's My Turn,3,1990s-2020s,1989,4
The Time — The Walk,3,1980s-2000s,1982,4
Naughty by Nature — Hip Hop Hooray,3,1990s-2020s,1993,4
LFO — LFO,3,1990s-2020s,1991,4
Underworld — Born Slippy .NUXX,3,1990s-2020s,1995,4
Delerium — Silence,3,2000s-2020s,1997,4
Daniel — Frontal Impact,3,2000s-2020s,2008,4
The Chemical Brothers — The Salmon Dance,3,2000s-2020s,2007,4
Goombay Dance Band — Sun of Jamaica,3,1980s-2000s,1979,4
The Meters — Just Kissed My Baby,3,1980s-2010s,1974,4
Black Eyed Peas — My Humps,3,2000s-2020s,2005,4
島谷ひとみ — パピヨン 〜papillon〜,3,2000s-2020s,2001,4
Genesis — I Can’t Dance,3,2000s-2020s,1991,4
Sade — Kiss of Life,3,2000s-2020s,1992,4
Aphex Twin — Girl/Boy Song,3,2000s-2020s,1996,4
シートベルツ — Tank!,3,1990s-2010s,1998,4
GusGus — Believe,3,1990s-2010s,1995,4
Boogie Down Productions — Jack of Spades,3,1990s-2010s,1989,4
KC and the Sunshine Band — Give It Up,3,1980s-2020s,1982,4
Caesars Palace — Jerk It Out,3,2000s-2020s,2002,4
P.O.D. — Youth of the Nation,3,2000s-2020s,2001,4
Pink Floyd — Free Four,3,1970s-2010s,1972,4
JAY‐Z — Justify My Thug,3,2000s-2020s,2003,4
JAY‐Z — Allure,3,2000s-2020s,2003,4
Charlie Rich — Who Will the Next Fool Be,3,1970s-1990s,1961,4
Björk — Human Behaviour,3,1990s-2020s,1993,4
DÖF — Codo,3,1980s-2000s,1983,4
Bob Marley & The Wailers — Duppy Conqueror,3,1980s-2010s,1974,4
Justin Scharvona — Main Theme (Buck Bumble),3,2000s-2020s,?,4
Garbage — I Think I’m Paranoid,3,1990s-2010s,1998,4
Muse — Starlight,3,2000s-2020s,2006,4
Björk — Jóga,3,1990s-2010s,1996,3
20th Century Steel Band — Heaven & Hell Is on Earth,3,1990s-2020s,1975,3
The Beatles — Boys,3,1960s-2010s,1963,3
Delegation — Oh Honey,3,1990s-2010s,1977,3
UK Apachi — Original Nuttah,3,2000s-2020s,1994,3
Black Sun Empire — Arrakis,3,2000s-2020s,2004,3
Jerry Lee Lewis — Let’s Talk About Us,3,1950s-2010s,1993,3
Rose Royce — Do Your Dance,3,1970s-1990s,1977,3
FLOW — COLORS,3,2000s-2020s,2006,3
KISS — Love Gun,3,1970s-2010s,1977,3
The Cenobites — Kick a Dope Verse,3,2000s-2020s,1995,3
Jerry Lee Lewis — Jonny B. Goode,3,1960s-1980s,1979,3
New Order — Bizarre Love Triangle,3,1980s-2020s,1986,3
The Isley Brothers — Summer Breeze,3,1970s-2010s,1973,3
Tears for Fears — Sowing the Seeds of Love,3,1980s-2020s,1989,3
Megadeth — À tout le monde,3,1990s-2010s,1994,3
Elton John — Don’t Go Breaking My Heart,3,2000s-2020s,1976,3
Frankie Valli — Grease,3,1990s-2020s,1978,3
Curtis Mayfield — Move On Up,3,1970s-2000s,1970,3
Dexter Wansel — Life on Mars,3,1970s-2000s,1976,3
Omni Trio — Renegade Snares,3,1990s-2010s,1993,3
Clowns & Helden — Ich liebe dich,3,1980s-2010s,1986,3
Denise — Emotional Fire,3,1990s-2010s,2008,3
"Nina Simone — No Opportunity Necessary, No Experience Needed",3,1980s-2000s,1973,3
Jodi Benson — Part of Your World,3,1990s-2010s,1989,3
Baby’s Gang — Happy Song (maxi version ’83),3,1980s-2020s,1983,3
Mike Cannon — Voices in the Dark (maxi version),3,1980s-2020s,1983,3
Krome & Time — This Sound Is for the Underground,3,1990s-2020s,1992,3
Pharrell Williams — Can I Have It Like That,3,2000s-2020s,2006,3
Iggy Pop — Nightclubbing,3,1980s-2010s,1977,3
Giorgio Moroder — From Here to Eternity,3,2000s-2020s,1977,3
Ronnie Hudson and the Street People — West Coast Poplock,3,1980s-2010s,1982,3
The Beatles — All My Loving,3,1960s-2020s,1963,3
Eminem — Role Model,3,1990s-2020s,1999,3
Miles Davis — Black Satin,3,1990s-2010s,1972,3
Headhunterz — The Sacrifice,3,2000s-2020s,2006,3
Tears for Fears — Pale Shelter,3,2000s-2020s,1983,3
JAY‐Z — Public Service Announcement (interlude),3,2000s-2020s,2003,3
The Smashing Pumpkins — Cherub Rock,3,1990s-2020s,1993,3
Village People — Y.M.C.A.,3,1970s-2010s,1978,3
"Bob Marley & The Wailers — No Woman, No Cry",3,1990s-2020s,1975,3
Kermit the Frog — The Rainbow Connection,3,1990s-2020s,1979,3
The Avalanches — Frontier Psychiatrist,3,2000s-2020s,2000,3
Supertramp — The Logical Song,3,1990s-2020s,1979,3
Charlie Rich — Lonely Weekends,3,1960s-1990s,1959,3
N.W.A — Dopeman (remix),3,1980s-2000s,1988,3
KISS — Shout It Out Loud,3,1970s-2010s,1976,3
Debra Laws — Very Special,3,1990s-2010s,1981,3
Pearl Jam — Alive,3,2000s-2020s,1991,3
Barry Manilow — The Last Duet,3,2000s-2020s,1980,3
Kenny Loggins — This Is It,3,1970s-2010s,1979,3
Manic Street Preachers — La Tristesse Durera (Scream to a Sigh),3,1990s-2020s,1993,3
Carrie Underwood — Before He Cheats,3,2000s-2020s,2005,3
Fatback — (Are You Ready) Do the Bus Stop,3,1990s-2010s,1982,3
Ye — Homecoming,3,2000s-2020s,2007,3
Siouxsie and the Banshees — Spellbound,3,2000s-2020s,1981,3
Paul Haig — The Only Truth,3,2000s-2020s,1986,3
Pink Floyd — Brain Damage,3,1980s-2010s,1973,3
Mako — Money Money,3,1990s-2020s,1999,3
Björk — Army of Me,3,1990s-2020s,1995,3
David Essex — Take Me to the Top,3,1990s-2010s,2019,3
The Sugarhill Gang — 8th Wonder,3,1980s-2000s,1981,3
Makaveli — Me and My Girlfriend,3,1990s-2010s,1996,3
Queen — I Want to Break Free,3,1980s-2020s,1984,3
globe — sweet heart,3,1990s-2020s,1998,3
The Beatles — Norwegian Wood (This Bird Has Flown),3,1970s-2020s,1965,3
Depeche Mode — Strangelove,3,1980s-2020s,1987,3
Ibo — Bungalow in Santa Nirgendwo,3,1980s-2010s,1987,3
Jerry Lee Lewis — Lewis Boogie,3,1960s-1990s,1958,3
Change — A Lover’s Holiday,3,1980s-2000s,1980,3
John Coltrane — Blue Train,3,2000s-2020s,1958,3
Michael Jackson — Scream,3,1990s-2010s,1995,3
Depeche Mode — Strangelove (Highjack mix),3,1980s-2000s,1988,3
Ronnie Foster — Mystic Brew,3,1990s-2010s,1972,3
The Guess Who — American Woman,3,1970s-2010s,1965,3
"Falco — Coming Home (Jeanny Part 2, Ein Jahr danach)",3,1980s-2020s,1986,3
Linda Clifford — Runaway Love,3,1970s-2020s,1978,3
Astrix — Poison,3,2000s-2020s,2004,3
The Jimi Hendrix Experience — Are You Experienced,3,1980s-2020s,1967,3
Keane — Somewhere Only We Know,3,2000s-2020s,2004,3
The Beatles — Baby You’re a Rich Man,3,1960s-2000s,1967,3
Gloria Gaynor — I Will Survive,3,1970s-2010s,1978,3
The Tokens — The Lion Sleeps Tonight,3,1990s-2020s,1961,3
"Roy Orbison — Oh, Pretty Woman",3,1990s-2020s,1964,3
globe — try this shoot,3,2000s-2020s,2002,3
Club Nouveau — Why You Treat Me So Bad,3,1990s-2010s,1986,3
My Life With the Thrill Kill Kult — The Days of Swine and Roses,3,1990s-2010s,1990,3
Space Manoeuvres — Stage One (Separation Mix),3,1990s-2020s,2000,3
Salt‐N‐Pepa — Push It,3,1990s-2020s,1988,3
John Barry — Capsule in Space,3,1990s-2010s,1967,3
Cutty Ranks — The Stopper,3,1990s-2010s,1991,3
The Beatles — Nowhere Man,3,1980s-2020s,1965,3
Bob Marley & The Wailers — Kaya,3,1980s-2010s,1971,3
Def Leppard — Animal,3,1980s-2010s,1987,3
Billy Idol — Eyes Without a Face,3,1980s-2020s,1983,3
Fugees — Killing Me Softly,3,1990s-2020s,1996,3
LazyTown — Cooking by the Book,3,2000s-2020s,2005,3
"Hubert Kah — Welcome, Machine Gun",3,1980s-2010s,1989,3
Above & Beyond — Liquid Love,3,2000s-2020s,2006,3
Eric B. & Rakim — Eric B. Is President,3,1980s-2000s,1987,3
Fatback — Let the Drums Speak,3,1980s-2010s,1975,3
Public Enemy — Black Steel in the Hour of Chaos,3,1990s-2010s,1988,3
4 Non Blondes — What’s Up,3,2000s-2020s,1992,3
Slipknot — Wait and Bleed,3,2000s-2020s,1999,3
Prince — Raspberry Beret,3,1990s-2010s,1985,3
Daler Mehndi — Tunak Tunak Tun,3,2000s-2020s,1998,3
Fat Joe — John Blaze,3,1990s-2020s,1998,3
Erykah Badu — On & On,3,1990s-2020s,1997,3
Tom Jones — Sex Bomb,3,1990s-2020s,1999,3
The Surfaris — Wipe Out,3,1980s-2010s,1963,3
"Barry White — I’m Gonna Love You Just a Little More, Baby",3,1990s-2010s,1973,3
The Beatles — Help!,3,1960s-2020s,1965,3
The Beatles — Everybody’s Got Something to Hide Except Me and My Monkey,3,2000s-2020s,1968,3
2Pac — Changes,3,1990s-2020s,1998,3
Busy Bee — MC Battle,3,1980s-2000s,1997,3
Barry White — I’m Gonna Love You Just a Little More Baby,3,1990s-2020s,1973,3
Eazy‐E — Ruthless Villain,3,1990s-2020s,1988,3
Absolute Zero — The Code,3,1990s-2020s,1998,3
Basement Jaxx — Twerk,3,2000s-2020s,2008,3
The Beach Boys — You Still Believe in Me,3,1960s-2010s,1966,3
Phyllis Hyman — You Know How to Love Me,3,1970s-1990s,1979,3
Charles Wright & the Watts 103rd Street Rhythm Band — Express Yourself,3,1980s-2010s,1970,3
Isaac Hayes — Do Your Thing (vocal),3,1970s-2000s,1971,3
Aphex Twin — Fingerbib,3,2000s-2020s,1996,3
近藤浩治 — Gerudo Valley（ゲルドの谷）,3,2000s-2020s,1998,3
Beyoncé — Work It Out,3,2000s-2020s,2002,3
下村陽子 — Dearly Beloved,3,2000s-2020s,2002,3
Tears for Fears — Head Over Heels,3,2000s-2020s,1986,3
Lenny Kravitz — Are You Gonna Go My Way,3,2000s-2020s,1993,3
Jerry Lee Lewis — Good Rockin’ Tonight,3,1960s-1990s,2015,3
Donna Summer — Bad Girls,3,1980s-2010s,1979,3
Van Morrison — Into the Mystic,3,1970s-2020s,1970,3
Joe Jackson — Steppin’ Out,3,2000s-2020s,1982,3
Bow Wow Wow — I Want Candy,3,1980s-2010s,1982,3
MFSB — K‐Jee,3,1970s-2000s,1975,3
Alexander O’Neal — Sunshine,3,1980s-2000s,1987,3
globe — biting her nails,3,1990s-2010s,1999,3
"Grover Washington, Jr. — Mister Magic",3,1970s-2000s,1975,3
George Benson — Give Me the Night,3,1980s-2020s,1980,3
Minutemen — It’s Expected I’m Gone,3,1980s-2000s,1984,3
Martika — Toy Soldiers,3,1980s-2020s,1988,3
Eazy‐E — No More ?’s,3,1990s-2020s,1988,3
Class Action — Weekend,3,1980s-2010s,1983,3
Maroon 5 — Sunday Morning,3,2000s-2020s,2002,3
Charlie Rich — Time and Again,3,1970s-1990s,1974,3
Big Pun — You Ain’t a Killer,3,1990s-2010s,1997,3
The Beatles — All Together Now,3,1960s-2010s,1969,3
Dave Matthews Band — Ants Marching,3,2000s-2020s,1994,3
A Tribe Called Quest — Scenario,3,1990s-2020s,1991,3
Uncle Louie — I Like Funky Music,3,1990s-2010s,1979,3
Jesse McCartney — Beautiful Soul,3,2000s-2020s,2004,3
Michael Jackson — The Lady in My Life,3,1990s-2010s,1982,3
OutKast — ATLiens,3,1990s-2010s,1996,3
Yazoo — Situation,3,1990s-2020s,1982,3
James Brown — Get Up (I Feel Like Being a) Sex Machine,3,1990s-2010s,1970,3
Roger Waters — Several Species of Small Furry Animals Gathered Together in a Cave and Grooving With a Pict,3,1980s-2020s,1969,3
Howard Jones — Things Can Only Get Better,3,2000s-2020s,1985,3
The Beach Boys — Here Today,3,1990s-2010s,1966,3
Fatboy Slim — Everybody Needs a 303,3,1990s-2020s,1995,3
Christina Aguilera — Ain’t No Other Man,3,2000s-2020s,2006,3
Louis Armstrong and His Hot Five — Cornet Chop Suey,3,1950s-2000s,1926,3
King Crimson — 21st Century Schizoid Man (including Mirrors),3,1990s-2020s,1969,3
Kaskade — Move for Me,3,2000s-2020s,2008,3
Ralph Tresvant — Sensitivity,3,2000s-2020s,1990,3
"Bob Marley & The Wailers — No Woman, No Cry",3,1990s-2010s,1974,3
The Beatles — Roll Over Beethoven,3,1960s-2020s,1963,3
Prince — Kiss,3,1980s-2010s,1986,3
:wumpscut: — Die in Winter,3,1990s-2010s,1995,3
Modjo — Lady (Hear Me Tonight),3,2000s-2020s,2000,3
The Human League — The Things That Dreams Are Made Of,3,1990s-2010s,1981,3
David Axelrod — Holy Thursday,3,1990s-2010s,1968,3
Grateful Dead — Casey Jones,3,2000s-2020s,1970,3
Katy Perry — Fingerprints,3,2000s-2020s,2008,3
近藤浩治 — ゴロンのほこら,3,2000s-2020s,1998,3
Lafayette Afro-Rock Band — Darkest Light,3,1990s-2020s,1974,3
Fleetwood Mac — Rhiannon,3,1970s-2020s,1975,3
The Beach Boys — I Just Wasn’t Made for These Times,3,1990s-2010s,1966,3
Junior — Mama Used to Say,3,1980s-2000s,1982,3
Sex Pistols — Anarchy in the U.K.,3,1990s-2020s,1976,3
Fat Boys — Stick 'em,3,1990s-2020s,1984,3
Manu Chao — Me gustas tú,3,2000s-2020s,2001,3
Beastie Boys — Stop That Train,3,2000s-2020s,2009,3
"Basshunter — I Can Walk on Water, I Can Fly",3,2000s-2020s,2007,3
Indeep — Last Night a D.J. Saved My Life,3,1990s-2010s,1983,3
Lady Gaga — The Fame,3,2000s-2020s,2008,3
Steely Dan — Peg,3,1980s-2020s,1977,3
中森明菜 — 飾りじゃないのよ涙は,3,1980s-2010s,1984,3
Lit — My Own Worst Enemy,3,2000s-2020s,1999,3
Nas — Affirmative Action,3,1990s-2010s,1996,3
Daft Punk — On/Off,3,2000s-2020s,2005,3
The Beach Boys — God Only Knows,3,1960s-2010s,1966,3
Black Sun Empire — Driving Insane,3,2000s-2020s,2004,3
Nine Inch Nails — Piggy,3,1990s-2010s,1994,3
Duran Duran Duran — Year of the Monkey,3,2000s-2020s,2005,3
The O’Jays — What Am I Waiting For,3,1990s-2020s,1975,3
Led Zeppelin — Moby Dick,3,1980s-2020s,1969,3
JAY‐Z — My 1st Song,3,2000s-2020s,2003,3
Nu Shooz — I Can’t Wait,3,1980s-2000s,1986,3
The Beatles — Please Please Me,3,1960s-2020s,1963,3
Rob Zombie — Dragula,3,1990s-2020s,1998,3
Etnica — Vimana,3,2000s-2020s,1997,3
Serge Gainsbourg — Requiem pour un con (b.o.f.),3,1990s-2020s,1979,3
The Beatles — Anna (Go to Him),3,1960s-2010s,1963,3
The Prodigy — Smack My Bitch Up,3,2000s-2020s,1997,3
Pharoahe Monch — Simon Says,3,2000s-2020s,1999,3
"Ruxandra Donose — Symphony no. 9 in D minor, op. 125 ""Choral"": IV. Finale: Presto",3,1990s-2010s,1997,3
Beyoncé — Crazy in Love,3,2000s-2020s,2003,3
Robbie Williams — Angels,3,1990s-2010s,1997,3
Madonna — Live to Tell,3,1990s-2020s,1986,3
Wham! — Wake Me Up Before You Go‐Go,3,2000s-2020s,1984,3
The Edgar Winter Group — Frankenstein,3,1970s-2020s,1972,3
Depeche Mode — Everything Counts,3,1980s-2020s,1983,3
Philip Bailey — Easy Lover,3,2000s-2020s,1984,3
Edwin Starr — Twenty‐Five Miles,3,1980s-2020s,1969,3
Sublime — What I Got,3,1990s-2020s,1996,3
Orbital — Impact (The Earth Is Burning),3,1990s-2010s,1993,3
T.M.Revolution — HOT LIMIT,3,1990s-2020s,1998,3
Double Exposure — Everyman,3,1970s-2010s,1976,3
JAY‐Z — I Just Wanna Love U (Give It 2 Me),3,2000s-2020s,2000,3
"Disco Four — Do It, Do It (vocal)",3,1990s-2010s,1981,3
Jerry Lee Lewis — Great Balls of Fire,3,1970s-2010s,1957,3
The Wailers — How Many Times,3,1970s-2010s,1982,3
The Andrews Sisters — Boogie Woogie Bugle Boy,3,1980s-2020s,1984,3
Kraftwerk — Home Computer,3,2000s-2020s,1981,3
Eric Clapton — Cocaine,3,1970s-2010s,1977,3
2Pac — California Love (short radio edit),3,1990s-2020s,1995,3
Sade — Cherish the Day,3,2000s-2020s,1992,3
KISS — Rock and Roll All Nite,3,1970s-2020s,1975,3
The Beatles — Love Me Do,3,1970s-2010s,1963,3
放課後ティータイム — Cagayake!GIRLS,3,2000s-2020s,2009,3
Chuck Berry — Johnny B. Goode,3,1980s-2020s,1958,3
Fats Domino — Blueberry Hill,3,1960s-2000s,1965,3
Bonobo — Recurring,3,2000s-2020s,2006,3
JAY‐Z — Heart of the City (Ain’t No Love),3,2000s-2020s,2001,3
The Notorious B.I.G. — Gimme the Loot,3,2000s-2020s,1994,3
Black Oak Arkansas — Hot and Nasty,3,1980s-2000s,1971,3
The Miracles — The Tears of a Clown,3,2000s-2020s,1967,3
Edo — Dance the Nation,3,1990s-2010s,1994,3
Deftones — Around the Fur,3,2000s-2020s,1997,3
Manu Chao — Bongo Bong,3,2000s-2020s,1998,3
AZ — New York,3,2000s-2020s,2005,3
Maroon 5 — Harder to Breathe,3,2000s-2020s,2002,3
Nightlife Unlimited — Peaches & Prunes,3,1980s-2000s,1980,3
De Electronica’s — Vogeltjesdans,3,1990s-2010s,1980,3
Nine Inch Nails — Down in It,3,1980s-2010s,1989,3
Black Sun Empire — Breach,3,2000s-2020s,2004,3
Bullet for My Valentine — Scream Aim Fire,3,2000s-2020s,2007,3
Jan Hammer — Crockett’s Theme,3,2000s-2020s,1986,3
PSY — Gangnam Style (강남스타일),2,2010s-2020s,2012,217
Quad City DJ’s — Space Jam,2,2010s-2020s,1996,86
Carly Rae Jepsen — Call Me Maybe,2,2010s-2020s,2011,50
Kesha — Die Young,2,2010s-2020s,2012,37
Zedd — Clarity,2,2010s-2020s,2012,36
LMFAO — Party Rock Anthem,2,2010s-2020s,2011,36
Gotye — Somebody That I Used to Know,2,2010s-2020s,2011,36
Lady Gaga — Telephone,2,2010s-2020s,2009,31
Drowning Pool — Bodies,2,2010s-2020s,2001,31
Cham — Babylon Bwoy,2,2010s-2020s,2000,30
"Sir Arthur Conan Doyle — 1993‐03‐19: The Return of Sherlock Holmes #3, “The Dancing Men”",2,2000s-2010s,1993,30
Celldweller — Own Little World,2,2000s-2010s,2003,30
"Sir Arthur Conan Doyle — 1993‐03‐17: The Return of Sherlock Holmes #4, “The Solitary Cyclist”",2,2000s-2010s,1993,30
Kings of Tomorrow — Finally (original album version),2,2000s-2010s,2000,30
"Sir Arthur Conan Doyle — 1993‐02‐24: The Return of Sherlock Holmes #1, “The Empty House”",2,2000s-2010s,1993,30
"Sir Arthur Conan Doyle — 1993‐03‐03: The Return of Sherlock Holmes #2, “The Norwood Builder”",2,2000s-2010s,1993,30
Porter Robinson — Shelter,2,2010s-2020s,2016,29
μ's — Snow halation,2,2010s-2020s,2010,29
deadmau5 — Strobe,2,2010s-2020s,2009,28
IOSYS — 魔理沙は大変なものを盗んでいきました,2,2000s-2010s,2006,28
"Sir Arthur Conan Doyle — 2002‐02‐13: The Further Adventures of Sherlock Holmes #1.3, “The Peculiar Persecution of Mr John Vincent Harden”",2,2000s-2010s,2002,28
Daft Punk — Get Lucky,2,2010s-2020s,2013,28
Crass — Banned From the Roxy,2,2010s-2020s,1979,27
Crass — Do They Owe Us a Living?,2,2010s-2020s,1979,26
Celldweller — The Last Firstborn,2,2000s-2010s,2003,26
Lana Del Rey — West Coast,2,2010s-2020s,2014,25
Lana Del Rey — Summertime Sadness,2,2010s-2020s,2012,25
千石撫子 — 恋愛サーキュレーション,2,2010s-2020s,2010,25
PSY — Gentleman,2,2010s-2020s,2013,25
clipping. — Dream,2,2010s-2020s,2014,25
Carly Rae Jepsen — Run Away With Me,2,2010s-2020s,2015,25
Fever Ray — Seven,2,2000s-2010s,2009,24
Astrix — Sex Style,2,2000s-2010s,2004,23
Taylor Swift — I Knew You Were Trouble.,2,2010s-2020s,2012,23
Katy Perry — California Gurls,2,2010s-2020s,2010,23
Skrillex — Scary Monsters and Nice Sprites,2,2010s-2020s,2010,22
Katy Perry — Last Friday Night (T.G.I.F.),2,2010s-2020s,2010,22
Lorde — Royals,2,2010s-2020s,2012,22
Freemasons — Love on My Mind,2,2000s-2010s,2007,22
Major Lazer — Lean On,2,2010s-2020s,2015,22
Taylor Swift — Shake It Off,2,2010s-2020s,2014,21
Celldweller — Louder Than Words,2,2010s-2020s,2009,21
Jessie J — Bang Bang,2,2010s-2020s,2014,21
Mark Ronson — Uptown Funk,2,2010s-2020s,2014,21
Evanescence — Bring Me to Life,2,2010s-2020s,2002,21
Louis the Child — It’s Strange,2,2010s-2020s,2015,21
Au5 — Snowblind,2,2010s-2020s,2014,20
Amanda Palmer — Map of Tasmania,2,2010s-2020s,2010,20
Empire of the Sun — We Are the People,2,2000s-2020s,2023,20
Bazooka Girl — Velfarre 2000,2,2000s-2010s,2006,20
Miley Cyrus — Party in the U.S.A.,2,2010s-2020s,2009,20
Glaze — Rainbow Factory,2,2010s-2020s,2011,20
浜崎あゆみ — AUDIENCE,2,2000s-2020s,2000,20
Jennifer Lopez — Louboutins,2,2000s-2010s,2009,20
Skrillex — Bangarang,2,2010s-2020s,2011,19
Childish Gambino — Bonfire,2,2010s-2020s,2011,19
Justin Timberlake — Suit & Tie,2,2010s-2020s,2013,19
浜崎あゆみ — ℳ,2,2000s-2010s,2000,19
Adele — Rolling in the Deep,2,2010s-2020s,2010,19
Scott Walker — Farmer in the City,2,2000s-2020s,1995,19
One Direction — What Makes You Beautiful,2,2010s-2020s,2011,19
Mako — Dancer,2,2000s-2010s,2009,19
ODESZA — All We Need,2,2010s-2020s,2014,19
The Weeknd — Blinding Lights,2,2010s-2020s,2019,18
Linda Ross — Loving Honey,2,1990s-2000s,1992,18
Taylor Swift — We Are Never Ever Getting Back Together,2,2010s-2020s,2012,18
Porter Robinson — Sad Machine,2,2010s-2020s,2014,18
Virtual Self — Ghost Voices,2,2010s-2020s,2017,18
Nicki Minaj — Starships,2,2010s-2020s,2012,18
Billie Eilish — bad guy,2,2010s-2020s,2019,18
Nine Inch Nails — Survivalism,2,2000s-2010s,2007,18
Lady Gaga — Born This Way,2,2010s-2020s,2011,18
The Hair Kid — POCARI FREAKZ,2,2010s-2020s,2016,18
Acylum — Your Pain V2.0,2,2010s-2020s,2011,18
Pharrell Williams — Happy,2,2010s-2020s,2013,17
Billie Eilish — bury a friend,2,2010s-2020s,2019,17
Toby Fox — MEGALOVANIA,2,2010s-2020s,2015,17
Lady Gaga — Marry the Night,2,2010s-2020s,2011,17
Blue Pearl — Naked in the Rain,2,2000s-2010s,1990,17
MARINA — Primadonna,2,2010s-2020s,2012,17
Celldweller — My Disintegration,2,2010s-2020s,2019,17
RQ — TOUCH TOUCH,2,2010s-2020s,2013,17
Kesha — We R Who We R,2,2010s-2020s,2010,17
倖田來未 — TAKE BACK,2,2000s-2010s,2000,17
Maroon 5 — Moves Like Jagger,2,2010s-2020s,2010,17
浜崎あゆみ — Far away “Original Mix”,2,2000s-2010s,2000,17
Lady Gaga — Applause,2,2010s-2020s,2013,17
The Chainsmokers — Closer,2,2010s-2020s,2016,17
Lana Del Rey — Young & Beautiful,2,2010s-2020s,2013,17
Rihanna — We Found Love,2,2010s-2020s,2011,16
Katy Perry — E.T.,2,2010s-2020s,2010,16
Plastic Noise Experience — Push and Punish,2,2010s-2020s,2014,16
Go Go Girls — Hot Vampire,2,2000s-2010s,2022,16
Rihanna — Rude Boy,2,2010s-2020s,2009,16
ODESZA — Say My Name,2,2010s-2020s,2014,16
San Holo — Light,2,2010s-2020s,2017,16
Skrillex — Make It Bun Dem,2,2010s-2020s,2012,16
M83 — Midnight City,2,2010s-2020s,2011,16
Snoop Dogg — Drop It Like It’s Hot,2,2010s-2020s,2004,16
Mylène Farmer — Sextonik,2,2000s-2010s,2008,16
Dua Lipa — Don’t Start Now,2,2010s-2020s,2019,15
Mason — Exceeder,2,2000s-2010s,2006,15
Avicii — Waiting for Love,2,2010s-2020s,2015,15
Alpha Town — Japan Japan,2,1990s-2000s,1990,15
Annalise — Bad Love,2,1990s-2000s,1991,15
Celldweller — Fadeaway,2,2000s-2010s,2003,15
Martha and the Muffins — Echo Beach,2,2000s-2010s,1980,15
Lady Gaga — Judas,2,2010s-2020s,2011,15
C+C Music Factory — Do You Wanna Get Funky,2,1990s-2000s,1994,15
Röyksopp — Do It Again,2,2010s-2020s,2014,15
Foster the People — Pumped Up Kicks,2,2010s-2020s,2010,15
Weezer — Island in the Sun,2,2010s-2020s,2001,15
Aaliyah — Try Again,2,2000s-2010s,2000,15
Moloko — The Time Is Now,2,1990s-2000s,2000,15
Clean Bandit — Rather Be,2,2010s-2020s,2014,15
Maroon 5 — Misery,2,2010s-2020s,2010,15
Miami Horror — Sometimes,2,2000s-2010s,2009,15
Public Enemy — Bring the Noise (Benny Benassi Pump-Kin remix),2,2000s-2010s,2007,15
Ye — Power,2,2010s-2020s,2010,15
Clean Bandit — Symphony,2,2010s-2020s,2017,14
Mad Max — Tsunami Comes,2,2000s-2010s,2007,14
Fatty Spins — Doin’ Your Mom,2,2010s-2020s,2009,14
Prince — 7,2,1990s-2000s,1992,14
Kylie Minogue — Get Outta My Way,2,2010s-2020s,2010,14
Alan Walker — Faded,2,2010s-2020s,2015,14
Katy Perry — Dark Horse,2,2010s-2020s,2013,14
Macklemore & Ryan Lewis — Can’t Hold Us,2,2010s-2020s,2011,14
Avicii — Levels,2,2010s-2020s,2011,14
Alizée — Mademoiselle Juliette,2,2000s-2020s,2007,14
Madonna — Bitch I’m Madonna,2,2010s-2020s,2014,14
S3RL — MTC (radio edit),2,2010s-2020s,2012,14
浜崎あゆみ — evolution “Original Mix”,2,2000s-2020s,2001,14
The Killers — Human,2,2010s-2020s,2008,14
Stephy Martini — Emotions,2,2000s-2010s,2007,14
Celldweller — Welcome to the End,2,2000s-2010s,2003,14
倖田來未 — Trust Your Love,2,2000s-2010s,2001,14
Major Lazer — Keep It Goin’ Louder,2,2000s-2010s,2009,14
Najoua Belyzel — Gabriel,2,2000s-2020s,2005,14
Travis Scott — SICKO MODE,2,2010s-2020s,2018,14
Reel People — Star,2,2000s-2010s,2009,14
Jessie J — Domino,2,2010s-2020s,2011,13
Baauer — Harlem Shake,2,2010s-2020s,2012,13
JAY‐Z — Empire State of Mind,2,2010s-2020s,2009,13
Public Enemy — Welcome to the Terrordome,2,1990s-2000s,1989,13
Owl City — Good Time,2,2010s-2020s,2012,13
Phoenecia — Odd Job,2,1990s-2000s,2001,13
Weezer — Buddy Holly,2,2010s-2020s,1994,13
Mega NRG Man — Grand Prix,2,2000s-2010s,2000,13
床井健一 — Planet Wisp - Act 1,2,2010s-2020s,2010,13
Imagine Dragons — Radioactive,2,2010s-2020s,2012,13
Ed Sheeran — Shape of You,2,2010s-2020s,2017,13
Dave Rodgers — Stay the Night,2,2000s-2010s,2008,13
Madonna — Music,2,2000s-2010s,2000,13
Cazwell — Watch My Mouth,2,2000s-2010s,2006,13
Death Grips — Takyon (Death Yon),2,2010s-2020s,2011,13
Robyn — Dancing on My Own,2,2010s-2020s,2010,13
Mylène Farmer — Oui mais… Non,2,2010s-2020s,2010,13
Korn — Coming Undone,2,2000s-2010s,2005,13
Fountains of Wayne — Stacy’s Mom,2,2010s-2020s,2003,13
B.o.B — Airplanes,2,2010s-2020s,2010,13
"Manuel — Let’s Go, Come On",2,2000s-2010s,2004,13
Rubba — Way Star,2,2010s-2020s,1980,13
TryHardNinja — Revenge,2,2010s-2020s,2011,13
LMFAO — Sexy and I Know It,2,2010s-2020s,2011,13
Daft Punk — Doin’ It Right,2,2010s-2020s,2013,13
"Ciara — 1, 2 Step",2,2000s-2010s,2004,13
Aaliyah — More Than a Woman,2,2000s-2010s,2001,13
Katy Perry — The One That Got Away,2,2010s-2020s,2010,13
Red Hot Chili Peppers — Snow ((Hey Oh)),2,2010s-2020s,2006,13
DJ Manian — Welcome to the Club (original mix),2,2000s-2010s,2009,13
Damon Wild — Avion,2,1990s-2010s,1996,13
Phonique — For the Time Being,2,2000s-2010s,2004,13
Moloko — Cannot Contain This,2,2000s-2010s,2003,13
Charli xcx — 1999,2,2010s-2020s,2018,13
Imagine Dragons — It’s Time,2,2010s-2020s,2011,13
Najoua Belyzel — Curiosa,2,2010s-2020s,2019,13
Feed Me — One Click Headshot,2,2010s-2020s,2012,12
Lana Del Rey — Video Games,2,2010s-2020s,2011,12
Hans Zimmer — Time,2,2010s-2020s,2010,12
Nine Inch Nails — The Hand That Feeds,2,2000s-2020s,2005,12
Matt Land — Fever the Night,2,2000s-2010s,2000,12
Madonna — What It Feels Like for a Girl,2,2000s-2020s,2000,12
Janet Jackson — Love Will Never Do (Without You),2,1990s-2010s,1989,12
Hifi Sean — Testify,2,2010s-2020s,2016,12
Crazy P — Stop Space Return,2,2000s-2020s,2008,12
Iggy Azalea — Fancy,2,2010s-2020s,2014,12
MIKA — Happy Ending,2,2000s-2010s,2007,12
Lady Gaga — G.U.Y.,2,2010s-2020s,2013,12
Pitbull — Timber,2,2010s-2020s,2012,12
María Márquez — Canto del pilón,2,2010s-2020s,1985,12
Glis — No Pulse,2,2000s-2020s,2004,12
Weezer — Beverly Hills,2,2010s-2020s,2005,12
Dr. Octagon — Blue Flowers,2,1990s-2010s,1996,12
Pony Pony Run Run — Hey You,2,2000s-2010s,2009,12
Model 500 — Starlight,2,1990s-2000s,1995,12
Kaskade — Move for Me,2,2000s-2010s,2008,12
Groove Theory — Tell Me,2,1990s-2010s,1995,12
Porter Robinson — Divinity,2,2010s-2020s,2014,12
The Weeknd — Can’t Feel My Face,2,2010s-2020s,2015,12
Dua Lipa — New Rules,2,2010s-2020s,2017,12
AWOLNATION — Sail,2,2010s-2020s,2010,12
Dave Rodgers — Eldorado,2,2000s-2010s,2006,12
Lady Gaga — The Edge of Glory,2,2010s-2020s,2011,12
:wumpscut: — Cross of Iron,2,2010s-2020s,2014,12
Marko Polo — Stop Your Self Control,2,2000s-2010s,2008,12
Moloko — The Flipside,2,1990s-2000s,1998,12
Ellie Goulding — Burn,2,2010s-2020s,2013,12
Maroon 5 — Payphone,2,2010s-2020s,2012,12
Flo Rida — Low,2,2000s-2020s,2007,12
Rihanna — Only Girl (in the World),2,2010s-2020s,2010,12
Beyoncé — Halo,2,2000s-2010s,2008,12
Katy Perry — Teenage Dream,2,2010s-2020s,2010,12
Scream Team — Horror Fantasy,2,2000s-2010s,2006,12
SOPHIE — Whole New World/Pretend World,2,2010s-2020s,2018,12
Linkin Park — Burn It Down,2,2010s-2020s,2012,12
Lady Gaga — Yoü and I,2,2010s-2020s,2011,12
RuPaul — A Little Bit of Love,2,1990s-2020s,1996,12
Skunk Anansie — Brazen (Weep),2,1990s-2000s,1996,12
Lana Del Rey — Ultraviolence,2,2010s-2020s,2014,12
Imogen Heap — Headlock,2,2000s-2010s,2005,12
Portugal. The Man — Feel It Still,2,2010s-2020s,2017,12
Nine Inch Nails — Capital G,2,2000s-2010s,2007,12
100 gecs — money machine,2,2010s-2020s,2019,12
Jack Ü — Where Are Ü Now,2,2010s-2020s,2015,12
Future — Mask Off,2,2010s-2020s,2017,12
Porter Robinson — Flicker,2,2010s-2020s,2014,12
Dillon Francis — Get Low,2,2010s-2020s,2014,12
Apollo 440 — Liquid Cool,2,1990s-2020s,1994,12
Camille Jones — The Creeps (original club mix),2,2000s-2010s,?,12
Madonna — Celebration,2,2000s-2010s,2009,11
Stevie B — Running for Miles,2,2000s-2010s,2014,11
Bruno Mars — Just the Way You Are,2,2010s-2020s,2010,11
Icona Pop — I Love It,2,2010s-2020s,2012,11
Trijntje Oosterhuis — Hifi,2,1990s-2000s,1996,11
The Beatles — Come Together,2,2000s-2010s,1969,11
JAY‐Z — Niggas in Paris,2,2010s-2020s,2011,11
Daft Punk — Lose Yourself to Dance,2,2010s-2020s,2013,11
Rhythm Controll — My House (a cappella),2,1980s-1990s,1987,11
Justin Bieber — Boyfriend,2,2010s-2020s,2012,11
Usher — DJ Got Us Fallin’ In Love,2,2010s-2020s,2010,11
Fun — We Are Young,2,2010s-2020s,2011,11
Miley Cyrus — Wrecking Ball,2,2010s-2020s,2013,11
Stromae — Alors on danse,2,2010s-2020s,2009,11
Florence + the Machine — Spectrum,2,2010s-2020s,2011,11
浜崎あゆみ — vogue “Original Mix”,2,2000s-2010s,2000,11
Blondie — Union City Blue,2,1990s-2000s,1979,11
Forgotten Sunrise — Ropelove,2,2000s-2010s,2007,11
Darude — Sandstorm (radio edit),2,2000s-2010s,1999,11
Iyaz — Replay,2,2010s-2020s,2009,11
"Fall Out Boy — Sugar, We’re Goin Down",2,2010s-2020s,2005,11
Thomas Newman — Dead Already,2,2000s-2010s,1999,11
浜崎あゆみ — Endless sorrow “Original Mix”,2,2000s-2010s,2001,11
Solee — Jule,2,2000s-2010s,2008,11
Virginelle — Lucky Lucky (Lucky mix),2,1990s-2000s,1992,11
The Ting Tings — That’s Not My Name,2,2010s-2020s,2007,11
Valentino Khan — Deep Down Low,2,2010s-2020s,2015,11
Capital Cities — Safe and Sound,2,2010s-2020s,2011,11
Porter Robinson — Goodbye to a World,2,2010s-2020s,2014,11
Lana Del Rey — Say Yes to Heaven,2,2010s-2020s,2023,11
Slipknot — Psychosocial,2,2010s-2020s,2008,11
iiO — Is It Love (album version),2,2000s-2010s,2005,11
Nine Inch Nails — The Beginning of the End,2,2000s-2010s,2007,11
dj newtown — 2005,2,2000s-2020s,2009,11
N*E*R*D — She Wants to Move,2,2000s-2010s,2004,11
Daft Punk — Something About Us,2,2010s-2020s,2001,11
Fall Out Boy — Thnks fr th Mmrs,2,2010s-2020s,2007,11
Joan Jett & The Blackhearts — I Love Rock ’n’ Roll,2,2000s-2010s,1981,11
:wumpscut: — Unser Kleiner Weltkrieg,2,2010s-2020s,2016,11
Britney Spears — I Wanna Go,2,2010s-2020s,2011,11
Reel People — Alibi,2,2000s-2010s,2007,11
IVORY — Next Level,2,2010s-2020s,2018,11
Rihanna — Diamonds,2,2010s-2020s,2012,11
Motormännen — Gruvkrisen,2,2010s-2020s,2014,11
Madonna — Deeper and Deeper,2,1990s-2020s,1992,11
Excision — X Rated,2,2010s-2020s,2011,10
Panjabi MC — Mundian to Bach Ke,2,2000s-2020s,2002,10
New Order — Tutti Frutti,2,2010s-2020s,2015,10
David Guetta — Titanium,2,2010s-2020s,2011,10
P!nk — Raise Your Glass,2,2010s-2020s,2010,10
Acylum — Venom,2,2010s-2020s,2015,10
The Presets — Talk Like That,2,2000s-2010s,2008,10
Britney Spears — Break the Ice,2,2000s-2010s,2005,10
":wumpscut: — Adonai, My Lord",2,2000s-2010s,2007,10
Galantis — Runaway (U & I),2,2010s-2020s,2014,10
Meat Beat Manifesto — Radio Babylon,2,1990s-2010s,1990,10
Whitney Houston — My Love Is Your Love,2,1990s-2000s,1998,10
Al Storm — Surrender,2,2010s-2020s,2022,10
浜崎あゆみ — HANABI,2,2000s-2020s,2002,10
Madonna — Hollywood,2,2000s-2010s,2003,10
D:Ream — U R the Best Thing,2,1990s-2020s,1993,10
H-Foundation — Tonight,2,2000s-2010s,2003,10
The Living Tombstone — Discord (The Living Tombstone remix),2,2010s-2020s,2012,10
Assertive — Boooring!,2,2010s-2020s,2012,10
Assemblage 23 — Disappoint,2,2000s-2010s,2001,10
Mad Max — Dance in the Fire,2,2000s-2010s,2008,10
SLANDER — Love Is Gone,2,2010s-2020s,2019,10
"Train — Hey, Soul Sister",2,2010s-2020s,2009,10
Jakatta — American Dream,2,2000s-2010s,2001,10
Calvin Harris — I Need Your Love,2,2010s-2020s,2012,10
Jason Derulo — Talk Dirty,2,2010s-2020s,2013,10
Alizée — Les Collines (Never Leave You),2,2010s-2020s,2010,10
Madonna — Secret,2,1990s-2000s,1994,10
Sia — Chandelier,2,2010s-2020s,2014,10
P!nk — Who Knew,2,2000s-2020s,2006,10
Icona Pop — All Night,2,2010s-2020s,2013,10
Alter Ego — Rocker,2,2000s-2010s,2004,10
Armin van Buuren — Never Say Never,2,2000s-2010s,2008,10
安室奈美恵 — Body Feels EXIT,2,1990s-2000s,1995,10
Britney Spears — Till the World Ends,2,2010s-2020s,2011,10
Rihanna — Work,2,2010s-2020s,2016,10
Green Day — Basket Case,2,2010s-2020s,1994,10
Porter Robinson — Lionhearted,2,2010s-2020s,2014,10
Bastille — Pompeii,2,2010s-2020s,2012,10
Daniel Ingram — Winter Wrap Up,2,2010s-2020s,2011,10
Loreen — Euphoria (single version),2,2010s-2020s,2012,10
"Lange — Another You, Another Me",2,2000s-2010s,2006,10
Plain White T’s — Hey There Delilah,2,2000s-2010s,2006,10
"Daniel Ingram — Smile, Smile, Smile",2,2010s-2020s,2012,10
Avicii — Wake Me Up,2,2010s-2020s,2013,10
100 gecs — hand crushed by a mallet,2,2010s-2020s,2019,10
Lily Allen — The Fear,2,2000s-2010s,2008,10
Krewella — Alive,2,2010s-2020s,2012,10
きゃりーぱみゅぱみゅ — PONPONPON,2,2010s-2020s,2011,10
Mariah Carey — Someday,2,1990s-2020s,1990,10
Far East Movement — Like a G6,2,2010s-2020s,2010,10
Lupin — Black U.F.O.,2,2000s-2010s,2008,10
"Peter Schilling — Sonne, Mond und Sterne",2,1990s-2000s,1994,10
Daniel — Full Metal Cars,2,2000s-2010s,2008,10
Ferry Corsten — Punk (original mix),2,2000s-2010s,2002,10
こなぐすり — チルミルチルノ,2,2000s-2010s,2009,10
Adele — Set Fire to the Rain,2,2010s-2020s,2011,10
Yolanda Be Cool — We No Speak Americano,2,2010s-2020s,2010,10
Protonica — Upstream,2,2000s-2010s,2007,10
St Germain — Rose rouge,2,2010s-2020s,2000,10
Diplo — Be Right There,2,2010s-2020s,2015,10
"Lady Gaga — Eh, Eh (Nothing Else I Can Say)",2,2000s-2010s,2008,10
Nine Inch Nails — Gave Up,2,1990s-2010s,1992,10
Humanoid — sT8818r,2,2010s-2020s,2019,10
ATB — 9 PM (Till I Come) (Sequential One 1999 remix),2,1990s-2000s,1998,10
Bring Me the Horizon — Can You Feel My Heart,2,2010s-2020s,2013,10
Si Begg — Welcome To The Discotheque,2,2000s-2020s,2001,10
Missy Elliott — Work It,2,2010s-2020s,2002,10
The xx — Intro,2,2010s-2020s,2009,10
Bruno Mars — 24K Magic,2,2010s-2020s,2016,10
Lil Nas X — Old Town Road (remix),2,2010s-2020s,2019,10
Katy Perry — Firework,2,2010s-2020s,2010,10
Adele — Hello,2,2010s-2020s,2015,10
100 gecs — stupid horse,2,2010s-2020s,2019,10
Vylet Pony — Little Dreams,2,2010s-2020s,2016,10
WILLOW — Whip My Hair,2,2010s-2020s,2010,10
Mindless Self Indulgence — Never Wanted to Dance,2,2000s-2010s,2008,10
Everything but the Girl — Driving,2,1990s-2010s,1990,10
Chris Brown — Yo (Excuse Me Miss),2,2000s-2010s,2005,10
Bingoboys — How to Dance (radio version),2,1990s-2020s,1991,9
Marvin Gaye — Sexual Healing,2,2000s-2010s,1982,9
Katy Perry — E.T.,2,2010s-2020s,2011,9
Frou Frou — A New Kind of Love,2,2010s-2020s,2022,9
Yellowcard — Ocean Avenue,2,2010s-2020s,2003,9
The Weeknd — Starboy,2,2010s-2020s,2016,9
Kesha — Raising Hell,2,2010s-2020s,2019,9
"Pat Benatar — Invincible (Theme From ""The Legend of Billie Jean"")",2,1980s-2010s,1985,9
Alizée — Fifty-Sixty,2,2000s-2020s,2007,9
浜崎あゆみ — I am…,2,2000s-2020s,2002,9
Filter — Take a Picture,2,1990s-2000s,1999,9
Go 2 — Blood on Fire,2,2000s-2010s,2018,9
Luscious Jackson — Naked Eye,2,1990s-2010s,1996,9
Cascada — Fever (album version),2,2000s-2010s,2010,9
Kool & the Gang — N.T.,2,1990s-2000s,1971,9
Bruno Mars — Treasure,2,2010s-2020s,2012,9
Faithless — God Is a DJ,2,1990s-2010s,1998,9
Frankie Knuckles — Tears (classic vocal),2,1980s-1990s,1989,9
LazyTown — We Are Number One,2,2010s-2020s,2015,9
Billie Eilish — ocean eyes,2,2010s-2020s,2015,9
100 gecs — xXXi_wud_nvrstøp_ÜXXx,2,2010s-2020s,2019,9
S Club — Natural,2,2000s-2020s,2000,9
DEV — Bass Down Low,2,2010s-2020s,2010,9
Franz Tornado — Ganguro,2,2000s-2010s,2000,9
Adele — Skyfall,2,2010s-2020s,2012,9
The Fray — Over My Head (Cable Car),2,2000s-2010s,2005,9
Florence + the Machine — You’ve Got the Love,2,2000s-2010s,2008,9
Massive Attack — Sly,2,1990s-2020s,1994,9
Chris Mole — Percolator,2,2010s-2020s,2016,9
Madonna — American Life,2,2000s-2010s,2003,9
Murray Head — One Night in Bangkok,2,2000s-2020s,1984,9
Hubert Kah — Rosemarie,2,1990s-2000s,1982,9
Death Grips — Guillotine,2,2010s-2020s,2011,9
Commodores — Easy,2,2000s-2010s,1977,9
:wumpscut: — Supergurl,2,2010s-2020s,2014,9
Katy Perry — Wide Awake,2,2010s-2020s,2012,9
Katy Perry — Part of Me,2,2010s-2020s,2012,9
WALK THE MOON — Shut Up and Dance,2,2010s-2020s,2014,9
Tears for Fears — Everybody Wants to Rule the World,2,2010s-2020s,1985,9
Moby — Honey,2,1990s-2000s,1998,9
Madonna — Sorry,2,2000s-2010s,2005,9
Sofi Tukker — Drinkee,2,2010s-2020s,2016,9
Pitbull — Give Me Everything,2,2010s-2020s,2011,9
Marshmello — Alone,2,2010s-2020s,2016,9
Tripswitch — Deer Park,2,2000s-2010s,2005,9
Kesha — Blow,2,2010s-2020s,2010,9
Dave & Domino — I Believe In You,2,2000s-2010s,2009,9
Glaze — Beyond Her Garden,2,2010s-2020s,2011,9
Lily Allen — 22,2,2000s-2010s,2008,9
LiSA — 紅蓮華,2,2010s-2020s,2019,9
Jager — I Won't Fall Apart (Eurobeat vers.),2,2010s-2020s,2010,9
The Killers — Spaceman,2,2000s-2010s,2008,9
S3RL — Pika Girl (radio edit),2,2010s-2020s,2011,9
:wumpscut: — Cut to See How Much I Bleed,2,2000s-2010s,2009,9
Ludacris — How Low,2,2010s-2020s,2009,9
Flo Rida — Whistle,2,2010s-2020s,2012,9
Republica — Out of This World (original mix),2,1990s-2020s,1993,9
Flo Rida — Good Feeling,2,2010s-2020s,2011,9
Cinnamon Chasers — Luv Deluxe,2,2010s-2020s,2009,9
Go 2 — Super Striker,2,2000s-2010s,2018,9
Armand van Helden — The Funk Phenomena (original version),2,1990s-2010s,1997,9
Booka Shade — Body Language (Interpretation),2,2000s-2010s,2006,9
Romanthony — Bring U Up,2,2000s-2010s,2000,9
twenty one pilots — Heathens,2,2010s-2020s,2016,9
Tim Toupet — So ein schöner Tag (Fliegerlied) (Partymix),2,2000s-2010s,2008,9
Osunlade — Envision,2,2010s-2020s,2011,9
Knife Party — Internet Friends,2,2010s-2020s,2011,9
Lolita — Loving Tonight,2,2000s-2010s,2006,9
Nine Inch Nails — Vessel,2,2000s-2020s,2007,9
The Toxic Avenger — Toxic Is Dead,2,2000s-2010s,2009,9
Basement Jaxx — Romeo,2,2000s-2020s,2001,9
D.R.S. — Everyman,2,1990s-2020s,1994,9
Twista — Overnight Celebrity,2,2000s-2010s,2004,9
Röyksopp — What Else Is There?,2,2000s-2020s,2005,9
LeAnn Rimes — What I Cannot Change,2,2000s-2010s,2007,9
La Floa Maldita — Sorcière,2,1990s-2000s,1995,9
ODESZA — Falls,2,2010s-2020s,2017,9
deadmau5 — Raise Your Weapon,2,2010s-2020s,2010,8
Maroon 5 — One More Night,2,2010s-2020s,2012,8
Taylor Swift — 22,2,2010s-2020s,2012,8
Pixies — Where Is My Mind?,2,2000s-2020s,1988,8
Andreas Gabalier — Hulapalu,2,2010s-2020s,2015,8
Delta Queens — Dance Around the World,2,1990s-2000s,2008,8
:wumpscut: — Hackfleischprinzessin,2,2010s-2020s,2016,8
鈴木亜美 — AROUND THE WORLD,2,2000s-2020s,2005,8
DJ Jazzy Jeff & the Fresh Prince — The Fresh Prince of Bel-Air,2,2010s-2020s,1992,8
The Beatles — I Want You (She’s So Heavy),2,2000s-2010s,1969,8
Florence + the Machine — Dog Days Are Over,2,2000s-2010s,2008,8
Gryffin — All You Need to Know,2,2010s-2020s,2019,8
Madonna — I Don’t Search I Find,2,2010s-2020s,2019,8
Wynardtage — Praise the Fallen,2,2000s-2010s,2007,8
Justice — Helix,2,2010s-2020s,2011,8
Dead Can Dance — Dawn of the Iconoclast,2,1990s-2000s,1987,8
Hifi Sean — Lost Without You,2,2010s-2020s,2016,8
Justin Bieber — Baby,2,2010s-2020s,2010,8
Bag Raiders — Shooting Stars,2,2010s-2020s,2008,8
Scratch Massive — Waiting for a Sign,2,2010s-2020s,2011,8
Calvin Harris — How Deep Is Your Love,2,2010s-2020s,2015,8
Carly Rae Jepsen — I Really Like You,2,2010s-2020s,2015,8
Moloko — Lotus Eaters,2,1990s-2000s,1995,8
Bob & Earl — Harlem Shuffle,2,1990s-2010s,1963,8
:wumpscut: — Rifki,2,2000s-2010s,2008,8
Rhian Sheehan — Hiding Place,2,2000s-2020s,2004,8
Coldplay — Hymn for the Weekend,2,2010s-2020s,2015,8
Gala — Freed From Desire,2,2010s-2020s,1996,8
S3RL — Bass Slut,2,2010s-2020s,2011,8
Go Go Girls — Cyber Dance,2,2000s-2010s,2009,8
Bruno Mars — Locked Out of Heaven,2,2010s-2020s,2012,8
Ricky Martin — Livin’ la vida loca,2,2010s-2020s,1999,8
ODESZA — Across the Room,2,2010s-2020s,2017,8
David Guetta — Memories,2,2010s-2020s,2009,8
London Grammar — Hey Now,2,2010s-2020s,2013,8
Billy Idol — Rebel Yell,2,2010s-2020s,1983,8
Stacey Q — Two of Hearts,2,1980s-2000s,1986,8
Anika — Let's Make Love,2,1990s-2000s,1993,8
Pet Shop Boys — Minimal,2,2000s-2010s,2006,8
A★Teens — Upside Down,2,2000s-2010s,2000,8
Madonna — Erotica,2,1990s-2020s,1992,8
Jean‐Michel Jarre — Oxygène 8,2,1990s-2000s,1997,8
Kevin Johnson — Looking for Love,2,2000s-2010s,2008,8
Bob Dylan — Knockin’ on Heaven’s Door,2,1990s-2000s,1973,8
Aerosmith — Dream On,2,2000s-2020s,1973,8
Niko — Pilot Is the Hero,2,2000s-2010s,2019,8
Wiz Khalifa — Black and Yellow,2,2010s-2020s,2010,8
YoungBloodZ — Damn!,2,2000s-2010s,2003,8
中川翔子 — 空色デイズ,2,2000s-2010s,2007,8
Dream — Get Over,2,2000s-2020s,2001,8
Green Day — Good Riddance (Time of Your Life),2,2010s-2020s,1997,8
Manzel — Midnight Theme,2,1990s-2000s,1979,8
INNA — 10 Minutes (Play & Win radio edit),2,2000s-2010s,2009,8
David Guetta — When Love Takes Over,2,2000s-2010s,2009,8
R3HAB — All Around the World (La La La),2,2010s-2020s,2019,8
Raw Silk — Do It to the Music (vocal),2,1990s-2020s,1982,8
Acylum — Raise Your Fist,2,2000s-2010s,2009,8
Dannii Minogue — Put the Needle on It,2,2000s-2020s,2002,8
Lily Allen — Who’d Have Known,2,2000s-2010s,2008,8
Lil Jon — Snap Yo Fingers,2,2000s-2010s,2006,8
Ludacris — Stand Up,2,2000s-2010s,2003,8
Mahalo — So Cold,2,2010s-2020s,2019,8
SNR — Beautiful Change,2,2010s-2020s,2021,8
Moniker — Encryption,2,2010s-2020s,2019,8
Noisia — Machine Gun,2,2010s-2020s,2009,8
Will Smith — Wild Wild West,2,2010s-2020s,1999,8
Wu‐Tang Clan — Da Mystery of Chessboxin’,2,1990s-2010s,1993,8
Legowelt — Disco Rout,2,2000s-2010s,2002,8
Basement Jaxx — Fly Life,2,1990s-2010s,1996,8
Hardwell — Apollo (original mix),2,2010s-2020s,2012,8
Black Eyed Peas — Pump It,2,2010s-2020s,2005,8
Virginelle — Lucky Tango,2,2000s-2010s,2003,8
Falco — Naked,2,1990s-2010s,1996,8
Laidback Luke — Need Your Loving (radio edit),2,2000s-2010s,2009,8
Fun — Some Nights,2,2010s-2020s,2012,8
Kendrick Lamar — HUMBLE.,2,2010s-2020s,2017,8
Calvin Harris — Outside,2,2010s-2020s,2014,8
Big Shaq — Man’s Not Hot,2,2010s-2020s,2017,8
Madeon — Pay No Mind,2,2010s-2020s,2015,8
Nickelback — Photograph,2,2010s-2020s,2005,8
Frank Torpedo — Love for Money,2,1990s-2000s,1994,8
Go Go Girls — O Sole Mio,2,2000s-2010s,2000,8
Hot Chelle Rae — Tonight Tonight,2,2010s-2020s,2011,8
twenty one pilots — Stressed Out,2,2010s-2020s,2015,8
ZAYN — LIKE I WOULD,2,2010s-2020s,2016,8
Kylie Minogue — Come Into My World,2,2000s-2010s,2001,8
Kevin Rudolf — Let It Rock,2,2000s-2020s,2008,8
P!nk — Sober,2,2000s-2010s,2008,8
Skrillex — Summit,2,2010s-2020s,2011,8
"Emerson, Lake & Palmer — Tarkus: i. Eruption / ii. Stones of Years / iii. Iconoclast / iv. Mass / v. Manticore / vi. Battlefield / vii. Aquatarkus",2,1970s-2010s,1971,8
Lily Allen — Back to the Start,2,2000s-2010s,2008,8
Céleste Noir — The Maniac,2,2010s-2020s,2004,8
Freeform — Fane,2,1990s-2000s,1995,8
Ruff Endz — No More,2,2000s-2010s,2000,8
Manuel — Sun in the Rain,2,2000s-2010s,2007,8
Missy Elliott — Gossip Folks,2,2000s-2010s,2002,8
m.o.v.e — ROCK IT DOWN,2,1990s-2000s,1998,8
Fehlfarben — Ein Jahr (Es geht voran),2,1990s-2000s,1980,8
Neo — Go Go Money (Friday Night ver.),2,2000s-2010s,2006,8
Lil Nas X — Old Town Road,2,2010s-2020s,2018,8
Goldfrapp — Ride a White Horse,2,2000s-2010s,2005,8
De La Vega — Incredible Love,2,2000s-2010s,2001,8
Kiki & Kika — Easy Busy,2,2000s-2010s,2008,8
Sinnamon — I Need You Now (original),2,1990s-2010s,1983,8
Crazy Frog — Axel F,2,2010s-2020s,2004,8
Everything but the Girl — Temperamental,2,1990s-2000s,1999,8
Run‐D.M.C. — Rock Box,2,1990s-2000s,1984,8
Richard “Humpty” Vission — I Like That (original mix),2,2000s-2010s,2009,8
Madeon — You’re On,2,2010s-2020s,2014,8
Beyoncé — Run the World (Girls),2,2010s-2020s,2011,8
Cathy Dennis — Just Another Dream,2,1990s-2010s,1990,8
Korn — Narcissistic Cannibal,2,2010s-2020s,2011,8
The Weeknd — The Hills,2,2010s-2020s,2015,8
"Ariana Grande — thank u, next",2,2010s-2020s,2018,8
Linkin Park — Somewhere I Belong,2,2010s-2020s,2003,8
X Ambassadors — Renegades,2,2010s-2020s,2015,8
Korn — Good God,2,1990s-2000s,1996,8
Drake — Hotline Bling,2,2010s-2020s,2015,8
Hubert Kah — Sternenhimmel,2,1990s-2000s,1982,8
Ace — Power of Sound,2,2000s-2010s,2007,8
ExplodingPonyToast — Start Again,2,2010s-2020s,2016,8
Alizée — L’Alizé,2,2000s-2020s,2000,8
Tones and I — Dance Monkey,2,2010s-2020s,2019,8
Klangkarussell — Sonnentanz,2,2010s-2020s,2012,8
Olaf Henning — Cowboy und Indianer,2,2000s-2020s,2000,8
Lolita — Everybody Dance,2,2000s-2010s,2007,8
Green Velvet — Flash,2,1990s-2000s,1995,8
Kelly Clarkson — Stronger (What Doesn’t Kill You),2,2010s-2020s,2011,8
The Smashing Pumpkins — Bullet With Butterfly Wings,2,2010s-2020s,1995,8
Röyksopp — Running to the Sea,2,2010s-2020s,2013,8
AFK — Boss,2,2010s-2020s,2017,8
The Future Sound of London — Lifeforms (Path 3),2,1990s-2000s,1994,8
Freakangel — The Last White Dance,2,2010s-2020s,2010,8
Caravan Palace — Lone Digger,2,2010s-2020s,2015,8
Jessica Simpson — A Public Affair,2,2000s-2010s,2006,8
Nathalie Cardone — Hasta siempre,2,1990s-2020s,1988,8
My Chemical Romance — Helena,2,2010s-2020s,2004,8
"Extrabreit — Flieger, grüß mir die Sonne",2,1990s-2000s,1980,8
Post Malone — Sunflower (Spider-Man: Into the Spider-Verse),2,2010s-2020s,2018,8
Cazwell — All Over Your Face,2,2000s-2010s,2006,7
deadmau5 — The Veldt,2,2010s-2020s,2012,7
Zara Larsson — Ruin My Life,2,2010s-2020s,2018,7
Madeon — All My Friends,2,2010s-2020s,2019,7
Ranji — Power of Acid,2,2010s-2020s,2015,7
Maroon 5 — Sugar,2,2010s-2020s,2014,7
Dr's Girl — This Is the Night,2,1990s-2000s,1996,7
Ariana Grande — Into You,2,2010s-2020s,2016,7
Madonna — Miles Away,2,2000s-2020s,2008,7
Energy 52 — Cafe del mar (Three 'n One radio mix),2,1990s-2000s,1997,7
Doctor P — Big Boss,2,2010s-2020s,2010,7
DJ Hell — U Can Dance,2,2000s-2010s,2009,7
D4L — Laffy Taffy,2,2000s-2010s,2005,7
IOSYS — チルノのパーフェクトさんすう教室,2,2010s-2020s,2008,7
PUBLIC — Make You Mine,2,2010s-2020s,2019,7
Jessica Mauboy — Burn,2,2000s-2010s,2008,7
K/DA — POP/STARS,2,2010s-2020s,2018,7
Death in Vegas — Dirge,2,2000s-2010s,1999,7
Galt MacDermot — Space,2,1990s-2000s,1969,7
Kesha — Your Love Is My Drug,2,2010s-2020s,2009,7
Kontrast — Einheitsschritt,2,2000s-2010s,2002,7
George Clinton — Atomic Dog,2,1990s-2010s,1982,7
Rebecca Black — Friday,2,2010s-2020s,2011,7
S Club — Reach,2,2000s-2020s,2000,7
Jonas Brothers — Sucker,2,2010s-2020s,2019,7
Lushington — You Got Me Baby,2,2010s-2020s,2016,7
Ariana Grande — Problem,2,2010s-2020s,2014,7
Ellie Goulding — Lights,2,2010s-2020s,2010,7
Acylum — Torture Tactics,2,2000s-2010s,2009,7
The xx — Islands,2,2000s-2010s,2009,7
DJ Dan — Seduction,2,2000s-2010s,2008,7
浜崎あゆみ — CAROLS,2,2000s-2010s,2004,7
Barry Manilow — Sweet Life,2,2000s-2010s,1975,7
DJ Shadow — Midnight in a Perfect World,2,2000s-2010s,1996,7
E-Force — Men of Steel,2,2010s-2020s,2014,7
Mylène Farmer — Appelle mon numéro,2,2000s-2020s,2008,7
Crystal Kay — Boyfriend -partII-,2,2000s-2010s,2003,7
Mylène Farmer — Optimistique-moi,2,2000s-2020s,1999,7
Mr. Oizo — Cut Dick,2,2010s-2020s,2008,7
Everything but the Girl — Wrong,2,1990s-2000s,1996,7
Casey Edwards — Devil Trigger,2,2010s-2020s,2018,7
P!nk — U + Ur Hand,2,2000s-2020s,2006,7
Average White Band — School Boy Crush,2,1980s-1990s,1975,7
Beastie Boys — Triple Trouble,2,2000s-2010s,2004,7
浜崎あゆみ — WHATEVER “version M”,2,1990s-2000s,1999,7
Ylvis — The Fox (What Does the Fox Say?),2,2010s-2020s,2013,7
Kesha — C’mon,2,2010s-2020s,2012,7
Silva Hound — Hooves Up High,2,2010s-2020s,2012,7
Nelly — Country Grammar (Hot Shit),2,2000s-2010s,2000,7
Fatboy Slim — The Rockafeller Skank,2,2000s-2010s,1998,7
Mylène Farmer — C’est une belle journée,2,2000s-2020s,2001,7
Za-Za — Love & Money,2,1990s-2010s,1996,7
Kenny G — Havana,2,1990s-2000s,1996,7
Kero Kero Bonito — Flamingo,2,2010s-2020s,2014,7
Mýa — Case of the Ex (Whatcha Gonna Do),2,2000s-2010s,2000,7
Lizzo — Truth Hurts,2,2010s-2020s,2016,7
Noisestorm — Crab Rave,2,2010s-2020s,2018,7
Marko Polo — Hai Hai Hai (Dance Across The Nations),2,2000s-2010s,2006,7
Goldfrapp — Train,2,2000s-2010s,2003,7
The Jets — Crush on You,2,2000s-2010s,1985,7
girl next door — 情熱の代償,2,2000s-2010s,2008,7
U2 — Elevation,2,2000s-2020s,2000,7
Charlie Puth — Attention,2,2010s-2020s,2017,7
Astrix — Oranda,2,2000s-2010s,2005,7
Girls Aloud — The Promise,2,2000s-2020s,2008,7
Falco — Titanic,2,1990s-2010s,1992,7
Eric B. & Rakim — Paid in Full,2,2000s-2010s,1987,7
Kendrick Lamar — Backseat Freestyle,2,2010s-2020s,2012,7
千石撫子 — もうそう♡えくすぷれす,2,2010s-2020s,2014,7
開発室Pixel — Moonsong,2,2010s-2020s,2004,7
The Pussycat Dolls — Don’t Cha,2,2000s-2010s,2005,7
Saint Etienne — Only Love Can Break Your Heart,2,1990s-2020s,1990,7
Amy Winehouse — Back to Black,2,2000s-2020s,2006,7
Ye — Diamonds From Sierra Leone,2,2000s-2010s,2005,7
Macintosh Plus — リサフランク420 / 現代のコンピュー,2,2010s-2020s,2011,7
The Crystal Method — Keep Hope Alive,2,1990s-2000s,1997,7
The S.O.S. Band — Take Your Time (Do It Right),2,1980s-1990s,1980,7
Jason Derulo — In My Head,2,2010s-2020s,2009,7
Bob Marley & The Wailers — Could You Be Loved,2,1990s-2010s,1980,7
Roy Ayers Ubiquity — Everybody Loves the Sunshine,2,1990s-2020s,1976,7
Everlast — What It’s Like,2,1990s-2010s,1998,7
George Andreas — DK Rap,2,2010s-2020s,1999,7
Mindless Self Indulgence — Bitches,2,1990s-2000s,1999,7
Jordan Knight — Give It to You,2,1990s-2010s,1999,7
Lily Allen — Fuck You,2,2000s-2010s,2008,7
Hive — Neo,2,2000s-2010s,2003,7
Ken Ashcorp — Absolute Territory,2,2010s-2020s,2013,7
The Neighbourhood — Sweater Weather,2,2010s-2020s,2012,7
Silentó — Watch Me (Whip / Nae Nae),2,2010s-2020s,2015,7
Elvis Presley — Suspicious Minds,2,2010s-2020s,1969,7
Usher — OMG,2,2010s-2020s,2010,7
Jack Ü — Mind,2,2010s-2020s,2015,7
Acrid Abeyance — Minimalistic,2,1990s-2000s,1993,7
Halsey — Colors,2,2010s-2020s,2015,7
Beastie Boys — Ch‐Check It Out,2,2000s-2010s,2004,7
Daft Punk — Robot Rock,2,2010s-2020s,2005,7
Eurobeat Brony — Discord (EuroChaos Mix),2,2010s-2020s,2011,7
clipping. — Face,2,2010s-2020s,2012,7
Parliament — Mothership Connection (Star Child),2,1980s-1990s,1975,7
m.o.v.e — Gamble Rumble,2,2000s-2020s,2001,7
浜崎あゆみ — July 1st,2,2000s-2020s,2002,7
Imagine Dragons — Believer,2,2010s-2020s,2017,7
Tame Impala — The Less I Know the Better,2,2010s-2020s,2015,7
Smart Systems — The Tingler,2,1990s-2000s,1991,7
Zapp — Computer Love,2,1990s-2000s,1985,7
Najoua Belyzel — Tu me laisses aller,2,2010s-2020s,2019,7
Madonna — Fever,2,1990s-2020s,1992,7
Skrillex — Kill EVERYBODY,2,2010s-2020s,2010,7
Eminem — Just Lose It,2,2000s-2020s,2004,7
Day.Din — Breaking Dread,2,2010s-2020s,2013,7
OK Go — Here It Goes Again,2,2010s-2020s,2005,7
clipping. — Body & Blood,2,2010s-2020s,2014,7
Alanis Morissette — You Oughta Know,2,2010s-2020s,1995,7
:wumpscut: — Kamerad Kaputt,2,2010s-2020s,2015,7
Tchami — After Life,2,2010s-2020s,2015,7
Celtarabia — Prelude / The Angel,2,2010s-2020s,1995,7
Method Man — Release Yo’ Delf,2,1990s-2010s,1994,7
Neelix — Smoke and Mirrors,2,2000s-2010s,2008,7
Dave Rodgers — Car of Your Dreams,2,2000s-2010s,2004,7
Dillon Francis — When We Were Young,2,2010s-2020s,2014,7
浜崎あゆみ — independent,2,2000s-2020s,2002,7
A7IE — Some Kind of Hate,2,2010s-2020s,2008,7
Coldcut — More Beats + Pieces (Daddy Rips It Up mix),2,1990s-2010s,1997,7
James Brown — Funky President (People It’s Bad),2,1980s-1990s,1974,7
Tom Baker — “Exploration Earth: The Time Machine”,2,2000s-2010s,2022,7
Mary Hopkin — Rachel’s Song,2,1990s-2000s,1994,7
Daft Punk — Instant Crush,2,2010s-2020s,2013,7
Jeff Beck Group — Hi‐Ho Silver Lining,2,1990s-2000s,1967,7
Radiohead — 15 Step,2,2000s-2010s,2007,7
Denise — Burning Like a Flame,2,1990s-2010s,2008,7
Korn — Falling Away From Me,2,1990s-2000s,1999,7
Skrillex — The Devil’s Den,2,2010s-2020s,2011,7
Liquid Bloom — Emerging Heart,2,2010s-2020s,2007,7
Mylène Farmer — Beyond My Control,2,1990s-2010s,1991,7
Jennifer Lopez — On the Floor,2,2010s-2020s,2011,7
Eminem — Crack a Bottle,2,2000s-2010s,2009,7
D’Angelo — Brown Sugar,2,1990s-2010s,1995,7
Metronomy — A Thing for Me,2,2000s-2010s,2008,7
Skrillex — Rock n’ Roll (Will Take You to the Mountain),2,2010s-2020s,2010,7
Höhner — Viva Colonia,2,2000s-2020s,2003,7
Madonna — Take a Bow,2,1990s-2020s,1994,7
Michael Jackson — Who Is It,2,1990s-2000s,1991,7
Duran Duran — (Reach Up for the) Sunrise,2,2000s-2010s,2004,7
Oh Wonder — Landslide,2,2010s-2020s,2015,7
Psilodump — Jag Minns Inte,2,2000s-2010s,2004,7
Lauge — Sollys,2,2010s-2020s,2015,7
ABC — How to Be a Millionaire,2,1980s-2010s,1984,7
Sage the Gemini — Gas Pedal,2,2010s-2020s,2013,7
Madonna — Nothing Really Matters,2,1990s-2020s,1998,7
Madonna — Bye Bye Baby,2,1990s-2020s,1992,7
ILLENIUM — Good Things Fall Apart,2,2010s-2020s,2019,7
Hunnid-P — A Ghost’s Pumpkin Soup …for Pumpkin Hill,2,2010s-2020s,2001,7
Skrillex — Kyoto,2,2010s-2020s,2011,7
The Presets — My People,2,2000s-2010s,2007,7
Nelly — Hot in Herre,2,2010s-2020s,2002,7
Geilomatic's — Geilomat (original mix),2,2000s-2010s,2003,7
Route 94 — MY LOVE,2,2010s-2020s,2014,7
Pa’s Lam System — I'm Coming,2,2010s-2020s,2014,7
Reel People — Love Is Where You Are,2,2000s-2010s,2007,7
Makkeroni — Can Can World,2,2000s-2010s,2008,7
Nine Inch Nails — Zero‐Sum,2,2000s-2020s,2007,7
Virginelle — Tango Tango,2,1990s-2000s,1991,7
Axwell Λ Ingrosso — More Than You Know,2,2010s-2020s,2017,7
Yello — Bostich,2,1990s-2010s,1980,7
Walker & Royce — WORD,2,2010s-2020s,2019,7
Cardi B — Bodak Yellow (Money Moves),2,2010s-2020s,2017,7
"Fatboy Slim — Right Here, Right Now",2,1990s-2000s,1998,7
Nathan Haines — Earth Is the Place (Restless Soul Peaktime mix),2,2000s-2010s,2000,7
Selena Gomez — Wolves,2,2010s-2020s,2017,7
Vivian or Kazuma — moment,2,2000s-2010s,2003,7
Savage — Swing,2,2000s-2010s,2005,7
Ben Gold — Say the Words (original mix),2,2000s-2010s,2008,7
deadmau5 — Animal Rights,2,2010s-2020s,2010,6
Feed Me — Love Is All I Got,2,2010s-2020s,2012,6
MF DOOM — Gazzillion Ear,2,2000s-2020s,2009,6
Finger Eleven — Paralyzer,2,2010s-2020s,2007,6
Moloko — Day for Night,2,1990s-2000s,1995,6
浜崎あゆみ — too late,2,1990s-2000s,1999,6
The Crazy World of Arthur Brown — Fire!,2,1990s-2010s,1968,6
Luis Fonsi — Despacito,2,2010s-2020s,2017,6
The O’Jays — Cry Together,2,1990s-2000s,1978,6
Porter Robinson — Language (extended mix),2,2010s-2020s,2012,6
Beyoncé — Drunk in Love,2,2010s-2020s,2013,6
Isaac Hayes — The Look of Love,2,1990s-2000s,1970,6
Beyoncé — Sweet Dreams,2,2000s-2010s,2008,6
Fetty Wap — Trap Queen,2,2010s-2020s,2014,6
Chase & Status — All Goes Wrong,2,2010s-2020s,2016,6
Rick Ross — Hustlin’,2,2000s-2010s,2006,6
M.O.P. — Ante Up (Robbin Hoodz Theory),2,2000s-2010s,2000,6
Justice — We Are Your Friends,2,2010s-2020s,2006,6
Kill the Noise — I Do Coke,2,2010s-2020s,2015,6
Cathy Dennis — Everybody Move,2,1990s-2010s,1990,6
Moby — Natural Blues,2,2010s-2020s,2021,6
The Toxic Avenger — Escape,2,2000s-2020s,2007,6
SoGreatandPowerful — On My Own,2,2010s-2020s,2011,6
Mylène Farmer — Désenchantée,2,1990s-2000s,1991,6
Britney Spears — Ooh La La,2,2010s-2020s,2013,6
clipping. — Ends,2,2010s-2020s,2014,6
Avicii — The Nights,2,2010s-2020s,2014,6
Toto — I Won’t Hold You Back,2,1980s-2000s,1982,6
David Guetta — Love Is Gone (original mix),2,2000s-2020s,2007,6
Christina Aguilera — Dirrty,2,2000s-2010s,2002,6
Depeche Mode — Enjoy the Silence,2,2000s-2020s,1991,6
Daryl Hall & John Oates — Out of Touch,2,2010s-2020s,1984,6
Seal — Crazy,2,1990s-2010s,1991,6
Dannii Minogue — All I Wanna Do,2,1990s-2020s,1997,6
Schoolly D — Gucci Again,2,1990s-2020s,1989,6
Agonoize — Open the Gate,2,2000s-2010s,2004,6
Nitzer Ebb — Join in the Chant,2,1980s-2000s,1987,6
"Lumidee — Never Leave You (Uh Oooh, Uh Oooh)",2,2000s-2020s,2003,6
Nookie — Only You,2,2010s-2020s,1994,6
Carpenter Brut — Roller Mobster,2,2010s-2020s,2013,6
DJ Skinhead — Extreme Terror (The Pain mix),2,1990s-2010s,1994,6
*NSYNC — Bye Bye Bye,2,2000s-2010s,2000,6
Calvin Harris — Summer,2,2010s-2020s,2014,6
ZAYN — Dusk Till Dawn,2,2010s-2020s,2017,6
Tommee Profitt — In the End,2,2010s-2020s,2019,6
Go Go Girls — D.I.S.C.O.,2,1990s-2000s,2009,6
A★Teens — Dancing Queen,2,2000s-2020s,1999,6
Oda — Face to Face,2,2000s-2010s,2006,6
Spoon — Don’t You Evah,2,2000s-2010s,2007,6
Billy Joel — Movin’ Out (Anthony’s Song),2,1970s-2020s,1977,6
Garbage — Stupid Girl,2,1990s-2000s,1995,6
Lucenzo — Danza kuduro,2,2010s-2020s,2010,6
Halsey — Without Me,2,2010s-2020s,2018,6
Celldweller — The Lucky One,2,2000s-2010s,2010,6
Lily Allen — Not Fair,2,2000s-2010s,2008,6
Zeds Dead — Rude Boy,2,2010s-2020s,2010,6
Metric — Gimme Sympathy,2,2000s-2010s,2009,6
Patrice Rushen — Forget Me Nots,2,1990s-2020s,1982,6
Beastie Boys — Pass the Mic,2,2000s-2010s,1992,6
Cherry — Set Me Free,2,2000s-2020s,2008,6
Rufus — Ain’t Nobody,2,1990s-2000s,1983,6
Joachim Witt — Tri Tra Trullala (Herbergsvater),2,1980s-1990s,1982,6
Sarah McLachlan — Sweet Surrender,2,1990s-2020s,1997,6
Aerosmith — Dude (Looks Like a Lady),2,1980s-2020s,1987,6
Daniel Ingram — So Many Wonders,2,2010s-2020s,2011,6
Daniel Ingram — My Little Pony Theme Song,2,2010s-2020s,2011,6
Eurobeat Brony — Luna (Dream Mode),2,2010s-2020s,2011,6
Alien Vampires — Harshlizer,2,2010s-2020s,2010,6
David Bowie — Hallo Spaceboy,2,1990s-2000s,1995,6
Secondcity — I WANNA FEEL,2,2010s-2020s,2014,6
Confidence Man — Does It Make You Feel Good?,2,2010s-2020s,2019,6
Wynardtage — Waste of Time,2,2000s-2010s,2005,6
Troye Sivan — My My My!,2,2010s-2020s,2018,6
Loituma — Ieva's Polka (original a cappella),2,2000s-2010s,2007,6
Rich Boy — Throw Some D’s,2,2000s-2010s,2007,6
Aaliyah — At Your Best (You Are Love),2,1990s-2010s,1994,6
Imagine Dragons — Demons,2,2010s-2020s,2012,6
David Essex — Love & Celebration,2,1990s-2010s,1991,6
50 Cent — In da Club,2,2000s-2010s,2002,6
Sandy B — I Think I’ll Do Some Steppin’ on My Own,2,2010s-2020s,1978,6
Franz Ferdinand — Ulysses,2,2000s-2010s,2008,6
Laurie Johnson — [untitled],2,2000s-2020s,?,6
Kendrick Lamar — Swimming Pools (Drank),2,2010s-2020s,2012,6
Harry Enfield — Loadsamoney (Doin’ Up the House),2,2010s-2020s,1988,6
Lauryn Hill — Ex‐Factor,2,1990s-2010s,1998,6
Nine Inch Nails — Mr Self Destruct,2,1990s-2000s,1994,6
No Doubt — Hella Good,2,2010s-2020s,2001,6
Europe — The Final Countdown,2,2000s-2010s,1986,6
Make the Girl Dance — Kill Me,2,2010s-2020s,2010,6
Zebra Katz — Ima Read,2,2010s-2020s,2011,6
Wynardtage — The Grey Line,2,2000s-2010s,2008,6
Ohio Players — Pride and Vanity,2,1990s-2000s,1972,6
DJ Rap — Rumble,2,1990s-2020s,1996,6
"The Wailers — Get Up, Stand Up",2,2010s-2020s,1973,6
Frank Torpedo — Sex and Dance,2,1990s-2000s,1994,6
Timbaland — The Way I Are,2,2000s-2010s,2007,6
Culture Club — Do You Really Want to Hurt Me,2,1990s-2010s,1982,6
Congorock — Babylon,2,2010s-2020s,2010,6
Madeon — Icarus,2,2010s-2020s,2012,6
Eminem — Rap God,2,2010s-2020s,2013,6
Mylène Farmer — Innamoramento,2,2000s-2010s,1999,6
Frederik Olufsen — Basement Insomnia,2,2000s-2010s,2009,6
Dillon Francis — Hello There,2,2010s-2020s,2017,6
Sufjan Stevens — Fourth of July,2,2010s-2020s,2015,6
Spoonie Gee — Love Rap,2,1990s-2000s,1980,6
Moby — Bodyrock,2,1990s-2000s,1999,6
Pretty Woman — Cherry Girl,2,2000s-2010s,2008,6
C-Lekktor — Refusing the Paradise,2,2000s-2010s,2007,6
Mike Posner — Cooler Than Me,2,2010s-2020s,2009,6
Miami Horror — Make You Mine,2,2000s-2010s,2008,6
OneRepublic — Counting Stars,2,2010s-2020s,2013,6
Marshmello — Tongue Tied,2,2010s-2020s,2019,6
The B‐52s — Mesopotamia,2,1990s-2000s,1982,6
工藤龍之介 — Univaster,2,2010s-2020s,2018,6
Ace Ventura — Dr. Lupo,2,2000s-2010s,2009,6
Erasure — Rock Me Gently,2,1990s-2020s,1995,6
Rihanna — S&M,2,2010s-2020s,2010,6
Carol Williams — Love Is You,2,1990s-2000s,1976,6
Ultramagnetic MC’s — Give the Drummer Some,2,1990s-2000s,1988,6
Hocico — Forgotten Tears,2,2000s-2010s,2002,6
Soul for Real — Every Little Thing I Do,2,1990s-2010s,1995,6
Ken Martin — Sexy Sexy Sexy,2,2000s-2010s,2007,6
Avril Lavigne — What the Hell,2,2010s-2020s,2011,6
The Rolling Stones — (I Can’t Get No) Satisfaction,2,2000s-2010s,1965,6
Martin Garrix — Animals (radio edit),2,2010s-2020s,2013,6
Tinashe — 2 On,2,2010s-2020s,2014,6
The Chainsmokers — #SELFIE,2,2010s-2020s,2014,6
L Double — Da Base II Dark,2,1990s-2000s,1995,6
Chris Isaak — Wicked Game,2,2000s-2010s,1989,6
Red Hot Chili Peppers — Give It Away,2,2000s-2010s,1991,6
Little Jinder — Polyhedron,2,2000s-2010s,2008,6
Will Smith — Men in Black,2,2010s-2020s,1997,6
Third Eye Blind — Semi Charmed Life,2,2010s-2020s,1997,6
M.I.A. — Bad Girls,2,2010s-2020s,2012,6
Georgia — About Work the Dancefloor,2,2010s-2020s,2019,6
SOPHIE — Not Okay,2,2010s-2020s,2018,6
Above & Beyond — No One on Earth (original mix),2,2000s-2010s,2004,6
Nine Inch Nails — The Good Soldier,2,2000s-2020s,2007,6
Lia — 時を刻む唄,2,2000s-2010s,2008,6
Madison — Without You,2,2000s-2010s,2008,6
San Holo — One Thing,2,2010s-2020s,2017,6
Pendulum — The Island,2,2010s-2020s,2010,6
Das Racist — Combination Pizza Hut and Taco Bell,2,2010s-2020s,2010,6
Low — Monkey,2,2000s-2010s,2004,6
Ladytron — Seventeen,2,2000s-2010s,2002,6
Massive Attack — Angel,2,1990s-2020s,1998,6
Nicki Minaj — Moment 4 Life,2,2010s-2020s,2010,6
Beginner — Liebes Lied,2,1990s-2000s,1998,6
Mylène Farmer — Dégénération,2,2000s-2010s,2008,6
Mylène Farmer — L’Instant X,2,1990s-2000s,1995,6
Noisia — Dead Limit,2,2010s-2020s,2015,6
Common — The Light,2,2000s-2020s,2000,6
James Brown & The Famous Flames — I Got You (I Feel Good),2,1990s-2010s,1965,6
Cherry — Yes I Will,2,2000s-2010s,2008,6
Dakar — I’ve Got That Feeling,2,2000s-2010s,2008,6
The Residents — Kaw-Liga,2,1980s-1990s,1985,6
Lil Jon & The East Side Boyz — What U Gon’ Do,2,2000s-2010s,2003,6
キーヤキッス — デラックス (EUROBEAT MIX),2,2000s-2010s,2000,6
Andreas Lutz — Scandinavia,2,2000s-2010s,2008,6
DAGames — Build Our Machine,2,2010s-2020s,2017,6
:wumpscut: — Remember One Thing,2,2000s-2020s,2007,6
Morris — Go Say Goal,2,1990s-2000s,2009,6
SOPHIE — Ponyboy,2,2010s-2020s,2017,6
Rag’n’Bone Man — Human,2,2010s-2020s,2016,6
Soulja Boy — Pretty Boy Swag,2,2010s-2020s,2010,6
Run‐D.M.C. — It’s Tricky,2,2000s-2010s,1986,6
Britney Spears — I’m a Slave 4 U,2,2000s-2010s,2001,6
Britney Spears — Everytime,2,2000s-2020s,2003,6
Michael Jackson — Black or White,2,2000s-2010s,1991,6
Moe Shop — Love Taste,2,2010s-2020s,2016,6
“Fast” Eddie Smith — Jack 2 the Sound,2,1980s-2010s,1988,6
The Pack — Vans,2,2000s-2010s,2006,6
50 Cent — Wanksta,2,2000s-2010s,2002,6
Limp Bizkit — Counterfeit,2,1990s-2000s,1997,6
Atrium — Supermaio,2,1990s-2000s,1995,6
C418 — Sweden,2,2010s-2020s,2011,6
Scatman John — Scatman (Ski‐Ba‐Bop‐Ba‐Dop‐Bop),2,1990s-2020s,1994,6
Reel 2 Real — I Like to Move It,2,2000s-2010s,1993,6
livetune — Tell Your World,2,2010s-2020s,2012,6
Jefferson Airplane — Somebody to Love,2,2010s-2020s,1967,6
Kelly Clarkson — Because of You,2,2000s-2010s,2003,6
Dark Angels — Right Now,2,2000s-2020s,2006,6
DJ Shadow — Six Days,2,2000s-2010s,2002,6
SebastiAn — Love in Motion,2,2010s-2020s,2011,6
Charli xcx — Vroom Vroom,2,2010s-2020s,2016,6
The Underwolves — Under Your Sky,2,1990s-2000s,2001,6
Nina Kraviz — Ghetto Kraviz,2,2010s-2020s,2011,6
Mr. Mister — Broken Wings,2,1990s-2000s,1985,6
deadmau5 — Not Exactly,2,2000s-2020s,2007,6
Nicki Minaj — Super Bass,2,2010s-2020s,2010,6
Najoua Belyzel — Cheveux aux vents,2,2010s-2020s,2018,6
浜崎あゆみ — Two of us,2,1990s-2000s,1998,6
Lorde — Team,2,2010s-2020s,2013,6
xotox — Paleodisco,2,2010s-2020s,2019,6
The Naked and Famous — Young Blood,2,2010s-2020s,2011,6
Eurobeat Girls — Rockydance,2,1990s-2000s,2009,6
Daft Punk — Get Lucky,2,2010s-2020s,2013,6
Forgotten Sunrise — Never(k)now,2,2000s-2020s,2004,6
C’hantal — The Realm (a cappella),2,1990s-2010s,1990,6
Implant — Violence,2,2000s-2010s,2007,6
Spoonie Gee — Spoonin’ Rap,2,1990s-2010s,1979,6
Shingo Nakamura — Move On,2,2010s-2020s,2011,6
Alizée — À contre‐courant,2,2000s-2020s,2003,6
Republica — Bloke,2,1990s-2020s,1996,6
Bon Jovi — It’s My Life,2,2000s-2010s,2000,6
Ye — Get ’Em High,2,2000s-2020s,2004,6
Bruno Mars — Grenade,2,2010s-2020s,2010,6
Doctor P — Sweet Shop,2,2010s-2020s,2010,6
Vian Izak — Revolver,2,2010s-2020s,2016,6
Jason Bradberry — Autumn,2,2000s-2020s,2009,6
Radiohead — Everything in Its Right Place,2,2010s-2020s,2000,6
iiO — Rapture,2,2010s-2020s,2002,6
Sheppard — Geronimo,2,2010s-2020s,2014,6
Emalkay — When I Look at You,2,2010s-2020s,2009,6
Kreayshawn — Gucci Gucci,2,2010s-2020s,2011,6
Kylie Minogue — I Believe in You,2,2000s-2010s,2004,6
Shakira — She Wolf,2,2000s-2020s,2009,6
C418 — Subwoofer Lullaby,2,2010s-2020s,2011,6
Galantis — Emoji,2,2010s-2020s,2018,6
Electrypnose — Ornic (original mix),2,2000s-2010s,2010,6
Fiction 8 — Let Go,2,2000s-2010s,2000,6
Michael Jackson — Black or White,2,2000s-2010s,1991,6
Justin Timberlake — Like I Love You,2,2000s-2010s,2002,6
Justin Bieber — Sorry,2,2010s-2020s,2015,6
Erasure — Fingers & Thumbs (Cold Summer’s Day),2,1990s-2020s,1995,6
Sean Smith — Turn Me On,2,2010s-2020s,2016,6
Mylène Farmer — Du temps,2,2010s-2020s,2011,6
Goldfrapp — Human,2,2000s-2010s,2000,6
Roger Eno — Sky Becomes a Loop,2,1990s-2010s,1999,6
Charli xcx — Break the Rules,2,2010s-2020s,2014,6
The Ting Tings — Shut Up and Let Me Go,2,2000s-2010s,2008,6
Madonna — Die Another Day,2,2000s-2010s,2002,6
Leigh Dickson — Praise,2,2000s-2020s,2002,6
goreshit — nhk!?,2,2010s-2020s,2009,6
Tony Igy — Astronomia (original mix),2,2010s-2020s,2010,6
Lady Gaga — Bloody Mary,2,2010s-2020s,2011,6
Nathalie Cardone — Populaire,2,1990s-2020s,1998,6
Urban Dance Squad — Temporarily Expendable,2,1990s-2000s,1996,6
Pink Floyd — On the Run,2,1990s-2000s,1973,6
Owl City — Fireflies,2,2010s-2020s,2010,6
Britney Spears — My Prerogative,2,2000s-2020s,2004,6
Travis Scott — goosebumps,2,2010s-2020s,2016,6
Madonna — Revolver,2,2000s-2010s,2009,6
Escape Act — God Says,2,2000s-2010s,2008,6
AWAY — Sleepwalker,2,2010s-2020s,2017,6
Mega NRG Man — Red Light and Sex,2,2000s-2020s,2008,6
Rank 1 — Breathing (Airwave) (original),2,2000s-2010s,2003,6
Spliff — Carbonara,2,1980s-1990s,1982,6
Taylor Swift — Look What You Made Me Do,2,2010s-2020s,2017,6
Just‐Ice — Latoya,2,1990s-2000s,1986,6
Priscilla — Hello Goodbye,2,2000s-2010s,2008,6
Crystal Waters — Gypsy Woman (She’s Homeless),2,2000s-2010s,1991,6
Suicide Commando — Cause of Death: Suicide,2,2000s-2020s,2003,6
Morris — Crazy for Your Love,2,1990s-2000s,2008,6
Go Go Girls — Speedy Speedy,2,2000s-2010s,2009,6
Kiki & Kika — Jam Jam Jam,2,1990s-2000s,2018,6
R. Kelly — Bump ’n’ Grind,2,1990s-2010s,1993,6
"坂本龍一 — Merry Christmas, Mr. Lawrence",2,1990s-2020s,1983,6
Abdomen Burst — Changes,2,2010s-2020s,2021,6
“Weird Al” Yankovic — White & Nerdy,2,2000s-2010s,2006,6
The xx — Basic Space,2,2000s-2010s,2009,6
Aeron Aether — Searching for a Memory,2,2010s-2020s,2010,6
Fever Ray — If I Had a Heart,2,2000s-2010s,2008,6
Chris Brown — Look at Me Now,2,2010s-2020s,2011,6
Jon Hopkins — Light Through the Veins,2,2000s-2020s,2008,6
Prince — Scandalous,2,1980s-1990s,1989,6
D*Minds — T‐10,2,2000s-2010s,2003,6
Zombie Nation — Kernkraft 400 (original mix),2,2000s-2010s,1999,6
Alicia Keys — No One,2,2000s-2020s,2007,6
浜崎あゆみ — Fly high (Euro-Power Mix),2,2000s-2010s,2000,6
ClariS — コネクト,2,2010s-2020s,2011,6
Ace — Play the Music,2,2000s-2010s,2005,6
J・A・シーザー — 絶対運命黙示録,2,1990s-2000s,1997,6
Lily Allen — Smile,2,2000s-2010s,2006,6
Todd Edwards — I Might Be,2,2010s-2020s,2010,6
Backstreet Boys — I Want It That Way,2,2010s-2020s,1999,6
Sidney Samson — Riverside,2,2000s-2010s,2009,6
Beck — Beercan,2,1990s-2000s,1994,6
Alina Baraz — Make You Feel,2,2010s-2020s,2014,6
Filter — Hey Man Nice Shot,2,1990s-2010s,1994,6
Johnny Gioeli — Open Your Heart …MAIN THEME OF “SONIC Adventure”,2,1990s-2000s,1998,6
"Huey — Pop, Lock & Drop It",2,2000s-2010s,2006,6
浜崎あゆみ — STEP you (original mix),2,2000s-2010s,2005,6
múm — The Ballad of the Broken Birdie Records,2,1990s-2000s,1999,6
"Extrabreit — Hurra, hurra, die Schule brennt",2,1990s-2000s,1980,6
deadmau5 — Sofi Needs a Ladder,2,2010s-2020s,2010,5
deadmau5 — I Remember,2,2010s-2020s,2008,5
Radiohead — High and Dry,2,1990s-2000s,1994,5
Pet Shop Boys — Home and Dry,2,2000s-2010s,2002,5
Major Lazer — Aerosol Can,2,2010s-2020s,2013,5
George Michael — Faith,2,2000s-2010s,1987,5
浜崎あゆみ — End roll,2,1990s-2000s,1999,5
Stevie Wonder — Uptight (Everything’s Alright),2,2000s-2010s,1966,5
OceanLab — Sirens of the Sea,2,2000s-2020s,2008,5
Hozier — Take Me to Church,2,2010s-2020s,2013,5
Loleatta Holloway — Crash Goes Love (Yell Apella),2,1990s-2010s,1992,5
fripSide — only my railgun,2,2010s-2020s,2009,5
Coldplay — Paradise,2,2010s-2020s,2011,5
iLOVEFRiDAY — Mia Khalifa,2,2010s-2020s,2018,5
Reizoko Cj — Hardcore Syndrome,2,2010s-2020s,2012,5
Reizoko Cj — Japan Style Breakcore!!!!,2,2010s-2020s,2011,5
David Guetta — Turn Me On,2,2010s-2020s,2011,5
The Charmels — As Long as I’ve Got You,2,1990s-2000s,1967,5
Hans Posegga — Die Sendung mit der Maus,2,2010s-2020s,2020,5
SOPHIE — BIPP,2,2010s-2020s,2013,5
Westside Gunn — 2 Stings,2,2010s-2020s,2017,5
Stanton Warriors — Green Light,2,2010s-2020s,2019,5
Cream — Sunshine of Your Love,2,2000s-2010s,1967,5
Toronto — Electric Tooth Brush,2,2010s-2020s,2000,5
BROCKHAMPTON — SUGAR,2,2010s-2020s,2019,5
Leon Haywood — I Want’a Do Something Freaky to You,2,1990s-2000s,1975,5
Inner City — Big Fun,2,1980s-2020s,1988,5
Lowell Fulson — Tramp,2,1990s-2000s,1966,5
The Headhunters — God Make Me Funky,2,1980s-1990s,1975,5
Alexandra Stan — Balans,2,2010s-2020s,2015,5
Nina Hagen — Du hast den Farbfilm vergessen,2,1990s-2000s,1974,5
Public Enemy — Rebel Without a Pause,2,1990s-2000s,1988,5
稲泉りん — Life Will Change,2,2010s-2020s,2016,5
Bon Jovi — Wanted Dead or Alive,2,1990s-2000s,1986,5
TK — unravel,2,2010s-2020s,2014,5
David Essex — Breaking the Law,2,1990s-2000s,2019,5
JAY‐Z — Song Cry,2,2000s-2010s,2001,5
Nelly Furtado — Promiscuous,2,2000s-2020s,2006,5
The Jacksons — Can You Feel It,2,1990s-2000s,1980,5
Judy Clay — Private Number,2,1990s-2000s,1968,5
Kalafina — Magia,2,2010s-2020s,2011,5
Lil Jon & The East Side Boyz — I Don’t Give a @#&%,2,2000s-2010s,2002,5
Dejo — 1.2.3.4. Fire!,2,2010s-2020s,2010,5
Dust Junkys — Rinse (Beatbox Wash),2,1990s-2000s,1997,5
浜崎あゆみ — BLUE BIRD (original mix),2,2000s-2010s,2006,5
"Destiny’s Child — Independent Women, Part I",2,2000s-2010s,2000,5
The Notorious B.I.G. — Machine Gun Funk,2,1990s-2010s,1994,5
Justin Timberlake — Rock Your Body,2,2010s-2020s,2002,5
D’Angelo — Lady,2,1990s-2010s,1995,5
近藤浩治 — スライダー,2,2010s-2020s,1996,5
The Third Vagina — i hope you enjoy your new house and also crippling debt,2,2010s-2020s,2014,5
Justice — We Are Your Friends (radio edit),2,2010s-2020s,2006,5
Vicetone — Nevada,2,2010s-2020s,2016,5
Calvin Harris — This Is What You Came For,2,2010s-2020s,2016,5
EDDIE — Healing,2,2010s-2020s,2017,5
浜崎あゆみ — talkin’ 2 myself,2,2000s-2010s,2007,5
The Beatles — Lady Madonna,2,2000s-2010s,1970,5
Ariana Grande — 7 rings,2,2010s-2020s,2019,5
Red Hot Chili Peppers — Under the Bridge,2,1990s-2000s,1991,5
Idaho — To Be the One,2,2000s-2010s,2000,5
:wumpscut: — Steinoma,2,2010s-2020s,2016,5
Clipse — I’m Good,2,2000s-2010s,2009,5
Donna Summer — Spring Affair,2,1990s-2000s,1976,5
Demi Lovato — Cool for the Summer,2,2010s-2020s,2015,5
Swedish House Mafia — Save the World,2,2010s-2020s,2011,5
ZUN — Bad Apple!!,2,2010s-2020s,1998,5
Bubba Sparxxx — Ms. New Booty,2,2000s-2010s,2005,5
Regenerator — Archetype,2,1990s-2000s,1995,5
Roland Clark — I Get Deep,2,2000s-2010s,2000,5
Virtual Riot — We're Not Alone,2,2010s-2020s,2014,5
John Barry — Golden Girl,2,1990s-2000s,1964,5
Eminem — Ass Like That,2,2000s-2010s,2004,5
Patrice Rushen — Haven’t You Heard,2,1990s-2000s,1979,5
Chic — Soup for One,2,2000s-2010s,1982,5
BoA — LISTEN TO MY HEART,2,2000s-2020s,2001,5
Kavinsky — Nightcall,2,2010s-2020s,2010,5
girl next door — Drive Away,2,2000s-2010s,2008,5
Kylie Minogue — Step Back in Time,2,1990s-2010s,1990,5
Skrillex — First of the Year (Equinox),2,2010s-2020s,2011,5
Martin Garrix — Animals,2,2010s-2020s,2013,5
浜崎あゆみ — INSPIRE –Original Mix–,2,2000s-2010s,2004,5
Coldplay — In My Place,2,2000s-2010s,2002,5
床井健一 — Planet Wisp - Act 2,2,2010s-2020s,2010,5
m.o.v.e — platinum,2,1990s-2000s,1999,5
Prong — Rude Awakening,2,1990s-2000s,1996,5
The Cast of RuPaul’s Drag Race UK — Break Up (Bye Bye) (Frock Destroyers version),2,2010s-2020s,2019,5
Мумий Тролль — Невеста?,2,1990s-2000s,2000,5
DJ Felli Fel — Get Buck in Here,2,2000s-2010s,2007,5
Cali Swag District — Teach Me How to Dougie,2,2010s-2020s,2010,5
Jet — Are You Gonna Be My Girl,2,2000s-2020s,2003,5
Mylène Farmer — Peut‐être toi,2,2000s-2010s,2005,5
Playboi Carti — Shoota,2,2010s-2020s,2018,5
Manic Street Preachers — Roses in the Hospital,2,1990s-2020s,1993,5
Chic — My Forbidden Lover,2,1990s-2000s,1979,5
Adam Lambert — Whataya Want From Me,2,2010s-2020s,2009,5
Digital Underground — Same Song,2,1990s-2010s,1991,5
Mickey B. — Let the Rain,2,2000s-2010s,2003,5
Beck — Jack‐Ass,2,1990s-2000s,1996,5
dead prez — It’s Bigger Than Hip‐Hop,2,2000s-2010s,1999,5
M|A|R|R|S — Pump Up the Volume,2,2000s-2010s,1987,5
Chris Cornell — Part of Me,2,2000s-2010s,2009,5
Fred Wesley — Blow Your Head,2,1980s-1990s,1974,5
Taio Cruz — Dynamite,2,2010s-2020s,2010,5
Slayer — South of Heaven,2,2000s-2010s,1988,5
Camille Yarbrough — Take Yo’ Praise,2,1990s-2010s,1975,5
Iron Maiden — The Trooper,2,2000s-2010s,1983,5
Kendrick Lamar — DNA.,2,2010s-2020s,2017,5
Can D Music — Navigator (original mix),2,2010s-2020s,1999,5
Sara — All I Need Is Love,2,1990s-2010s,2008,5
Wrathu — Amoralism,2,2010s-2020s,2015,5
Zer-O — Real Time,2,1980s-2020s,1984,5
Billy Idol — Mony Mony,2,1980s-2010s,1981,5
Billy Squier — The Stroke,2,2000s-2010s,1981,5
Jordin Sparks — Tattoo,2,2000s-2010s,2007,5
Clams Casino — I’m God,2,2010s-2020s,2020,5
The Last Dance — Nightmares,2,2000s-2010s,2003,5
Lily Allen — I Could Say,2,2000s-2010s,2008,5
Jessie J — Price Tag,2,2010s-2020s,2011,5
Fall Out Boy — My Songs Know What You Did in the Dark (Light ’Em Up),2,2010s-2020s,2013,5
Public Enemy — Give It Up,2,1990s-2000s,1994,5
Psilodump — Behind the False Smile,2,2000s-2010s,2000,5
Prince — Hot Thing,2,1980s-1990s,1986,5
AAA — 恋音と雨空,2,2010s-2020s,2013,5
Common — I Used to Love H.E.R.,2,2000s-2010s,1994,5
Dead Can Dance — The Host of Seraphim,2,1990s-2010s,1988,5
"En Vogue — Give It Up, Turn It Loose",2,2000s-2020s,1992,5
The Doors — Break On Through (to the Other Side),2,2000s-2010s,1967,5
Eric B. & Rakim — Let the Rhythm Hit ’Em,2,1990s-2000s,1990,5
NOMA — Brain Power,2,2010s-2020s,2014,5
100 gecs — ringtone,2,2010s-2020s,2019,5
Fragma — Everytime You Need Me (radio edit),2,2000s-2020s,2000,5
50 Cent — I Get Money,2,2000s-2010s,2007,5
Eazy‐E — Real Muthaphuckkin G’s,2,1990s-2010s,1993,5
Noisia — Into Dust,2,2010s-2020s,2016,5
The Jimi Hendrix Experience — Foxy Lady,2,2000s-2010s,1967,5
Basement Jaxx — Where’s Your Head At (radio edit),2,2000s-2010s,2001,5
Vengaboys — Kiss (When the Sun Don’t Shine),2,1990s-2000s,1999,5
Plastic Boy — Silver Bath,2,2000s-2010s,2002,5
Red Hot Chili Peppers — Dani California,2,2000s-2010s,2006,5
Bob James — Westchester Lady,2,1980s-1990s,1976,5
Diplo — Biggie Bounce,2,2010s-2020s,2013,5
Panic! at the Disco — High Hopes,2,2010s-2020s,2018,5
Psilodump — The Somnambulist,2,2000s-2010s,2006,5
Psilodump — Apocryphal Somnambulist,2,1990s-2000s,2023,5
"The O’Jays — Darlin’ Darlin’ Baby (Sweet, Tender, Love)",2,1970s-1990s,1976,5
R. Kelly — Ignition,2,2000s-2010s,2003,5
The Bug — Poison Dart (original mix),2,2000s-2010s,2007,5
愛内里菜 — Run up,2,2000s-2010s,2001,5
Justin Timberlake — SexyBack (album version),2,2010s-2020s,2006,5
Blu Cantrell — Breathe (rap version),2,2000s-2010s,2002,5
Owl City — When Can I See You Again?,2,2010s-2020s,2012,5
First Choice — Love Thang,2,1980s-1990s,1979,5
浜崎あゆみ — No way to say “Original Mix”,2,2000s-2010s,2003,5
Agonoize — Bis das Blut gefriert,2,2000s-2010s,2009,5
Ace Ventura — Stomping Ground,2,2010s-2020s,2014,5
Black Eyed Peas — Boom Boom Pow,2,2000s-2020s,2009,5
K‐Ci & JoJo — Tell Me It’s Real,2,1990s-2000s,1999,5
東京プリン — No. 1〜輝け乙女〜 (DJ SHU'S LIGHT MIX3),2,2000s-2010s,2000,5
Pegboard Nerds — Hero,2,2010s-2020s,2014,5
Kelis — Bossy,2,2000s-2010s,2006,5
John Talabot — Sunshine,2,2000s-2010s,2009,5
Rihanna — Bitch Better Have My Money,2,2010s-2020s,2015,5
Lily Allen — Everyone’s at It,2,2000s-2010s,2008,5
本間勇輔 — ロマンティック,2,2010s-2020s,1993,5
Metallica — One,2,1980s-2010s,1988,5
Maribou State — Got Me Down,2,2010s-2020s,2012,5
Symphonix — Hit and Run,2,2010s-2020s,2013,5
SOPHIE — Faceshopping,2,2010s-2020s,2018,5
Neelix — Ask the Right Questions,2,2000s-2010s,2008,5
Koda — The Last Stand,2,2010s-2020s,2013,5
Mindless Self Indulgence — Shut Me Up,2,2000s-2020s,2005,5
Afrojack — Take Over Control,2,2010s-2020s,2010,5
Porter Robinson — Sea of Voices,2,2010s-2020s,2014,5
Samantha Fox — Love House,2,1980s-2010s,1988,5
One Direction — Live While We’re Young,2,2010s-2020s,2012,5
Minnie Riperton — Inside My Love,2,1990s-2000s,1975,5
Lolita — Riding On Fire,2,2000s-2020s,2009,5
Big Daddy Kane — Just Rhymin’ With Biz,2,1990s-2000s,1987,5
Oliver Heldens — Gecko (Overdrive),2,2010s-2020s,2014,5
Porter Robinson — Fellow Feeling,2,2010s-2020s,2014,5
P!nk — Please Don’t Leave Me,2,2000s-2010s,2008,5
浜崎あゆみ — Trust,2,1990s-2000s,1998,5
xotox — Mechanische Unruhe (original version),2,2000s-2010s,2004,5
Skrillex — WEEKENDS!!!,2,2010s-2020s,2010,5
Galantis — Faith,2,2010s-2020s,2019,5
Mango Groove — Dance Sum More,2,1980s-1990s,1989,5
2Pac — I Get Around,2,1990s-2020s,1992,5
Songs to Wear Pants To — Pink Fluffy Unicorns Dancing On Rainbows,2,2010s-2020s,2011,5
CoLD SToRAGE — Canada,2,2010s-2020s,1996,5
Crazy P — Love on the Line,2,2000s-2010s,2008,5
Medina — You & I,2,2000s-2010s,2010,5
Every Little Thing — Shapes Of Love,2,1990s-2000s,1997,5
Madonna — Get Together,2,2000s-2020s,2005,5
Indila — S.O.S,2,2010s-2020s,2014,5
The Cinematic Orchestra — Wait for Now / Leave the World,2,2010s-2020s,2019,5
Stu Phillips — Knight Rider,2,1990s-2020s,1996,5
Trends — Norman Bates,2,2010s-2020s,2016,5
DAGames — Instruments of Cyanide,2,2010s-2020s,2018,5
Fitz and the Tantrums — Out of My League,2,2010s-2020s,2013,5
Eelke Kleijn — Drive,2,2010s-2020s,2018,5
Lemon Demon — Two Trucks,2,2010s-2020s,2013,5
SOPHIE — Is It Cold in the Water?,2,2010s-2020s,2018,5
Justice — D.A.N.C.E. (Extended),2,2000s-2010s,2007,5
cupcakKe — Vagina,2,2010s-2020s,2016,5
Post Malone — Congratulations,2,2010s-2020s,2016,5
LCD Soundsystem — Losing My Edge,2,2000s-2020s,2002,5
Breakbot — Baby I’m Yours,2,2010s-2020s,2010,5
Ye — Stronger,2,2010s-2020s,2007,5
The Rolling Stones — Gimme Shelter,2,2000s-2010s,1969,5
Fawn — Where Has Your Love Gone,2,2010s-2020s,2021,5
Symphonix — Music Prostitute,2,2000s-2010s,2006,5
Powerful T. — Original Sin,2,2000s-2010s,2005,5
Black Sun Empire — Red Velvet,2,2000s-2010s,2007,5
Ritmo — Follow Me,2,2010s-2020s,2011,5
Prince — Alphabet St.,2,1980s-1990s,1988,5
OceanLab — Beautiful Together (original mix),2,2000s-2020s,2003,5
Costello — Push That System,2,2000s-2010s,2009,5
Nine Inch Nails — Reptile,2,1990s-2000s,1994,5
Suicide Commando — Die Motherfucker Die,2,2000s-2010s,2009,5
Ye — Good Life,2,2000s-2010s,2007,5
Vera Lynn — The Little Boy That Santa Claus Forgot,2,1980s-2020s,1995,5
Sheck Wes — Mo Bamba,2,2010s-2020s,2018,5
Halogen — U Got That,2,2010s-2020s,2017,5
Beyoncé — Work It Out,2,2000s-2010s,2002,5
Daft Punk — End of Line,2,2000s-2010s,2012,5
Little Mix — Change Your Life,2,2000s-2010s,2012,5
emon(Tes.) — ラッキー☆オーブ,2,2010s-2020s,2019,5
BT — Rose of Jericho,2,2000s-2010s,2010,5
D Mob — C'mon and Get My Love (radio edit),2,1990s-2010s,1989,5
Factory Team — Little Don (Russian remix),2,2000s-2010s,2006,5
Muse — Uprising,2,2010s-2020s,2009,5
Mad Cobra — Flex,2,2000s-2010s,1992,5
Paramore — Ain’t It Fun,2,2010s-2020s,2013,5
The Notorious B.I.G. — Suicidal Thoughts,2,1990s-2010s,1994,5
Danny Baranowsky — Notorious D.I.G. (Fortissimole),2,2010s-2020s,2017,5
Rednex — Cotton Eye Joe,2,2010s-2020s,1994,5
Mylène Farmer — Désenchantée,2,2010s-2020s,2001,5
Dosem — Beach Kisses,2,2000s-2020s,2008,5
Bob Sinclar — Love Generation (club version),2,2000s-2020s,2005,5
Kesha — Take It Off,2,2010s-2020s,2010,5
Mariah Carey — It’s Like That,2,2000s-2020s,2005,5
Birdy Nam Nam — Defiant Order,2,2010s-2020s,2011,5
荻野目洋子 — ダンシング・ヒーロー（Eat You Up）,2,1990s-2000s,1985,5
Dr. Alban — No Coke,2,1990s-2010s,1990,5
かめりあ — Exit This Earth's Atomosphere,2,2010s-2020s,2015,5
Donald Byrd — (Fallin’ Like) Dominoes,2,1980s-2010s,1975,5
Last Dinosaurs — Zoom,2,2010s-2020s,2011,5
CeeLo Green — Fuck You,2,2010s-2020s,2010,5
DOUBLE — Shake,2,1990s-2000s,1999,5
RÜFÜS DU SOL — You Were Right,2,2010s-2020s,2015,5
Andrew Rayel — Dark Warrior,2,2010s-2020s,2013,5
Michiel van den Bos — UNATCO,2,2010s-2020s,2001,5
Merzbow — Diogenes (Nijmegen) October 3rd,2,1990s-2000s,1992,5
Mylène Farmer — Que mon cœur lâche,2,1990s-2010s,1992,5
Beyoncé — Check on It,2,2000s-2010s,2005,5
Death Cab for Cutie — Soul Meets Body,2,2000s-2010s,2005,5
The Trammps — Disco Inferno,2,1970s-2000s,1976,5
Lost Boyz — Lifestyles of the Rich and Shameless,2,1990s-2010s,1995,5
Fytch — Just Like Gold,2,2010s-2020s,2015,5
Newsboys — Shine,2,1990s-2000s,1994,5
Au5 — Dream of Love,2,2010s-2020s,2015,5
Suzy Lazy — Boom Boom Girl,2,1990s-2000s,2008,5
Aviators — Friendship,2,2010s-2020s,2012,5
Macintosh Plus — ブート,2,2010s-2020s,2011,5
N.W.A — Gangsta Gangsta,2,1990s-2000s,1988,5
Phoenix — 1901,2,2010s-2020s,2009,5
Kylie Minogue — 2 Hearts,2,2000s-2010s,2007,5
Don Omar — Salió el sol,2,2000s-2020s,2006,5
Tesla Boy — Electric Lady,2,2000s-2010s,2009,5
Gym Class Heroes — Stereo Hearts,2,2010s-2020s,2011,5
The Weeknd — Wanderlust,2,2010s-2020s,2013,5
Leftfield — Release the Pressure,2,1990s-2000s,1995,5
Empire of the Sun — We Are the People,2,2010s-2020s,2008,5
Crazy Loop — Crazy Loop (Mm‐ma‐ma),2,2000s-2010s,2007,5
Puscifer — Trekka,2,2000s-2010s,2007,5
竹内まりや — Plastic Love,2,2010s-2020s,1984,5
Molotov — Puto,2,1990s-2020s,1997,5
Jesse Rae — Hou-di-ni,2,1980s-2010s,1987,5
Michael Cassette — Through the Windows (original mix),2,2010s-2020s,2011,5
"Sufjan Stevens — John Wayne Gacy, Jr.",2,2000s-2020s,2005,5
ILLENIUM — Crashing,2,2010s-2020s,2019,5
Tricky — Black Steel,2,1990s-2000s,1995,5
m‐flo — prism,2,2000s-2010s,2001,5
The Glitch Mob — Bad Wings,2,2010s-2020s,2010,5
FreQ Nasty — Boomin' Back Atcha,2,1990s-2000s,1999,5
The 5th Dimension — Requiem: 820 Latham,2,2000s-2010s,1967,5
K.Flay — Blood in the Cut,2,2010s-2020s,2016,5
Beyoncé — Countdown,2,2010s-2020s,2011,5
Mitsunori Ikeda — Fallen Angel,2,2010s-2020s,2010,5
PSYQUI — Your voice so...,2,2010s-2020s,2017,5
Kill the Noise — Jump Ya Body,2,2010s-2020s,2012,5
Joji — SLOW DANCING IN THE DARK,2,2010s-2020s,2018,5
State of Mind — Real McCoy,2,2000s-2010s,2006,5
The Prodigy — Omen,2,2000s-2020s,2009,5
Doro — Burn It Up,2,2000s-2010s,2000,5
The Clash — London Calling,2,2000s-2010s,1979,5
Grendel — Chemicals + Circuitry,2,2000s-2010s,2009,5
Flux Pavilion — Bass Cannon,2,2010s-2020s,2011,5
Seal — Killer,2,1990s-2010s,1991,5
Rusko — Woo Boost,2,2000s-2010s,2010,5
Dizzee Rascal — Bonkers,2,2000s-2010s,2009,5
Dua Lipa — Future Nostalgia,2,2010s-2020s,2019,5
Thirty Seconds to Mars — Hurricane,2,2000s-2010s,2009,5
Schodt — White Tiger,2,2010s-2020s,2010,5
Ozzy Osbourne — Crazy Train,2,2000s-2010s,1980,5
Lenny Kravitz — Fly Away,2,2000s-2010s,1998,5
Quincy Jones — Summer in the City,2,1990s-2000s,1973,5
Noisia — Get Deaded,2,2010s-2020s,2016,5
Chuck Brown & The Soul Searchers — Bustin' Loose,2,2000s-2010s,1979,5
Martin Solveig — Hello,2,2010s-2020s,2010,5
彩菜 — Last regrets,2,2000s-2010s,1999,5
Daft Punk — The Prime Time of Your Life,2,2000s-2020s,2005,5
Leona Lewis — Dip Down,2,2000s-2010s,2010,5
Toby Fox — Once Upon a Time,2,2010s-2020s,2013,5
Mýa — It’s All About Me,2,1990s-2020s,1998,5
Mindless Self Indulgence — Molly,2,1990s-2000s,1999,5
Madonna — Nobody Knows Me,2,2000s-2010s,2003,5
m‐flo — let go,2,2000s-2010s,2004,5
C-Lekktor — No Time,2,2000s-2010s,2004,5
Jaroška — Eating Knives,2,2010s-2020s,2019,5
Linkin Park — Waiting for the End,2,2010s-2020s,2010,5
Duran Duran — Girls on Film,2,2000s-2010s,1981,5
Jack Finlay — Red Alert Klaxon,2,1990s-2010s,1978,5
Björk — Venus as a Boy,2,2010s-2020s,1993,5
Slam — Azure,2,2000s-2010s,2007,5
Dubfire — Roadkill (original mix),2,2010s-2020s,2007,5
The Korgis — Everybody’s Got to Learn Sometime,2,1990s-2000s,1980,5
Ed Sheeran — Perfect,2,2010s-2020s,2017,5
The B‐52s — Love Shack,2,2010s-2020s,1989,5
Charli xcx — Gone,2,2010s-2020s,2019,5
Apoptygma Berzerk — Green Queen,2,2000s-2010s,2009,5
DJ Shadow — Building Steam With a Grain of Salt,2,2010s-2020s,1996,5
Urban Dance Squad — Bureaucrat of Flaccostreet,2,1990s-2000s,1991,5
Fort Minor — Where’d You Go,2,2000s-2010s,2005,5
Ladytron — Evil,2,2000s-2010s,2002,5
Foo Fighters — Best of You,2,2010s-2020s,2005,5
The Clash — Should I Stay or Should I Go,2,2000s-2010s,1982,5
UNKLE — Rabbit in Your Headlights,2,2000s-2010s,1998,5
"Skrillex — With You, Friends (Long Drive)",2,2010s-2020s,2010,5
Linkin Park — Cure for the Itch,2,2000s-2010s,2000,5
Macklemore & Ryan Lewis — Thrift Shop,2,2010s-2020s,2012,5
Bananarama — Venus,2,1980s-2020s,1986,5
Yellow Claw — In My Room,2,2010s-2020s,2015,5
Bob Dylan — Blowin’ in the Wind,2,2000s-2010s,1963,5
Ariana Grande — Love Me Harder,2,2010s-2020s,2014,5
Alizée — Gourmandises,2,2000s-2010s,2000,5
KC and the Sunshine Band — I Get Lifted,2,1980s-1990s,1975,5
Egorythmia — Eternal,2,2010s-2020s,2010,5
北白川たまこ — ねぐせ,2,2010s-2020s,2013,5
Lady Gaga — Venus,2,2010s-2020s,2013,5
S3RL — MTC (DJ edit),2,2010s-2020s,2012,5
Cerrone — Supernature,2,2010s-2020s,1977,5
Jennifer Lopez — Una noche más,2,1990s-2000s,1999,5
Charli xcx — Boom Clap,2,2010s-2020s,2014,5
Eurofunk — Running Ninja,2,2000s-2020s,2008,5
LiSA — crossing field,2,2010s-2020s,2012,5
The Whole Darn Family — Seven Minutes of Funk,2,1970s-1990s,1976,5
Capital Cities — Kangaroo Court,2,2010s-2020s,2012,5
Justice — Randy,2,2010s-2020s,2016,5
Black Sun Empire — B’Negative,2,2000s-2010s,2002,5
The Last Dance — Do You Believe in Angels,2,1990s-2000s,1995,5
Noisia — Voodoo,2,2010s-2020s,2016,5
長沼英樹 — Sweet Soul Brother,2,2000s-2010s,2000,5
Three 6 Mafia — I’d Rather,2,2000s-2010s,2008,5
Psilodump — Låtsades Krama,2,2000s-2010s,2004,5
Mýa — My Love Is Like… Wo,2,2000s-2020s,2003,5
Calvin Harris — Let’s Go,2,2010s-2020s,2012,5
Steve Aoki — Feedback,2,2010s-2020s,2014,5
Keeana Kee — You’re Real,2,2010s-2020s,2017,5
Skrillex — Right In,2,2010s-2020s,2011,5
Boney M. — Ma Baker,2,1990s-2000s,1977,5
100 gecs — 745 sticky,2,2010s-2020s,2019,5
Jason Derulo — The Other Side,2,2010s-2020s,2013,5
SOPHIE — HARD,2,2010s-2020s,2014,5
Saint Etienne — Heart Failed (In the Back of a Taxi),2,2000s-2010s,2000,5
Madison — Love in New York City,2,1990s-2000s,1997,5
Queen — Radio Ga Ga,2,2010s-2020s,1984,5
Masanori Yasuda — Kalos Eidos,2,2010s-2020s,2012,5
Lady Gaga — Scheiße,2,2010s-2020s,2011,5
Eminem — Cleanin’ Out My Closet,2,2000s-2010s,2002,5
浜崎あゆみ — Voyage,2,2000s-2010s,2002,5
Franz Tornado — Suck a Bazooka,2,1990s-2000s,1999,5
Skillet — Monster,2,2010s-2020s,2009,5
"Chic — Dance, Dance, Dance (Yowsah, Yowsah, Yowsah)",2,1970s-1990s,1977,4
deadmau5 — Drama Free,2,2010s-2020s,2018,4
i_o — Let Me Go,2,2010s-2020s,2019,4
Excision — Sleepless,2,2010s-2020s,2011,4
Prince — Purple Rain,2,1980s-2010s,1984,4
Jungle Bill — Shake Me Up,2,1990s-2000s,2009,4
ZUNTATA — URBAN TRAIL,2,1980s-1990s,1993,4
The Three Degrees — Dirty Ol’ Man,2,1970s-2000s,1973,4
"Xpansions — Move Your Body (original 12"" mix)",2,1990s-2020s,1995,4
Daddy Yankee — Gasolina,2,2000s-2020s,2004,4
Massive New Krew — Ever Free,2,2010s-2020s,2014,4
The Clash — Train in Vain,2,1990s-2020s,1979,4
Lily Allen — He Wasn’t There,2,2000s-2010s,2008,4
"The Beatles — Here, There and Everywhere",2,2000s-2020s,1966,4
Robyn — Honey,2,2010s-2020s,2018,4
S‐Range — Space,2,2000s-2010s,2003,4
Domino — Para Girl (Domino Girl's Pop mix),2,2000s-2010s,2008,4
George Duke — For Love (I Come Your Friend),2,2000s-2010s,1975,4
Mariah Carey — Don’t Forget About Us,2,2000s-2020s,2005,4
Los Ángeles Negros — El rey y yo,2,1970s-1990s,1969,4
Drama — Lay Your Hands on Me,2,1990s-2000s,2012,4
Hubert Kah — Limousine,2,1980s-2010s,1986,4
No Doubt — Hey Baby,2,2000s-2010s,2001,4
Toney Lee — Reach Up,2,1990s-2010s,2000,4
Grace Jones — Slave to the Rhythm,2,1990s-2000s,1985,4
MAX — GET MY LOVE!,2,1990s-2000s,1996,4
Alisha Warren — Touch Me (a cappella),2,1980s-1990s,1989,4
Aretha Franklin — Rock‐A‐Lott (a cappella mix),2,1980s-1990s,1987,4
The xx — Angels,2,2010s-2020s,2012,4
Crystal Castles — Celestica,2,2010s-2020s,2010,4
Nina Sky — Move Ya Body,2,2000s-2010s,2004,4
Boogie Down Productions — My Philosophy,2,1980s-2000s,1988,4
Reizoko Cj — You're gonna love my nuts,2,2010s-2020s,2012,4
Taylor Swift — Mean,2,2010s-2020s,2010,4
Aphex Twin — Flim,2,2010s-2020s,1997,4
GeekBrony — Last Tempest,2,2010s-2020s,2018,4
Bamboo Bimbo — Kiss,2,2010s-2020s,2013,4
Geto Boys — Mind Playing Tricks on Me,2,1990s-2000s,1991,4
Falco — Do It Again,2,1980s-2010s,1988,4
Eddie Kendricks — Keep On Truckin’,2,1990s-2000s,1973,4
Twista — Wetter,2,2010s-2020s,2009,4
Endymion — Raging in the Dancehall (The Outside Agency remix),2,2010s-2020s,2013,4
Saint Etienne — Burnt Out Car,2,1990s-2000s,2006,4
Elton John — Bennie and the Jets,2,2000s-2010s,1973,4
Peter Schilling — The Different Story (World of Lust and Crime),2,1980s-1990s,1988,4
San Holo — lift me from the ground,2,2010s-2020s,2018,4
Richard Jacques — Work It Out,2,1990s-2010s,1998,4
Shakira — Whenever Wherever,2,2000s-2010s,2001,4
Leona Lewis — Bleeding Love,2,2000s-2010s,2007,4
Carrie Lucas — Dance With You,2,1990s-2000s,1979,4
Phil Collins — Hang In Long Enough,2,1990s-2010s,1989,4
Deftones — Change (In the House of Flies),2,2000s-2020s,2000,4
Benny Benassi — Cinema (Skrillex remix),2,2010s-2020s,2011,4
:wumpscut: — Killuh,2,2010s-2020s,2010,4
Vent — Crystallite,2,2000s-2010s,2009,4
Vibrasphere — Erosion,2,2000s-2010s,2007,4
倖田來未 — 恋のつぼみ,2,2000s-2010s,2006,4
Whodini — Magic’s Wand,2,1980s-1990s,1982,4
Astral Projection — Open Society,2,2000s-2010s,2005,4
Traxamillion — 808 (dirty),2,2000s-2010s,2009,4
100 gecs — 800db cloud,2,2010s-2020s,2019,4
Eric B. & Rakim — Put Your Hands Together,2,1980s-1990s,1988,4
Faith No More — We Care a Lot,2,1990s-2010s,1985,4
Billy Idol — Dancing With Myself,2,1980s-2010s,1981,4
140 ударов в минуту — Тополя,2,1990s-2000s,1999,4
Phillip Boa and the Voodooclub — Deep in Velvet,2,1990s-2000s,1996,4
Bruderschaft — Return,2,2000s-2010s,2013,4
:wumpscut: — Armer Jid,2,2010s-2020s,2016,4
Radiohead — Weird Fishes/Arpeggi,2,2000s-2020s,2007,4
J. Stark — The Jungle Is on Fire,2,2010s-2020s,2013,4
Die Kolibris — Die Hände zum Himmel,2,1990s-2000s,1998,4
The Crystal Method — Drown in the Now,2,2000s-2010s,2009,4
Neu! — Super,2,1970s-2020s,1973,4
Submotion Orchestra — All Yours,2,2010s-2020s,2011,4
B*Witched — Blame It on the Weatherman,2,1990s-2000s,1998,4
Herbie Hancock — Chameleon,2,1990s-2000s,1973,4
Kiiara — Feels,2,2010s-2020s,2016,4
Avenged Sevenfold — Nightmare,2,2010s-2020s,2010,4
Cameo — Rigor mortis,2,1980s-1990s,1977,4
Hiroyuki ODA — Yozora,2,2010s-2020s,2010,4
Yes — Ritual: Nous sommes du soleil,2,2010s-2020s,1973,4
S Club — You,2,2000s-2020s,2002,4
The Friends of Distinction — Going in Circles,2,2000s-2020s,1969,4
Death Grips — Beware,2,2010s-2020s,2011,4
Domino — Spinning Like a Top,2,1990s-2010s,1999,4
Lea Rue — I Can't Say No!,2,2010s-2020s,2015,4
50 Cent — P.I.M.P,2,2000s-2010s,2003,4
Busta Rhymes — Touch It,2,2000s-2010s,2006,4
Stanton Warriors — Da Virus,2,2000s-2020s,2000,4
Benga — Night,2,2000s-2020s,2007,4
Hannes Kröger — Der blonde Hans,2,1980s-2000s,1988,4
The Trashmen — Surfin’ Bird,2,1990s-2010s,1963,4
Wynardtage — The Frozen Point,2,2000s-2010s,2008,4
David Guetta — Without You,2,2010s-2020s,2011,4
BRS — Lovin’ Me,2,2000s-2010s,2000,4
Bon Jovi — Livin’ on a Prayer,2,2010s-2020s,1986,4
Syl Johnson — Is It Because I’m Black,2,1990s-2000s,1970,4
Lou Donaldson — Pot Belly,2,1990s-2010s,1970,4
Run‐D.M.C. — Rock the House,2,1980s-2000s,1985,4
ILLENIUM — Take You Down,2,2010s-2020s,2018,4
きゃりーぱみゅぱみゅ — CANDY CANDY,2,2010s-2020s,2012,4
Cameo — Candy,2,1990s-2000s,1986,4
Jain — Makeba,2,2010s-2020s,2015,4
Nickelback — Rockstar,2,2010s-2020s,2005,4
Mesh — It Scares Me,2,1990s-2000s,1999,4
Geri Halliwell — Lift Me Up,2,1990s-2000s,1999,4
Rob Base & D.J. E‐Z Rock — Joy and Pain,2,2000s-2010s,1988,4
Gilberto Gil — Palco,2,2010s-2020s,2002,4
Eminem — The Way I Am,2,2000s-2020s,1999,4
Solomon Burke — Get Out of My Life Woman,2,1990s-2000s,1968,4
Damian — The Time Warp (original version),2,1980s-2000s,1986,4
Daryl Hall & John Oates — I Can’t Go for That (No Can Do),2,2000s-2010s,1981,4
Mike Posner — Please Don’t Go,2,2010s-2020s,2010,4
Jimmy Eat World — The Middle,2,2000s-2020s,2001,4
Nelly Furtado — Manos al aire,2,2000s-2010s,2009,4
"Minnie Riperton — Baby, This Love I Have",2,1990s-2000s,1975,4
МакSим — Отпускаю,2,2000s-2020s,2006,4
Beyoncé — Baby Boy,2,2000s-2010s,2003,4
Kaskade — Disarm You,2,2010s-2020s,2015,4
Counting Crows — Accidentally in Love,2,2010s-2020s,2003,4
Blind Melon — No Rain,2,2010s-2020s,1992,4
Johnny Cash — Ring of Fire,2,2010s-2020s,1963,4
R.E.M. — It’s the End of the World as We Know It (and I Feel Fine),2,2010s-2020s,1987,4
Phuture — Slam! (original 12 Inch version),2,1990s-2000s,1988,4
Alexandra Stan — Mr. Saxobeat,2,2010s-2020s,2011,4
BARELY ALIVE — Wompum,2,2010s-2020s,2018,4
Puddle of Mudd — She Hates Me,2,2000s-2020s,2001,4
Paulina Rubio — Ni rosas ni juguetes,2,2000s-2010s,2009,4
Morgan Page — The Longest Road,2,2000s-2010s,2008,4
My Chemical Romance — I’m Not Okay (I Promise),2,2000s-2020s,2004,4
Cannonball Adderley — Virgo: For Pam,2,1990s-2000s,1974,4
Generation X — Dancing With Myself,2,1980s-1990s,1981,4
Fox Stevenson — Miss You,2,2010s-2020s,2017,4
Angelo Badalamenti — Laura Palmer’s Theme,2,1990s-2000s,1990,4
Beyoncé — Irreplaceable,2,2000s-2010s,2006,4
Shop Boyz — Party Like a Rockstar,2,2000s-2010s,2007,4
m‐flo — been so long,2,1990s-2000s,1999,4
Sub6 — Ra He'ya (original version),2,2000s-2010s,2004,4
Barry Manilow — Tryin’ to Get the Feeling Again,2,2000s-2010s,1975,4
Yes — Close to the Edge: I. The Solid Time of Change / II. Total Mass Retain / III. I Get Up I Get Down / IV. Seasons of Man,2,2010s-2020s,1972,4
"Die Alpenrammler — Lieschen, Lieschen (single version)",2,1990s-2000s,1998,4
Donkey Rollers — The Sound of the Beast,2,2000s-2010s,2003,4
Taio Cruz — Break Your Heart,2,2000s-2020s,2009,4
Beck — Where It’s At,2,1990s-2000s,1996,4
Beck — High 5 (Rock the Catskills),2,1990s-2000s,1996,4
Breakwater — Release the Beast,2,2000s-2010s,1980,4
Taylor Swift — Love Story,2,2010s-2020s,2008,4
The J. Geils Band — Centerfold,2,2010s-2020s,1981,4
The Notorious B.I.G. — Everyday Struggle,2,2000s-2010s,1994,4
The Rolling Stones — Honky Tonk Women,2,2000s-2010s,1969,4
COOL&CREATE — 最終鬼畜妹フランドール・S,2,2000s-2010s,2004,4
長沼英樹 — Sneakman,2,2000s-2010s,2000,4
Linkin Park — Points of Authority,2,2000s-2010s,2000,4
Carl Douglas — Kung Fu Fighting,2,2010s-2020s,1991,4
Lil Wayne — Fireman,2,2000s-2010s,2005,4
The Dramatics — Do What You Want to Do,2,2000s-2010s,1978,4
Ace — Wait for You (Dancefloor Night mix),2,2000s-2010s,2008,4
Winstan — Save Change and Exit,2,2010s-2020s,2001,4
Diana Ross — It's Your Move,2,2010s-2020s,1984,4
shu — Mumble Dub,2,2010s-2020s,2017,4
Сергей Васюта — Ночной февраль,2,1990s-2000s,1990,4
DJ Satomi — Waves,2,2000s-2010s,2014,4
S Club — S Club Party,2,2000s-2020s,1999,4
Just‐Ice — Gangster of Hip Hop,2,1990s-2020s,1986,4
Jason Mraz — I’m Yours,2,2000s-2020s,2008,4
TRF — Overnight Sensation 〜時代はあなたに委ねてる〜,2,2000s-2010s,1995,4
Krewella — We Are One,2,2010s-2020s,2013,4
Manic Street Preachers — The Everlasting,2,1990s-2000s,1998,4
Funky Four — That’s the Joint,2,1980s-1990s,1980,4
Pete Rock & C.L. Smooth — The Basement,2,1990s-2010s,1992,4
Danny Baranowsky — Mausoleum Mash (1-3),2,2010s-2020s,2014,4
Michael Guy Bowman — Sburban Jungle,2,2000s-2010s,2010,4
Example — Changed the Way You Kiss Me,2,2010s-2020s,2011,4
The Rembrandts — I’ll Be There for You,2,2010s-2020s,1995,4
Michael Jackson — You Rock My World,2,2000s-2020s,2001,4
"Patti LaBelle — Love, Need and Want You",2,1990s-2000s,1983,4
Geier Sturzflug — Pure Lust am Leben,2,1990s-2000s,1984,4
Boys Noize — & Down,2,2000s-2010s,2007,4
Eric B. & Rakim — Follow the Leader,2,1990s-2000s,1988,4
Portishead — Roads,2,2000s-2010s,1994,4
Madonna — Where’s the Party,2,1980s-2000s,1986,4
Mala — Changes,2,2010s-2020s,2007,4
Sky Ferreira — Everything Is Embarrassing,2,2010s-2020s,2012,4
Björk — Arisen My Senses,2,2010s-2020s,2017,4
Jordan Suckley — Droid (original mix),2,2010s-2020s,2015,4
Fragma — Toca Me (radio cut),2,1990s-2020s,1999,4
Forma Tadre — Celebrate the Cult,2,1990s-2020s,1996,4
Yahel — Intelligent Life,2,2010s-2020s,2000,4
Skream — Midnight Request Line,2,2000s-2010s,2005,4
The Dramatics — Fell for You,2,1970s-2000s,1973,4
Paramore — crushcrushcrush,2,2000s-2010s,2007,4
Every Little Thing — Future World,2,1990s-2000s,1996,4
Sean Kingston — Fire Burning,2,2000s-2010s,2009,4
Depeche Mode — I Feel Loved,2,2000s-2010s,2001,4
Grant Green — Down Here on the Ground,2,1990s-2010s,1970,4
AAA — Climax Jump,2,2000s-2020s,2007,4
Frankie Goes to Hollywood — Welcome to the Pleasuredome,2,1980s-1990s,1984,4
Shingo Nakamura — Sapporo,2,2010s-2020s,2011,4
Black Sabbath — The Wizard,2,1990s-2000s,1970,4
Skrillex — My Name Is Skrillex,2,2010s-2020s,2010,4
The Buggles — Video Killed the Radio Star,2,2010s-2020s,1980,4
Netta — Toy,2,2010s-2020s,2018,4
Black Sun Empire — Stasis,2,2000s-2020s,2004,4
Lady A — I Run to You,2,2000s-2010s,2008,4
Frou Frou — Must Be Dreaming,2,2000s-2020s,2002,4
Ariana Grande — Break Free,2,2010s-2020s,2014,4
Lana Del Rey — High by the Beach,2,2010s-2020s,2015,4
Maxi Priest — Close to You,2,1990s-2010s,1990,4
David Banner — Play,2,2000s-2020s,2005,4
Sohodolls — Stripper,2,2000s-2020s,2007,4
Peech Boys — Don't Make Me Wait,2,1980s-1990s,1983,4
The Offspring — The Kids Aren’t Alright,2,1990s-2000s,1998,4
MC Lyte — Cold Rock a Party,2,1990s-2010s,1996,4
Noisia — Tommy’s Theme,2,2010s-2020s,2011,4
Eminem — Not Afraid,2,2010s-2020s,2010,4
"Joy — Hello, Mrs. Johnson (original mix)",2,2000s-2010s,1995,4
Seven Lions — Dreamin',2,2010s-2020s,2018,4
Jennifer Lopez — Let's Get Loud,2,2000s-2020s,1999,4
girl next door — Infinity,2,2010s-2020s,2009,4
Sly & the Family Stone — Stand!,2,1990s-2010s,1969,4
The Laziest Men on Mars — Invasion of the Gabber Robots,2,2000s-2010s,2000,4
Wu‐Tang Clan — Method Man,2,1990s-2010s,1993,4
Neon Trees — Animal,2,2010s-2020s,2010,4
Meghan Trainor — All About That Bass,2,2010s-2020s,2014,4
Roy Ayers Ubiquity — Running Away,2,1970s-1990s,1977,4
Neil Cicierega — Wow Wow,2,2010s-2020s,2017,4
Ruby — The Whole Is Equal to the Sum of Its Parts,2,1990s-2020s,1995,4
Gerry Rafferty — Baker Street,2,1970s-2010s,1978,4
光田康典 — サラのテーマ,2,2000s-2010s,1995,4
Derek Howell — Stride,2,2010s-2020s,2011,4
Lil Jon & The East Side Boyz — Who U Wit,2,1990s-2000s,1997,4
Pristina — So Alive,2,2000s-2010s,2005,4
Neelix — Makeup,2,2010s-2020s,2015,4
Apashe — I’m a Dragon,2,2010s-2020s,2015,4
Primal Scream — Loaded,2,1990s-2000s,1990,4
Everyday Dust — Lichen Chronicles,2,2010s-2020s,2016,4
Falco — Data de Groove,2,1990s-2010s,1990,4
Prince — Head,2,1990s-2000s,1980,4
Ini Kamoze — Here Comes the Hotstepper,2,2000s-2010s,1994,4
Red Box — Train,2,1990s-2020s,1990,4
N*E*R*D — Rock Star,2,2000s-2010s,2002,4
Model 500 — No UFO’s (vocal),2,1980s-1990s,1985,4
The Qemists — Dem Na Like Me (Subscape dub),2,2000s-2010s,2008,4
Death Grips — Hustle Bones,2,2010s-2020s,2012,4
Salt‐N‐Pepa — Whatta Man,2,1990s-2000s,1993,4
SL2 — DJ’s Take Control,2,2000s-2010s,1991,4
Ayda — Pharaoh (Original Mix),2,2010s-2020s,2012,4
Donald Byrd — Street Lady,2,1980s-1990s,1973,4
Wink — 愛が止まらない 〜Turn It Into Love〜,2,1980s-1990s,1988,4
The Darkness — I Believe in a Thing Called Love,2,2000s-2010s,2002,4
Miley Cyrus — See You Again,2,2000s-2010s,2007,4
Oliver Tree — Alien Boy,2,2010s-2020s,2018,4
Donna Summer — Love to Love You Baby,2,2000s-2010s,1975,4
The National — Conversation 16,2,2010s-2020s,2010,4
Scandroid — Thriller,2,2010s-2020s,2017,4
Lizzo — Juice,2,2010s-2020s,2019,4
AAA — ハリケーン・リリ、ボストン・マリ (Original long version),2,2000s-2010s,2006,4
Falco — Die Königin von Eschnapur,2,2000s-2010s,1999,4
Urban Dance Squad — Deeper Shade of Soul,2,1990s-2000s,1989,4
The Beatles — Within You Without You,2,2000s-2010s,1967,4
10cc — Rubber Bullets,2,1970s-2010s,1973,4
倖田來未 — BUT,2,2000s-2010s,2007,4
ABS — Focus,2,1990s-2000s,1999,4
Newsboys — Entertaining Angels,2,1990s-2000s,1998,4
Every Little Thing — fragile,2,2000s-2020s,2001,4
Fats Domino — Don’t Come Knockin’,2,1960s-1990s,1995,4
Руки вверх! — Крошка моя,2,2000s-2020s,1998,4
Alien Project — Midnight Sun,2,2000s-2020s,2001,4
Michael Jackson — Thriller,2,1990s-2010s,2006,4
Lily Allen — Chinese,2,2000s-2010s,2008,4
Boney M. — Sunny,2,1990s-2000s,1976,4
Atari Teenage Riot — Midijunkies,2,1990s-2000s,1995,4
Spherical Disrupted — 15:08,2,2000s-2010s,1995,4
Marilyn Manson — This Is the New Shit,2,2010s-2020s,2003,4
浜崎あゆみ — glitter,2,2000s-2010s,2007,4
Cibo Matto — Moonchild,2,1990s-2000s,1999,4
Günter Kallmann Chor — Daydream,2,1990s-2000s,1970,4
LADY — Yankin,2,2010s-2020s,2010,4
Pet Shop Boys — Go West,2,1990s-2010s,1993,4
Christina Aguilera — Dirrty,2,2000s-2010s,2002,4
Justice — Safe and Sound,2,2010s-2020s,2016,4
Malcolm X — A Message to the Grass Roots,2,1990s-2000s,1965,4
Rita — Little Busters!,2,2000s-2010s,2007,4
Bernard Wright — Haboglabotribin’,2,1990s-2000s,1981,4
Manfred Mann’s Earth Band — Blinded by the Light,2,2010s-2020s,1976,4
Boys Noize — Midnight,2,2010s-2020s,2016,4
Atrium — Night in Tokyo,2,1990s-2000s,2020,4
フィッシュマンズ — ナイトクルージング,2,2010s-2020s,1995,4
Gesaffelstein — Pursuit,2,2010s-2020s,2013,4
鈴木亜美 — Delightful,2,2000s-2020s,2005,4
PROFF — Starstruck,2,2000s-2020s,2009,4
Reel People — It Will Be,2,2000s-2010s,2007,4
永田権太 — Baby Park,2,2010s-2020s,2003,4
Ol’ Dirty Bastard — Got Your Money,2,2000s-2010s,1999,4
SOPHIE — LEMONADE,2,2010s-2020s,2014,4
Ben Böhmer — Breathing,2,2010s-2020s,2019,4
Neelix — Disco Decay,2,2000s-2010s,2009,4
Green Court — Silent Heart (VooDoo & Serano remix),2,2000s-2010s,2002,4
Peroxide Mocha — Killer B's,2,2010s-2020s,2009,4
シオカラーズ — シオカラ節,2,2010s-2020s,2015,4
Linkin Park — Forgotten,2,2000s-2010s,2000,4
Linkin Park — Pushing Me Away,2,2000s-2010s,2000,4
Desert Dwellers — Shiva Nataraj,2,2010s-2020s,2011,4
Lil Jon — Act a Fool (street),2,2000s-2010s,2006,4
Laibach — Wirtschaft ist tot,2,1990s-2000s,1992,4
TSUKASA — In My Heart,2,2000s-2010s,2004,4
The Flaming Lips — Do You Realize??,2,2000s-2020s,2002,4
glue70 — Casin,2,2010s-2020s,2013,4
DOUBLE — Make Me Happy,2,1990s-2000s,1999,4
After 7 — Can’t Stop,2,1990s-2010s,1989,4
Cher Lloyd — Want U Back,2,2010s-2020s,2011,4
Madonna — Holiday,2,1990s-2000s,1983,4
Go Go Girls — Go Go's & the Monkeys,2,2000s-2010s,2009,4
高坂穂乃果 — START:DASH!!,2,2010s-2020s,2013,4
Run the Jewels — All My Life,2,2010s-2020s,2014,4
Toby Fox — Spider Dance,2,2010s-2020s,2015,4
Sara Bareilles — Love Song,2,2010s-2020s,2007,4
The Beatles — Savoy Truffle,2,2000s-2020s,1968,4
The Beatles — Blackbird,2,2000s-2020s,1968,4
Depeche Mode — Personal Jesus,2,2000s-2020s,1990,4
*NSYNC — Pop,2,2000s-2020s,2001,4
Donna Summer — (If It) Hurts Just a Little,2,1990s-2010s,1982,4
Min‐Y‐Llan — His-Hell,2,2010s-2020s,2014,4
Jean Paul Makhlouf — Reach For The Stars - Opening Theme -,2,2010s-2020s,2010,4
Nelly Furtado — Turn Off the Light,2,2000s-2010s,2000,4
Lonnie Liston Smith — A Garden of Peace,2,1990s-2020s,1983,4
Tay Zonday — Chocolate Rain,2,2000s-2010s,2007,4
Yarbrough & Peoples — Don’t Stop the Music,2,1980s-1990s,1980,4
Main Source — Live at the Barbeque,2,1990s-2010s,1991,4
Céleste Noir — Electrified,2,2000s-2010s,2003,4
Die Doraus & Die Marinas — Fred vom Jupiter,2,1990s-2000s,1981,4
Franziska Menke — Hohe Berge,2,1990s-2000s,1982,4
Kevin Johnson — Little Crush,2,2000s-2010s,2008,4
Rodney O & Joe Cooley — Everlasting Bass,2,2000s-2020s,1988,4
Eazy‐E — Eazy‐Duz‐It,2,2000s-2020s,1988,4
globe — FREEDOM (global Extended Mix),2,2000s-2010s,2000,4
Republica — Holly,2,1990s-2020s,1996,4
Basement Jaxx — Plug It In,2,2000s-2020s,2003,4
Daniel Ingram — Equestria Girls (Cafeteria Song),2,2010s-2020s,2014,4
Every Little Thing — Dear My Friend,2,1990s-2000s,1997,4
The Temper Trap — Sweet Disposition,2,2010s-2020s,2008,4
Lil Mama — Lip Gloss,2,2000s-2020s,2007,4
Dizzee Rascal — Stand Up Tall,2,2000s-2010s,2004,4
Nas — Hate Me Now,2,2000s-2010s,1999,4
Casanova — Help Me to Say Goodbye,2,1990s-2010s,2019,4
Rheinzand — Kills and Kisses,2,2010s-2020s,2019,4
Danny Baranowsky — The Wight to Remain (4-3),2,2010s-2020s,2015,4
Crystal Kay — hard to say,2,2000s-2010s,2002,4
Above & Beyond — Believer,2,2010s-2020s,2019,4
Simple Minds — Don’t You (Forget About Me),2,2010s-2020s,1985,4
Duran Duran — I Don’t Want Your Love (album version),2,1980s-1990s,1988,4
The Dramatics — In the Rain,2,1990s-2010s,1971,4
Dead Can Dance — Song of Sophia,2,2000s-2020s,1988,4
Rheinzand — Blind,2,2010s-2020s,2019,4
宇多田ヒカル — SAKURAドロップス,2,2010s-2020s,2002,4
Morris — Bad Tonight,2,2000s-2010s,2008,4
Goldfrapp — Black Cherry,2,2000s-2010s,2003,4
Destiny’s Child — Lose My Breath,2,2000s-2010s,2004,4
Billie Eilish — you should see me in a crown,2,2010s-2020s,2018,4
Basement Jaxx — Do Your Thing,2,2000s-2020s,2001,4
The Fearless Four — Rockin’ It,2,1980s-2000s,1982,4
Busta Rhymes — Light Your Ass on Fire,2,2000s-2020s,2003,4
Eminem — When I’m Gone,2,2000s-2010s,2005,4
Aperture Science Psychoacoustic Laboratories — Cara mia addio!,2,2010s-2020s,2011,4
Waka Flocka Flame — Hard in da Paint,2,2010s-2020s,2009,4
MFSB — Something for Nothing,2,1990s-2000s,1973,4
Daryl Hall & John Oates — Maneater,2,2010s-2020s,1982,4
Beastie Boys — Right Right Now Now,2,2000s-2010s,2004,4
Pras Michel — Ghetto Supastar (That Is What You Are),2,2000s-2010s,1998,4
Pendulum — Vault,2,2000s-2010s,2003,4
Bauchklang — Signs,2,2000s-2010s,2009,4
Milk and Coffea — Yellow Butterfly (Butterfly mix),2,2000s-2010s,2003,4
Ye — Flashing Lights,2,2000s-2010s,2007,4
Depeche Mode — Behind the Wheel (Beatmasters mix),2,1980s-1990s,1987,4
Aaliyah — 4 Page Letter,2,1990s-2000s,1996,4
Banbarra — Shack Up,2,1990s-2000s,1975,4
m.o.v.e — singin' 4 U,2,1990s-2000s,1999,4
AAA — BLOOD on FIRE,2,2000s-2010s,2005,4
I Am Legion — Make Those Move,2,2010s-2020s,2013,4
Combichrist — Sent to Destroy,2,2000s-2010s,2008,4
Silver — Lady Bug,2,1990s-2000s,1994,4
Ich + Ich — Stark,2,2000s-2010s,2007,4
Ace — Crazy On Emotion,2,2010s-2020s,2013,4
YUC'e — Future Cαndy,2,2010s-2020s,2016,4
Crash Test Dummies — Mmm Mmm Mmm Mmm,2,1990s-2010s,1993,4
DEVO — Whip It,2,2000s-2010s,1980,4
OneRepublic — Apologize,2,2000s-2010s,2007,4
Van Halen — Ain’t Talkin’ ’Bout Love,2,1990s-2010s,1978,4
Spor — Pacifica,2,2010s-2020s,2011,4
Black Sheep — The Choice Is Yours,2,1990s-2000s,1991,4
愛内里菜 — 恋はスリル、ショック、サスペンス,2,2000s-2010s,2000,4
Sub Sonik — Go Fuck Yourself,2,2010s-2020s,2015,4
Rihanna — What’s My Name?,2,2010s-2020s,2010,4
Boogie Down Productions — I’m Still #1,2,1990s-2000s,1988,4
Paramore — Still Into You,2,2010s-2020s,2013,4
Herbie Hancock — Rain Dance,2,1990s-2010s,1973,4
David Essex — Dancing Crazy,2,2000s-2020s,2019,4
Marmion — Schöneberg,2,1990s-2010s,1993,4
Foster the People — Pumped Up Kicks,2,2010s-2020s,2011,4
Deltron 3030 — Positive Contact,2,2000s-2010s,2000,4
Tom Scott — Sneakin’ In the Back,2,1990s-2010s,1974,4
Prince — I Wanna Be Your Lover,2,1990s-2010s,1979,4
Queen — I Want It All,2,2000s-2010s,1989,4
Fever Ray — When I Grow Up,2,2000s-2010s,2009,4
Daft Punk — Nightvision,2,2010s-2020s,2001,4
床井健一 — Planet Wisp - Act 3,2,2010s-2020s,2010,4
Girls’ Generation — Gee,2,2010s-2020s,2009,4
Vibrasphere — Tierra Azul,2,2000s-2010s,2006,4
Ace Ventura — Going Back,2,2010s-2020s,2015,4
"Руки вверх! — Ну где же вы, девчонки?",2,1990s-2000s,1999,4
4 Non Blondes — What’s Up?,2,2010s-2020s,1993,4
Soundprank — Burner,2,2010s-2020s,2011,4
Queen — I Want to Break Free,2,2000s-2020s,1992,4
Queen — I Want to Break Free,2,2000s-2020s,1984,4
CloZee — Secret Place,2,2010s-2020s,2017,4
Champa — Imagine,2,2010s-2020s,2015,4
Sara — Wonderland,2,1990s-2010s,2008,4
O.C. Smith — Sounds of Goodbye,2,1990s-2000s,1968,4
O.C. Smith — On a Clear Day You Can See Forever,2,1990s-2000s,1967,4
Black Eyed Peas — Let’s Get Retarded,2,2000s-2010s,2003,4
Taylor Swift — Blank Space,2,2010s-2020s,2014,4
"Steinwolke — Katherine, Katherine",2,1990s-2000s,1983,4
Katmandu — Welcome to California,2,1990s-2020s,1995,4
Danny Brown — Blunt After Blunt,2,2010s-2020s,2011,4
Al Green — What a Wonderful Thing Love Is,2,2000s-2020s,1972,4
Lily Allen — LDN,2,2010s-2020s,2006,4
King & Queen — Fun Fun Pharaoh,2,2000s-2010s,2010,4
Bloc Party — Banquet,2,2000s-2010s,2004,4
Death Grips — Get Got,2,2010s-2020s,2012,4
Daft Punk — Giorgio by Moroder,2,2010s-2020s,2013,4
Lady Gaga — Government Hooker,2,2010s-2020s,2011,4
Michael Jackson — Off the Wall,2,2000s-2020s,1979,4
Michael Jackson — In the Closet,2,2000s-2010s,1991,4
Alesha Dixon — Lipstick,2,2000s-2020s,2006,4
Every Little Thing — Time goes by,2,1990s-2000s,1998,4
The Henry Mancini Orchestra — Experiment in Terror,2,2010s-2020s,1962,4
Donald Byrd — Wind Parade,2,1990s-2010s,1975,4
DJ Food — Dark Lady,2,2010s-2020s,1993,4
Egotronic — Raven gegen Deutschland,2,2000s-2010s,2007,4
Derek Drymon — SpongeBob SquarePants Theme Song,2,2010s-2020s,2005,4
愛内里菜 — NAVY BLUE,2,2000s-2010s,2001,4
John Travolta — Summer Nights,2,1990s-2010s,1978,4
Wynardtage — Walk With the Shadows,2,2000s-2010s,2009,4
Aretha Franklin — Gimme Your Love,2,1980s-2010s,1989,4
Together — So Much Love to Give,2,2000s-2010s,2002,4
Owl City — Shooting Star,2,2010s-2020s,2012,4
Underworld — Push Upstairs,2,1990s-2010s,1998,4
Sunbeam — Outside World,2,1990s-2000s,1994,4
Def Leppard — Rocket,2,1980s-2010s,1987,4
Starship — We Built This City,2,2010s-2020s,1985,4
Sofa Surfers — The Plan,2,1990s-2000s,1997,4
Slow Magic — Waited 4 U,2,2010s-2020s,2014,4
MIKA — Love Today,2,2000s-2010s,2007,4
Coldplay — Violet Hill,2,2000s-2010s,2008,4
Kevin Johnson — I Love You,2,2000s-2020s,2008,4
Craig David — Fill Me In,2,2000s-2020s,2000,4
Britney Spears — Piece of Me,2,2000s-2020s,2007,4
Gloria Estefan — Heaven’s What I Feel,2,1990s-2000s,1998,4
Cerrone — Heart of Me,2,1980s-1990s,1989,4
Robyn — Missing U,2,2010s-2020s,2018,4
Johann Bley — Stranded,2,2000s-2020s,1998,4
Tep No — Pacing,2,2010s-2020s,2015,4
Idina Menzel — Let It Go,2,2010s-2020s,2013,4
Kenny Loggins — Footloose,2,2000s-2010s,1984,4
Green Day — 21 Guns,2,2010s-2020s,2009,4
長沼英樹 — Moody’s Shuffle,2,2010s-2020s,2000,4
The Prodigy — Voodoo People (Pendulum remix),2,2000s-2010s,2005,4
J‐Kwon — Tipsy,2,2010s-2020s,2004,4
Dr. Love — State of the Nation,2,2000s-2010s,2002,4
Quincy Jones and His Orchestra — Soul Bossa Nova,2,1990s-2020s,1962,4
倖田來未 — TABOO,2,2000s-2010s,2008,4
Cassian — Magical,2,2010s-2020s,2019,4
Yahel — Atmosphere,2,2010s-2020s,2003,4
Daft Punk — The Brainwasher,2,2000s-2020s,2005,4
Madeon — Technicolor,2,2010s-2020s,2013,4
Foul Play — Open Your Mind,2,1990s-2020s,1993,4
The Notorious B.I.G. — Mo Money Mo Problems,2,1990s-2010s,1997,4
The B‐52s — Give Me Back My Man,2,1980s-2000s,1979,4
Brenda Russell — A Little Bit of Love,2,1990s-2000s,1979,4
Disclosure — You & Me,2,2010s-2020s,2013,4
Marko Polo — Jungle Fever,2,2000s-2020s,2008,4
Depeche Mode — Master and Servant (Slavery Whip mix),2,1990s-2000s,1984,4
Flowdan — Welcome to London,2,2010s-2020s,2019,4
Billy Joel — We Didn’t Start the Fire,2,2010s-2020s,1989,4
Falco — Body Next to Body,2,1980s-2020s,1987,4
Migos — Bad and Boujee,2,2010s-2020s,2016,4
Ye — Jesus Walks,2,2000s-2020s,2004,4
Nikki Gregoroff — My Sweet Passion …THEME OF “AMY”,2,1990s-2020s,1998,4
Gesaffelstein — Opr,2,2010s-2020s,2011,4
Grimes — We Appreciate Power,2,2010s-2020s,2018,4
Cise Star — D.T.F.N,2,2000s-2010s,2003,4
Ian Dury — Sex & Drugs & Rock & Roll,2,1980s-2000s,1977,4
Of Monsters and Men — Little Talks,2,2010s-2020s,2011,4
Castle Logical — Mischievous Boy,2,2010s-2020s,2000,4
Madonna — Vogue,2,2000s-2010s,1990,4
The Beatles — Being for the Benefit of Mr. Kite!,2,2000s-2010s,1967,4
浜崎あゆみ — AUDIENCE (Euro‐Power Mix),2,2000s-2010s,2001,4
Duran Duran — Hold Back the Rain,2,1980s-2000s,1982,4
Nena — Nur geträumt,2,1990s-2000s,1982,4
Liquid Soul — Out of the Blue,2,2010s-2020s,2008,4
Fall Out Boy — Centuries,2,2010s-2020s,2014,4
Onuka — Misto,2,2010s-2020s,2014,4
The Irresistible Force — Fish Dances,2,1990s-2000s,1998,4
Nachtmahr — Can You Feel the Beat?,2,2010s-2020s,2010,4
Noisia — Tentacles,2,2010s-2020s,2016,4
Katy B — Katy On A Mission (instrumental),2,2000s-2010s,2014,4
Dr. Lonnie Smith — Spinning Wheel,2,1990s-2010s,1970,4
Electric Light Orchestra — Don’t Bring Me Down,2,2000s-2010s,1979,4
Björk — Cover Me,2,1990s-2000s,1995,4
浜崎あゆみ — monochrome (ayu-ro Extended Mix),2,1990s-2000s,2000,4
上海アリス幻樂団 — U.N.オーエンは彼女なのか？,2,2000s-2010s,2002,4
Queens of the Stone Age — Go With the Flow,2,2010s-2020s,2002,4
The Lady of Rage — Afro Puffs,2,1990s-2010s,1994,4
Björk — One Day,2,1990s-2010s,1993,4
Kris Kross — Warm It Up,2,1990s-2000s,1992,4
Ginuwine — Pony,2,2010s-2020s,1996,4
Gina Cutillo — Let's Just Go!,2,2000s-2010s,2009,4
Two Door Cinema Club — What You Know,2,2010s-2020s,2010,4
Sido — Arschficksong,2,2000s-2010s,2002,4
Amanda Blank — Might Like You Better,2,2000s-2010s,2009,4
Extrabreit — Polizisten,2,1990s-2020s,1981,4
50 Cent — 21 Questions,2,2000s-2010s,2003,4
Kylie Minogue — Did It Again,2,1990s-2000s,1997,4
Taylor Swift — You Need to Calm Down,2,2010s-2020s,2019,4
Flume — Rushing Back,2,2010s-2020s,2019,4
Lil Uzi Vert — XO TOUR Llif3,2,2010s-2020s,2017,4
Republica — Ready to Go,2,1990s-2020s,1996,4
Nelly Furtado — Maneater,2,2000s-2020s,2006,4
Willie Hutch — Hospital Prelude of Love Theme,2,1990s-2000s,1974,4
Trio Ternura — A gira,2,2010s-2020s,1973,4
Roots Manuva — Witness (1 Hope),2,2000s-2010s,2001,4
State of Mind — Sunking,2,2000s-2010s,2005,4
Scatman John — Scatman’s World,2,1990s-2020s,1995,4
David Guetta — I Can Only Imagine,2,2010s-2020s,2011,4
Everyday Dust — Where Light Fails,2,2010s-2020s,2016,4
Cassie — Me & U,2,2010s-2020s,2006,4
Ovnimoon — Galactic Mantra,2,2010s-2020s,2009,4
Symphonix — True Reality,2,2010s-2020s,2010,4
Black Eyed Peas — Boom Boom Pow,2,2000s-2010s,2009,4
The Champs — Tequila,2,2010s-2020s,1958,4
Taylor Swift — Wildest Dreams,2,2010s-2020s,2014,4
Kendrick Lamar — Alright,2,2010s-2020s,2015,4
The Turtles — I’m Chief Kamanawanalea (We’re the Royal Macadamia Nuts),2,1980s-1990s,1968,4
"Billy Ocean — Get Outta My Dreams, Get Into My Car",2,1980s-2000s,1988,4
Esther Williams — Last Night Changed It All (I Really Had a Ball),2,1980s-1990s,1976,4
Skrillex — Turmoil,2,2010s-2020s,2023,4
Britney Spears — Criminal,2,2010s-2020s,2011,4
Daniel Ingram — I'll Fly,2,2010s-2020s,2015,4
STARSET — It Has Begun,2,2010s-2020s,2014,4
KCPK — We Will Rock You (remix 2003),2,2000s-2010s,2003,4
Astrix — Coolio,2,2000s-2020s,2004,4
Harold Melvin & The Blue Notes — Bad Luck,2,1970s-1990s,1975,4
Metronomy — We Broke Free,2,2010s-2020s,2011,4
Red Hot Chili Peppers — If You Have to Ask,2,1990s-2010s,1991,4
Fats Domino — Walking to New Orleans,2,1960s-1990s,1995,4
Cerrone — Rocket in the Pocket,2,1980s-2000s,1979,4
Virtual Self — Particle Arts,2,2010s-2020s,2017,4
Slayer — Raining Blood,2,2000s-2020s,1986,4
The Irresistible Force — Nepalese Bliss,2,1990s-2000s,1998,4
Henry Valentino — Im Wagen vor mir,2,1990s-2000s,1977,4
Aaliyah — Got to Give It Up,2,1990s-2000s,1996,4
Dr. Dooom — Leave Me Alone,2,1990s-2000s,2009,4
The Doors — Roadhouse Blues,2,2000s-2010s,1970,4
Pink Floyd — Welcome to the Machine,2,1990s-2020s,1975,4
twenty one pilots — Ride,2,2010s-2020s,2015,4
Madonna — Beautiful Stranger,2,1990s-2000s,1999,4
Bun B — Pop It 4 Pimp,2,2000s-2010s,2008,4
Aphex Twin — On,2,1990s-2000s,1993,4
Aphrodite — Spice,2,1990s-2010s,1996,4
The Beatles — Oh! Darling,2,2000s-2010s,1969,4
Cathy Dennis — Touch Me (All Night Long),2,1990s-2010s,1990,4
Cloud 9 — Do You Want Me (original club mix),2,1990s-2010s,1998,4
Noisia — Stigma,2,2010s-2020s,2008,4
The Rapture — House of Jealous Lovers,2,2000s-2010s,2002,4
Irene Cara — Flashdance… What a Feeling,2,2000s-2020s,1983,4
Lostep — Burma,2,2000s-2010s,2004,4
Kim Wilde — Love Blonde,2,1980s-2020s,1983,4
Pépé Bradock — Deep Burnt,2,2000s-2010s,1999,4
JID — NEVER,2,2010s-2020s,2017,4
David Bowie — Starman,2,2000s-2020s,1972,4
Three Days Grace — Animal I Have Become,2,2010s-2020s,2006,4
Plastic Noise Experience — Chapter Five,2,2010s-2020s,2014,4
倖田來未 — Crazy 4 U,2,2000s-2010s,2004,4
JAY‐Z — Numb / Encore,2,2000s-2010s,2004,4
Station Earth — Cold Green Eyes,2,2010s-2020s,2014,4
My Life With the Thrill Kill Kult — …And This Is What the Devil Does!,2,2000s-2010s,1988,4
Britney Spears — If U Seek Amy,2,2000s-2010s,2008,4
Bloc Party — Helicopter,2,2000s-2020s,2004,4
Braille — This Sickness,2,2000s-2010s,2007,4
JAY‐Z — Izzo (H.O.V.A.),2,2000s-2010s,2001,4
"キズナアイ — Hello, Morning",2,2010s-2020s,2018,4
Dillon Francis — Set Me Free,2,2010s-2020s,2014,4
Tomas Barfod — March on Swan Lake (original version),2,2000s-2010s,2009,4
Claes Rosén — Sweet Memories,2,2000s-2020s,2008,4
Gwen McCrae — All This Love That I’m Givin’,2,1990s-2000s,1979,4
Black Sabbath — Iron Man,2,1990s-2020s,1970,4
PinkiePieSwear — Flutterwonder,2,2010s-2020s,2012,4
Blunted Vato — Superman Sin Capa,2,2010s-2020s,2018,4
Silicon Scally — Deep Dissolve,2,2000s-2010s,2002,4
Format — Solid Session,2,1990s-2010s,1991,4
Grimes — Genesis,2,2010s-2020s,2012,4
Galt MacDermot — Princess Gika,2,2000s-2010s,1969,4
Lia — Farewell song,2,2000s-2010s,2000,4
Ye — Can't Tell Me Nothing,2,2000s-2010s,2007,4
"Björk — Who Is It (Carry My Joy on the Left, Carry My Pain on the Right)",2,2000s-2010s,2004,4
Miss Jane — It’s a Fine Day (original mix),2,1990s-2000s,1998,4
Faith No More — Evidence,2,1990s-2010s,1995,4
Fall Out Boy — Uma Thurman,2,2010s-2020s,2015,4
The S.S.O. Orchestra — Faded Lady,2,1990s-2000s,1977,4
Duncan Laurence — Arcade,2,2010s-2020s,2019,4
Designer Drugs — Back Up in This,2,2000s-2010s,2009,4
Curt Blakeslee — Beatdown (Strider style),2,2000s-2010s,2009,4
Portishead — Mysterons,2,2000s-2010s,1994,4
Big Time Rush — Boyfriend,2,2010s-2020s,2010,4
Boogie Down Productions — Poetry,2,1990s-2000s,1987,4
Awkward Marina — Anthropology - Marina’s Version,2,2010s-2020s,2022,4
Bone Crusher — Never Scared,2,2000s-2010s,2003,4
鈴木亜美 — Eventful,2,2000s-2020s,2005,4
Jimmy “Bo” Horne — Spank,2,1990s-2000s,1979,4
Basement Jaxx — Raindrops,2,2000s-2010s,2009,4
Salvatore Ganacci — Horse,2,2010s-2020s,2019,4
Freddie Mercury — Living on My Own,2,1990s-2020s,1985,4
"Detroit Swindle — Yes, No, Maybe",2,2010s-2020s,2018,4
Funkadelic — One Nation Under a Groove,2,1970s-1990s,1978,4
Queen — Radio Ga Ga,2,2010s-2020s,1992,4
Party in Backyard — Bitch Lasagna,2,2010s-2020s,2018,4
Frequencerz — Burning,2,2010s-2020s,2013,4
Junior M.A.F.I.A. — Get Money,2,1990s-2010s,1995,4
Richard Jacques — Everybody Jump Around,2,2010s-2020s,2000,4
Cherry — Too Cool to Fall in Love,2,1990s-2010s,2008,4
Kero Kero Bonito — Trampoline,2,2010s-2020s,2016,4
Руки вверх! — История любви,2,1990s-2020s,1997,4
倖田來未 — you,2,2000s-2010s,2005,4
Sugababes — Get Sexy,2,2000s-2010s,2009,4
deadmau5 — Monophobia (extended mix),2,2010s-2020s,2018,4
Leslie Parrish — Mon Amour,2,2000s-2010s,2008,4
Lil Jon & The East Side Boyz — Get Crunk,2,1990s-2000s,1997,4
OMFG — Hello,2,2010s-2020s,2014,4
Aphrodelics — Rollin’ on Chrome (original),2,1990s-2010s,1998,4
Run the Jewels — Crown,2,2010s-2020s,2014,4
Bass Modulators — Oxygen,2,2010s-2020s,2015,4
Beyoncé — Get Me Bodied,2,2000s-2010s,2006,4
Day.Din — Shadow of a Smile,2,2000s-2010s,2010,4
Liquid Soul — Different Reality,2,2010s-2020s,2012,4
Ace Ventura — R.I.S.E.,2,2000s-2020s,2006,4
KREAM — Taped Up Heart,2,2010s-2020s,2016,4
Toby Fox — Hopes and Dreams,2,2010s-2020s,2015,4
Placebo — Infra‐Red,2,2000s-2010s,2006,4
Sara — Crazy for Love,2,2000s-2010s,2008,4
Black Eyed Peas — Don’t Lie,2,2000s-2010s,2005,4
L’Trimm — Cars With the Boom,2,2000s-2010s,1988,4
Angerfist — Yes,2,2010s-2020s,2006,4
The Qemists — Drop Audio,2,2000s-2010s,2007,4
Mylène Farmer — L’Amour n’est rien…,2,2000s-2010s,2005,4
Vengaboys — Shalala Lala,2,2000s-2010s,2000,4
Blutzukker — From Hell,2,2000s-2010s,2007,4
Feed Me — Crazy Maybe,2,2010s-2020s,2017,3
deadmau5 — Monophobia,2,2010s-2020s,2018,3
BSOD — Super Breakfast,2,2010s-2020s,2013,3
deadmau5 — COASTED,2,2010s-2020s,2019,3
Billy Idol — Don’t Need a Gun,2,1980s-2010s,1986,3
かめりあ — δ:for the DELTA,2,2010s-2020s,2015,3
Billy Idol — To Be a Lover,2,1980s-2010s,1986,3
中森明菜 — ミ・アモーレ〔Meu amor é…〕,2,1990s-2010s,1985,3
KISS — Shout It Out Loud,2,1970s-1990s,1986,3
AAA — Still Love You,2,2010s-2020s,2012,3
Supertramp — Crime of the Century,2,1990s-2000s,1974,3
girl next door — ESCAPE,2,2000s-2010s,2008,3
MC Hammer — Pumps and a Bump,2,1990s-2010s,1994,3
Funkadelic — Get Off Your Ass and Jam,2,1980s-1990s,1975,3
Dimples D — Sucker DJ's (I Will Survive),2,1990s-2000s,1983,3
DJ Marky — LK,2,2000s-2010s,2004,3
BAR9 — Shaolin Style,2,2000s-2010s,2008,3
Eelke Kleijn — Moments of Clarity,2,2010s-2020s,2018,3
The Jimmy Castor Bunch — Troglodyte (Cave Man),2,1980s-1990s,1972,3
Grant Green — Maybe Tomorrow,2,1990s-2010s,1971,3
Monster Magnet — Space Lord,2,1990s-2000s,1998,3
Madison Avenue — Don’t Call Me Baby (original 12” mix),2,1990s-2000s,1999,3
C418 — Mice on Venus,2,2010s-2020s,2011,3
Three Days Grace — (I Hate) Everything About You,2,2010s-2020s,2003,3
Dionne Warwick — Got a Date,2,1980s-2010s,1983,3
Kajagoogoo — Too Shy,2,1980s-2010s,1982,3
Studio Killers — Jenny,2,2010s-2020s,2013,3
Max Coveri — Running in the 90s,2,2010s-2020s,1998,3
DMX — X Gon' Give It to Ya (album version),2,2010s-2020s,2003,3
Axel Thesleff — Bad Karma,2,2010s-2020s,2014,3
Def Leppard — Rock of Ages,2,1990s-2010s,1983,3
No Doubt — Don’t Speak,2,2010s-2020s,1995,3
Bob Dylan — Sad-Eyed Lady of the Lowlands,2,1980s-1990s,1966,3
Huey Lewis and the News — The Power of Love,2,1990s-2010s,1985,3
Sufjan Stevens — They Are Night Zombies!! They Are Neighbors!! They Have Come Back From the Dead!! Ahhhh!,2,2000s-2020s,2005,3
Yahel — Around the World,2,2010s-2020s,2005,3
Sean Paul — Temperature,2,2000s-2020s,2005,3
50 Cent — You Don’t Know,2,2000s-2010s,2006,3
Danny Baranowsky — Disco Descent (1-1),2,2010s-2020s,2014,3
Danny Baranowsky — Heart of the Crypt (4-2),2,2010s-2020s,2015,3
Freedom — Get Up and Dance,2,1990s-2010s,1979,3
Gorillaz — Busted and Blue,2,2010s-2020s,2017,3
Dawin — Dessert,2,2010s-2020s,2015,3
ODESZA — Bloom,2,2010s-2020s,2014,3
White Zombie — Thunder Kiss ’65,2,1990s-2010s,1992,3
The Bar‐Kays — Sang and Dance,2,1990s-2000s,1971,3
Billy Idol — Catch My Fall,2,1980s-2010s,1983,3
"Tyler, The Creator — BLOW MY LOAD",2,2010s-2020s,2015,3
Barry Manilow — Copacabana,2,1970s-2010s,1978,3
Blue Öyster Cult — Godzilla,2,1990s-2010s,1977,3
Virtual Self — ANGEL VOICES,2,2010s-2020s,2018,3
Sangue misto — Cani sciolti,2,1990s-2000s,1994,3
BOREDOMS — 7→ (Boriginal),2,1990s-2000s,1998,3
BROCKHAMPTON — BOOGIE,2,2010s-2020s,2017,3
Rotary Connection — Life Could,2,1990s-2020s,1968,3
Tunng — Bricks,2,2000s-2010s,2007,3
Genesis — Watcher of the Skies,2,1970s-2010s,1972,3
Jerry Lee Lewis — I've Been Twistin',2,1980s-2010s,1989,3
Bob Dylan — Temporary Like Achilles,2,1980s-1990s,1966,3
Greg Phillinganes — Behind the Mask,2,2000s-2010s,1984,3
Foster the People — Don’t Stop (Color on the Walls),2,2010s-2020s,2011,3
The J.B.’s — The Grunt,2,1980s-2000s,1972,3
Bob Marley & The Wailers — Redemption Song,2,2000s-2010s,1980,3
Wings — Let ’Em In,2,1990s-2000s,1976,3
Bob Dylan — Just Like a Woman,2,1980s-1990s,1966,3
Lessov — Bleyban,2,2010s-2020s,2021,3
New Radicals — You Get What You Give,2,2010s-2020s,1998,3
Nhato — Etude,2,2010s-2020s,2012,3
서태지와 아이들 — Come Back Home,2,1990s-2000s,1995,3
Nicki Minaj — Anaconda,2,2010s-2020s,2014,3
Samuel L. Jackson — Ezekiel 25:17,2,2010s-2020s,1994,3
They Might Be Giants — They Might Be Giants,2,2010s-2020s,1990,3
Isaac Hayes — Medley: Ike’s Rap II / Help Me Love,2,1990s-2010s,1971,3
E.P.S. & 2-Vibe — Big Time,2,1990s-2000s,1996,3
The Notorious B.I.G. — Sky's the Limit,2,2000s-2010s,1997,3
Mariah Carey — Fantasy,2,1990s-2010s,1995,3
Special Forces — Something Else… The Bleeps Tune (original version),2,1990s-2000s,1999,3
Mantronix — King of the Beats,2,1980s-2000s,1988,3
The Beatles — Lovely Rita,2,2000s-2010s,1967,3
"Mike Oldfield — Ommadawn, Part One",2,1990s-2010s,1975,3
Andrew Rayel — Horizon,2,2010s-2020s,2018,3
Bob Marley & The Wailers — Pimper’s Paradise,2,2000s-2010s,1980,3
浜崎あゆみ — monochrome,2,2000s-2010s,1999,3
I:Scintilla — Skin Tight,2,2010s-2020s,2012,3
Mylène Farmer — Ainsi soit je…,2,1980s-2010s,1988,3
Imagination — Just an Illusion,2,2000s-2020s,1982,3
Ludacris — Get Back,2,2000s-2010s,2004,3
Phanatic — Crystal Clear,2,2010s-2020s,2016,3
San Holo — go back in time,2,2010s-2020s,2018,3
MF DOOM — My Favorite Ladies (dirty),2,2000s-2010s,2002,3
Reese — Rock to the Beat,2,2010s-2020s,1996,3
Danny Baranowsky — Dance of the Decorous (3-2 Cold),2,2010s-2020s,2014,3
Orbital — Belfast,2,2010s-2020s,1991,3
David Porter — I'm Afraid the Masquerade Is Over,2,1990s-2000s,1974,3
Rhye — The Fall,2,2010s-2020s,2012,3
Ray J — Sexy Can I,2,2000s-2010s,2008,3
Soulja Boy — Donk,2,2000s-2010s,2007,3
Metallica — Battery,2,1990s-2000s,1986,3
Céleste Noir — 7 Ways,2,2010s-2020s,2020,3
Coldplay — Every Teardrop Is a Waterfall,2,2010s-2020s,2011,3
Lily Allen — Never Gonna Happen,2,2000s-2010s,2008,3
Bruce Springsteen — Born to Run,2,2010s-2020s,1975,3
HiteeSticks — Breaking Out 05 (103 BPM),2,2010s-2020s,2019,3
Danny Baranowsky — Grave Throbbing (2-2),2,2010s-2020s,2014,3
Chic — I Want Your Love,2,1990s-2000s,1978,3
Kenny Loggins — Danger Zone,2,2010s-2020s,1986,3
Wheatus — Teenage Dirtbag,2,2000s-2020s,2000,3
The Crystal Method — Now Is the Time,2,1990s-2000s,1997,3
Fastway — Love Love Love,2,2010s-2020s,2017,3
Finitribe — I Want More,2,1980s-2020s,1987,3
Eric Benét — Why You Follow Me,2,2000s-2020s,1998,3
Jerry Lee Lewis — Keep Your Hands Off of It,2,1980s-2000s,2015,3
Krome & Time — The Slammer,2,1990s-2020s,1993,3
Mefjus — Suicide Bassline,2,2010s-2020s,2014,3
Gigi D’Agostino — Again,2,2000s-2010s,2006,3
Level 42 — (Flying on the) Wings of Love,2,1980s-2020s,2002,3
Ariana Grande — bloodline,2,2010s-2020s,2019,3
Ariana Grande — God is a woman,2,2010s-2020s,2018,3
Khalid — Love Lies,2,2010s-2020s,2018,3
Eelke Kleijn — Maschine 1.0,2,2010s-2020s,2018,3
Folder 5 — SUPERGIRL,2,2000s-2020s,2000,3
ILLENIUM — Fortress,2,2010s-2020s,2016,3
Boards of Canada — Dayvan Cowboy,2,2000s-2010s,2005,3
Mango — Pillow Fights,2,2010s-2020s,2021,3
Seven Lions — Worlds Apart,2,2010s-2020s,2014,3
Dr. Buzzard’s Original Savannah Band — Cherchez la femme / Se si bon,2,1970s-1990s,1976,3
Theatre of Tragedy — Storm,2,2000s-2010s,2006,3
Miles Davis — Milestones,2,1990s-2000s,1958,3
倖田來未 — Lick me ♥,2,2000s-2010s,2009,3
OceanLab — Miracle,2,2000s-2020s,2008,3
Scott Walker — Next,2,1980s-1990s,1968,3
David McCallum — The Edge,2,1990s-2000s,1967,3
The Gap Band — Yearning for Your Love,2,1990s-2010s,1980,3
"Grover Washington, Jr. — Black Frost",2,1970s-1990s,1975,3
Mandalay — This Life,2,1990s-2000s,1997,3
Brick — Living From the Mind,2,1990s-2000s,1977,3
Foul Play — Being With You,2,1990s-2020s,1994,3
中森明菜 — 難破船,2,1990s-2010s,1987,3
中森明菜 — 二人静—「天河伝説殺人事件」より,2,1990s-2010s,1991,3
BoA — Every Heart -ミンナノキモチ-,2,2000s-2020s,2002,3
Garbage — The World Is Not Enough,2,1990s-2000s,1999,3
Basement Jaxx — Oh My Gosh,2,2000s-2020s,2005,3
Cyrus — Enforcement,2,1990s-2000s,1993,3
Meshuggah — Bleed,2,2010s-2020s,2008,3
西風雲 — Break your name,2,2000s-2010s,2009,3
"Desert Dwellers — Praise Her, the Fire Keeper",2,2010s-2020s,2019,3
Halsey — Gasoline,2,2010s-2020s,2015,3
Incubus — Drive,2,2000s-2010s,1999,3
The Beatles — Yesterday,2,1980s-2020s,1965,3
Daryl Hall & John Oates — I Can’t Go for That (No Can Do),2,1980s-2010s,1981,3
The Beatles — And Your Bird Can Sing,2,2000s-2020s,1966,3
Danny Baranowsky — Rhythmortis (Lobby),2,2010s-2020s,2015,3
Just Brothers — Sliced Tomatoes,2,1990s-2010s,1972,3
The Beatles — Doctor Robert,2,2000s-2020s,1966,3
will.i.am — Scream & Shout,2,2010s-2020s,2013,3
Sisqó — Thong Song,2,2000s-2010s,1999,3
Drake — Passionfruit,2,2010s-2020s,2017,3
Dimitri Vegas — Tremor,2,2010s-2020s,2014,3
Lady Gaga — Perfect Illusion,2,2010s-2020s,2016,3
Magic Sword — In the Face of Evil,2,2010s-2020s,2015,3
RuPaul — Supermodel (You Better Work),2,2000s-2020s,1993,3
Michael Jackson — Liberian Girl,2,1990s-2000s,1987,3
Run‐D.M.C. — Sucker M.C.’s (Krush‐Groove 1),2,1990s-2000s,1983,3
DJ One Finger — One Finger,2,2000s-2020s,2001,3
Run‐D.M.C. — Hit It Run,2,1990s-2000s,1986,3
AAA — 唇からロマンチカ,2,2000s-2020s,2007,3
Gänsehaut — Karl der Käfer,2,1990s-2000s,1983,3
The Chambers Brothers — Time Has Come Today,2,1980s-1990s,1967,3
Switch — I Call Your Name,2,2000s-2010s,1991,3
Madonna — Love Don’t Live Here Anymore,2,1990s-2010s,1984,3
The Doors — The End,2,1990s-2000s,1967,3
"The Isley Brothers — For the Love of You, Parts 1 & 2",2,1990s-2000s,1975,3
Buddy Ross — Running Around,2,2010s-2020s,2016,3
Ajja — Juicy Shrooms,2,2010s-2020s,2007,3
Veronica Maggio — Måndagsbarn,2,2000s-2010s,2008,3
Bobby Byrd — I Know You Got Soul,2,1980s-1990s,1971,3
The Avener — Beautiful,2,2010s-2020s,2019,3
Oniris — The Rebirth,2,2010s-2020s,2013,3
Jason Derulo — Whatcha Say,2,2010s-2020s,2009,3
Boards of Canada — Happy Cycling,2,1990s-2010s,1998,3
Soulja Boy — Bird Walk,2,2010s-2020s,2008,3
Just Jack — Starz in Their Eyes,2,2000s-2020s,2006,3
Virtual Riot — Pray For Riddim,2,2010s-2020s,2018,3
Grimes — Violence,2,2010s-2020s,2019,3
Adele — Chasing Pavements,2,2000s-2020s,2007,3
Tom Fall — Dive,2,2010s-2020s,2010,3
椛田早紀 — LONELY ROLLING STAR,2,2010s-2020s,2004,3
Eminem — Sing for the Moment,2,2000s-2010s,2002,3
PUFFY — アジアの純真,2,1990s-2000s,1996,3
The Doobie Brothers — What a Fool Believes,2,2000s-2010s,1978,3
The Human League — Love Action (I Believe in Love),2,1980s-2000s,1981,3
宇多田ヒカル — Face My Fears (English version),2,2010s-2020s,2019,3
Fragma — Toca’s Miracle,2,2000s-2010s,2000,3
"ABBA — Money, Money, Money",2,1980s-2010s,1976,3
M83 — Solitude,2,2010s-2020s,2016,3
Soulja Boy — Crank That (Soulja Boy),2,2010s-2020s,2008,3
The Showboys — Drag Rap (Triggerman),2,2000s-2010s,1994,3
Underworld — Bruce Lee,2,1990s-2010s,1998,3
"Beastie Boys — Hold It Now, Hit It",2,1980s-2000s,1986,3
Earthling — 1st Transmission,2,1990s-2020s,1995,3
Raiden — RM Bleeps,2,2000s-2020s,2008,3
The O’Jays — I Love Music,2,1970s-1980s,1975,3
Hardwell — Echo,2,2010s-2020s,2015,3
Kid Sister — Pro Nails,2,2000s-2010s,2007,3
Jennifer Hanson — '73,2,2000s-2010s,2008,3
Bonobo — Kiara,2,2010s-2020s,2010,3
Rachel Platten — Fight Song,2,2010s-2020s,2015,3
Corey Hart — Sunglasses at Night,2,2010s-2020s,1983,3
Isaac Hayes — Walk On By,2,1990s-2010s,1974,3
S3RL — Transformers,2,2000s-2010s,2006,3
Cerrone — Look for Love,2,1990s-2000s,1978,3
N.W.A — A Bitch Iz a Bitch,2,1990s-2000s,1989,3
Deftones — Digital Bath,2,2000s-2020s,2000,3
J:Kenzo — Ruffhouse,2,2010s-2020s,2011,3
Lilly Wood and The Prick — Prayer in C,2,2010s-2020s,2010,3
Linkin Park — By Myself,2,2000s-2010s,2000,3
Brandy — Top of the World,2,1990s-2000s,1998,3
Ahmad — Back in the Day,2,1990s-2000s,1994,3
"Gareth Morris — Pavane in F-sharp minor, op. 50",2,1990s-2000s,1993,3
War — Slippin’ Into Darkness,2,1990s-2010s,1971,3
Kosheen — Dangerous Waters,2,1990s-2000s,1999,3
Monsieur Grandin — Off,2,2010s-2020s,2015,3
Madeon — La Lune,2,2010s-2020s,2015,3
Alan Hawkshaw — Countdown,2,1990s-2010s,1978,3
globe — garden,2,2010s-2020s,2001,3
Boogie Down Productions — South Bronx,2,2000s-2010s,1987,3
KISS — Calling Dr. Love,2,1970s-1980s,1976,3
Marvin Gaye — Got to Give It Up,2,2000s-2010s,1977,3
倖田來未 — Hey baby!,2,2010s-2020s,2011,3
Grateful Dead — New Speedway Boogie,2,2000s-2020s,1970,3
R.E.M. — Tongue,2,1990s-2010s,1994,3
ZZ Top — Gimme All Your Lovin’,2,2000s-2020s,1983,3
LMFAO — Sorry for Party Rocking,2,2010s-2020s,2011,3
Ideal — Berlin,2,1990s-2010s,1980,3
Tones on Tail — Go!,2,1990s-2000s,1984,3
SOFT BALLET — BODY TO BODY,2,1980s-1990s,1989,3
Antique — (I Would) Die for You,2,2000s-2010s,2001,3
City Girls — Act Up,2,2010s-2020s,2018,3
Curtis Mayfield — Tripping Out,2,1980s-1990s,1980,3
The Fray — How to Save a Life,2,2000s-2010s,2005,3
Daughtry — It’s Not Over,2,2000s-2010s,2006,3
T‐Pain — Buy U a Drank (Shawty Snappin’),2,2000s-2020s,2007,3
Gym Class Heroes — Cupid’s Chokehold,2,2000s-2010s,2005,3
Mariah Carey — Say Somethin’,2,2000s-2020s,2005,3
"Blood, Sweat & Tears — Spinning Wheel",2,1990s-2000s,1968,3
Cassius — The Sound of Violence,2,2000s-2010s,2002,3
Beck — Bonus Noise,2,1990s-2000s,1994,3
Beck — The New Pollution,2,1990s-2000s,1996,3
Bulgarian State Radio & Television Female Vocal Choir — Pilentze Pee,2,1990s-2010s,1975,3
Pixies — Monkey Gone to Heaven,2,2010s-2020s,1989,3
Daniel Ingram — The Magic Inside,2,2010s-2020s,2015,3
Necro — The Most Sadistic,2,2000s-2010s,2000,3
Ohio Players — Love Rollercoaster,2,1990s-2010s,1975,3
Donny Hathaway — Magnificent Sanctuary Band,2,1980s-1990s,1971,3
Zomboy — Terror Squad,2,2010s-2020s,2013,3
Skrillex — All Is Fair in Love and Brostep,2,2010s-2020s,2014,3
Kendrick Lamar — King Kunta,2,2010s-2020s,2015,3
Daft Punk — Robot Rock (Soulwax remix),2,2000s-2010s,2005,3
Radiohead — Nude,2,2000s-2010s,2007,3
Linkin Park — Pts.of.Athrty,2,2000s-2010s,2002,3
Fatboy Slim — Praise You,2,2010s-2020s,1998,3
Ian Van Dahl — Castles in the Sky,2,2000s-2010s,1999,3
Snap! — Rhythm Is a Dancer,2,2010s-2020s,1992,3
Steve Winwood — Valerie,2,2000s-2020s,1982,3
Юрій Михайлов — 4U,2,2010s-2020s,2021,3
Ovnimoon — Gathering of Angels,2,2010s-2020s,2009,3
Courts — Waiting for You,2,2010s-2020s,2019,3
Laya Project — Glorious Sun,2,2000s-2010s,2007,3
Prince — Still Waiting,2,1970s-1980s,1979,3
Aquafeel — Forest Lights,2,2010s-2020s,2010,3
The Last Dance — Wonderlust,2,2000s-2010s,2003,3
Jawoll — Taxi,2,1990s-2000s,1982,3
AI — Story,2,2000s-2010s,2005,3
KISS — Cold Gin,2,1970s-2000s,1986,3
Massive Attack — Exchange,2,2000s-2010s,1998,3
Isaac Hayes — Our Day Will Come,2,1990s-2000s,1970,3
TRF — survival dAnce 〜no no cry more〜 (Eurobeat Mix),2,2000s-2010s,2001,3
Rose Royce — Love Don’t Live Here Anymore,2,1990s-2010s,1978,3
Drake — Take Care,2,2010s-2020s,2011,3
De La Soul — All Good?,2,2000s-2020s,2000,3
Peter Murphy — Blind Sublime,2,1980s-2010s,1988,3
m.o.v.e — Romancing Train,2,2000s-2010s,2002,3
The Qemists — Stompbox (Spor remix),2,2000s-2010s,2007,3
Melanie Martinez — Play Date,2,2010s-2020s,2015,3
Elton John — I Don’t Wanna Go On With You Like That,2,1980s-1990s,1988,3
Stromae — Formidable,2,2010s-2020s,2013,3
Grandmaster Flash & The Furious Five — The Message (a cappella),2,2000s-2020s,1997,3
m‐flo — gET oN!,2,2000s-2010s,2003,3
Whitney Houston — Love Will Save the Day,2,2000s-2010s,1987,3
Gravediggaz — 1‐800‐Suicide,2,1990s-2010s,1994,3
INNA — Amazing (Radio Edit),2,2000s-2010s,2005,3
globe — genesis of next,2,2000s-2010s,2001,3
倖田來未 — め組のひと,2,2010s-2020s,2010,3
New Order — Crystal,2,2000s-2020s,2001,3
Prince — If I Was Your Girlfriend,2,1980s-2000s,1987,3
BT — The Force of Gravity,2,2000s-2010s,2003,3
The Last Dance — Silently She,2,2000s-2010s,2003,3
Skrillex — VIPs,2,2010s-2020s,2016,3
girl next door — Seeds of dream,2,2000s-2010s,2009,3
Bob Marley & The Wailers — Three Little Birds,2,2000s-2010s,1977,3
Noisia — Leopard Slug,2,2010s-2020s,2014,3
Siouxsie and the Banshees — Happy House,2,1990s-2010s,1980,3
Portishead — Numb,2,1990s-2010s,1994,3
The Temptations — Papa Was a Rollin’ Stone,2,2000s-2010s,1972,3
S3RL — R4V3 B0Y (radio edit),2,2010s-2020s,2015,3
ALMA — Chasing Highs,2,2010s-2020s,2017,3
Hardwell — Spaceman,2,2010s-2020s,2012,3
DJ Duro — Shizzle My Dizzle,2,2000s-2020s,2004,3
Atmozfears — Move Ma Body,2,2010s-2020s,2019,3
Meg & Dia — Monster,2,2010s-2020s,2006,3
Mefjus — Surrounded,2,2010s-2020s,2014,3
Death Grips — Takyon (Death Yon),2,2010s-2020s,2011,3
Shakira — Waka Waka (This Time for Africa),2,2010s-2020s,2010,3
Hektagon — Running Thorugh,2,2000s-2010s,2008,3
The Time — 777-9311,2,1980s-1990s,1982,3
Acylum — Crazy,2,2000s-2010s,2008,3
Duran Duran — Save a Prayer,2,1980s-1990s,1982,3
Boogie Down Productions — 9mm Goes Bang,2,1990s-2000s,1987,3
Boom Jinx — To the Six (original mix),2,2000s-2010s,2009,3
Michael Jackson — Wanna Be Startin’ Somethin’,2,1980s-2000s,1982,3
Falco — Männer des Westens - Any Kind of Land,2,1980s-2000s,1985,3
Aphex Twin — [Windowsill],2,1990s-2010s,1994,3
Lil Uzi Vert — Pretty Mami,2,2010s-2020s,2017,3
m‐flo — Simple & Lovely,2,2000s-2010s,2007,3
Future Cut — Whiplash,2,2000s-2020s,1999,3
Eelke Kleijn — De orde van de nacht (part 2),2,2010s-2020s,2018,3
芸能山城組 — BATTLE AGAINST CLOWN,2,2010s-2020s,1988,3
Linkin Park — Breaking the Habit,2,2010s-2020s,2003,3
Hive — Neo (remix),2,2000s-2010s,2008,3
"Ecstasy, Passion & Pain — Touch and Go",2,1990s-2000s,1976,3
The D.O.C. — It’s Funky Enough,2,1990s-2010s,1989,3
Sinéad O’Connor — This IS a Rebel Song,2,1990s-2000s,1997,3
倉木麻衣 — Baby I Like,2,1990s-2000s,1999,3
Jon Hopkins — Emerald Rush,2,2010s-2020s,2018,3
Vladimir Cauchemar — Aulos,2,2010s-2020s,2017,3
Jerry Rivera — Amores como el nuestro,2,1990s-2000s,1992,3
deadmau5 — I Said (Michael Woods remix),2,2010s-2020s,2010,3
Gwen McCrae — Funky Sensation,2,1990s-2010s,1981,3
Fela Kuti — Colonial Mentality,2,1990s-2000s,1977,3
Selena Gomez — Birthday,2,2010s-2020s,2013,3
Lady A — Need You Now,2,2000s-2010s,2010,3
"Barry White — Can't Get Enough of Your Love, Babe",2,1990s-2010s,1974,3
Bob Dylan — Pledging My Time,2,1980s-1990s,1966,3
X Marks the Pedwalk — Abattoir,2,1990s-2000s,1991,3
Samantha Fox — Naughty Girls,2,1980s-2010s,1987,3
Martin Landsky — 1000 Miles,2,2000s-2010s,2006,3
Laid Back — Bakerman,2,2000s-2010s,1989,3
The Dramatics — Whatcha See Is Whatcha Get,2,1970s-1990s,1971,3
The Gap Band — Outstanding,2,1990s-2000s,1982,3
The Beatles — Piggies,2,2000s-2020s,1968,3
The Beatles — Revolution,2,1990s-2010s,1968,3
The Cinematic Orchestra — Channel 1 Suite,2,1990s-2010s,1999,3
DJ Ötzi — Burger Dance (party version),2,2000s-2010s,2003,3
Aghast View — Truthlike,2,1990s-2020s,1997,3
Megadeth — Mechanix,2,2000s-2010s,1985,3
[unknown] — Train Sequence,2,1980s-1990s,1958,3
Wu‐Tang Clan — Protect Ya Neck,2,1990s-2020s,1993,3
The Pointer Sisters — Pinball Number Count,2,2000s-2010s,2003,3
Balkan Beat Box — Hermetico,2,2000s-2010s,2005,3
Baby Huey — Hard Times,2,1990s-2000s,1971,3
London Symphony Orchestra — The Imperial March (Darth Vader’s Theme),2,2000s-2010s,1980,3
Tone‐Lōc — Funky Cold Medina,2,2000s-2010s,1989,3
Lorde — Tennis Court,2,2010s-2020s,2012,3
Wiley — Boasty,2,2010s-2020s,2019,3
Dr. Dre — What’s the Difference,2,2000s-2010s,1999,3
John Mellencamp — Jack & Diane,2,2000s-2010s,1982,3
Danny Brown — Die Like a Rockstar,2,2010s-2020s,2011,3
Inner Circle — Sweat (A La La La La Long),2,2000s-2010s,1992,3
Madeon — The City,2,2010s-2020s,2012,3
MFSB — Love Is the Message,2,1990s-2000s,1973,3
Carol Williams — Love Is You (original mix),2,1990s-2000s,1994,3
Rotary Connection — Memory Band,2,1990s-2000s,1968,3
Brethren — Outside Love,2,1990s-2010s,1970,3
Skyy — Call Me,2,1980s-1990s,1981,3
倖田來未 — 1000の言葉,2,2000s-2010s,2003,3
The Fray — You Found Me,2,2000s-2010s,2008,3
Meghan Trainor — Lips Are Movin,2,2010s-2020s,2014,3
José González — Remain,2,2000s-2010s,2003,3
MC5 — Kick Out the Jams,2,1980s-1990s,1969,3
Anastacia — Absolutely Positively,2,2000s-2010s,2008,3
Kobaryo — Eternal Ending,2,2010s-2020s,2017,3
Jamiroquai — Virtual Insanity,2,2000s-2020s,1996,3
Elton John — Someone Saved My Life Tonight,2,2000s-2010s,1975,3
Elton John — Philadelphia Freedom,2,2000s-2010s,1977,3
Lady Gaga — Shallow,2,2010s-2020s,2018,3
Drake — Best I Ever Had,2,2000s-2010s,2009,3
T.I. — Dead and Gone,2,2000s-2010s,2008,3
Kings of Leon — Use Somebody,2,2000s-2010s,2008,3
Miley Cyrus — The Climb,2,2000s-2010s,2009,3
Soulja Boy — Kiss Me Thru the Phone,2,2000s-2020s,2008,3
Supermax — Camillo,2,1990s-2000s,1994,3
Inner City — ’Till We Meet Again,2,1990s-2020s,1990,3
Adina Howard — Freak Like Me (radio version),2,1990s-2010s,1995,3
Adina Howard — Freak Like Me,2,1990s-2000s,1995,3
Thompson Twins — Don’t Mess With Doctor Dream,2,1980s-2000s,1985,3
Body Power — Nothing,2,2010s-2020s,1986,3
AAA — Hide‐away,2,2000s-2010s,2009,3
DJ Zinc — Casino Royale,2,2000s-2020s,2001,3
James Brown — Coldblooded,2,1990s-2000s,1974,3
:wumpscut: — Thorns,2,2000s-2020s,1995,3
Yeah Yeah Yeahs — Heads Will Roll (A-Trak remix),2,2010s-2020s,2009,3
Prince — Let’s Pretend We’re Married,2,1980s-2010s,1982,3
Matthias Raue — Löwenzahn,2,2010s-2020s,2001,3
Kidneythieves — Zerøspace,2,2000s-2020s,2001,3
Showtek — Cannonball,2,2010s-2020s,2012,3
Astrix — Sapana,2,2010s-2020s,2015,3
DJ Trace — Dibby,2,2010s-2020s,2018,3
愛内里菜 — FULL JUMP,2,2000s-2010s,2003,3
布袋寅泰 — Battle Without Honor or Humanity,2,2000s-2010s,2000,3
Shawn Mendes — Stitches,2,2010s-2020s,2015,3
"Wilson Pickett — Get Me Back on Time, Engine Number 9",2,1980s-1990s,1970,3
Jaroška — How Do You Call It,2,2010s-2020s,2019,3
Matchbox Twenty — How Far We’ve Come,2,2010s-2020s,2007,3
Jonathan Wolff — Seinfeld,2,2010s-2020s,1996,3
Ramones — I Wanna Be Sedated,2,2010s-2020s,1978,3
Lupe Fiasco — I Gotcha,2,2000s-2010s,2006,3
M.O.O.N. — Paris,2,2010s-2020s,2011,3
G Tom Mac — Cry Little Sister (theme from “The Lost Boys”),2,2010s-2020s,1987,3
Jamie xx — SeeSaw,2,2010s-2020s,2015,3
Danny Baranowsky — A Hot Mess (3-3 Hot),2,2010s-2020s,2014,3
The Resonance Association — Our Man in London,2,2010s-2020s,2020,3
Underworld — Dark & Long,2,1990s-2020s,1993,3
MoodFreak — Last Days of Blue,2,2010s-2020s,2021,3
Сергей Васюта — На белом покрывале января,2,2000s-2020s,1995,3
Robyn — Cobrastyle,2,2000s-2020s,2006,3
Toni Basil — Mickey,2,2000s-2020s,1981,3
Dog Blood — Middle Finger,2,2010s-2020s,2012,3
Panjabi MC — Mundian to bach ke,2,2000s-2020s,1998,3
DJ Shadow — Organ Donor,2,2000s-2010s,1996,3
Giorgio Moroder — Tears,2,1990s-2010s,1972,3
Sofie Letitre — Perfect Mistake,2,2010s-2020s,2015,3
Aphex Twin — [Z Twig],2,2000s-2010s,1994,3
Classixx — Cold Act Ill (extended mix),2,2000s-2010s,2008,3
Ross Young — Smooth Operator (original mix),2,1990s-2000s,1999,3
Dudlee — Innocence,2,2000s-2010s,2009,3
Killerwatts — Wake Up,2,2010s-2020s,2012,3
I Am Legion — Farrda,2,2010s-2020s,2013,3
Quadrant — Rage & Rapture,2,2000s-2010s,2007,3
Daly Wilson Big Band — Dirty Feet,2,1990s-2000s,1972,3
Crazy Mashcore Mafia — Children Of The Night,2,2010s-2020s,2011,3
Pink Floyd — Us and Them,2,1970s-2000s,1973,3
KW Griff — Bring in the Katz,2,2010s-2020s,2012,3
"Billy Ocean — Get Outta My Dreams, Get Into My Car",2,1980s-1990s,1988,3
Wulf n’Bear — [untitled],2,1990s-2020s,1995,3
The Sabres of Paradise — Lick Wid Nit Wit,2,1990s-2010s,1993,3
Etnica — Trip Tonight,2,2000s-2010s,1996,3
Trébol Clan — En la disco apretá,2,2000s-2010s,2008,3
DJ Trace — By Any Means Necessary,2,1990s-2020s,1995,3
Al Bowlly — Heartaches,2,2010s-2020s,2013,3
iroha(sasaki) — 炉心融解,2,2010s-2020s,2009,3
blackbear — fashion week,2,2010s-2020s,2024,3
Dream — Movin' on <Eurobeat Mix>,2,2000s-2010s,2000,3
"Moondog — Lament I, “Bird’s Lament”",2,1990s-2000s,1969,3
Au/Ra — Panic Room,2,2010s-2020s,2018,3
Charlie Puth — How Long,2,2010s-2020s,2017,3
Lynyrd Skynyrd — Free Bird,2,1990s-2020s,1973,3
Alison Wonderland — Run,2,2010s-2020s,2015,3
Fats Domino — Heartbreak Hill,2,1960s-1980s,1965,3
Billie Eilish — all the good girls go to hell,2,2010s-2020s,2019,3
The Beatles — Happiness Is a Warm Gun,2,2000s-2020s,1968,3
DeBarge — Stay With Me,2,1990s-2000s,1983,3
Teena Marie — Square Biz,2,1980s-1990s,1981,3
Fats Domino — Ballin’ the Jack,2,1980s-1990s,1965,3
Grendel — End of Ages,2,2000s-2010s,2002,3
The Galactic Force Band — Space Dust,2,1980s-2000s,1978,3
Queen — A Kind of Magic,2,1990s-2010s,1986,3
Queen — A Kind of Magic,2,1990s-2010s,1992,3
D12 — My Band,2,2000s-2010s,2003,3
"Neutral Milk Hotel — The King of Carrot Flowers, Pt. One",2,2010s-2020s,1998,3
Sonic Youth — Shadow of a Doubt,2,2000s-2010s,1986,3
MF DOOM — Hoe Cakes,2,2000s-2020s,2004,3
Benny Benassi — Cinema,2,2010s-2020s,2011,3
Mr. Oizo — Hun,2,2010s-2020s,2008,3
Mark Governer — Stadium Rave (D / Short Version),2,2010s-2020s,1998,3
Frank Ocean — Thinkin Bout You,2,2010s-2020s,2012,3
Bob James — Nautilus,2,1990s-2000s,1998,3
Ace of Base — All That She Wants,2,2000s-2020s,1992,3
DMX — What’s My Name?,2,2000s-2010s,1999,3
Beyoncé — Naughty Girl,2,2000s-2020s,2003,3
Beastie Boys — Here’s a Little Something for Ya,2,2000s-2010s,2011,3
T La Rock — Breakdown,2,1980s-1990s,1985,3
Madonna — The Power of Good‐Bye,2,1990s-2000s,1998,3
Mindbenderz — Cosmic Dancer,2,2010s-2020s,2016,3
Gorillaz — Stylo,2,2010s-2020s,2010,3
Dune — Can't Stop Raving,2,2000s-2010s,1995,3
NIRGILIS — sakura,2,2000s-2010s,2006,3
Mz Bratt — Selecta,2,2010s-2020s,2016,3
Madeon — Imperium,2,2010s-2020s,2014,3
Robyn — With Every Heartbeat,2,2000s-2010s,2007,3
Pretty Lights — Finally Moving,2,2000s-2010s,2006,3
Paul McCartney — Momma Miss America,2,1980s-1990s,1970,3
Bob Dylan — Visions of Johanna,2,1980s-1990s,1966,3
Curtis Mayfield — Think,2,1980s-2000s,1972,3
Noisia — The Entangled,2,2010s-2020s,2016,3
"Dawn Penn — You Don’t Love Me (No, No, No)",2,2010s-2020s,1994,3
Kirlian Camera — Blue Room,2,1980s-2000s,1985,3
Curtis Mayfield — Do Do Wap Is Strong in Here,2,1970s-2000s,1977,3
Soundgarden — Spoonman,2,1990s-2010s,1994,3
Neneh Cherry — Buffalo Stance,2,2000s-2010s,1988,3
EPMD — Strictly Snappin’ Necks,2,1990s-2000s,1989,3
Ken Martin — Fire in the Night,2,2010s-2020s,2015,3
Taco — Puttin’ on the Ritz,2,2000s-2010s,1982,3
Bob Dylan — Obviously Five Believers,2,1980s-1990s,1966,3
Jomanda — Don't You Want My Love,2,1990s-2010s,1990,3
The Blackbyrds — All I Ask,2,1990s-2000s,1975,3
Psilodump — Phonebook,2,2000s-2010s,2009,3
Chaka Khan — Fate,2,1990s-2010s,1981,3
DJ Trace — Lost Entity (London Side),2,1990s-2020s,1993,3
Spandau Ballet — Chant No. 1 (I Don’t Need This Pressure On),2,2000s-2020s,1982,3
Stereo MC’s — Connected,2,1990s-2010s,1992,3
倖田來未 — Moon Crying,2,2000s-2010s,2008,3
西木野真姫 — soldier game,2,2010s-2020s,2012,3
Richard Wright — Runaway,2,1990s-2000s,1996,3
deadmau5 — Let Go,2,2010s-2020s,2016,3
SZA — Love Galore,2,2010s-2020s,2017,3
California Sunshine — Summer 89,2,1990s-2010s,1997,3
Klaus & Klaus — Jodeladi (die Herzensbotschaft),2,1990s-2000s,1990,3
supercell — ワールドイズマイン,2,2010s-2020s,2008,3
Madness — Our House,2,2010s-2020s,1982,3
Paso Doble — Herz an Herz,2,1990s-2000s,1985,3
Blue Rodeo — Rose-Coloured Glasses,2,1980s-2010s,1987,3
Enya — Caribbean Blue,2,1990s-2010s,1991,3
Chicane — Saltwater,2,1990s-2020s,2013,3
New Order — People on the High Line,2,2010s-2020s,2015,3
The Beatles — She Said She Said,2,2000s-2020s,1966,3
The Beatles — Julia,2,2000s-2020s,1968,3
Spice Girls — Viva Forever,2,1990s-2000s,1998,3
Pretty Lights — One Day They’ll Know,2,2010s-2020s,2013,3
近藤浩治 — Gerudo Valley,2,2010s-2020s,1998,3
Desert Dwellers — Crossing the Desert,2,2000s-2010s,2006,3
ATEEZ — WAVE,2,2010s-2020s,2019,3
J Álvarez — Sentimientos escondidos,2,2010s-2020s,2019,3
Ace Ventura — Presence,2,2000s-2010s,2007,3
Daft Punk — Fresh,2,2010s-2020s,1997,3
Keni Burke — Risin’ to the Top (Give It All You Got),2,1990s-2000s,1982,3
Haujobb — Doubleyou,2,1990s-2000s,1999,3
"The Isley Brothers — Sensuality, Part 1 & 2",2,1990s-2000s,1975,3
戸高一生 — Wii Shop Channel,2,2010s-2020s,2022,3
浜崎あゆみ — Greatful days,2,2000s-2010s,2003,3
Sybreed — Doomsday Party,2,2010s-2020s,2009,3
Public Enemy — You’re Gonna Get Yours,2,1980s-1990s,1987,3
Will Smith — Switch,2,2000s-2010s,2005,3
Snoop Dogg — Beautiful,2,2000s-2020s,2002,3
TLC — No Scrubs,2,2010s-2020s,1999,3
Death Grips — Lord of the Game,2,2010s-2020s,2011,3
Curtis Mayfield — Right On for the Darkness,2,1970s-1990s,1973,3
Curtis Mayfield — Right On for the Darkness,2,1990s-2000s,1973,3
Chingy — Pullin’ Me Back,2,2000s-2020s,2006,3
愛瀬雅巳 — カラテ家,2,2010s-2020s,2008,3
Jason Paige — Pokémon Theme,2,2010s-2020s,1999,3
The Living Tombstone — No Mercy,2,2010s-2020s,2017,3
John Carpenter — Halloween Theme,2,2010s-2020s,2018,3
Glaze — Avast Fluttershy’s Ass,2,2010s-2020s,2011,3
Chime — Wait for Me,2,2010s-2020s,2017,3
Example — Changed the Way You Kiss Me (radio edit),2,2010s-2020s,2011,3
Faith No More — Midlife Crisis,2,1990s-2010s,1992,3
Nirvana — Polly,2,2010s-2020s,1991,3
Kendrick Lamar — m.A.A.d city,2,2010s-2020s,2012,3
Q‐Tip — Breathe and Stop,2,2000s-2010s,1999,3
Ye — Fade,2,2010s-2020s,2016,3
Viper — You’ll Cowards Don’t Even Smoke Crack,2,2010s-2020s,2008,3
Billie Eilish — COPYCAT,2,2010s-2020s,2017,3
Duran Duran — The Reflex,2,1980s-2010s,1983,3
Ye — Black Skinhead,2,2010s-2020s,2013,3
Swedish House Mafia — Greyhound,2,2010s-2020s,2012,3
Dan Salvato — Your Reality,2,2010s-2020s,2017,3
Jordan — King of Eurobeat,2,2000s-2010s,2010,3
Zack Roth — Tekkadon,2,2010s-2020s,2011,3
LMFAO — I’m in Miami Bitch,2,2010s-2020s,2008,3
Sewerslvt — Cyberia lyr1,2,2010s-2020s,2019,3
El Ten Eleven — Transitions,2,2010s-2020s,2012,3
Heinz Rudolf Kunze — Dein ist mein ganzes Herz,2,2000s-2010s,1985,3
SynthAttack — Final Salvation,2,2010s-2020s,2018,3
Apoptygma Berzerk — Apollo (Live on Your TV),2,2000s-2010s,2009,3
Linkin Park — A Place for My Head,2,2000s-2010s,2000,3
Depeche Mode — Strangelove (maxi mix),2,1980s-2000s,1987,3
Depeche Mode — (Set Me Free) Remotivate Me,2,1980s-2010s,1984,3
Markus Becker — Das rote Pferd (Originalversion),2,2000s-2010s,2007,3
Run the Jewels — Close Your Eyes (and Count to Fuck),2,2010s-2020s,2014,3
Rob Zombie — Superbeast,2,1990s-2010s,1998,3
Suzy Lazy — Tell Me Baby,2,1990s-2000s,2008,3
The Jacksons — Never Can Say Goodbye,2,1990s-2000s,1971,3
Katy Perry — E.T.,2,2010s-2020s,2011,3
Big Wild — Aftergold,2,2010s-2020s,2016,3
Run the Jewels — Angel Duster,2,2010s-2020s,2014,3
Frequencerz — Fly With Me,2,2010s-2020s,2011,3
Recoil — Jezebel,2,2000s-2010s,2000,3
The Smiths — This Charming Man,2,2000s-2010s,1984,3
The xx — Crystalised,2,2010s-2020s,2009,3
Liquid Soul — Devotion,2,2000s-2010s,2008,3
iamerror — Rainbow Road,2,2010s-2020s,2007,3
Hotblade — Manifold Love,2,2010s-2020s,2015,3
Stefan Anion — Cosmonaut,2,2010s-2020s,2011,3
iwrestledabearonce — Danger in the Manger,2,2000s-2010s,2009,3
Lido — Citi Bike,2,2010s-2020s,2016,3
50 Cent — Window Shopper,2,2000s-2010s,2005,3
marble≠marble — World Wide Sushi,2,2010s-2020s,2016,3
Zapp — Dance Floor,2,1980s-1990s,1982,3
Scissor Sisters — I Don’t Feel Like Dancin’,2,2000s-2010s,2006,3
中山美穂 — WAKU WAKUさせて,2,1980s-1990s,1986,3
Kylie Minogue — Confide in Me (Master mix),2,1990s-2000s,1994,3
Röyksopp — Eple,2,2000s-2010s,2001,3
Billy Idol — Flesh for Fantasy,2,1980s-2010s,1983,3
Bob Dylan — I Want You,2,1980s-1990s,1966,3
Imagine Dragons — Thunder,2,2010s-2020s,2017,3
増田順一 — シオンタウンのテーマ,2,2010s-2020s,1997,3
Childish Gambino — V. 3005,2,2010s-2020s,2013,3
The Beatles — Glass Onion,2,2000s-2020s,1968,3
The Beatles — Cry Baby Cry,2,2000s-2020s,1968,3
The Beatles — Mother Nature’s Son,2,2000s-2020s,1968,3
This Mortal Coil — Song to the Siren,2,2000s-2010s,1983,3
Spice Girls — Say You’ll Be There,2,1990s-2000s,1996,3
Four Carry Nuts — Pendulum,2,2000s-2010s,2004,3
Fats Domino — Good Hearted Man,2,1960s-1990s,2002,3
The Cult — She Sells Sanctuary,2,1990s-2000s,1985,3
Aural Rage — Fj Nettlefold,2,2000s-2010s,2005,3
"Mady Mesplé — Lakmé : Acte I. Duettino « Viens, Mallika… » (Lakmé, Mallika)",2,1990s-2000s,1987,3
Prince — Beautiful,2,1990s-2000s,1994,3
Grand Wizzard Theodore — Subway Theme,2,1990s-2000s,1997,3
Yomo — Descará,2,2000s-2010s,2008,3
Ina Deter Band — Neue Männer braucht das Land,2,1990s-2000s,1982,3
Melanie C — High Heels,2,2010s-2020s,2019,3
Nappy Roots — Awnaw,2,2000s-2020s,2002,3
James Brown — Godfather Runnin’ the Joint,2,2000s-2020s,1988,3
Cheryl Lynn — Encore,2,1980s-1990s,1983,3
Gappa G & Hyper Hypa — River Niger,2,1990s-2020s,1994,3
The Contours — Do You Love Me,2,2010s-2020s,1962,3
Gucci Mane — Pillz,2,2000s-2010s,2006,3
Klaus Lage Band — Faust auf Faust (Schimanski),2,1980s-2000s,1985,3
H.U.V.A. Network — Access to the Long Fields,2,2000s-2010s,2011,3
H.U.V.A. Network — Processing Lights,2,2000s-2010s,2011,3
RL Grime — Core,2,2010s-2020s,2014,3
Nicki Minaj — Did It On’em,2,2010s-2020s,2010,3
Fats Domino — Natural Born Lover,2,1960s-1990s,1960,3
Sia — Breathe Me,2,2000s-2010s,2004,3
Quadrant — Infinition,2,1990s-2000s,1993,3
Kraftwerk — Radioactivity,2,1990s-2020s,1975,3
DJ Ötzi — Sweet Caroline (radio version),2,2000s-2010s,2009,3
Fon.Leman — Holy Grail,2,2010s-2020s,2013,3
Nina Hagen Band — African Reggae,2,1980s-2000s,1979,3
Stromae — Papaoutai,2,2010s-2020s,2013,3
Ella Fitzgerald — Taking a Chance on Love / I’m in the Mood for Love,2,1980s-1990s,1973,3
"Phanatic — Peace, Love, Unity, Respect",2,2010s-2020s,2015,3
The Beatles — Got to Get You Into My Life,2,2000s-2020s,1966,3
The Time — Gigolos Get Lonely Too,2,1980s-1990s,1982,3
Psilodump — Psilodumputer,2,2000s-2010s,2000,3
De La Soul — Potholes in My Lawn,2,1990s-2000s,1988,3
Kate Nash — Mouthwash,2,2000s-2010s,2007,3
Ye — Stronger,2,2000s-2010s,2007,3
Depeche Mode — Enjoy the Silence (The Quad: final mix),2,1990s-2000s,1990,3
Beyoncé — Beautiful Liar,2,2000s-2020s,2007,3
"Ian Dury & the Blockheads — Reasons to Be Cheerful, Part 3",2,1980s-2000s,1979,3
Teddy Pendergrass — Come Go With Me,2,1990s-2000s,1979,3
PIG — Truth Is Sin,2,2010s-2020s,2018,3
Alessandro Moreschi — Domine salvum fac pontificem nostrum Leonem,2,1990s-2000s,1902,3
Depeche Mode — Just Can’t Get Enough,2,1990s-2000s,1983,3
Mikkas — Finally,2,2010s-2020s,2013,3
Paloma Faith — Only Love Can Hurt Like This,2,2010s-2020s,2014,3
Dennis Edwards — Don’t Look Any Further,2,1990s-2000s,1984,3
Evelyn “Champagne” King — Love Come Down,2,1990s-2000s,1982,3
Geier Sturzflug — Besuchen Sie Europa (solange es noch steht),2,1990s-2000s,1983,3
Drama — Why Can't This Be Love,2,1990s-2010s,2019,3
Fat Joe — Success,2,1990s-2010s,1995,3
The Masqueraders — It's a Terrible Thing to Waste Your Love,2,2000s-2020s,1976,3
"Lollies — Wahnsinn (..Hölle, Hölle, Hölle) (mix 2004)",2,2000s-2010s,2014,3
The Righteous Brothers — Unchained Melody,2,2010s-2020s,1965,3
Noisia — The Approach,2,2010s-2020s,2016,3
The Crusaders — Lilies of the Nile,2,1990s-2010s,1974,3
Cornelius — The Micro Disneycal World Tour,2,1990s-2010s,1997,3
The War on Drugs — An Ocean in Between the Waves,2,2010s-2020s,2014,3
The Pointer Sisters — Automatic,2,1980s-2000s,1983,3
The Family Stand — Ghetto Heaven,2,1990s-2000s,1990,3
Acylum — Glock 17,2,2000s-2010s,2007,3
Eddie Bo — The Hook and Sling Part 1,2,1980s-1990s,1996,3
Madonna — Hanky Panky,2,1990s-2010s,1990,3
Amy Winehouse — You Know I’m No Good (remix),2,2000s-2010s,2006,3
Danny Baranowsky — Konga Conga Kappa (King Conga),2,2010s-2020s,2015,3
Aerosmith — Angel,2,1980s-2020s,1987,3
光田康典 — 樹海の神秘,2,2000s-2010s,1995,3
Lil Uzi Vert — Money Longer,2,2010s-2020s,2016,3
Kraftwerk — Das Model,2,2000s-2010s,1978,3
Travis — Writing to Reach You,2,1990s-2000s,1999,3
Skrillex — Purple Lamborghini,2,2010s-2020s,2016,3
Baltimora — Tarzan Boy,2,1980s-2000s,1984,3
Run the Jewels — Jeopardy,2,2010s-2020s,2014,3
Aperture Science Psychoacoustic Laboratories — Reconstructing More Science,2,2010s-2020s,2011,3
Fugazi — Waiting Room,2,2000s-2010s,1988,3
"永田権太 — Peach Beach, Daisy Cruiser",2,2010s-2020s,2003,3
Touch and Go — Would You…?,2,2000s-2010s,1998,3
Renard — NAMx (BOOTY HEAVEN mix),2,2010s-2020s,2012,3
Bros — When Will I Be Famous?,2,2000s-2020s,1988,3
Dido — Thankyou,2,2000s-2010s,1999,3
Death Grips — Spikes,2,2010s-2020s,2016,3
Washed Out — Feel It All Around,2,2000s-2010s,2009,3
Carpenter Brut — Le Perv,2,2010s-2020s,2012,3
Teddy Pendergrass — You Can’t Hide From Yourself,2,1990s-2010s,1977,3
Смысловые галлюцинации — Вечно молодой,2,2000s-2010s,2000,3
Vinylgroover — Time,2,2010s-2020s,2014,3
Kelela — Better,2,2010s-2020s,2017,3
Bob Marley & The Wailers — Satisfy My Soul,2,1980s-2010s,1978,3
Feist — Sealion,2,2000s-2010s,2007,3
Whodini — Freaks Come Out at Night,2,1990s-2000s,1984,3
MAX — 銀河の誓い (Eurobeat Mix),2,2000s-2010s,2000,3
Gorillaz — Fire Coming Out of the Monkey’s Head,2,2000s-2010s,2005,3
Roxette — Joyride,2,1990s-2000s,1991,3
Blue Lagoon — Break My Stride (radio edit),2,2000s-2010s,2004,3
Eelke Kleijn — Maschine 2.0,2,2010s-2020s,2018,3
Spice 1 — Welcome to the Ghetto,2,1990s-2000s,1992,3
Groove Armada — Superstylin’,2,2000s-2020s,2001,3
Nine Inch Nails — Wish,2,1990s-2020s,1992,3
Depeche Mode — Never Let Me Down Again,2,1980s-2010s,1987,3
Amon Tobin — Kitchen Sink,2,2000s-2010s,2007,3
The Bug — Skeng,2,2000s-2010s,2007,3
安室奈美恵 — 太陽のSEASON,2,1990s-2000s,1995,3
Bruno Mars — Marry You,2,2010s-2020s,2010,3
Daniel Powter — Bad Day,2,2010s-2020s,2004,3
BoA — メリクリ,2,2000s-2010s,2004,3
Curtis Mayfield — Give Me Your Love,2,1990s-2010s,1972,3
Eelke Kleijn — Mojo’s Tale,2,2010s-2020s,2018,3
Samantha Fox — I Surrender (To the Spirit of the Night) (original mix),2,1980s-2010s,2012,3
Bob Dorough — The Four-Legged Zoo,2,1990s-2010s,1973,3
Kurtis Blow — Tough,2,1980s-1990s,1982,3
Radiohead — Idioteque,2,2000s-2020s,2000,3
Azealia Banks — 212,2,2010s-2020s,2011,3
元気ロケッツ — Breeze,2,2000s-2010s,2008,3
美里 — Necro Fantasia,2,2000s-2010s,2008,3
Kiki & Fancy — Pararappa Dance,2,2000s-2010s,2018,3
Euphony — Time & Space,2,1990s-2020s,2022,3
Justin OH — All I Say,2,2010s-2020s,2021,3
Liquid Soul — Escape,2,2000s-2010s,2006,3
Geto Boys — Fuck 'Em,2,1990s-2010s,1990,3
Gregory Esayan — Innerspace,2,2010s-2020s,2021,3
Hotblade — Power Two,2,2010s-2020s,2011,3
Rav — YOU FUCKERS WERE ASKING FOR THIS ONE,2,2010s-2020s,2016,3
Shawn Wasabi — Burnt Rice,2,2010s-2020s,2015,3
Emma Hewitt — Rewind (Mikkas remix),2,2010s-2020s,2012,3
Green Court — Inside Your Gates (Cosmic Gate remix),2,2000s-2010s,2001,3
Simon V — Icebreaker,2,2000s-2020s,2003,3
AAA — Eighth Wonder,2,2010s-2020s,2013,3
"Nina Simone — To Be Young, Gifted and Black",2,1980s-1990s,1973,3
Ronnie Laws — Tidal Wave,2,1990s-2010s,1975,3
Technohead — I Wanna Be a Hippy,2,2010s-2020s,1995,3
KISS — Unholy,2,1990s-2000s,1992,3
Booka Shade — Lost High,2,2000s-2010s,2006,3
PUFFY — 渚にまつわるエトセトラ,2,1990s-2000s,1997,3
Pat Metheny — Electric Counterpoint: III. Fast,2,1980s-1990s,1989,3
Calvin Harris — I’m Not Alone (radio edit),2,2000s-2010s,2009,3
Björk — Isobel,2,1990s-2020s,1995,3
The KLF — Dream Time in Lake Jackson,2,1990s-2020s,1990,3
Bruno Mars — When I Was Your Man,2,2010s-2020s,2012,3
watson — 10時間くらい天井を見ている,2,2010s-2020s,2010,3
浜崎あゆみ — Trauma (Eurobeat Mix),2,1990s-2000s,2000,3
浜崎あゆみ — End roll (ayu-ro Extended Mix),2,1990s-2000s,2000,3
Digital Punk — Oblivion,2,2010s-2020s,2013,3
Renegade Soundwave — Cocaine Sex,2,1990s-2000s,1988,3
Queen — We Are the Champions,2,2000s-2020s,1977,3
Louis Armstrong — What a Wonderful World,2,2010s-2020s,1967,3
Silverchair — Straight Lines,2,2000s-2010s,2007,3
Honey Cone — Want Ads,2,2000s-2010s,1971,3
Danny Baranowsky — Deep Sea Bass (Coral Riff),2,2010s-2020s,2015,3
Melanie Martinez — Carousel,2,2010s-2020s,2014,3
Dizzee Rascal — Holiday,2,2000s-2010s,2009,3
Tool — Schism,2,2000s-2020s,2001,3
Metric — Sick Muse,2,2000s-2010s,2009,3
Sunship — Try Me Out,2,1990s-2010s,1998,3
JAY‐Z — Imaginary Player,2,2010s-2020s,1997,3
Jesse Saunders — Funk You Up (vocal),2,1980s-1990s,1996,3
Eloquent — Carte Blanche,2,2000s-2010s,2009,3
Missy Elliott — The Rain (Supa Dupa Fly),2,1990s-2000s,1997,3
Metallica — Frantic,2,2000s-2020s,2003,3
:wumpscut: — Vienna,2,2010s-2020s,2014,3
Queen — I Want It All,2,1980s-2010s,1989,3
Imagination — Just an Illusion,2,1990s-2020s,1982,3
Flume — Insane,2,2010s-2020s,2012,3
Adele — Send My Love (To Your New Lover),2,2010s-2020s,2015,3
Chris Isaak — Wicked Game,2,2010s-2020s,1990,3
Metallica — Blackened,2,2000s-2010s,1988,3
Ice‐T — Dog ’n the Wax,2,1980s-1990s,1990,3
Spass — Hi Tek,2,2010s-2020s,2017,3
Afghan Headspin — True,2,2000s-2010s,2007,3
Placebo — Humpty Dumpty,2,2000s-2020s,1971,3
Gang Starr — Just to Get a Rep,2,1990s-2000s,1990,3
Scott McKenzie — San Francisco (Be Sure to Wear Flowers in Your Hair),2,2000s-2020s,1967,3
Pribe — The Light,2,2010s-2020s,2015,3
Doctor Stranger — Touch Me Baby,2,2000s-2020s,2020,3
Joeski Love — Pee-Wee's Dance (vocal long version),2,1990s-2010s,1986,3
Queens of the Stone Age — No One Knows,2,2000s-2020s,2002,3
Toby Fox — The Legend,2,2010s-2020s,2018,3
Chingy — Balla Baby,2,2000s-2010s,2004,3
DJ Shadow — Fixed Income,2,2000s-2020s,2002,3
榊原ゆい — Try Real! full.ver.,2,2000s-2010s,2008,3
Britney Spears — 3,2,2000s-2010s,2009,3
Nina Simone — The House of the Rising Sun,2,1970s-2000s,2021,3
Noisia — Running Blind,2,2010s-2020s,2014,3
:wumpscut: — Cunnilingus Creutzfeuer,2,2010s-2020s,2012,3
Prince — The Future,2,1980s-2000s,1989,3
AAA — Let it beat!,2,2000s-2010s,2006,3
Avenged Sevenfold — Almost Easy,2,2010s-2020s,2007,3
System of a Down — B.Y.O.B.,2,2000s-2010s,2005,3
Above & Beyond — Alone Tonight,2,2000s-2010s,2006,3
The Pussycat Dolls — Don’t Cha,2,2000s-2010s,2005,3
Bill Conti — Gonna Fly Now,2,2000s-2020s,1976,3
Alexander Robotnick — Problèmes d'amour,2,1990s-2000s,1984,3
Eric Clapton — Tears in Heaven,2,2000s-2010s,1992,3
三浦大知 — EXCITE,2,2010s-2020s,2017,3
Kim Wilde — Say You Really Want Me,2,1980s-2010s,1986,3
Michael Jackson — Speed Demon,2,2000s-2010s,1987,3
The Jacksons — Walk Right Now,2,1980s-2000s,1980,3
AAA — Break Down,2,2000s-2010s,2009,3
The Spiders From Mars — Fly to Me to the Moon & Back,2,2000s-2010s,2000,3
Damian “Jr. Gong” Marley — Welcome to Jamrock,2,2000s-2010s,2004,3
Keane — A Bad Dream,2,2000s-2010s,2006,3
Trio — Herz ist Trumpf (Dann rufst du an…),2,1990s-2000s,1983,3
Markus — Kleine Taschenlampe brenn’,2,1990s-2000s,1982,3
What So Not — OOGAHDAM!,2,2010s-2020s,2019,3
Ray Parker Jr. — Ghostbusters,2,2010s-2020s,1984,3
澤野弘之 — 犬Kあ3L,2,2010s-2020s,2013,3
FPM — Tell Me,2,2000s-2010s,2005,3
Black Sabbath — Psycho Man,2,1990s-2020s,1998,3
The Temptations — Ball of Confusion (That’s What the World Is Today),2,2000s-2010s,1970,3
Big Kap — Party Anthem (clean),2,2000s-2010s,?,3
Bob Dylan — Mr. Tambourine Man,2,1980s-2000s,1965,3
Bob Marley & The Wailers — Jamming,2,1980s-2010s,1977,3
Bop — Enjoy the Moment,2,2000s-2010s,2009,3
James Blunt — You’re Beautiful,2,2000s-2010s,2004,3
AFI — Miss Murder,2,2010s-2020s,2006,3
Mary O’Hara — Oro Mo Bhaidin,2,2000s-2010s,?,3
Prince — Erotic City,2,1990s-2020s,1984,3
Aretha Franklin — One Step Ahead,2,1990s-2010s,1965,3
Systemwide — Nommos,2,1990s-2000s,1997,3
Richard Jacques — Living in the City,2,2010s-2020s,1998,3
Sia — Cheap Thrills,2,2010s-2020s,2016,3
愛内里菜 — Forever You ～永遠に君と～,2,2000s-2010s,2002,3
Brandy — I Wanna Be Down,2,1990s-2020s,1994,3
Edwin Starr — Everybody Needs Love,2,1990s-2010s,1977,3
Girls Aloud — Wake Me Up,2,2000s-2020s,2004,3
Daft Punk — Alive,2,2000s-2020s,1994,3
Polygon Window — Quoth,2,1990s-2000s,1992,3
Dexys Midnight Runners — Come On Eileen,2,2000s-2020s,1982,3
Tavares — It Only Takes a Minute,2,2000s-2010s,1975,3
Jerry Lee Lewis — Hong Kong Blues,2,1980s-2010s,2015,3
lapix — Day by Day,2,2010s-2020s,2018,3
Destiny’s Child — Soldier,2,2000s-2010s,2004,3
Tricky — Brand New You’re Retro,2,1990s-2020s,1995,3
Bob Dylan — Outlaw Blues,2,1980s-2000s,1965,3
Noisia — Mantra,2,2010s-2020s,2016,3
Donna Summer — Sunset People,2,2000s-2010s,1979,3
David Guetta — Say My Name,2,2010s-2020s,2018,3
Double Exposure — Ten Percent,2,1990s-2010s,1976,3
Fozbee & Cooz — Free Your Mind,2,2000s-2020s,1990,3
Eminem — Mockingbird,2,2000s-2020s,2004,3
Tricky — Pumpkin,2,1990s-2020s,1995,3
Freeez — I. O. U.,2,2000s-2010s,1983,3
Madonna — Open Your Heart,2,1980s-1990s,1986,3
23 Skidoo — Vegas el bandito,2,1990s-2000s,1982,3
D‐Train — You’re the One for Me,2,1990s-2000s,1982,3
Rainbow Addict — Solar Spin,2,2010s-2020s,2011,3
Christophe Willem — Double je,2,2010s-2020s,2007,3
戸高一生 — Mii Channel,2,2010s-2020s,2011,3
Justice — Waters of Nazareth,2,2010s-2020s,2005,3
Timbaland — Apologize,2,2000s-2010s,2007,3
Ye — I Love Kanye,2,2010s-2020s,2016,3
LMFAO — Shots,2,2010s-2020s,2009,3
Lil Jon & The East Side Boyz — Bia’ Bia’ (remix),2,2000s-2010s,2000,3
Alanis Morissette — Ironic,2,2010s-2020s,1995,3
Danny Baranowsky — Portabellohead (2-3),2,2010s-2020s,2014,3
Gino Soccio — Dancer,2,1980s-2020s,1979,3
Dawn of Ashes — Still Born Defect,2,2000s-2010s,2006,3
Danny Kane — Feelin Me (original mix),2,2010s-2020s,2017,3
Pretty Tony — Jam the Box,2,1990s-2000s,1999,3
Filter — The Best Things,2,1990s-2000s,1999,3
Girls Aloud — Love Machine,2,2000s-2020s,2004,3
U2 — Sunday Bloody Sunday,2,2000s-2010s,1983,3
Solaris Heights — Midnight (original mix),2,2000s-2020s,2002,3
Nancy Wilson — I’m in Love,2,2000s-2010s,1978,3
Newcleus — Jam on It,2,1990s-2000s,1984,3
Les Rita Mitsouko — Hip Kit,2,1990s-2020s,1988,3
Limp Bizkit — Break Stuff,2,2000s-2010s,1999,3
Diana Ross — I’m Coming Out,2,1990s-2010s,1980,3
Ariana Grande — The Way,2,2010s-2020s,2013,3
Puremusic — Sunray Kiss,2,2010s-2020s,2013,3
:wumpscut: — Burial on Demand,2,2010s-2020s,2012,3
Hunnid-P — Deeper …for Death Chamber,2,2010s-2020s,2001,3
瀬上純 — Red Hot Skull …for Red Mountain,2,2010s-2020s,1999,3
ZARD — 負けないで,2,1990s-2000s,1993,3
倖田來未 — FREAKY,2,2000s-2010s,2007,3
Godflesh — Crush My Soul,2,1990s-2000s,1994,3
Ian Taylor — Sea Shanty 2,2,2010s-2020s,2018,3
Jamie Foxx — Blame It,2,2000s-2010s,2008,3
Daft Punk — Contact,2,2010s-2020s,2013,3
Bellini — Samba de Janeiro,2,1990s-2010s,1996,3
Carpenters — We’ve Only Just Begun,2,2000s-2010s,1970,3
Can — Halleluwah,2,2010s-2020s,1971,3
Young MC — Know How,2,1990s-2000s,1988,3
OceanLab — On a Good Day,2,2000s-2010s,2008,3
Flosstradamus — Prison Riot,2,2010s-2020s,2015,3
Max Coveri — Golden Age,2,1990s-2000s,2008,3
"Chaka Khan — I Know You, I Live You",2,1990s-2000s,1981,3
Depeche Mode — World in My Eyes,2,1990s-2000s,1990,3
Idris Muhammad — Loran’s Dance,2,1980s-1990s,1974,3
The 45 King — The 900 Number,2,1990s-2000s,1988,3
Enigma — Dancing With Mephisto,2,2000s-2020s,2006,3
The Tokens — The Lion Sleeps Tonight,2,2010s-2020s,1961,3
Eve — Let Me Blow Ya Mind,2,2010s-2020s,2001,3
M.O.O.N. — Hydrogen,2,2010s-2020s,2011,3
Neue Heimat — Ich bau’ Dir ein Schloß,2,1990s-2000s,1982,3
Żabson — Au freedersehen,2,2010s-2020s,2016,3
Red Box — Chenko (Tenka-io),2,1980s-2020s,1986,3
Red Box — Lean on Me (Ah-li-ayo),2,1980s-2020s,1986,3
Unclubbed — Need to Feel Loved,2,2010s-2020s,2011,3
Go_A — Рано-раненько,2,2010s-2020s,2019,3
Avril Lavigne — When You're Gone,2,2010s-2020s,2004,3
Danny Baranowsky — A Cold Sweat (3-3 Cold),2,2010s-2020s,2014,3
Regain — Broken,2,2010s-2020s,2015,3
Frankie Goes to Hollywood — Two Tribes (For the Victims of Ravishment),2,1990s-2000s,1984,3
Danny Baranowsky — Styx and Stones (4-1),2,2010s-2020s,2015,3
Kid Cudi — Day ’n’ Nite (Crookers remix),2,2000s-2010s,2008,3
"Run the Jewels — Lie, Cheat, Steal",2,2010s-2020s,2014,3
Wu‐Tang Clan — Gravel Pit,2,2000s-2010s,2000,3
Dem Franchize Boyz — White Tee,2,2000s-2010s,2004,3
Massive Attack — Blue Lines,2,1990s-2010s,1991,3
Public Enemy — Rebel Without a Pause,2,1990s-2010s,1995,3
Queen — Don’t Stop Me Now,2,1990s-2010s,1978,3
Kendrick Lamar — Poetic Justice,2,2010s-2020s,2012,3
Peter Fox — Schüttel deinen Speck,2,2010s-2020s,2008,3
Ben Böhmer — Black Hole,2,2010s-2020s,2019,3
Farius — Miami Love,2,2010s-2020s,2019,3
Ovnimoon — Kundalini of the Andes (Open Your Mind),2,2010s-2020s,2009,3
Yello — The Race,2,1990s-2010s,1988,3
Dynoro — In My Mind,2,2010s-2020s,2017,3
Tiësto — I Will Be Here (radio edit),2,2000s-2010s,2009,3
Nancy Sinatra — You Only Live Twice,2,1990s-2000s,1967,3
Renegade Soundwave — Thunder,2,1990s-2000s,1990,3
MARINA — How to Be a Heartbreaker,2,2010s-2020s,2012,3
Bob Dylan — Absolutely Sweet Marie,2,1980s-1990s,1966,3
MSTRKRFT — Heartbreaker,2,2000s-2010s,2009,3
Ye — Hell of a Life,2,2010s-2020s,2010,3
"John Coltrane — A Love Supreme, Part 1: Acknowledgement",2,2010s-2020s,1965,3
Spandau Ballet — True,2,1990s-2000s,1983,3
James Asher — The Great Wheel,2,1990s-2010s,1988,3
Geier Sturzflug — Bruttosozialprodukt,2,1990s-2000s,1983,3
床井健一 — Terminal Velocity - Act 1,2,2010s-2020s,2010,3
Chester — Gorky Park,2,1990s-2000s,1994,3
Rinkadink — Techmology V3,2,2000s-2010s,2005,3
Jauz — I Hold Still,2,2010s-2020s,2017,3
Muse — Break It to Me,2,2010s-2020s,2018,3
"Jimmy McGriff — Spear for Moondog, Part 1",2,2000s-2010s,1970,3
Mom — I Fucked In Heaven,2,2010s-2020s,2016,3
Danny Baranowsky — Knight to C-Sharp (Deep Blues),2,2010s-2020s,2015,3
Stéphane Picq — Arrakeen Palace (arrakis),2,2010s-2020s,2007,3
Atlantis Ocean — Life Frequency,2,2010s-2020s,2010,3
Everyday Dust — Bound in a Nutshell,2,2010s-2020s,2013,3
BCee — Lost & Found,2,2010s-2020s,2013,3
Every Little Thing — For the moment,2,1990s-2000s,1997,3
Ali Tabatabaee — HIS WORLD,2,2000s-2010s,2007,3
Nina Simone — Gin House Blues,2,1970s-1980s,2021,3
Lil Uzi Vert — 20 Min,2,2010s-2020s,2017,3
Sam Spiegel — To Whom It May Concern,2,2010s-2020s,2020,3
Joy — I’m in Love,2,2000s-2010s,1986,3
Ye — Two Words,2,2000s-2010s,2002,3
Oomph! — Der neue Gott,2,1990s-2000s,1992,3
Pat Benatar — Hit Me With Your Best Shot,2,1980s-2010s,1980,3
Black Sun Empire — The Sun,2,2000s-2010s,2002,3
Nirvana — About a Girl,2,2010s-2020s,1994,3
Yes — The Revealing Science of God: Dance of the Dawn,2,2010s-2020s,1973,3
中森明菜 — 少女A,2,1990s-2010s,1982,3
Wham! — Everything She Wants,2,1980s-2020s,1984,3
Mylène Farmer — Je te rends ton amour,2,1990s-2020s,1999,3
xotox — I Dream Only Beautiful Nightmares,2,2010s-2020s,2021,3
Komor Kommando — Love Your Neighbor,2,2000s-2010s,2007,3
Lemon Demon — Spiral of Ants,2,2010s-2020s,2016,3
Booka Shade — Night Falls,2,2000s-2010s,2006,3
The 1975 — Chocolate,2,2010s-2020s,2013,3
Combo Colossale — Puppen weinen nicht,2,1990s-2000s,1989,3
X Ambassadors — Unsteady,2,2010s-2020s,2014,3
High Contrast — If We Ever,2,2010s-2020s,2007,3
Ace Ventura — Psychic Experience,2,2010s-2020s,2007,3
Slayyyter — Mine,2,2010s-2020s,2019,3
The Notorious B.I.G. — Notorious Thugs,2,2010s-2020s,1996,3
Sewerslvt — NTR Ending (Cardiac Arrest Due to Overdose),2,2010s-2020s,2018,3
Oingo Boingo — Little Girls,2,2000s-2010s,1981,3
Pink Floyd — Sheep,2,1990s-2020s,1977,3
Zoff — Sauerland,2,1990s-2000s,1983,3
The Living Tombstone — I Got No Time,2,2010s-2020s,2016,3
The Last Dance — Regret,2,1990s-2000s,2001,3
Goldie — Believe,2,1990s-2010s,1998,3
The Beatles — I Want to Tell You,2,2000s-2020s,1966,3
Wynardtage — The Cold Spell,2,2000s-2010s,2009,3
アロマゲドン — でび&えん☆Reversible-Ring,2,2010s-2020s,2016,3
The Buckwheat Boyz — Peanut Butter Jelly Time,2,2010s-2020s,2004,3
Puscifer — Sour Grapes,2,2000s-2010s,2007,3
Dntel — Anywhere Anyone,2,2000s-2010s,2001,3
Korn — Twist,2,2010s-2020s,1996,3
Bruno Mars — It Will Rain,2,2010s-2020s,2011,3
Joy Orbison — Ellipsis,2,2010s-2020s,2012,3
Supermax — It Ain't Easy,2,1980s-2000s,1979,3
Madonna — La isla bonita,2,1980s-2000s,1986,3
Simple Minds — Waterfront,2,1980s-2010s,1983,3
The Mothers of Invention — Our Bizarre Relationship,2,1980s-2020s,2016,3
TRF — BOY MEETS GIRL,2,2000s-2010s,1998,3
day after tomorrow — CURRENT <Euro Sunny Remix>,2,2000s-2010s,2005,3
Noisia — Hand Gestures,2,2010s-2020s,2010,3
Fever Ray — To the Moon and Back,2,2010s-2020s,2017,3
George Michael — Fastlove,2,1990s-2000s,1996,3
Simon Harris — Here Comes That Sound,2,1980s-1990s,1988,3
Afrika Bambaataa & Soulsonic Force — Looking for the Perfect Beat,2,1980s-2000s,1986,3
"James Brown — Hot Pants (She Got to Use What She Got to Get What She Want), Part 1",2,1990s-2000s,1971,3
Girls Aloud — Call the Shots,2,2000s-2020s,2007,3
Billy Joel — Uptown Girl,2,2000s-2020s,1983,3
Mefjus — Saturate,2,2010s-2020s,2014,3
Yung Joc — It’s Goin’ Down,2,2000s-2010s,2006,3
Bob Dylan — Rainy Day Women #12 & 35,2,1980s-1990s,1966,3
In‐Grid — Tu es foutu,2,2010s-2020s,2002,3
Danny Baranowsky — Stone Cold (3-1 Cold),2,2010s-2020s,2014,3
Nujabes — battlecry,2,2010s-2020s,2004,3
Evelyn “Champagne” King — Shame,2,1990s-2010s,1977,3
日向敏文 — リフレクションズ,2,2010s-2020s,1986,3
The Notorious B.I.G. — Come On,2,2000s-2010s,1999,3
CeCe Rogers — Someday (club mix),2,1990s-2010s,1987,3
Bobby Hebb — Sunny,2,1990s-2010s,1966,3
Thompson Twins — Love on Your Side,2,1980s-2000s,1983,3
Daft Punk — The Grid,2,2010s-2020s,2010,3
Kings of Leon — Sex on Fire,2,2000s-2010s,2008,3
2Pac — Runnin’ (Dying to Live),2,2000s-2010s,2003,3
הצ׳רצ׳ילים — Kill Me With Your Love,2,1970s-2000s,1972,3
Max Cooper — Repetition,2,2010s-2020s,2019,3
Chronos — Sky Path,2,2000s-2010s,2006,3
Furries in a Blender — Don't Hold Back,2,2010s-2020s,2009,3
Wynardtage — Praise the Fallen,2,2000s-2010s,2008,3
Anita Baker — Mystery,2,2000s-2010s,1986,3
Depeche Mode — Nodisco,2,1990s-2000s,1981,3
Black Sun Empire — Don’t You,2,2000s-2010s,2004,3
Björk — Possibly Maybe,2,1990s-2000s,1995,3
Green Day — Boulevard of Broken Dreams,2,2010s-2020s,2004,3
倖田來未 — So Into You,2,2000s-2010s,2002,3
Eric B. & Rakim — Move the Crowd,2,1990s-2020s,1987,3
Pierre’s Pfantasy Club — Got the Bug,2,1980s-1990s,1987,3
Calvin Harris — Flashback,2,2000s-2010s,2009,3
KMFDM — Bait & Switch,2,2000s-2010s,2009,3
Pink Floyd — One of These Days,2,1980s-1990s,1971,3
Danny Baranowsky — Fungal Funk (2-1),2,2010s-2020s,2014,3
Chingy — Dem Jeans,2,2000s-2010s,2006,3
Glass Tiger — Thin Red Line,2,1980s-2010s,1986,3
島谷ひとみ — Perseus 〜ペルセウス〜,2,2000s-2020s,2003,3
Basic Channel — Phylyps Trak II/II,2,2000s-2010s,1994,3
Fort Minor — Right Now,2,2000s-2010s,2005,3
Yaeji — Passionfruit,2,2010s-2020s,2017,3
Yes — The Remembering: High the Memory,2,2010s-2020s,1973,3
Too $hort — Life Is… Too $hort,2,1990s-2020s,1988,3
Kitsune² — Rainbow Tylenol,2,2010s-2020s,2009,3
Pink Guy — Stfu,2,2010s-2020s,2017,3
Витас — 7 элемент,2,2010s-2020s,2001,3
Wilson Pickett — Land of 1000 Dances,2,2000s-2010s,1966,3
Dog Blood — TURN OFF THE LIGHTS,2,2010s-2020s,2019,3
Go 2 — Hot Hot Racin’ Car,2,2010s-2020s,2013,3
Bicep — Glue,2,2010s-2020s,2017,3
Autechre — Second Bad Vilbel,2,1990s-2000s,1995,3
Dream — My will <Sweet dream Remix>,2,2000s-2010s,2001,3
Clipse — Mr. Me Too,2,2000s-2010s,2006,3
Ye — FourFiveSeconds,2,2010s-2020s,2015,3
KRS‐One — Hip Hop vs. Rap,2,1990s-2010s,1993,3
Vaishiyas — Spacelord,2,2000s-2010s,2008,3
The Toxic Avenger — Bad Girls Need Love Too (extended version),2,2000s-2020s,2008,3
Nas — Halftime,2,1990s-2000s,1994,3
Nas — One Love,2,1990s-2010s,1994,3
Michael Jackson — Dirty Diana,2,2000s-2010s,1987,3
Seven Lions — First Time,2,2010s-2020s,2018,3
The Brand New Heavies — Spend Some Time,2,1990s-2000s,1994,3
Jack Off Jill — My Cat (’94),2,1990s-2020s,1997,3
HEALTH — DIE SLOW,2,2000s-2010s,2009,3
Fats Domino — Ain’t That a Shame,2,1960s-2010s,1955,3
Roudoudou — Peace and Tranquility to Earth,2,1990s-2000s,1998,3
中森明菜 — TATTOO,2,1990s-2010s,1988,3
Jurassic 5 — Concrete Schoolyard,2,1990s-2000s,1999,3
Wynardtage — Sterbehilfe,2,2000s-2010s,2005,3
ODESZA — Sun Models,2,2010s-2020s,2014,3
David Dima — Dancing on the Street,2,2010s-2020s,2013,3
ODESZA — Late Night,2,2010s-2020s,2017,3
King & Queen — He-Hey Dancin' (T.Y.M. remix),2,1990s-2000s,1995,3
Lou Donaldson — Ode to Billie Joe,2,1990s-2010s,1967,3
Will Smith — Men in Black,2,2000s-2010s,1997,3
The Soul Children — I Don’t Know What This World Is Coming To,2,1990s-2010s,1972,3
Shakin’ Stevens — Merry Christmas Everyone,2,1990s-2000s,1985,3
Gary Glitter — Another Rock and Roll Christmas,2,1990s-2000s,1984,3
Diana Ross — Love Hangover,2,1990s-2000s,1976,3
M.I.A. — Galang,2,2000s-2010s,2003,3
Laura Mvula — Green Garden,2,2010s-2020s,2012,3
A7IE — The Cage,2,2000s-2010s,2007,3
Gorillaz — Tomorrow Comes Today,2,2000s-2020s,2000,3
Fine Young Cannibals — Johnny Come Home,2,2000s-2020s,1985,3
Boz Scaggs — Lowdown,2,2000s-2010s,1976,3
deadmau5 — Jaded,2,2000s-2020s,2007,3
Danny Baranowsky — Igneous Rock (3-1 Hot),2,2010s-2020s,2014,3
Fat Freddy’s Drop — Mother Mother,2,2010s-2020s,2013,3
Aaron Smith — Dancin (Krono remix),2,2010s-2020s,2014,3
The Prodigy — Everybody in the Place (155 and Rising),2,2000s-2010s,1992,3
The Brothers — Under My Skin,2,1990s-2000s,1976,3
The Blackout Crew — Put a Donk on It (original mix),2,2010s-2020s,2008,3
Moloko — Knee Deepen,2,2000s-2010s,1998,3
TAROLIN — 花惑い,2,2010s-2020s,2017,3
The Brothers Four — Green Fields,2,2010s-2020s,1978,3
David Bowie — Memory of a Free Festival,2,1990s-2010s,1969,3
Andrew W.K. — Party Hard,2,2000s-2010s,2001,3
The Angling Loser — Twilight,2,2010s-2020s,2013,3
Wrathu — Id,2,2010s-2020s,2014,3
Saison — One Day,2,2010s-2020s,2019,3
Bingo Players — Cry (Just a Little),2,2010s-2020s,2011,3
"The Police — When the World Is Running Down, You Make the Best of What’s Still Around",2,1990s-2000s,1980,3
Beck — E‐Pro,2,2000s-2010s,2005,3
Shawn Mendes — Treat You Better,2,2010s-2020s,2016,3
彩菜 — 風の辿り着く場所,2,2000s-2010s,1999,3
Moody Good — Hotplate,2,2010s-2020s,2014,3
William Orbit — Water From a Vine Leaf,2,1990s-2020s,1993,3
Mat Zo — Rebound,2,2010s-2020s,2011,3
:wumpscut: — Du Neger,2,2010s-2020s,2013,3
Coone — Aladdin on E (extended version),2,2010s-2020s,2014,3
Noisia — Sinkhole,2,2010s-2020s,2016,3
Joy — Japanese Girl,2,2000s-2010s,1986,3
Dusty Springfield — Son of a Preacher Man,2,1990s-2010s,1968,3
Method Man — P.L.O. Style,2,2000s-2010s,1994,3
Shingo Nakamura — Words Unspoken,2,2010s-2020s,2013,3
Run the Jewels — Early,2,2010s-2020s,2014,3
Ideal — Schöne Frau mit Geld,2,1980s-2010s,1982,3
The Temptations — Get Ready,2,2000s-2010s,1966,3
:wumpscut: — We Are Immortal,2,2010s-2020s,2013,3
Franz Ferdinand — The Dark of the Matinée,2,2000s-2010s,2004,3
Vibrasphere — Autumn Lights,2,2000s-2010s,2008,3
Bob Dylan — Leopard‐Skin Pill‐Box Hat,2,1980s-1990s,1966,3
Scratch Massive — Take Me There,2,2010s-2020s,2011,3
Oleta Adams — Rhythm of Life,2,1990s-2000s,1990,3
Bohannon — Singing a Song for My Mother,2,1990s-2000s,1973,3
Jerry Lee Lewis — Cold Cold Heart,2,1960s-1990s,1969,3
Cam’ron — Oh Boy,2,2000s-2010s,2002,3
Every Little Thing — Face the change,2,1990s-2000s,1998,3
P!nk — Just Like a Pill,2,2000s-2010s,2001,3
Red Hot Chili Peppers — Suck My Kiss,2,2000s-2020s,1991,3
At the Gates — Blinded by Fear,2,2000s-2010s,1995,3
Red Hot Chili Peppers — By the Way,2,2000s-2010s,2002,3
Clark — Ted,2,2000s-2010s,2006,3
Rob Zombie — Meet the Creeper,2,1990s-2020s,1998,3
Slusnik Luna — Sun (original mix),2,2000s-2010s,2001,3
B.T. Express — Everything Good to You (Ain’t Always Good for You),2,1990s-2000s,1974,3
Weezer — El Scorcho,2,2000s-2020s,1996,3
Opus III — It's a Fine Day (edit),2,2010s-2020s,1992,3
Pink Floyd — Is There Anybody Out There?,2,1990s-2000s,1979,3
Sweet Female Attitude — Flowers (Sunship edit),2,2010s-2020s,2000,3
Ruby — Heidi,2,1990s-2020s,1995,3
Kobana — Hear the Colors,2,2010s-2020s,2021,3
Sylvia Striplin — Give Me Your Love,2,1990s-2000s,1981,3
Craving — Superlunary,2,2010s-2020s,2010,3
Dan & Sam — Walls,2,2010s-2020s,2013,3
Slick Rick — Hey Young World,2,1990s-2020s,1988,3
goreshit — MATZcore,2,2010s-2020s,2012,3
A★Teens — Gimme Gimme Gimme (A Man After Midnight),2,1990s-2000s,1999,3
Senmuth — Меритнэйт,2,2000s-2010s,2009,3
Alice in Chains — Man in the Box,2,2010s-2020s,1990,3
Acylum — Hunger,2,2000s-2010s,2007,3
Rare Earth — I Just Want to Celebrate,2,2000s-2010s,1971,3
Faith No More — We Care a Lot,2,1980s-2000s,1987,3
MGMT — Kids,2,2010s-2020s,2008,3
角松敏生 — 52ND STREET “AKIKO”,2,2010s-2020s,1987,3
They Might Be Giants — Istanbul (Not Constantinople),2,1990s-2020s,1990,3
Björk — Hidden Place (edit),2,2000s-2010s,2001,3
E.P.S. & 2-Vibe — Hype the Funk,2,1990s-2000s,1996,3
Tridashie — Pony Girl,2,2010s-2020s,2017,3
Eddie Morton — I'm a Member of the Midnight Crew,2,2010s-2020s,1909,3
livetune — ファインダー,2,2000s-2010s,2008,3
Yes — “The Ancient”: Giants Under the Sun,2,2010s-2020s,1973,3
Hora — MODULATE GOD,2,2000s-2020s,2005,3
Throbbing Gristle — Persuasion,2,2000s-2010s,1979,3
Andrea McArdle — It’s the Hard‐Knock Life,2,1990s-2000s,1977,3
Grauzone — Eisbär,2,1990s-2000s,1981,3
Dr. Buzzard’s Original Savannah Band — Sunshower,2,1990s-2000s,1976,3
Scandroid — Phoenix,2,2010s-2020s,2018,3
Al Green — I Wish You Were Here,2,1990s-2000s,1975,3
Joe Williams — Get Out of My Life Woman,2,1990s-2000s,1968,3
Mobb Deep — Survival of the Fittest,2,1990s-2000s,1995,3
Black Lung — Concrete Octopus,2,2000s-2010s,2006,3
Rick James — Bustin’ Out,2,1980s-1990s,1979,3
Goldie — Temper Temper,2,1990s-2010s,1998,3
"Cherry — Anyway, Anymore",2,2000s-2020s,2008,3
Cherry — Anyway Anymore,2,2000s-2020s,2023,3
The Last Dance — Breath,2,2000s-2010s,2003,3
島みやえい子 — ひぐらしのなく頃に,2,2000s-2010s,2006,3
Depeche Mode — Master and Servant,2,1990s-2010s,1984,3
New Order — Academic,2,2010s-2020s,2015,3
光田康典 — 王国裁判,2,2000s-2010s,1995,3
David Axelrod — A Divine Image,2,1990s-2010s,1969,3
Sir Mix‐A‐Lot — Posse on Broadway,2,2000s-2010s,1988,3
"Run the Jewels — Blockbuster Night, Pt. 1",2,2010s-2020s,2014,3
JAY‐Z — U Don’t Know,2,1990s-2000s,2001,3
ABBA — Voulez‐vous,2,2000s-2010s,1979,3
Daniel Portman — Elder (original mix),2,2000s-2010s,2009,3
Don Omar — Hasta abajo,2,2010s-2020s,2009,3
The Bloody Beetroots — Warp 1.9,2,2010s-2020s,2009,3
The Hives — Tick Tick Boom,2,2010s-2020s,2007,3
Radiohead — All I Need,2,2000s-2010s,2007,3
Shahin & Bench — Viridian,2,2010s-2020s,2021,3
Руки вверх! — Пропадаешь зря,2,1990s-2000s,1998,3
Monsta — Holdin' On (Skrillex & Nero remix),2,2010s-2020s,2012,3
Imogen Heap — Goodnight and Go,2,2000s-2010s,2005,3
Bob Dylan — One of Us Must Know (Sooner or Later),2,1980s-1990s,1966,3
Public Enemy — Timebomb,2,1990s-2010s,1987,3
藤原千花 — チカっとチカ千花っ♡,2,2010s-2020s,2019,3
Kurtis Blow — The Breaks,2,1990s-2020s,1980,3
David Whittaker — Intro (Amiga),2,1990s-2010s,2014,3
Do As Infinity — Heart,2,1990s-2000s,1999,3
Anita Baker — Sweet Love,2,2000s-2010s,1986,3
:wumpscut: — Das Deutsche Schwert,2,2010s-2020s,2015,3
Danny Baranowsky — March of the Profane (3-2 Hot),2,2010s-2020s,2014,3
Valentino Khan — Pump,2,2010s-2020s,2017,3
Britney Spears — (You Drive Me) Crazy (The Stop remix!),2,2000s-2010s,1999,3
Charlie Clouser — Hello Zepp,2,2010s-2020s,2004,3
Stetsasonic — Go Stetsa I,2,1980s-2000s,1986,3
Vera — Dear Ladies,2,2000s-2010s,2008,3
BoA — VALENTI,2,2000s-2020s,2002,3
Yes — Siberian Khatru,2,2010s-2020s,1972,3
Curtis Mayfield — Eddie You Should Know Better,2,2000s-2010s,1972,3
Nine Inch Nails — Heresy,2,1990s-2000s,1994,3
Gwen Stefani — Rich Girl,2,2010s-2020s,2004,3
田中昌之 — 塊オンザロック～メインテーマ,2,2010s-2020s,2004,3
Руки вверх! — Атаман,2,1990s-2000s,1999,3
Krome & Time — The Licence,2,2010s-2020s,1994,3
Underworld — Jumbo,2,1990s-2010s,1999,3
AAA — ハレルヤ,2,2000s-2010s,2006,3
"久保直人 — Jump Up, Super Star!",2,2010s-2020s,2017,3
Saint Etienne — Mr. Donut,2,1990s-2010s,1998,3
"Every Little Thing — Someday, Someplace",2,1990s-2000s,1999,3
Surface — Closer Than Friends,2,2000s-2010s,1988,3
Depeche Mode — Everything Counts (Tim Simenon & Mark Saunders remix),2,1980s-1990s,1989,3
"Earth, Wind & Fire — Fantasy",2,1990s-2000s,1978,3
François de Roubaix — Dernier domicile connu,2,1990s-2000s,1970,3
Average White Band — Stop the Rain,2,1990s-2000s,1979,3
Alien Vampires — Fuck Off and Die,2,2000s-2010s,2009,3
Pink Floyd — The Great Gig in the Sky,2,1990s-2020s,1973,3
BT — Flaming June,2,2010s-2020s,1997,3
Crystal Fighters — Xtatic Truth,2,2000s-2010s,2009,3
X‐Ecutioners — It’s Goin’ Down,2,2000s-2010s,2001,3
Don Diablo — Starlight (Could You Be Mine),2,2010s-2020s,2013,3
Mandalay — Beautiful,2,1990s-2000s,1998,3
WitchcrafT — Ненавижу тебя,2,2010s-2020s,2022,3
Fort Minor — In Stereo,2,2000s-2010s,2005,3
Acylum — Alone,2,2000s-2010s,2007,3
Jimmy Bravo — Hard Body,2,1990s-2020s,2020,3
Olaf Henning — Cowboy und Indianer (Komm hol das Lasso raus!),2,2010s-2020s,2005,3
Fats Domino — Won’t You Come on Back,2,1960s-1990s,2002,3
Peaches — Fuck the Pain Away,2,2000s-2010s,2000,3
APM001 — 001,2,2000s-2010s,2015,3
J.J. Fad — Supersonic,2,2000s-2010s,1988,3
Karen Brake — Believe In Myself …THEME OF “MILES”,2,1990s-2000s,1998,3
Gesaffelstein — Hellifornia,2,2010s-2020s,2013,3
Akira Yamaoka — Room Of Angel,2,2000s-2010s,2004,3
Bad Company — Feel Like Makin’ Love,2,1970s-2000s,1975,3
Danny Baranowsky — Metalmancy (Death Metal),2,2010s-2020s,2015,3
Danny Baranowsky — Crypteque (1-2),2,2010s-2020s,2014,3
Major Lazer — Cold Water,2,2010s-2020s,2016,3
dead prez — Hip‐Hop,2,2000s-2010s,1999,3
Desert Dwellers — Trail of Nomads,2,2000s-2010s,2009,3
Stone Temple Pilots — Plush,2,1990s-2010s,1992,3
Band of Horses — The Funeral,2,2000s-2010s,2006,3
Size 9 — I'm Ready (Original Version),2,1990s-2010s,1995,3
Cream — White Room,2,2000s-2010s,1968,3
Danny Brown — Really Doe,2,2010s-2020s,2016,3
50 Cent — Just a Lil Bit,2,2000s-2010s,2005,3
Jacob Henry — Serengeti,2,2010s-2020s,2011,3
Fouk — Gruff,2,2010s-2020s,2016,3
Unresolved — E.D.M,2,2010s-2020s,2015,3
The Beach Boys — Wouldn’t It Be Nice,2,2000s-2020s,1990,3
The Alan Parsons Project — Sirius,2,2010s-2020s,1982,3
vze — P.M.S,2,2010s-2020s,2022,3
Prince — Uptown,2,1980s-1990s,1980,3
Approaching Black — Slip,2,2010s-2020s,2011,3
Donald Byrd — Think Twice,2,1990s-2010s,1975,3
Deftones — Street Carp,2,2000s-2020s,2000,3
Billy Cobham — Stratus,2,1990s-2010s,1973,3
Fischerspooner — Emerge,2,2000s-2020s,2000,3
Aretha Franklin — Rock Steady,2,2000s-2010s,1972,3
Too $hort — CussWords,2,2000s-2010s,1988,3
Bob Dylan — 4th Time Around,2,1980s-1990s,1966,3
Mike West — Midnight Boys,2,1990s-2020s,1997,3
Frozen Starfall — Sommertrip,2,2010s-2020s,2019,3
Thousand Foot Krutch — Courtesy Call,2,2010s-2020s,2012,3
globe — You are the one,2,2010s-2020s,1998,3
Ralphi Rosario — Wanna Give It Up (Ralphi’s Old School original version),2,1990s-2000s,1999,3
Mike Oldfield — Nuclear,2,2010s-2020s,2014,3
Circle of Dust — Hive Mind,2,2010s-2020s,2016,3
Total Science — Squash,2,2000s-2020s,2002,3
Bhad Bhabie — Hi Bich,2,2010s-2020s,2017,3
Tom Petty — Free Fallin’,2,2000s-2010s,1989,3
"Barbara Mason — Yes, I’m Ready",2,1990s-2010s,1965,3
Van Halen — Runnin’ With the Devil,2,2000s-2010s,1978,3
OCELOT — Our Time,2,2000s-2010s,2010,3
Daedelus — Experience,2,2000s-2010s,2002,3
Tristam — Flight,2,2010s-2020s,2013,3
Loituma — Ievan Polkka,2,2000s-2020s,1995,3
Nick Mansell — Runaway,2,1990s-2000s,1997,3
Republica — Drop Dead Gorgeous,2,1990s-2020s,1996,3
Reizoko Cj — Track title,2,2010s-2020s,2011,3
"Reizoko Cj — Hui, Pizda, Govno!",2,2010s-2020s,2011,3
odaxelagnia — 4 18 Kibelcore Shitmix (Reizoko Cj East Europe remix),2,2010s-2020s,2011,3
Desert Dwellers — Spaces Between,2,2010s-2020s,2013,3
Elvis Presley — A Little Less Conversation,2,1990s-2000s,1995,3
Garbage — Queer,2,1990s-2000s,1995,3
Luciano Supervielle — Miles de pasajeros,2,2000s-2010s,2004,3
Whodini — Five Minutes of Funk,2,1990s-2000s,1984,3
杏里 — SHYNESS BOY,2,2010s-2020s,1983,3
Crystal Kay — 恋におちたら,2,2000s-2020s,2005,3
中森明菜 — ジプシー・クイーン,2,1990s-2010s,1986,3
My Life With the Thrill Kill Kult — After the Flesh,2,2000s-2020s,1994,3
高宮なすの — メニメニマニマニ,2,2010s-2020s,2013,3
The Stone Roses — Fools Gold,2,1990s-2000s,1989,3
David Whittaker — Welcome (Amiga),2,1990s-2010s,2014,3
Vanessa Paradis — Joe le taxi,2,2010s-2020s,1987,3
Every Little Thing — Feel My Heart,2,1990s-2000s,1996,3
Dannic — Zenith,2,2010s-2020s,2014,3
Gorillaz — On Melancholy Hill,2,2010s-2020s,2010,3
AQUA — HiTec 2,2,2010s-2020s,2010,3
The Chemical Brothers — Star Guitar,2,2010s-2020s,2002,3
Neo — Eurohero,2,2000s-2020s,2021,3
AAA — MIRAGE,2,2000s-2020s,2008,3
After the Fire — Der Kommissar,2,1980s-2000s,1982,3
Oasis — Live Forever,2,2000s-2020s,1994,3
Sex Pistols — Pretty Vacant,2,2000s-2020s,1977,3
Level 42 — The Chinese Way,2,2000s-2020s,1982,3
Family Force 5 — How in the World,2,2000s-2010s,2008,3
Falco — Out of the Dark,2,1990s-2000s,1998,3
m‐flo — Summer Time Love,2,2000s-2010s,2006,3
Billie Eilish — lovely,2,2010s-2020s,2017,3
AAA — Get チュー!,2,2000s-2010s,2007,3
Run the Jewels — Oh My Darling Don’t Cry,2,2010s-2020s,2014,3
Faithless — Salva Mea,2,1990s-2010s,1996,3
LL Cool J — I'm Bad,2,2000s-2010s,1987,3
Run the Jewels — All Due Respect,2,2010s-2020s,2014,3
Headhunterz — Scantraxx Rootz,2,2010s-2020s,2006,3
Samuel E. Wright — Under the Sea,2,1990s-2000s,1989,3
Freda Payne — I Get High (On Your Memory),2,2000s-2010s,1977,3
Michael Jackson — You Rock My World,2,2010s-2020s,2001,3
Ruby — Carondelet,2,1990s-2020s,1995,3
FILV — Clandestina,2,2010s-2020s,2019,3
Lost Souls of Saturn — Ring Transmission,2,2010s-2020s,2019,3
Odyssey — Use It Up and Wear It Out,2,1980s-2020s,1980,3
Vitamin C — Graduation (Friends Forever),2,2000s-2020s,1999,3
UNKLE — UNKLE (Main Title Theme),2,2000s-2020s,1998,3
Willie Hutch — A Love That’s Worth Having,2,2000s-2020s,1969,3
Acylum — SchmerzPervers,2,2000s-2010s,2009,3
Bruno Mars — That’s What I Like,2,2010s-2020s,2016,3
Toby Fox — Memory,2,2010s-2020s,2015,3
新沼謙治 — 月と王子,2,2010s-2020s,2004,3
Gorillaz — Superfast Jellyfish,2,2010s-2020s,2010,3
White Town — Your Woman,2,2010s-2020s,1996,3
Beastie Boys — Hey Ladies,2,2000s-2010s,1989,3
"UNKLE — The Knock (Drums of Death, Part 2)",2,1990s-2000s,1998,3
FERG — Plain Jane,2,2010s-2020s,2017,3
Frozen Starfall — Sunlight Diamonds,2,2010s-2020s,2015,3
Eminem — Like Toy Soldiers,2,2000s-2010s,2004,3
Loleatta Holloway — Dreamin’,2,1980s-1990s,1976,3
Camo & Krooked — Make the Call,2,2010s-2020s,2011,3
Moody Good — SIXTYSIXTY,2,2010s-2020s,2019,3
Deutsch Amerikanische Freundschaft — Der Mussolini,2,1980s-2010s,1981,3
Yes — And You and I: I. Cord of Life / II. Eclipse / III. The Preacher the Teacher / IV. Apocalypse,2,2010s-2020s,1972,3
The Beatles — Drive My Car,2,2000s-2010s,1965,3
HEAT — Just Like You,2,1980s-1990s,1998,3
Noisia — Collider,2,2010s-2020s,2016,3
James Brown — Funky Drummer (remix),2,1980s-1990s,1986,3
009 Sound System — Dreamscape,2,2010s-2020s,2008,3
Frauenarzt — Das geht ab (Wir feiern die ganze Nacht) (Atzen Musik Mix),2,2000s-2010s,2008,3
Ye — Can’t Tell Me Nothing,2,2010s-2020s,2007,3
Mudvayne — Dig,2,2000s-2020s,2000,3
Terror Danjah — Zumpi Hunter,2,2000s-2010s,2009,3
大谷智哉 — Tropical Resort - Act 1,2,2010s-2020s,2010,3
Childish Gambino — IV. Sweatpants,2,2010s-2020s,2013,3
Madeon — Be Fine,2,2010s-2020s,2019,3
JoJo — Too Little Too Late,2,2010s-2020s,2006,3
Noisia — Asteroids,2,2010s-2020s,2014,3
浜崎あゆみ — Startin’,2,2000s-2010s,2006,3
平野綾 — ハレ晴レユカイ,2,2000s-2020s,2006,3
goreshit — beautiful loli thing,2,2010s-2020s,2010,3
Asha Bhosle — Yeh Ladka Hai Allah,2,1990s-2010s,1977,3
Charli xcx — Boys,2,2010s-2020s,2017,3
Roxette — Stars,2,1990s-2000s,1999,3
The Jimi Hendrix Experience — Purple Haze,2,1990s-2010s,1967,3
Kansas — Carry On Wayward Son,2,1980s-2010s,1976,3
AC/DC — You Shook Me All Night Long,2,2000s-2010s,1980,3
BT — The Great Escape,2,2000s-2010s,2003,3
Spiller — Groovejet,2,2000s-2020s,1999,3
AAA — Heart and Soul,2,2010s-2020s,2010,3
Madvillain — Accordion,2,2000s-2010s,2004,3
Kaskade — I Remember (original mix),2,2000s-2010s,2008,3
"Diana Ross — Stop, Look, Listen (to Your Heart)",2,2000s-2020s,1973,3
De Niro — Dirty Actions,2,1990s-2000s,1994,3
愛内里菜 — Close To Your Heart,2,2000s-2010s,2000,3
David Whittaker — Aarbron’s Revenge (Amiga),2,1990s-2010s,2014,3
"Die Ärzte — Bitte, bitte (single version)",2,1980s-1990s,1988,3
The Jones Girls — You Gonna Make Me Love Somebody Else,2,1970s-1990s,1979,3
Justin Timberlake — CAN’T STOP THE FEELING!,2,2010s-2020s,2016,3
Space Cat — Clear Test Signal,2,2010s-2020s,2007,3
Morten Granau — 3rd Eye,2,2010s-2020s,2014,3
Iñigo Vontier — Xu Xu,2,2010s-2020s,2019,3
Münchener Freiheit — Ohne dich (schlaf’ ich heut Nacht nicht ein),2,2010s-2020s,1985,3
Foreign Beggars — Contact,2,2010s-2020s,2009,3
Total Science — Gangsta,2,2010s-2020s,2010,3
Orbital — P.E.T.R.O.L.,2,1990s-2010s,1996,3
ZAYN — PILLOWTALK,2,2010s-2020s,2016,3
Android Lust — Suffer the Flesh,2,1990s-2000s,1997,3
Radiohead — The National Anthem,2,2000s-2010s,2000,3
Prince — Glam Slam,2,1980s-1990s,1988,3
Pendulum — Propane Nightmares,2,2000s-2010s,2008,3
Taco Hemingway — 6 zer,2,2010s-2020s,2015,3
Victoria Justice — Take a Hint,2,2010s-2020s,2012,3
Eve — Gangsta Lovin’,2,2000s-2020s,2002,3
Boys Noize — Ich R U,2,2010s-2020s,2012,3
Bloodhound Gang — I Wish I Was Queer So I Could Get Chicks,2,1990s-2000s,1996,3
Tom Fall — Reflections,2,2010s-2020s,2010,3
Daft Punk — Rollin’ & Scratchin’,2,2000s-2020s,1995,3
Kool & the Gang — Let the Music Take Your Mind,2,1980s-1990s,1969,3
AC/DC — For Those About to Rock (We Salute You),2,2000s-2010s,1981,3
Metallica — Ride the Lightning,2,1980s-2010s,1984,3
Metric — Gold Guns Girls,2,2000s-2010s,2009,3
Jennifer Lopez — Get Right,2,2000s-2020s,2005,3
John Coltrane — Om,2,1960s-1970s,1987,3
Kraftwerk — Boing Boom Tschak,2,2000s-2020s,1986,3
Justice — Tthhee Ppaarrttyy,2,2000s-2020s,2007,3
Ruby — Salt Water Fish,2,1990s-2020s,1995,3
Ghost Rider — Shamanic,2,2010s-2020s,2016,3
Bob Dylan — Maggie’s Farm,2,1980s-2000s,1965,3
Black Grass — Burnin' Love,2,1990s-2000s,1973,3
Celtarabia — Life,2,2010s-2020s,1995,3
Fatback — Got to Learn How to Dance,2,1990s-2000s,1975,3
Tom Scharpling — Philly Boy Roy And His Psychic Son. A Very Troubled Judge. Superman. Tourgasm. Hippies. The Mamas And The Papas. Teddy. Score This One A 'W'!,2,2000s-2010s,?,3
Art of Noise — Kiss,2,1990s-2000s,1988,2
Getter — Hold On Tight,2,2010s-2020s,2018,2
Tinlicker — Donderdag,2,2010s-2020s,2017,2
Spencer Brown — Windows 95 on Acid,2,2010s-2020s,2018,2
Feed Me — Grand Theft Ecstasy,2,2010s-2020s,2010,2
Skrillex — Scary Monsters and Nice Sprites (Zedd remix),2,2010s-2020s,2010,2
"Bob Dylan — It’s Alright, Ma (I’m Only Bleeding)",2,1980s-2000s,1965,2
James Last — Washington Square,2,1990s-2000s,1970,2
Heatwave — Ain’t No Half Steppin’,2,1990s-2010s,1976,2
Jerry Lee Lewis — It All Depends (On Who Will Buy the Wine),2,1950s-2010s,1983,2
Wings — Silly Love Songs,2,1980s-2000s,1976,2
JAY‐Z — Otis,2,2010s-2020s,2011,2
John Lennon — #9 Dream,2,1970s-1990s,1974,2
Psychowave — Supernova,2,2010s-2020s,2011,2
Bob Dylan — Love Minus Zero/No Limit,2,1980s-1990s,1965,2
Jerry Lee Lewis — My Bonnie,2,1980s-2010s,2015,2
浜崎あゆみ — Boys & Girls “Dub’s club Remix”,2,1990s-2000s,1999,2
浜崎あゆみ — Trauma (Heavy Shuffle mix),2,1990s-2000s,1999,2
Marlena Shaw — Woman of the Ghetto,2,1990s-2010s,1998,2
Boogie Boys — A Fly Girl,2,1990s-2000s,1985,2
Fats Domino — Rising Sun,2,1960s-1990s,1960,2
Fats Domino — La La,2,1960s-2010s,2012,2
Metallica — The Unforgiven II,2,1990s-2010s,1997,2
KC and the Sunshine Band — Boogie Shoes,2,1990s-2000s,1975,2
Bob Marley & The Wailers — Corner Stone,2,1980s-1990s,1970,2
UK Apachi — Original Nuttah 25,2,2010s-2020s,2019,2
Rory Gallagher — Sinner Boy,2,1990s-2020s,1971,2
Jimmy Diamond — Sexy Crazy Girl,2,2000s-2010s,2008,2
Inner Life — I'm Caught Up (In a One Night Love Affair),2,1980s-2010s,1979,2
Betty Wright — Girls Can’t Do What the Guys Do,2,2000s-2010s,1968,2
Fats Domino — Trouble Blues,2,1960s-1990s,1961,2
Jerry Lee Lewis — Carry Me Back to Old Virginia,2,1970s-1980s,2015,2
Curtis Mayfield — Future Shock,2,1970s-1990s,1973,2
Johnny Nash — I Can See Clearly Now,2,1990s-2010s,1972,2
Masta Ace Incorporated — Jeep Ass Niguh,2,1990s-2000s,1993,2
Jimi Hendrix — Medley: Star Spangled Banner / Purple Haze / Instrumental Solo,2,1990s-2010s,1970,2
Snow — Informer,2,2000s-2010s,1993,2
中森明菜 — セカンド・ラブ,2,1990s-2010s,1982,2
Blue Sky Black Death — Pray Together,2,2000s-2010s,2009,2
Melissa Manchester — Lovers After All,2,1980s-1990s,1980,2
Metro Station — Shake It,2,2010s-2020s,2007,2
Ghostface Killah — Cuttin It Up,2,2000s-2010s,2003,2
Rory Gallagher — Hands Up,2,1990s-2020s,1971,2
The Last Dance — Winter,2,1990s-2000s,2001,2
Howard Carpendale — Tür an Tür mit Alice,2,1990s-2000s,1977,2
The Residents — Holy Kiss of Flesh,2,1990s-2010s,1988,2
Minutemen — History Lesson – Part II,2,1980s-1990s,1984,2
Toby Fox — Dogsong,2,2010s-2020s,2015,2
Breakbot — Easy Fraction,2,2010s-2020s,2012,2
Charlie Rich — Midnight Blues,2,1970s-1980s,1962,2
A.D.O.R. — One for the Trouble (a cappella),2,1990s-2010s,1994,2
Astral Waves — Le Rêve eveillé,2,2010s-2020s,2015,2
Patti Page — Old Cape Cod,2,1990s-2010s,1957,2
“Brother” Jack McDuff — Classic Funke,2,1990s-2010s,1971,2
Maze — Joy and Pain,2,1980s-1990s,1980,2
:wumpscut: — In the Peace of Night,2,2000s-2020s,2004,2
Whodini — Big Mouth,2,1980s-1990s,1984,2
John Barry — Tania Meets Klebb,2,1990s-2000s,1963,2
Hubert von Goisern und die Alpinkatzen — Kuahmelcher,2,2000s-2010s,1995,2
Yello — Vicious Games,2,1980s-2010s,1985,2
Desert Dwellers — Saraswati Mata,2,2000s-2010s,2005,2
Kero Kero Bonito — Cat vs. Dog,2,2010s-2020s,2013,2
秋元薫 — Dress Down,2,2010s-2020s,1986,2
Stone Temple Pilots — Big Empty,2,1990s-2010s,1994,2
XXXTENTACION — SAD!,2,2010s-2020s,2018,2
Baby Huey — Listen to Me,2,1980s-2010s,1971,2
Johnny Cash — God’s Gonna Cut You Down,2,2000s-2010s,2006,2
The Rolling Stones — Fool to Cry,2,2010s-2020s,1976,2
Dan HabarNam — Nu Este Roz,2,2000s-2010s,2011,2
"goreshit — Fly, Heart! Fly!",2,2010s-2020s,2010,2
Ironhand — Creationist,2,2000s-2010s,2006,2
100blumen — Blumen100,2,2000s-2010s,2008,2
Van Morrison — Caravan,2,2010s-2020s,1970,2
Suntree — Unseen,2,2000s-2010s,2009,2
Ovnimoon — Mystical Technology,2,2010s-2020s,2009,2
Charlie Puth — Done for Me,2,2010s-2020s,2018,2
LB — DREAMS OF AN ABSOLUTION,2,2000s-2010s,2007,2
Mefjus — Change of Mind,2,2010s-2020s,2014,2
Céline Dion — Declaration of Love,2,1990s-2020s,1996,2
Luther Vandross — Never Too Much,2,1990s-2010s,2009,2
Walt — Let the Music Play (original extended),2,2010s-2020s,2006,2
Robert Palmer — Addicted to Love,2,2010s-2020s,1985,2
Boards of Canada — Amo Bishop Roden,2,2000s-2010s,2000,2
Diana Ross — No One Gets the Prize,2,2000s-2010s,1979,2
Richard Pryor — Jesse,2,2000s-2010s,1976,2
Ice Cube — It’s a Man’s World,2,2000s-2010s,1990,2
Foo Fighters — Learn to Fly,2,2000s-2010s,1999,2
Roy Orbison — You Got It,2,2000s-2010s,1988,2
JAY‐Z — All I Need,2,2000s-2010s,2001,2
Cheryl Lynn — If This World Were Mine,2,2000s-2020s,1982,2
Five Stairsteps — Don’t Change Your Love,2,1990s-2010s,2001,2
近藤浩治 — アスレチックBGM,2,2010s-2020s,1991,2
Loose Ends — Hangin’ on a String,2,1990s-2010s,1985,2
OJ da Juiceman — No Hook,2,2010s-2020s,2013,2
"Earth, Wind & Fire — Brazilian Rhyme (interlude)",2,1990s-2000s,1986,2
Reinhold Bilgeri — Video Life,2,1980s-1990s,1981,2
Bobbi Humphrey — My Little Girl,2,2000s-2010s,1974,2
50 Cent — I’ll Whip Ya Head Boy,2,2000s-2020s,2005,2
ShibayanRecords — 月齢11.3のキャンドルマジック,2,2010s-2020s,2010,2
水樹奈々 — innocent starter,2,2000s-2010s,2004,2
John Coltrane — Afro Blue,2,2000s-2020s,1972,2
Queens of the Stone Age — Broken Box,2,2000s-2010s,2005,2
S.O.U.L. — Soul,2,1980s-1990s,1971,2
"Little Richard — Good Golly, Miss Molly (false start, chatter, announcement & take 9)",2,1950s-1980s,1989,2
Madonna — Crazy for You,2,1980s-1990s,1985,2
"The Beach Boys — Caroline, No",2,1960s-2000s,1966,2
Jerry Lee Lewis — Seasons of My Heart,2,1960s-2010s,1989,2
Norma Jean Wright — Saturday,2,1990s-2000s,1978,2
Fats Domino — Walking to New Orleans,2,1970s-1980s,1970,2
Rihanna — S.O.S.,2,2000s-2010s,2006,2
Lyn Collins — You Can’t Love Me If You Don’t Respect Me,2,1990s-2000s,1975,2
Paul Simon — 50 Ways to Leave Your Lover,2,1980s-2000s,1975,2
Porter Robinson — Hollowheart,2,2010s-2020s,2024,2
Kraftwerk — Trans Europa Express,2,1980s-2000s,1977,2
Deniece Williams — I Found Love,2,1970s-2000s,1994,2
Grateful Dead — Black Peter,2,2000s-2020s,1970,2
Black Sabbath — Wicked World,2,1990s-2010s,1970,2
Crystal Kay — After Love -First Boyfriend-,2,2000s-2010s,2009,2
Sero.Overdose — We,2,2000s-2010s,2007,2
"Sterac — Astronotes, Parts 1 & 2",2,1990s-2010s,1995,2
MATAHARI — SPY GAME〜English Version〜,2,1980s-1990s,1989,2
Nektar — Cybernetic Consumption,2,2000s-2010s,1975,2
Tower of Power — Ebony Jam,2,1980s-1990s,1975,2
Gravediggaz — The Night the Earth Cried,2,1990s-2010s,1997,2
Dionne Warwick — Déjà vu,2,1970s-2000s,1986,2
Sido — Weihnachtssong,2,2000s-2010s,2003,2
Fats Domino — Am I Blue,2,1960s-1990s,1961,2
Danny Baranowsky — Six Feet Thunder (5-3),2,2010s-2020s,2017,2
Rick Astley — Together Forever,2,2010s-2020s,1987,2
Boney M. — Rasputin,2,2000s-2020s,1981,2
Cybotron — Clear,2,1980s-2000s,1983,2
CAKE — Never There,2,2000s-2010s,1998,2
Kesha — Backstabber,2,2010s-2020s,2010,2
Poe — Hey Pretty,2,2000s-2010s,2000,2
Scott Gairdner — Sex Offender Shuffle,2,2010s-2020s,2017,2
Quad City DJ’s — Space Jam,2,2000s-2010s,1998,2
Quazar — Funky Stars,2,2000s-2020s,2015,2
Jim Jones — The Jonestown Death Tape,2,2000s-2010s,1978,2
Aphex Twin — Cow Cud Is a Twin,2,1990s-2010s,1995,2
鈴木慶一 — Enjoy Your Stay,2,2010s-2020s,1994,2
Eek‐A‐Mouse — Wa-Do-Dem,2,1990s-2000s,1981,2
Kaya Project — One Hundred Lights,2,2010s-2020s,2014,2
"Pink Floyd — Shine On You Crazy Diamond, Parts VI–IX",2,1990s-2020s,1975,2
Fatback — Backstrokin',2,1980s-1990s,1980,2
Matt Lange — East Coast,2,2010s-2020s,2010,2
Justin OH — Good Morning,2,2010s-2020s,2021,2
goreshit — nyan (nnnyyyaaannn mix) (bonus track! awright!),2,2010s-2020s,2009,2
The World’s Famous Supreme Team — Hey DJ (extended version),2,1980s-1990s,1984,2
"Roger Troutman — So Ruff, So Tuff",2,1980s-1990s,1981,2
"Zapp — Heartbreaker, Parts I & Part II",2,1980s-2010s,1983,2
Parliament-Funkadelic — Pumpin' It Up,2,1980s-1990s,1983,2
The Monkees — Daydream Believer,2,1990s-2000s,1967,2
Joy — Lost in Hong Kong,2,2000s-2010s,1986,2
The Spinners — It’s a Shame,2,1990s-2000s,1970,2
The Isley Brothers — Get Into Something,2,1980s-1990s,1969,2
Cyndi Lauper — True Colors,2,1990s-2000s,1986,2
Ricky Martin — La copa de la vida,2,1990s-2000s,1998,2
The Who — I’m Free,2,1990s-2010s,1969,2
The Beatles — Good Night,2,2000s-2020s,1968,2
Natalie Merchant — Jealousy,2,1990s-2000s,1995,2
Natalie Merchant — Jealousy,2,1990s-2000s,2000,2
Fats Domino — Let the Four Winds Blow,2,1960s-1990s,2002,2
Lamont Dozier — Prelude,2,1990s-2000s,1976,2
TJM — I Don't Need No Music,2,2000s-2010s,1979,2
The Prodigy — Your Love,2,1990s-2000s,1991,2
Astral Projection — People Can Fly,2,2000s-2020s,1996,2
Ronnie Foster — Summer Song,2,1990s-2010s,1972,2
"床井健一 — ""LET THE WINDS BLOW"" - Theme of Phantasy Star Online EpisodeIII -",2,2000s-2010s,2003,2
Billy Lee Riley — Saturday Night Fish Fry (They Was Rockin’),2,1980s-1990s,1985,2
Bring Me the Horizon — mother tongue,2,2010s-2020s,2019,2
"Earth, Wind & Fire — Evil",2,1970s-1990s,1973,2
Blood on the Dance Floor — Fallen Star,2,2000s-2010s,2008,2
Technikore — 4AM,2,2010s-2020s,2018,2
Ace Ventura — Ingonyama,2,2010s-2020s,2015,2
Herb Alpert — Rise,2,1990s-2000s,1979,2
Jerry Lee Lewis — Intro,2,1990s-2010s,1994,2
C418 — Haggstrom,2,2010s-2020s,2011,2
Isolée — Beau Mot Plage (original),2,1990s-2000s,1998,2
Bill Conti — Alone in the Ring,2,1990s-2020s,1976,2
Stan Bush & Barrage — The Touch,2,1990s-2010s,1986,2
Red Box — For America,2,1980s-2020s,1986,2
Burzum — Burzum,2,2010s-2020s,1996,2
Brooks & Dunn — Neon Moon,2,2010s-2020s,1991,2
Scratch Massive — Paris,2,2010s-2020s,2011,2
Living Jazz — Walk on By,2,1990s-2020s,1970,2
PUFFY — サーキットの娘,2,1990s-2000s,1997,2
Miles Davis — On Green Dolphin Street,2,2000s-2010s,1958,2
Nena — Engel der Nacht,2,1980s-2000s,1986,2
Marko Polo — Tokyo Fever,2,2000s-2020s,2008,2
Hubert von Goisern und die Alpinkatzen — Da Juchitzer,2,2000s-2010s,1995,2
Agonoize — A Vampire Tale,2,2010s-2020s,2019,2
10cc — Dreadlock Holiday,2,2000s-2010s,1978,2
2Pac — Crooked Nigga Too,2,2000s-2010s,1992,2
BoA — LOVE LETTER,2,2000s-2020s,2007,2
Phil Collins — One More Night,2,1980s-1990s,1985,2
長沼英樹 — Rock It On,2,2000s-2010s,2000,2
鼓童 — Ibuki,2,1990s-2000s,1997,2
"Zofia Kilanowicz — Symphony no. 3, op. 36 “Symphony of Sorrowful Songs”: II. Lento e largo: Tranquillissimo - Cantabilissimo - Dolcissimo - Legatissimo",2,1990s-2010s,1994,2
Lauryn Hill — Nothing Even Matters,2,2000s-2010s,1998,2
Portishead — Wandering Star,2,1990s-2010s,1994,2
War — Magic Mountain,2,1980s-1990s,1976,2
The Four Freshmen — It’s a Blue World,2,2010s-2020s,1991,2
Ken Laszlo — Tonight (Re‐remix),2,1980s-2000s,1986,2
Baby’s Gang — Challenger,2,1980s-2020s,1984,2
Koto — Visitors,2,1980s-2000s,1985,2
J.D. Jaber — Don’t Stop Lovin’,2,1980s-2020s,1995,2
Alan Ross — Valentino Mon Amour,2,1980s-2020s,1997,2
Duke Lake — Do You (Vocal),2,1980s-2020s,1983,2
Roy — Destiny Time (Vox),2,1980s-2000s,2001,2
Brian Ice — Talking To The Night (Swedish Mix By Emil),2,1980s-2020s,2009,2
Duke Lake — Dance Tonight,2,1980s-2020s,1985,2
Phil Grant — Hey Girl,2,1980s-2020s,1984,2
Brandy — Sittin’ Up in My Room,2,1990s-2010s,1995,2
War — The World Is a Ghetto,2,1990s-2010s,1972,2
The Magic Disco Machine — Scratchin',2,1990s-2010s,1975,2
Mr. Oizo — All Wet,2,2010s-2020s,2016,2
Missy Elliott — Get Your Freak On,2,2010s-2020s,2001,2
Corrupt Souls — 1138,2,2000s-2010s,2005,2
From First to Last — Emily,2,2010s-2020s,2004,2
System 7 — Space Bird,2,2000s-2010s,2007,2
Bad Brains — Pay to Cum,2,1990s-2010s,1980,2
Robert Miles — Children (dream version),2,2000s-2020s,1996,2
Gene Simmons — Radioactive,2,1970s-1980s,1978,2
Erkin Koray — Yağmur,2,1990s-2010s,1971,2
Clean Bandit — Solo,2,2010s-2020s,2018,2
Sister Sledge — Easier to Love,2,1990s-2000s,1979,2
Marvin Gaye — Soon I’ll Be Loving You Again,2,2000s-2020s,1976,2
杉山清貴 — MIDNIGHT DOWN TOWN,2,2010s-2020s,1983,2
植松伸夫 — 片翼の天使,2,2010s-2020s,1997,2
ChthoniC — 火燒島,2,2010s-2020s,2012,2
The Police — King of Pain,2,2000s-2010s,1983,2
Elton John — Sixty Years On,2,2000s-2010s,1970,2
IOSYS — ひれ伏せ愚民どもっ!,2,2000s-2010s,2009,2
Too $hort — Gettin’ It,2,2000s-2020s,1996,2
BLACKPINK — 뚜두뚜두 (DDU-DU DDU-DU),2,2010s-2020s,2018,2
Frank Ski — Whores in this House,2,2000s-2020s,2007,2
Syrian — Fire in Your Eyes,2,2010s-2020s,2013,2
植松伸夫 — 片翼の天使,2,2010s-2020s,1997,2
Shingo Nakamura — Behind The Sunset,2,2010s-2020s,2012,2
Nina Simone — Central Park Blues,2,1950s-2010s,1992,2
Darren Styles — Us Against the World,2,2010s-2020s,2017,2
Laura Branigan — Solitaire,2,1980s-1990s,1983,2
Talpa — The Moon,2,2000s-2010s,2004,2
Blahzay Blahzay — Danger (album version),2,2000s-2010s,1995,2
Jaytech — Genesis,2,2000s-2010s,2006,2
The Wailers — Rastaman Chant,2,1990s-2000s,2023,2
Glen Campbell — Rhinestone Cowboy,2,2000s-2010s,1975,2
Nitzer Ebb — Let Your Body Learn,2,1990s-2020s,1987,2
Biohazard — Judgment Night,2,1990s-2000s,1993,2
John Lennon — John Sinclair,2,2000s-2020s,1972,2
Cornelius — Mic Check,2,1990s-2010s,1997,2
Michael Jackson — The Way You Make Me Feel,2,2000s-2010s,1987,2
Bad Brains — Big Take Over,2,1990s-2010s,1982,2
Diorama — HLA,2,2000s-2010s,2001,2
DJ Quik — Born and Raised in Compton,2,1990s-2000s,1991,2
Nina Simone — Backlash Blues,2,1970s-1980s,2009,2
James Brown — Don’t Tell It,2,1980s-1990s,1976,2
AI — みんながみんな英雄,2,2010s-2020s,2016,2
中森明菜 — トワイライト —夕暮れ便り—,2,1990s-2010s,1983,2
中森明菜 — 駅,2,1990s-2010s,1986,2
Frank De Wulf — Drums in a Grip (Wax Doctor mix),2,1990s-2020s,1996,2
Blur — There’s No Other Way,2,2000s-2010s,1991,2
Wilfried — I've Got to Have a Reggae on My LP,2,1980s-2000s,1980,2
Charlie Rich — Gonna Be Waitin’,2,1970s-1990s,1960,2
BROCKHAMPTON — WASTE,2,2010s-2020s,2017,2
The B‐52s — Cake,2,1990s-2000s,1982,2
STARSET — My Demons,2,2010s-2020s,2014,2
Genesis — That’s All,2,2000s-2010s,1983,2
Dio — Stand Up and Shout,2,2010s-2020s,1983,2
Calvin Harris — The Girls,2,2000s-2020s,2007,2
Elton John — I’m Still Standing,2,1980s-2010s,1983,2
Megadeth — Reckoning Day,2,2000s-2010s,1994,2
Mel & Kim — Respectable,2,1980s-2000s,1987,2
Pixies — Here Comes Your Man,2,2010s-2020s,1989,2
Zomboy — Game Time,2,2010s-2020s,2011,2
Shreya Ghoshal — Deewani Mastani,2,2010s-2020s,2015,2
Dead Can Dance — The Wind That Shakes the Barley,2,1990s-2000s,1993,2
Yes — Roundabout,2,2010s-2020s,1972,2
Yes — Roundabout,2,1970s-2010s,1971,2
Toby Fox — Field of Hopes and Dreams,2,2010s-2020s,2018,2
Win — You've Got the Power,2,1980s-2020s,1987,2
Urban Breathe — Catching Stars,2,2010s-2020s,2010,2
d.notive — Let Your Mane Down,2,2010s-2020s,2013,2
Alpharo — Weather,2,2010s-2020s,2018,2
Bum Bum Boys — (This Is) Der Hammer,2,1980s-1990s,1989,2
DJ Rew — 20Th Century Boy,2,2000s-2010s,2017,2
Zero Sanity — Hit the Floor,2,2010s-2020s,2012,2
Mad Max — Rock You,2,2000s-2020s,2008,2
Wu‐Tang Clan — Can It Be All So Simple / Intermission,2,1990s-2010s,1993,2
The Emotions — If You Think It (You May as Well Do It),2,1990s-2000s,1972,2
The Michael Zager Band — Let’s All Chant,2,1990s-2010s,1978,2
Zutt — TRUTH behind U,2,2010s-2020s,2018,2
PON — 紅焔,2,2010s-2020s,2013,2
aran — GRiDGALAXY,2,2010s-2020s,2017,2
The Beatles — Good Day Sunshine,2,2000s-2020s,1966,2
Tom Lehrer — In Old Mexico,2,1960s-1990s,1959,2
Just‐Ice — Cold Gettin’ Dumb,2,1990s-2000s,1986,2
Scratch Massive — Nuit de mes rêves,2,2010s-2020s,2011,2
Spandau Ballet — Instinction,2,2010s-2020s,1982,2
Rob Zombie — Living Dead Girl,2,1990s-2000s,1998,2
Cymande — Fug,2,2000s-2010s,1973,2
Edu K — Popozuda Rock n’Roll,2,2000s-2010s,2006,2
Suicide — Frankie Teardrop,2,1990s-2020s,1977,2
Janet Jackson — Funny How Time Flies (When You’re Having Fun),2,1990s-2000s,1986,2
Blue Foundation — Eyes on Fire,2,2010s-2020s,2007,2
HIM — Heartkiller,2,2000s-2010s,2009,2
Commodores — Brick House,2,1990s-2000s,1977,2
Beck — Mixed Bizness,2,2000s-2010s,2000,2
The Jacksons — Dancing Machine,2,1990s-2000s,1974,2
"Janet Jackson — Any Time, Any Place",2,1990s-2010s,1993,2
Fats Domino — Put Your Arms Around Me Honey,2,1960s-1990s,1960,2
Too $hort — I’m a Player,2,2010s-2020s,1993,2
Dana Dane — Cinderfella Dana Dane,2,1990s-2000s,1987,2
Blank Banshee — Eco Zones,2,2010s-2020s,2013,2
Rory Gallagher — For the Last Time,2,1990s-2020s,1971,2
The Vapors — Turning Japanese,2,1980s-2020s,1980,2
Mohammed Rafi — Baharo Phool Barsao,2,1960s-2000s,1966,2
Recoil — Strange Hours,2,2000s-2010s,2000,2
Carpenters — (They Long to Be) Close to You,2,1970s-1990s,1970,2
Selena Gomez — Fetish,2,2010s-2020s,2017,2
deadmau5 — Imaginary Friends,2,2010s-2020s,2015,2
Nektar — Marvellous Moses,2,2000s-2010s,1975,2
Die Ärzte — Ist das alles?,2,1980s-1990s,1986,2
Boards of Canada — Telephasic Workshop,2,2000s-2010s,1998,2
Lil Wayne — Cannon (AMG remix),2,2010s-2020s,2006,2
藤本美貴 — ロマンティック 浮かれモード,2,2000s-2010s,2002,2
Nine Inch Nails — Ruiner,2,1990s-2000s,1994,2
Gary’s Gang — Do It at the Disco,2,1990s-2000s,1978,2
Rory Gallagher — I’m Not Surprised,2,1990s-2020s,1971,2
宇多田ヒカル — Automatic,2,1990s-2010s,1998,2
The Stranglers — Golden Brown,2,1990s-2000s,1981,2
Radion sinfoniaorkesteri — Symphony no. 5 in C-sharp minor: IV. Adagietto. Sehr langsam (excerpt),2,2000s-2010s,2001,2
J Dilla — Light My Fire,2,2000s-2010s,2006,2
The Doors — Soul Kitchen,2,1990s-2000s,1967,2
Sade — I Never Thought I’d See the Day,2,2010s-2020s,1988,2
R.E.M. — Orange Crush,2,2000s-2010s,1988,2
"Barry White — You’re the First, the Last, My Everything",2,2000s-2020s,1974,2
will.i.am — #thatPOWER,2,2010s-2020s,2013,2
Noisia — Friendly Intentions,2,2010s-2020s,2011,2
E-Dancer — Pump the Move,2,2010s-2020s,1996,2
Freeez — I.O.U.,2,2000s-2010s,1993,2
Divinorum — Exposure,2,2000s-2010s,2003,2
Ultramagnetic MC’s — Poppa Large,2,1990s-2020s,1992,2
A Guy Called Gerald — Blow Your House Down,2,1990s-2000s,1988,2
H.U.V.A. Network — Sunday Barbecue With the Neighbours,2,2000s-2010s,2011,2
鈴木亜美 — O.K. Funky God,2,2000s-2010s,2007,2
Rainhard Fendrich — Macho Macho,2,1980s-1990s,1988,2
Faithless — Don’t Leave,2,1990s-2010s,1996,2
The Prodigy — Narayan,2,1990s-2020s,1997,2
Suicide Commando — Save Me,2,1990s-2000s,2007,2
Switch — There’ll Never Be,2,1990s-2020s,1978,2
Grateful Dead — Uncle John’s Band,2,2000s-2020s,1970,2
Dolla — Who the Fuck Is That?,2,2000s-2010s,2008,2
Jeanne Mas — Toute première fois,2,1980s-2000s,1985,2
Mariah Carey — Boy (I Need You),2,1970s-2010s,2002,2
JJ DOOM — Guv’nor,2,2010s-2020s,2012,2
"Fall Out Boy — This Ain’t a Scene, It’s an Arms Race",2,2000s-2020s,2006,2
堀江由衣 — バニラソルト,2,2010s-2020s,2008,2
Panic! at the Disco — Say Amen (Saturday Night),2,2010s-2020s,2018,2
The Beatles — Baby It’s You,2,1960s-2010s,1963,2
Soft Cell — Tainted Love / Where Did Our Love Go (original 12″),2,2010s-2020s,1981,2
The Knack — My Sharona,2,1980s-2010s,1979,2
The Beatles — And I Love Her,2,1960s-2020s,1964,2
Stevie Wonder — Living for the City,2,1990s-2010s,1973,2
Naked Eyes — Always Something There to Remind Me,2,2010s-2020s,1982,2
Parliament — Big Footin',2,1980s-2000s,1975,2
The Blackbyrds — Blackbyrds’ Theme,2,1980s-1990s,1974,2
The Bar‐Kays — Let’s Have Some Fun,2,1980s-2000s,1977,2
"Queens of the Stone Age — You Think I Ain’t Worth a Dollar, but I Feel Like a Millionaire",2,2000s-2010s,2002,2
星井美希 — relations,2,2000s-2010s,2007,2
"Fiorello LaGuardia — Reading the Comics - July, 1945",2,1980s-1990s,1969,2
Nena — Jung wie du,2,1980s-2000s,1985,2
The Beatles — P.S. I Love You,2,1970s-2010s,1962,2
Lil Uzi Vert — Skir Skirr,2,2010s-2020s,2017,2
TRF — Silver and Gold dance (THUNDERPUSS MIX),2,2000s-2020s,2000,2
Nina Simone — Why? (The King of Love Is Dead),2,1960s-1990s,1972,2
Grits — Ooh Ahh,2,2000s-2010s,2002,2
Mœnia — Estabas ahí (Mijangos extended mix),2,1990s-2010s,1997,2
Mœnia — No dices más (Mijangos Classic Mix),2,1990s-2010s,1999,2
Errol Dunkley — A Little Way Different,2,2000s-2010s,1979,2
T‐Pain — Bartender,2,2010s-2020s,2007,2
The Notorious B.I.G. — Who Shot Ya?,2,2010s-2020s,1995,2
Rare Earth — Get Ready,2,1960s-2000s,1969,2
Kraftwerk — Uran,2,1980s-1990s,1975,2
Jane’s Addiction — Mountain Song,2,1990s-2000s,1988,2
Enoch Light and the Light Brigade — Hijack,2,1990s-2000s,1975,2
Lil Uzi Vert — Two®,2,2010s-2020s,2017,2
Tori Amos — Caught a Lite Sneeze,2,1990s-2000s,1996,2
blink‐182 — Adam’s Song,2,2010s-2020s,1999,2
Richard Jacques — Super Sonic Racing,2,1990s-2010s,1998,2
Michael Jackson — I Can’t Help It,2,1990s-2000s,1979,2
Soledrifter — Hands Together,2,2010s-2020s,2018,2
David Whittaker — Beyond the Mind and Reality (Amiga),2,1990s-2010s,2014,2
Black Sun Empire — Potemkin,2,2000s-2010s,2006,2
中村あゆみ — メインストリート,2,1980s-1990s,1989,2
Bourvil — La Tactique du gendarme,2,2010s-2020s,1950,2
Joy Division — She’s Lost Control,2,1990s-2010s,1980,2
Tones on Tail — Go! (club mix),2,1990s-2000s,1984,2
Cymande — Bra,2,1980s-2000s,1972,2
DJ Spinna — We Can Change This World,2,2010s-2020s,2006,2
Ciara — Go Girl,2,2000s-2010s,?,2
DOUBLE — BED 〈ORIGINAL〉,2,1990s-2000s,1998,2
Fergie — Big Girls Don’t Cry,2,2000s-2010s,2006,2
Akon — Smack That,2,2000s-2010s,2006,2
Akon — Don’t Matter,2,2000s-2010s,2006,2
Fergie — Glamorous,2,2000s-2020s,2006,2
Father’s Children — Hollywood Dreaming,2,2000s-2010s,1979,2
Tavares — Loveline,2,2010s-2020s,1993,2
Beck — Novacane,2,1990s-2000s,1996,2
Beck — Pay No Mind (Snoozer),2,1990s-2000s,1994,2
MOSAIC.WAV — Look at Me Tenderly,2,2010s-2020s,2020,2
XXXTENTACION — RIOT,2,2010s-2020s,2015,2
Alabama 3 — Woke Up This Morning,2,2000s-2010s,2002,2
Stacey Q — Stacey’s Dream (a cappella),2,1980s-1990s,1986,2
Tavares — The Judgement Day,2,2000s-2010s,2015,2
Weezer — Perfect Situation,2,2010s-2020s,2005,2
Parliament — Mothership Connection (Star Child),2,1990s-2000s,1991,2
The Frim — Bassline Skanka,2,2010s-2020s,2012,2
Big Pun — 100%,2,2000s-2020s,2000,2
Pat Benatar — Love Is a Battlefield,2,2000s-2010s,1983,2
Bobbi Humphrey — Jasper Country Man,2,1990s-2000s,1973,2
Autechre — Rae,2,2000s-2010s,1998,2
The Sweet Inspirations — Why Marry,2,1990s-2000s,1968,2
Bryan Adams — Summer of ’69,2,2000s-2010s,1984,2
David Glen Eisley — Sweet Victory,2,2010s-2020s,2005,2
The Rolling Stones — Emotional Rescue,2,1980s-2010s,1980,2
Busta Rhymes — Woo Hah!! Got You All in Check,2,2000s-2020s,1996,2
Halsey — New Americana,2,2010s-2020s,2015,2
Craig Mack — Flava in Ya Ear,2,2000s-2010s,1994,2
Rui da Silva — Touch Me,2,2000s-2010s,2000,2
Eric Prydz — Call on Me,2,2000s-2020s,2008,2
Rob Sparx — Bloodbath,2,2000s-2010s,2009,2
Displacer — Low Moral Fiber,2,2000s-2010s,2008,2
goreshit — wasting my time,2,2010s-2020s,2015,2
Bop — Tears of a Lonely Metaphysician,2,2000s-2010s,2009,2
SOPHIE — NOTHING MORE TO SAY (DUB),2,2010s-2020s,2013,2
とろ美 — モドルノキオク,2,2000s-2020s,2008,2
"Zagrebačka filharmonija — Symphony no. 9 in D minor, op. 125 ""Choral"": IV. Finale. Presto",2,1980s-2000s,1988,2
Ciara — Ride,2,2010s-2020s,2010,2
$WAGGOT — SKULL,2,2010s-2020s,2013,2
Jamie Porteous — Way Hey,2,2010s-2020s,2019,2
This Immortal Coil — Tattoed Man,2,2000s-2020s,2009,2
Current Value — You Need a Therapist,2,2010s-2020s,2009,2
Jacob Henry — Yesterday's Tears,2,2010s-2020s,2010,2
19 Hz — Another Skin,2,2010s-2020s,2021,2
Blutzukker — Queen of the Nite,2,2000s-2010s,2007,2
Alix Perez — Down the Line,2,2000s-2010s,2007,2
The Pharcyde — Ya Mama,2,1990s-2000s,1992,2
Cold Grits — It's Your Thing,2,2000s-2010s,1969,2
Metrik — Freefall,2,2010s-2020s,2012,2
Cyrus — Inversion,2,2000s-2020s,1994,2
Madvillain — Shadows of Tomorrow,2,2000s-2010s,2004,2
Fats Domino — One Night,2,1960s-1990s,1961,2
TRF — survival dAnce〜no no cry more〜 <Eurobeat Remix>,2,2000s-2010s,2005,2
Hardwell — United We Are,2,2010s-2020s,2015,2
Jane’s Addiction — Been Caught Stealing,2,1990s-2000s,1990,2
Led Zeppelin — Good Times Bad Times,2,1980s-2010s,1969,2
Alphonse Mouzon — Funky Snakefoot,2,1980s-2010s,1974,2
Queens of the Stone Age — Little Sister,2,2000s-2010s,2005,2
Jerry Lee Lewis — Billy Boy (Charming Billy),2,1970s-1980s,1989,2
Darwin — Higher Emotion,2,2010s-2020s,2013,2
Supertramp — Give a Little Bit,2,1980s-2010s,1977,2
Gil Scott‐Heron — Angel Dust,2,1990s-2000s,1978,2
Aerosmith — Walk This Way,2,1990s-2020s,1975,2
Jennifer Lopez — On the Floor,2,2010s-2020s,2011,2
The B‐52s — Loveland,2,1990s-2000s,1982,2
Beyoncé — Sing a Song,2,2000s-2020s,2009,2
Parry Gripp — Yum Yum Breakfast Burrito,2,2010s-2020s,2016,2
Steve Miller Band — Jungle Love,2,1980s-2010s,1977,2
Schubert — Universe of Fantasy,2,1980s-2000s,1989,2
New Order — Unlearn This Hatred,2,2010s-2020s,2015,2
deadmau5 — American Slushie,2,2000s-2020s,2005,2
surrenderdorothy — heldaghost,2,2010s-2020s,2014,2
Renard — Dracula,2,2010s-2020s,2010,2
Russell Haswell — Heavy Handed Sunset,2,2010s-2020s,2015,2
Wynardtage — Crash of a Star,2,2000s-2010s,2009,2
My Life With the Thrill Kill Kult — Golden Strip,2,1990s-2000s,1995,2
Depeche Mode — Behind the Wheel,2,1980s-2010s,1987,2
Little Richard — Lucille,2,1960s-1990s,1967,2
The Cure — Close to Me (Closer mix),2,1990s-2000s,1990,2
Billy Idol — Hot in the City,2,1980s-2010s,1982,2
Prince — D.M.S.R.,2,1980s-1990s,1982,2
Public Enemy — Don’t Believe the Hype,2,1990s-2000s,1988,2
Jon Gibson — Glassworks: Rubric,2,2000s-2010s,1982,2
"ARIANNE — Komm, süsser Tod",2,2010s-2020s,1997,2
Kromestar — Badman,2,2000s-2010s,2010,2
Freeez — I.O.U.,2,1990s-2010s,1983,2
Barry Manilow — Who’s Been Sleeping in My Bed,2,1970s-2000s,1979,2
Omar Faruk Tekbilek — Ya Bouy,2,2000s-2010s,2001,2
Dense & Pika — Colt,2,2010s-2020s,2013,2
supercell — ブラック★ロックシューター,2,2000s-2010s,2008,2
Cipő és a Lány — Kék és narancssárga,2,1990s-2000s,1995,2
Project Pat — Niggas Got Me Fucked Up,2,2010s-2020s,1999,2
Michael White — Mr. Electron,2,2010s-2020s,2018,2
Kelly Clarkson — Miss Independent,2,2000s-2020s,2003,2
Cut Copy — Zap Zap,2,2010s-2020s,2004,2
The Brandals — Awas Polizei!,2,2010s-2020s,2011,2
X-Dream — Subterrania,2,2010s-2020s,2019,2
"Stevie Wonder — Fingertips, Part 2",2,1980s-1990s,1963,2
2Pac — Untouchable (Swizz Beatz remix),2,2000s-2010s,2006,2
Kendrick Lamar — untitled 02 | 06.23.2014.,2,2010s-2020s,2016,2
Frank Ocean — Godspeed,2,2010s-2020s,2016,2
Nirvana — Very Ape,2,1990s-2000s,1993,2
Ol’ Dirty Bastard — Brooklyn Zoo,2,2000s-2010s,1995,2
Fela Kuti — Sorrow Tears and Blood,2,1980s-2020s,1977,2
John Lennon — Attica State,2,2000s-2020s,1972,2
globe — So far away from home (Beautiful Journey),2,1990s-2000s,1997,2
The Guess Who — Hang on to Your Life,2,2000s-2010s,1970,2
Liberty X — Just a Little,2,2000s-2010s,2002,2
Nina Simone — See‐Line Woman,2,1980s-1990s,2021,2
The Beatles — Drive My Car,2,1980s-2020s,1965,2
Funki Porcini — Long Road,2,1990s-2020s,1995,2
Albert King — Cold Feet,2,1990s-2000s,1967,2
The J.B.’s — Gimme Some More,2,2000s-2010s,1972,2
Ladytron — Deadzone,2,2010s-2020s,2019,2
Radiohead — Gagging Order,2,2000s-2020s,2003,2
Sweet — In to the Night,2,1980s-2000s,1974,2
Katy Perry — Ur So Gay,2,2000s-2020s,2007,2
The Specials — A Message to You Rudy,2,2000s-2010s,1979,2
Marvin Gaye — After the Dance (vocal),2,1990s-2000s,1976,2
E-Dancer — World of Deep,2,1990s-2020s,1997,2
高橋洋樹 — 魔訶不思議アドベンチャー!,2,1990s-2010s,1986,2
As One — Shambala,2,2010s-2020s,1993,2
Photek — Ni Ten Ichi Ryu,2,2000s-2010s,1997,2
Guilty Kiss — Strawberry Trapper,2,2010s-2020s,2016,2
Ludacris — Runaway Love,2,2000s-2010s,2006,2
Kid Cudi — Day ’n’ Nite (radio edit),2,2000s-2010s,2008,2
スペシャルウィーク — 走れウマ娘,2,2010s-2020s,2018,2
F — All This Music,2,1990s-2000s,1998,2
John Lennon — Angela,2,2000s-2020s,1972,2
The Jimi Hendrix Experience — Voodoo Child (slight return),2,2000s-2010s,1968,2
Massive Attack — Inertia Creeps,2,2010s-2020s,1998,2
Christina Aguilera — Car Wash (Shark Tale mix),2,2000s-2010s,2004,2
TeddyLoid — Theme for Scanty & Knee Socks,2,2010s-2020s,2010,2
Crush 40 — KNIGHT OF THE WIND,2,2000s-2010s,2009,2
TRF — Unite! the Night! (Soul Solution Mix),2,2000s-2020s,2000,2
deadmau5 — Snowcone,2,2010s-2020s,2016,2
JAY‐Z — Takeover,2,2000s-2010s,2001,2
death’s dynamic shroud — Loving Is Easy,2,2010s-2020s,2015,2
m.o.v.e — DOGFIGHT,2,2000s-2010s,2004,2
Kurtis Blow — Do the Do,2,1990s-2020s,1981,2
Blackstreet — Physical Thing,2,1990s-2010s,1994,2
Love Unlimited Orchestra — Love’s Theme,2,1970s-2010s,1973,2
Yung Joc — I Know You See It,2,2000s-2020s,2006,2
Supermax — Love Machine ('88 version),2,1990s-2000s,1988,2
Five Stairsteps — O‐o‐h Child,2,1990s-2000s,1970,2
Massive Attack — Protection,2,1990s-2020s,1994,2
Iron Maiden — Wasted Years,2,2000s-2010s,1986,2
The Beatles — Ticket to Ride,2,1980s-2020s,1965,2
Harry Nilsson — One,2,1960s-2000s,1968,2
KISS — Flaming Youth,2,1970s-2010s,1976,2
U‐God — Stomp da Roach,2,2000s-2010s,2009,2
"Barry White — Mellow Mood, Part II",2,1990s-2000s,1974,2
Boys Noize — Overthrow,2,2010s-2020s,2016,2
Noisia — Thursday,2,2010s-2020s,2010,2
Tears for Fears — Advice for the Young at Heart,2,1990s-2020s,1989,2
Golden Earring — Radar Love,2,1970s-2010s,1973,2
浜崎あゆみ — YOU (Aggressive Mix),2,1990s-2000s,2000,2
Foul Play — Music Is the Key,2,1990s-2020s,1994,2
The Beatles — Strawberry Fields Forever,2,2000s-2010s,2006,2
Trio — Bum Bum (maxi version),2,1980s-2000s,1986,2
David Shire — Night on Disco Mountain,2,2000s-2020s,1977,2
Spice Girls — Stop,2,1990s-2020s,1997,2
Area XG — Girl In Jail,2,2000s-2010s,2009,2
Fats Domino — I Just Cry,2,1960s-2010s,1993,2
Trio — Da Da Da I Don’t Love You You Don’t Love Me Aha Aha Aha,2,1980s-1990s,1982,2
SoGreatandPowerful — night glider,2,2010s-2020s,2026,2
Jimmy Ponder — Jennifer,2,1990s-2000s,1976,2
Rory Gallagher — Wave Myself Goodbye,2,1970s-2020s,1971,2
עפרה חזה — Im Nin'alu,2,1980s-2000s,1984,2
John Coltrane — Africa,2,1970s-1990s,1961,2
Mahavishnu Orchestra — Birds of Fire,2,1990s-2010s,1973,2
Swallow — Peekaboo,2,1990s-2000s,1992,2
Swallow — Follow Me Down,2,1990s-2000s,1992,2
Maroon 5 — Love Somebody,2,2010s-2020s,2012,2
Lena Raine — Heart of the Mountain,2,2010s-2020s,2018,2
Childish Gambino — Freaks and Geeks,2,2010s-2020s,2011,2
OutKast — The Way You Move,2,2010s-2020s,2003,2
The Sugarhill Gang — Rapper’s Delight (long version),2,2000s-2010s,1979,2
Foreigner — Hot Blooded,2,1970s-1980s,1978,2
Mylo — Drop the Pressure,2,2000s-2010s,2003,2
Black Box — Ride on Time,2,2000s-2010s,1990,2
The Who — My Generation,2,2000s-2010s,1965,2
Beastie Boys — Three MC’s and One DJ,2,2000s-2010s,1998,2
The Supremes — Reflections,2,1990s-2010s,1966,2
Lana Del Rey — Art Deco,2,2010s-2020s,2015,2
Janet Jackson — Love Will Never Do (Without You) (single version),2,2000s-2010s,1990,2
The Killers — Smile Like You Mean It,2,2010s-2020s,2003,2
Drowning Pool — Bodies,2,2010s-2020s,2000,2
Death Grips — World of Dogs,2,2010s-2020s,2012,2
Zen Garden — Simple Thought,2,2010s-2020s,2010,2
Bambee — Bumble Bee,2,2010s-2020s,1999,2
Jennifer Lopez — I’m Real (Murder remix),2,2000s-2010s,2001,2
Papa Roach — Born for Greatness,2,2010s-2020s,2017,2
Blue Rodeo — Heart Like Mine,2,1980s-2010s,1987,2
Grandmaster Flash & The Furious Five — Flash to the Beat,2,1980s-1990s,1990,2
Bad Meets Evil — Scary Movies,2,1990s-2000s,1998,2
m.o.v.e — 雷鳴 〜out of kontrol〜,2,2000s-2020s,2005,2
Destiny’s Child — Emotion,2,2000s-2020s,2001,2
Bessie Jones — Sometimes,2,1990s-2020s,1960,2
Althea & Donna — Uptown Top Ranking,2,1990s-2000s,1977,2
チャットモンチー — Last Love Letter,2,2000s-2010s,2005,2
Midnight Star — No Parking (On the Dance Floor),2,1990s-2000s,1983,2
Fats Domino — Ain’t That Just Like a Woman,2,1990s-2010s,1993,2
Black Sun Empire — Sideways,2,2000s-2010s,2005,2
Whitney Houston — I’m Your Baby Tonight,2,2010s-2020s,1990,2
Samantha Fox — Touch Me (I Want Your Body),2,1980s-2000s,1986,2
Rheingold — FanFanFanatisch,2,2000s-2010s,1981,2
Elton John — Goodbye Yellow Brick Road,2,2000s-2010s,1973,2
Samantha Fox — I Only Wanna Be With You,2,1980s-2010s,1988,2
Le Knight Club — Holiday on Ice,2,2000s-2010s,1997,2
Flo Rida — Right Round,2,2000s-2010s,2009,2
Taio Cruz — Break Your Heart,2,2010s-2020s,2010,2
Darondo — Didn’t I,2,2010s-2020s,2005,2
The Lovin’ Spoonful — Summer in the City,2,1990s-2000s,1966,2
Strafe — Set It Off,2,1990s-2000s,1984,2
Céline Dion — Perfect Goodbye,2,2010s-2020s,2019,2
Depeche Mode — Master and Servant (An On‐U Sound Science Fiction Dance Hall Classic),2,2000s-2010s,1984,2
Alan Barry — Come On (vocal version),2,2010s-2020s,1986,2
Modjo — Lady,2,2000s-2020s,2003,2
Nektar — Recycle Countdown,2,2000s-2010s,1975,2
宇多田ヒカル — First Love,2,1990s-2010s,1999,2
808 State — Pacific State,2,1990s-2010s,1989,2
E-Dancer — Velocity Funk,2,1990s-2020s,1997,2
The Beatles — If I Needed Someone,2,1980s-2020s,1965,2
Rammstein — Bück dich,2,1990s-2020s,1997,2
Dead Kennedys — California über alles,2,1990s-2000s,1979,2
Kool & the Gang — Fruitman,2,2000s-2010s,1974,2
Daniel Ingram — What My Cutie Mark Is Telling Me,2,2010s-2020s,2013,2
Pet Shop Boys — Left to My Own Devices,2,2000s-2010s,1988,2
Pet Shop Boys — Integral,2,2000s-2010s,2006,2
Alcazar — Shine On,2,1990s-2000s,1999,2
Anamanaguchi — Another Winter,2,2010s-2020s,2010,2
Radiohead — No Surprises,2,2010s-2020s,1997,2
Dudley Moore — The Millionaire,2,1990s-2000s,1968,2
The Gap Band — Burn Rubber (Why You Wanna Hurt Me),2,1980s-2010s,1980,2
Counting Crows — Mr. Jones,2,2000s-2020s,1993,2
John Lennon — The Luck of the Irish,2,2000s-2020s,1972,2
Justice — Valentine,2,2000s-2020s,2007,2
Линда — Марихуана,2,1990s-2010s,1996,2
近藤浩治 — Zora’s Domain（ゾーラの里）,2,2000s-2020s,1998,2
Amon Tobin — Nova,2,1990s-2010s,1998,2
Don McLean — American Pie,2,1990s-2020s,1971,2
The B‐52s — Roam,2,2000s-2010s,1989,2
Britney Spears — 3,2,2010s-2020s,2009,2
Detroit Swindle — High Life,2,2010s-2020s,2018,2
Reel People — In the Sun,2,2000s-2010s,2021,2
Ruby — Paraffin,2,1990s-2020s,1995,2
The Science — Sonyo,2,2010s-2020s,2017,2
Ballerina Black — Microphones In The Mattress,2,2010s-2020s,2010,2
Plume Latraverse — Anecdote,2,1980s-1990s,1975,2
Mayday Parade — When You See My Friends,2,2010s-2020s,2011,2
Phil RetroSpector — Jude’ll Fix It (The Beatles vs. Coldplay),2,2000s-2010s,2008,2
Shawn Mendes — There’s Nothing Holdin’ Me Back,2,2010s-2020s,2016,2
Le Knight Club — Coral Twist,2,2000s-2020s,1999,2
逢坂大河 — プレパレード,2,2000s-2010s,2008,2
長沼英樹 — Like It Like This Like That,2,2010s-2020s,2002,2
Lil Jon & The East Side Boyz — Shawty Freak a Lil Sumtin’,2,1990s-2000s,1997,2
The Crystal Method — Trip Like I Do,2,1990s-2000s,1997,2
DJ Harmony — Let Me In,2,1990s-2020s,2020,2
Current Value — Time of the Rain,2,2010s-2020s,2011,2
JAM Studio — True to the Night,2,2010s-2020s,2017,2
Kochiss — Born to Love You,2,2000s-2010s,2008,2
Aphex Twin — To Cure a Weakling Child,2,1990s-2010s,1996,2
Displacer — Warriors in God’s Army,2,2000s-2010s,2008,2
goreshit — Look at Me Tenderly,2,2010s-2020s,2010,2
Bum Bum Boys — Space Salsa (Pianinstrumental),2,1980s-1990s,1989,2
Peter Illias — Summer Vibes,2,2010s-2020s,2021,2
Fatback — Keep On Steppin’,2,1970s-1990s,1974,2
The Jam — Start!,2,1990s-2000s,1980,2
Елица Тодорова и Стоян Янкулов — Water,2,2010s-2020s,2007,2
waterfront dining — game,2,2010s-2020s,2015,2
影山ヒロノブ — 光の旅,2,1990s-2000s,1990,2
Derix — Sumr,2,2010s-2020s,2021,2
Pat Benatar — We Live for Love,2,1970s-1980s,1979,2
Future Funk Squad — Isolate,2,2010s-2020s,2009,2
:wumpscut: — Boneshaker Baybee,2,2010s-2020s,2017,2
Eek‐A‐Mouse — Anarexol,2,1990s-2000s,1984,2
Ahmad Jamal — Theme Bahamas,2,1990s-2000s,1974,2
Talking Heads — Born Under Punches (The Heat Goes On),2,2000s-2020s,1980,2
Carly Simon — Why,2,2000s-2010s,1982,2
Nektar — Recycling,2,2000s-2010s,1975,2
Vibrasphere — Wasteland,2,2000s-2010s,2007,2
Warren Smith — Dear John,2,1990s-2010s,1986,2
Astrix — Day Dream,2,2000s-2010s,2003,2
Porter Robinson — Shepherdess,2,2010s-2020s,2014,2
m‐flo — Love Me After 12AM (RAM RIDER remix),2,2000s-2010s,2007,2
Yazoo — Situation,2,1980s-2010s,1982,2
J Dilla — Two Can Win,2,2000s-2010s,2006,2
Clan of Xymox — Consolation,2,1990s-2010s,1999,2
Harry Nilsson — Together,2,1970s-1990s,1968,2
Supermax — Living in a World,2,1990s-2000s,1986,2
Fela Kuti — Gentleman,2,1990s-2010s,1973,2
The Chemical Brothers — Out of Control,2,1990s-2000s,1999,2
Stromae — House’llelujah,2,2010s-2020s,2010,2
Crazy P — Do It Good,2,2000s-2010s,1999,2
Bob Dylan — On the Road Again,2,1980s-2000s,1965,2
Esbjörn Svensson Trio — O.D.R.I.P. / Love Is Real,2,2000s-2010s,2003,2
Miles Davis — All Blues,2,1990s-2000s,1959,2
Moderat — A New Error,2,2000s-2010s,2009,2
FreQuency — Grip,2,2000s-2010s,2006,2
Daft Punk — Beyond,2,2010s-2020s,2013,2
E-Force — My God,2,2010s-2020s,2015,2
Velocity — Lust,2,1990s-2010s,1994,2
H.U.V.A. Network — Time Circles,2,2000s-2010s,2011,2
Blue Swede — Hooked on a Feeling,2,1980s-2000s,1973,2
"Earth, Wind & Fire — Moment of Truth",2,1980s-2000s,1971,2
PUFFY — 愛のしるし,2,1990s-2000s,1998,2
島谷ひとみ — ANGELUS -アンジェラス-,2,2000s-2010s,2004,2
Chronos — Sacral Meetings,2,2000s-2010s,2009,2
三浦大知 — Inside Your Head,2,2000s-2010s,2009,2
Bryan Ferry — Don’t Stop the Dance,2,1980s-2000s,1985,2
Shy FX & T Power — Shake Ur Body (radio edit),2,2000s-2010s,2002,2
Nelly — Country Grammar,2,2000s-2010s,2000,2
Cam’ron — Hey Ma,2,2010s-2020s,2002,2
Wildchild — Renegade Master (Fatboy Slim Old Skool mix),2,1990s-2010s,1997,2
M‐Beat — Incredible,2,1990s-2010s,1996,2
The Lonely Island — Jizz in My Pants,2,2000s-2010s,2008,2
Space — Magic Fly,2,1990s-2020s,1977,2
Paper Route — Gutter,2,2000s-2010s,2009,2
Daniel Ingram — The Spectacle,2,2010s-2020s,2015,2
Porter Robinson — Years of War,2,2010s-2020s,2014,2
The Rolling Stones — Ruby Tuesday,2,1990s-2010s,1967,2
George Kranz — Din Daa Daa,2,2000s-2020s,1998,2
Eurythmics — Who’s That Girl?,2,1990s-2000s,1983,2
Peter Gabriel — I Don’t Remember,2,1990s-2000s,1980,2
Phil Collins — Take Me Home,2,1980s-2000s,1985,2
The Third Guitar — Baby Don’t Cry,2,1990s-2000s,1968,2
Fantastic Freaks — Fantastic Freaks at the Dixie,2,1990s-2010s,1997,2
Jerry Lee Lewis — I Love You Because,2,1980s-1990s,1989,2
Massive New Krew — LOSE CONTROL,2,2010s-2020s,2014,2
E‐Mantra — Moon Walker,2,2010s-2020s,2009,2
Fort Minor — Remember the Name (instrumental),2,2000s-2010s,2005,2
Power of Zeus — The Sorcerer of Isle (The Ritual of the Mole),2,1990s-2000s,1970,2
"Earth, Wind & Fire — Imagination",2,1990s-2000s,1976,2
Foals — Late Night,2,2010s-2020s,2013,2
m1dy — 37 Dicks,2,2000s-2020s,2003,2
Fats Domino — I Can't Give You Anything but Love,2,1960s-1990s,1961,2
m.o.v.e — Blast My Desire,2,2000s-2010s,2004,2
Lil Uzi Vert — UnFazed,2,2010s-2020s,2017,2
Âme — Fiori,2,2000s-2010s,2007,2
Clem Leek — Set Back ‐ Push On,2,2010s-2020s,2014,2
Two Fingers — Bad Girl,2,2000s-2010s,2009,2
"Michel Chapuis — Toccata & Fugue in D minor, BWV 565",2,2000s-2010s,1988,2
A Tribe Called Quest — Excursions,2,2000s-2010s,1991,2
The Main Ingredient — California My Way,2,1990s-2000s,1974,2
John Lennon — Power to the People,2,2000s-2010s,1971,2
Sara Bareilles — King of Anything,2,2010s-2020s,2010,2
The Beach Boys — I Know There’s an Answer,2,1990s-2000s,1966,2
Białas — Street Credit Freestyle,2,2010s-2020s,2016,2
Iron Soul — Heavens Reject,2,2000s-2020s,2005,2
Tiësto — Here on Earth,2,2000s-2010s,2009,2
Harold Melvin & The Blue Notes — Wake Up Everybody,2,2000s-2010s,1975,2
The Beach Boys — Don’t Worry Baby,2,1990s-2010s,1964,2
"Earth, Wind & Fire — Fantasy",2,2000s-2010s,1977,2
Michael Jackson — Workin’ Day and Night,2,1990s-2000s,1979,2
Soundgarden — Fopp,2,1980s-1990s,1988,2
Jerry Lee Lewis — Sweet Little Sixteen,2,1990s-2010s,1989,2
愛内里菜 — It's crazy for you,2,2000s-2010s,2000,2
Megadeth — Skull Beneath the Skin,2,2000s-2010s,1985,2
50 Cent — Many Men (Wish Death),2,2000s-2010s,2003,2
Yandar & Yostin — Cripi cripi,2,2000s-2010s,2011,2
Ladytron — The Animals,2,2010s-2020s,2018,2
Fats Domino — Please Don’t Leave Me,2,1960s-1980s,1953,2
Queen — The Invisible Man,2,1980s-2010s,1989,2
:wumpscut: — Our Fatal Longing,2,2000s-2020s,2004,2
Juan Hidalgo — Radio Music,2,1990s-2000s,1974,2
MANNA — でてこいとびきりZENKAIパワー!,2,1990s-2000s,1989,2
Jerry Lee Lewis — John Henry,2,1970s-2010s,2015,2
Little Richard — Get Down With It,2,1960s-1990s,1967,2
中森明菜 — 十戒（1984）,2,1990s-2010s,1984,2
Sweet Tee — It’s My Beat,2,2000s-2010s,1986,2
Mariah Carey — Heartbreaker (remix),2,1990s-2000s,1999,2
Ultra Naté — Free,2,2000s-2020s,1998,2
Lady Gaga — Monster,2,2000s-2010s,2009,2
くるり — ワールズエンド・スーパーノヴァ,2,2000s-2010s,2002,2
Christophe — Les Mots bleus,2,2000s-2020s,2002,2
Blue Sky Black Death — The Cube,2,2000s-2010s,2009,2
Yaga & Mackie — Pistolón,2,2010s-2020s,2007,2
四条貴音 — きゅんっ！ヴァンパイアガール,2,2010s-2020s,2013,2
The Marvelettes — Please Mr. Postman,2,2010s-2020s,1961,2
Tyson Yen — The Only Thing I Know For Real,2,2010s-2020s,?,2
Coldplay — Adventure of a Lifetime,2,2010s-2020s,2015,2
C418 — Wet Hands,2,2010s-2020s,2011,2
The Donnas — Take It Off,2,2000s-2010s,2002,2
Marvin Gaye — “T” Stands for Trouble,2,1990s-2000s,1972,2
T. Rex — Children of the Revolution,2,2000s-2010s,1972,2
"Earth, Wind & Fire — Reasons",2,1990s-2000s,1975,2
Jerry Lee Lewis — C. C. Rider,2,1980s-1990s,2015,2
Joy — Hello,2,2000s-2010s,1986,2
Avatars of Dub — Sexelevatormuzik,2,1990s-2000s,1998,2
Nina Hagen Band — Alptraum,2,1980s-2020s,1979,2
MxPx — Move to Bremerton,2,1990s-2000s,1996,2
H.U.V.A. Network — Rain Geometries,2,2000s-2010s,2011,2
Justin Timberlake — Señorita,2,2000s-2020s,2002,2
P‐Money — Everything,2,2000s-2010s,2008,2
The Guess Who — These Eyes,2,1990s-2000s,1969,2
Sigur Rós — Takk…,2,2010s-2020s,2005,2
"Jerry Lee Lewis — What'd I Say, Parts 1 & 2 / Closing",2,1990s-2010s,2012,2
John Coltrane — Intro / Impressions,2,1980s-2010s,2024,2
The Veronicas — Untouched,2,2010s-2020s,2007,2
Tiësto — Kaleidoscope,2,2000s-2010s,2009,2
The Intruders — I’ll Always Love My Mama,2,1970s-2000s,1973,2
Bam Bam — Where's Your Child,2,1990s-2010s,1988,2
高田雅史 — DANGANRONPA,2,2010s-2020s,2011,2
Dodge & Fuski — Mistakes,2,2010s-2020s,2018,2
Phil Collins — In the Air Tonight,2,2010s-2020s,1990,2
TRF — Overnight Sensation (K-KLASS KLUB MIX),2,2000s-2020s,2000,2
Liquid Gold — Dance Yourself Dizzy,2,1990s-2000s,1980,2
Infected Mushroom — Becoming Insane,2,2000s-2010s,2007,2
Roberta Flack — Killing Me Softly With His Song,2,1970s-1990s,1973,2
Michy Reincke — Niemand kommt so selten vor...,2,2000s-2010s,1991,2
Masta Ace Incorporated — Born to Roll,2,2000s-2020s,1993,2
TheFatRat — The Calling,2,2010s-2020s,2016,2
Bryan Adams — Heaven,2,2000s-2010s,1984,2
Manu Dibango — Soul Makossa,2,1980s-1990s,1973,2
Beenie Man — King of the Dancehall,2,2000s-2010s,2004,2
Bohannon — Me and the Gang,2,1990s-2010s,1978,2
Bobby Caldwell — My Flame,2,1990s-2020s,1978,2
Tom Browne — Thighs High (Grip Your Hips and Move),2,1990s-2010s,1981,2
Dreamer — Homage,2,2010s-2020s,2019,2
Ace — Breakin' Out,2,2010s-2020s,2013,2
Queen 26 — Upside Down,2,2000s-2010s,2009,2
柴田徹也 — “DEVILS NEVER CRY”（スタッフロール）,2,2000s-2020s,2005,2
DJ Zen — Speak Your Mind,2,2000s-2010s,2009,2
"Bob Dylan — It’s All Over Now, Baby Blue",2,1980s-2000s,1965,2
The Clifford Gilberto Rhythm Combination — Restless,2,1990s-2010s,1998,2
"Little Richard — Jenny, Jenny",2,1960s-1990s,1967,2
中森明菜 — 水に挿した花,2,1990s-2010s,1990,2
Sébastien Tellier — Sexual Sportswear,2,2000s-2010s,2007,2
Rick James — Moonchild,2,1990s-2000s,1985,2
113 — Tonton du bled,2,2000s-2020s,1999,2
Captain Sensible — Wot,2,1990s-2000s,1982,2
San Holo — always on my mind,2,2010s-2020s,2018,2
Neneh Cherry — Buffalo Stance,2,1980s-2000s,1989,2
Tiffany — I Think We’re Alone Now,2,1980s-2000s,1987,2
Glass Tiger — Don’t Forget Me (When I’m Gone),2,2000s-2010s,1986,2
Frankie Smith — Double Dutch Bus,2,2000s-2010s,1981,2
Céline Dion — Flying on My Own,2,2010s-2020s,2019,2
Choir of Young Believers — Hollow Talk,2,2010s-2020s,2008,2
Stéphane Picq — Sietch Tabr (bagdad),2,2010s-2020s,2007,2
Jane’s Addiction — Stop!,2,2000s-2010s,1990,2
David Whittaker — Game Over (Amiga),2,1990s-2010s,2014,2
ロードオブメジャー — 大切なもの,2,2010s-2020s,2002,2
MEDUZA — Piece of Your Heart,2,2010s-2020s,2019,2
Egyptian Empire — The Horn Track (original mix),2,1990s-2020s,1992,2
The Notwist — Sleep,2,2000s-2010s,2008,2
k.d. lang — If I Were You,2,1990s-2020s,1995,2
Lyktum — Sacred Plants,2,2010s-2020s,2018,2
"U2 — Hold Me, Thrill Me, Kiss Me, Kill Me",2,2010s-2020s,1995,2
浜崎あゆみ — fairyland (original mix),2,2000s-2010s,2005,2
Pete Rock & C.L. Smooth — Take You There,2,1990s-2010s,1994,2
Blaq Poet — Message From Poet,2,2000s-2010s,2006,2
Saint Etienne — Filthy (Monkey Mafia mix),2,1990s-2020s,1996,2
"Belle Lawrence — Bulletproof (Almighty 12"" Anthem mix)",2,2000s-2010s,2009,2
Porter Robinson — Hear the Bells,2,2010s-2020s,2014,2
Me & My — Dub‐I‐Dub,2,2000s-2020s,1995,2
Kitsune² — Take Off and Land,2,2010s-2020s,2009,2
Beastie Boys — Brass Monkey,2,2000s-2010s,1986,2
Danny Baranowsky — Power Cords (5-2),2,2010s-2020s,2017,2
陳百強 — 偶像,2,1980s-2010s,1986,2
19 Hz — Round & Round,2,2010s-2020s,2021,2
Serum — 8-Bit,2,2010s-2020s,2017,2
Orchestra JB — Come Alive (Love in London mix),2,1990s-2000s,1991,2
Monogem — Gone,2,2010s-2020s,2023,2
umru — popular,2,2010s-2020s,2018,2
D-Sturb — Ready to Roll,2,2010s-2020s,2016,2
Simon & Garfunkel — Cecilia,2,1990s-2010s,1970,2
George Michael — Careless Whisper,2,2010s-2020s,1989,2
Vernon Burch — Get Up,2,1990s-2000s,1979,2
"Does It Offend You, Yeah? — We Are Rockstars",2,2000s-2010s,2008,2
Good Charlotte — I Don’t Wanna Be in Love (Dance Floor Anthem),2,2000s-2010s,2007,2
B.B. King — Chains and Things,2,1990s-2010s,1970,2
Electric Universe — Rain (original Unreleased version),2,1990s-2010s,2011,2
James Brown — Bodyheat,2,1990s-2000s,1976,2
The Supremes — My Favorite Things,2,2010s-2020s,1965,2
Basshunter — Boten Anna,2,2010s-2020s,2006,2
Namika — Lieblingsmensch,2,2010s-2020s,2015,2
Lana Del Rey — Meet Me in the Pale Moonlight,2,2010s-2020s,2021,2
SAINT PEPSI — Better,2,2010s-2020s,2013,2
Stéphane Picq — Introduction (wormsuit),2,2010s-2020s,2007,2
Phil Collins — Sussudio,2,1980s-2010s,1985,2
The Beatles — Good Morning Good Morning,2,2000s-2010s,1967,2
The Beatles — Only a Northern Song,2,1990s-2000s,1969,2
Perfume — ポリリズム,2,2000s-2010s,2007,2
Cocteau Twins — Lorelei,2,2000s-2010s,1984,2
London Elektricity — Just One Second,2,2000s-2010s,2008,2
Pink Floyd — Let’s Roll Another One,2,1990s-2010s,2007,2
S.P.Y — Step & Flow,2,2010s-2020s,2014,2
Srav3R — NiTE CRUiSiNG,2,2010s-2020s,2018,2
NOK — Tricolore,2,2000s-2010s,2007,2
Koan — Back to the Silent Lagoon,2,2000s-2010s,2005,2
Joey Purp — Elastic,2,2010s-2020s,2018,2
Aphex Twin — 5 Scorrier (101 Rainbows),2,1990s-2020s,2015,2
in the blue shirt — seven bridge,2,2010s-2020s,2014,2
Renaud — Toujours debout,2,2010s-2020s,2016,2
瀬上純 — STAGE 12 : MYSTIC MANSION,2,2010s-2020s,2004,2
Vibrasphere — Sweet September,2,2000s-2010s,2006,2
Peggy Lee — Fever,2,2000s-2020s,1958,2
Black Out — Video Games,2,2010s-2020s,2006,2
Little Richard — Whole Lotta Shakin' Going On,2,1960s-1990s,1972,2
Angelo Badalamenti — Main Title,2,2000s-2010s,1986,2
"Joe Tex — Papa Was, Too",2,1990s-2010s,1968,2
"Michy Reincke — Valérie, Valérie",2,2000s-2010s,1991,2
T.I. — Rubber Band Man,2,2000s-2010s,2003,2
Gorillaz — El mañana,2,2000s-2010s,2005,2
"Jim Guthrie — Now, More Than Ever",2,2000s-2010s,2003,2
Cosculluela — Un pesito,2,2010s-2020s,2009,2
Aerosmith — Sweet Emotion,2,1990s-2020s,1975,2
Janis Joplin — Mercedes Benz,2,2000s-2010s,1971,2
中村あゆみ — Only You,2,1980s-1990s,1988,2
Curtis Mayfield — Little Child Runnin’ Wild,2,1990s-2000s,1972,2
FPI Project — Rich in Paradise,2,2000s-2010s,1998,2
ATB — 9 PM (Till I Come) (9 PM mix),2,1990s-2000s,1998,2
AAA — 最強babe,2,2000s-2010s,2006,2
Beyoncé — Yes,2,2000s-2020s,2003,2
Prince — Darling Nikki,2,1990s-2000s,1984,2
Sufjan Stevens — Blue Bucket of Gold,2,2010s-2020s,2015,2
藤田真由美 — A Way Of Life,2,2000s-2010s,2009,2
"Patric Caird — Ed, Edd n Eddy",2,2010s-2020s,1999,2
Vladimir Cauchemar — (G)rave,2,2010s-2020s,2019,2
Megan Thee Stallion — Cash Shit,2,2010s-2020s,2019,2
Chicane — Saltwater (original mix),2,2000s-2020s,1999,2
Peking Duk — Fake Magic,2,2000s-2010s,2017,2
BØRNS — Electric Love,2,2010s-2020s,2014,2
Gossip — Heavy Cross,2,2000s-2010s,2009,2
The Mothers of Invention — Who Are the Brain Police?,2,2000s-2010s,1966,2
Deutsch Amerikanische Freundschaft — Kebab Träume,2,1980s-1990s,1982,2
H.U.V.A. Network — Indigo Room,2,2000s-2010s,2011,2
Count Basic — Speechless,2,1990s-2000s,1996,2
宇多田ヒカル — Movin’ on without you,2,1990s-2010s,1999,2
UKW — Ich will,2,1980s-2000s,2001,2
Stéphane Picq — Deep Desert (wormintr),2,2010s-2020s,2007,2
Nina Simone — Plain Gold Ring,2,2000s-2010s,1958,2
David Sylvian — Late Night Shopping,2,2000s-2020s,2003,2
Dom & Roland — Imagination,2,2000s-2020s,2000,2
Tiësto — I Am Strong,2,2000s-2010s,2009,2
Jerry Lee Lewis — It Hurt Me So,2,1960s-1970s,1958,2
Felix de Luxe — Nächte über’s Eis,2,2000s-2010s,1984,2
Super Lover Cee & Casanova Rud — Super-Casanova,2,1990s-2000s,1988,2
Beck — Gamma Ray,2,2010s-2020s,2008,2
Soundgarden — Rusty Cage,2,1990s-2010s,1991,2
American Football — Never Meant,2,2000s-2020s,1999,2
佐藤仁美 — 戦闘！アクロマ,2,2010s-2020s,2012,2
Skrillex — All I Ask of You,2,2010s-2020s,2010,2
宇多田ヒカル — traveling,2,2010s-2020s,2002,2
Jan Delay — Feuer,2,2000s-2010s,2006,2
H8_Seed — Neverending Strife,2,2010s-2020s,2012,2
Laya Project — Laya Mantra,2,2000s-2010s,2007,2
Brad Breeck — Gravity Falls Main Title Theme,2,2010s-2020s,2013,2
Joe Coleman — Get It Off the Ground,2,2010s-2020s,1982,2
Chicago — You’re the Inspiration,2,1990s-2010s,1984,2
Coolio — Sumpin’ New,2,1990s-2020s,1995,2
Damon Wild — Bang the Acid,2,1990s-2020s,1994,2
Astral Waves — La Danse des elfes,2,2010s-2020s,2015,2
The Wailers — Burnin’ and Lootin’,2,1990s-2000s,1973,2
Carpenter Brut — Leather Teeth,2,2010s-2020s,2018,2
Spliff — Heut’ Nacht,2,1990s-2000s,1982,2
Floetry — Say Yes,2,2010s-2020s,2002,2
"Napoleon XIV — They’re Coming to Take Me Away, Ha‐Haaa!",2,1960s-2010s,1966,2
The Three Degrees — The Runner,2,1990s-2000s,1978,2
Rebecca Luker — Secret Tear,2,1990s-2000s,1997,2
B-Complex — Beautiful Lies,2,2010s-2020s,2009,2
Beborn Beton — 24/7 Mystery,2,2000s-2010s,2015,2
Rammstein — Pussy,2,2010s-2020s,2008,2
Black Sabbath — Behind the Wall of Sleep,2,1980s-2010s,1970,2
Shabaam Sahdeeq — 5 Star Generals,2,1990s-2000s,1998,2
Ten Wheel Drive — Ain’t Gonna Happen,2,2000s-2010s,1969,2
Model 500 — Future (vocal),2,1980s-1990s,1985,2
中森明菜 — Liar,2,1990s-2010s,1989,2
涼宮ハルヒ — God knows...,2,2000s-2010s,2006,2
Fats Domino — My Blue Heaven,2,1960s-1990s,1956,2
Braille — Ian,2,2000s-2010s,2007,2
X Marks the Pedwalk — Mirthless Knick Knack,2,1990s-2010s,1990,2
Fehlfarben — Paul ist tot,2,2000s-2010s,1980,2
JPB — High,2,2010s-2020s,2015,2
Otis Redding — Tramp,2,1990s-2000s,1967,2
Black Sabbath — Selling My Soul,2,1990s-2020s,1998,2
μ's — それは僕たちの奇跡,2,2010s-2020s,2014,2
Tabitha Fair — FLY IN THE FREEDOM …theme of “ROUGE”,2,2010s-2020s,2001,2
"Ye — Father Stretch My Hands, Pt. 1",2,2010s-2020s,2016,2
Swell — At Long Last,2,1990s-2020s,1992,2
Young Buck — 4 Kings,2,2000s-2010s,2007,2
FreQuency — Circulation,2,2000s-2010s,2006,2
S.T.S. — Fürstenfeld,2,1980s-2000s,1984,2
Billy Bragg — Levi Stubbs’ Tears,2,1990s-2000s,1986,2
Derek and the Dominos — Thorn Tree in the Garden,2,1980s-1990s,1970,2
The Heavy — How You Like Me Now?,2,2000s-2010s,2009,2
CoLD SToRAGE — Body in Motion,2,1990s-2010s,1996,2
Supermax — Fly With Me,2,1990s-2000s,1994,2
Cajiva's Gadget Shop — 水なき海を往く,2,2010s-2020s,2013,2
MACROSS 82–99 — 『82.99 FM』,2,2010s-2020s,2014,2
"The Beatles — Long, Long, Long",2,2000s-2020s,1968,2
The Beatles — I’m So Tired,2,2000s-2020s,1968,2
The Beatles — Rocky Raccoon,2,2000s-2020s,1968,2
近藤浩治 — ウォーターランド,2,2010s-2020s,1996,2
a‐ha — The Sun Always Shines on T.V.,2,2010s-2020s,1985,2
Alstroemeria Records — Bad Apple!!,2,2010s-2020s,2018,2
2Pac — I Wonder If Heaven Got a Ghetto,2,1990s-2000s,1997,2
Foster the People — Pumped Up Kicks,2,2010s-2020s,2010,2
MindSpring Memories — the power is within our reach,2,2010s-2020s,2016,2
Midnight Tyrannosaurus — Mudmen!,2,2010s-2020s,2016,2
Jerry Lee Lewis — Your Cheatin’ Heart,2,1960s-1980s,1986,2
Paul Oakenfold — Southern Sun,2,2000s-2020s,2002,2
中森明菜 — BLONDE,2,1990s-2010s,1987,2
C2C — Happy,2,2010s-2020s,2012,2
New Order — Nothing but a Fool,2,2010s-2020s,2015,2
Brennan Heart — Memento,2,2010s-2020s,2008,2
深田恭子 — イージーライダー,2,1990s-2000s,1999,2
Konflict — Messiah,2,2000s-2020s,2000,2
The Guess Who — No Sugar Tonight / New Mother Nature,2,1970s-2010s,1965,2
Pezet — Noc i dzień,2,2000s-2010s,2007,2
D-Mode-D — Atmos Break,2,2000s-2010s,2008,2
"Thelonious Monk — Straight, No Chaser",2,1960s-1980s,1996,2
Joe Tex — Ain’t Gonna Bump No More (With No Big Fat Woman),2,1980s-1990s,1977,2
Ohio Players — Our Love Has Died,2,1990s-2010s,1972,2
Ted Taylor — Be Ever Wonderful,2,2000s-2010s,1978,2
上坂すみれ — POP TEAM EPIC,2,2010s-2020s,2018,2
The Primitives — Crash,2,1980s-2010s,1988,2
Blood Groove & Kikis — Mirage,2,2010s-2020s,2021,2
Le Knight Club — Mirage,2,2000s-2010s,1998,2
"David Axelrod — The Warnings, Part II",2,1990s-2010s,1970,2
Lil Uzi Vert — Diamonds All on My Wrist,2,2010s-2020s,2017,2
八神純子 — COMMUNICATION,2,2000s-2010s,1985,2
Oasis — Wonderwall,2,2000s-2010s,?,2
Phillip Boa and the Voodooclub — This Is Michael,2,1990s-2000s,1990,2
Criminal Element Orchestra — Put the Needle to the Record,2,1990s-2000s,1989,2
Cutty Ranks — Limb by Limb,2,2000s-2010s,1993,2
DJ Brisk — Gettin’ High,2,2000s-2010s,2005,2
Thomas & Friends — Thomas Theme,2,2000s-2010s,2001,2
Flo Rida — Club Can’t Handle Me,2,2010s-2020s,2010,2
Jennifer Lopez — Acting Like That,2,2010s-2020s,2014,2
H.U.V.A. Network — Distances,2,2000s-2010s,2011,2
H.U.V.A. Network — Overload (Putput mix),2,2000s-2010s,2011,2
H.U.V.A. Network — Moon Town,2,2000s-2010s,2011,2
H.U.V.A. Network — Morning Call (Dawn remix),2,2000s-2010s,2011,2
H.U.V.A. Network — Symetric Lifes,2,2000s-2010s,2011,2
Meishi Smile — PALE,2,2010s-2020s,2012,2
Schodt — April,2,2010s-2020s,2013,2
Whitney Houston — All the Man That I Need,2,2010s-2020s,1990,2
愛内里菜 — MIRACLE,2,2000s-2010s,2006,2
John Lennon — We’re All Water,2,2000s-2020s,1972,2
Big Pun — Beware,2,1990s-2010s,1998,2
Harvey Danger — Flagpole Sitta,2,2010s-2020s,1996,2
Taking Back Sunday — MakeDamnSure,2,2010s-2020s,2006,2
Blondie — Atomic,2,1990s-2000s,1980,2
DECO*27 — 弱虫モンブラン,2,2010s-2020s,2010,2
Dragonette — I Get Around,2,2000s-2010s,2007,2
Argus — Battle on the Holy Ground,2,2010s-2020s,2020,2
Fux — Überdosis Glück,2,1990s-2010s,1987,2
Lane 8 — Sunlight,2,2010s-2020s,2015,2
Foo Fighters — All My Life,2,2010s-2020s,2002,2
B.T. Express — If It Don’t Turn You On (You Oughta Leave It Alone),2,1990s-2000s,1974,2
Scandroid — Shout,2,2010s-2020s,2016,2
Del the Funky Homosapien — Mistadobalina,2,1990s-2000s,1991,2
Young MC — I Come Off,2,1980s-2000s,1989,2
Serge Gainsbourg — Couleur café,2,2000s-2010s,1964,2
Marvin Gaye — Let’s Get It On,2,1990s-2020s,1973,2
Shaggy — Boombastic,2,1990s-2000s,1995,2
Harold Melvin & The Blue Notes — I Miss You,2,1970s-2000s,1972,2
Edge of Sanity — Pernicious Anguish,2,1990s-2020s,1989,2
The Stylistics — You’re a Big Girl Now,2,1990s-2000s,1971,2
Depeche Mode — Flexible (remixed extended),2,1990s-2000s,1985,2
Depeche Mode — Shake the Disease (remixed extended),2,1990s-2000s,1985,2
相川七瀬 — BREAK OUT! (Eurobeat Mix),2,2000s-2010s,2000,2
The Mamas & the Papas — Pearl,2,1990s-2010s,1971,2
T La Rock — It’s Yours (radio mix),2,1990s-2000s,1984,2
BCee — Cut Me Loose,2,2010s-2020s,2015,2
Hollywood Principle — Solar Eclipses,2,2010s-2020s,2017,2
Parliament — Up for the Down Stroke,2,1980s-1990s,1974,2
The Gap Band — Oops Upside Your Head,2,2000s-2010s,1979,2
Madonna — Express Yourself,2,1990s-2010s,1989,2
m‐flo — Mirrorball Satellite 2012,2,1990s-2000s,1999,2
影山ヒロノブ — 戦(I・KU・SA),2,1990s-2000s,1990,2
My Life With the Thrill Kill Kult — Kooler Than Jesus,2,2000s-2010s,1989,2
Нэнси — Нэнси,2,2000s-2010s,1995,2
Blondie — Hanging On the Telephone,2,1990s-2000s,1978,2
Counterstrike — Timewarp,2,2000s-2010s,2006,2
Counterstrike — Timewarp (VIP),2,2000s-2010s,2008,2
Sido — Beweg dein Arsch,2,2000s-2010s,2008,2
Niniola — Maradona,2,2010s-2020s,2017,2
Assemblage 23 — Purgatory,2,2000s-2010s,1999,2
Kraftwerk — Musique Non Stop,2,2000s-2010s,1986,2
Yahel — Going Up,2,2000s-2020s,1999,2
Dillinja — Grimey,2,2000s-2020s,2002,2
Run‐D.M.C. — Run’s House,2,1990s-2020s,1988,2
稲泉りん — Beneath the Mask,2,2010s-2020s,2017,2
Trends of Culture — Who Got My Back?,2,1990s-2010s,1993,2
Bob Dylan — The Man in Me,2,2000s-2010s,1970,2
A★Teens — Halfway Around The World (Almighty Full-On Tampered With Mix),2,2000s-2010s,2001,2
Joe Dassin — L’Été indien,2,1990s-2010s,1975,2
The Jimi Hendrix Experience — Little Miss Lover,2,1970s-1990s,1967,2
THE IDOLM@STER CINDERELLA GIRLS — 輝く世界の魔法 (M@STER VERSION),2,2010s-2020s,2013,2
t.A.T.u. — Мальчик-гей,2,2000s-2010s,2001,2
Liam Lynch — United States of Whatever,2,2010s-2020s,2000,2
Philippe Lafontaine — Cœur de loup,2,2000s-2010s,1988,2
Foals — In Degrees,2,2010s-2020s,2019,2
Der Plan — Da vorne steht ne Ampel,2,1980s-2000s,1980,2
Jerry Lee Lewis — Rockin' the Boat of Love,2,1970s-1990s,1977,2
FictionJunction YUUKA — 暁の車,2,2010s-2020s,2003,2
DJ Funk — Run (U.K.),2,1990s-2000s,1997,2
Tchami — Adieu,2,2010s-2020s,2017,2
The Crusaders — Street Life,2,1990s-2020s,1979,2
Jackie Jackson — Is It Him or Me,2,1990s-2020s,1973,2
Barrington Levy — Under Mi Sensi,2,2000s-2010s,2005,2
Garbage — Androgyny,2,2000s-2010s,2003,2
"Gene Harris — Feeling You, Feeling Me Too!",2,2000s-2010s,1974,2
Sólo los Solo — El chico del 9,2,2000s-2010s,2005,2
Gang Starr — DWYCK,2,2000s-2010s,1992,2
Total Science — Kingpin,2,2000s-2020s,2001,2
King Midas Sound — Lost,2,2000s-2010s,2009,2
The Beach Boys — Let’s Go Away for Awhile,2,1960s-2000s,1966,2
Tom Lehrer — Oedipus Rex,2,1990s-2010s,1959,2
Xinobi — Far Away Place,2,2010s-2020s,2017,2
Prince — Let’s Go Crazy,2,1980s-1990s,1984,2
Boards of Canada — Buckie High,2,2000s-2010s,1996,2
Neon Trees — Everybody Talks,2,2010s-2020s,2011,2
Pink Floyd — Astronomy Domine,2,2000s-2010s,1967,2
Bob Dorough — Three Is a Magic Number,2,1980s-2000s,1973,2
中原めいこ — 鏡の中のアクトレス,2,1980s-1990s,1988,2
逢坂大河 — オレンジ,2,2000s-2010s,2009,2
Kings of Leon — Closer,2,2010s-2020s,2008,2
Evanescence — Hello,2,2010s-2020s,2003,2
Snoop Dogg — Signs,2,2000s-2020s,2004,2
泰葉 — フライディ・チャイナタウン,2,2010s-2020s,1981,2
松崎しげる — 愛のカタマリ～エンディングテーマ,2,2010s-2020s,2004,2
Carly Rae Jepsen — Everything He Needs,2,2010s-2020s,2019,2
Jackie Wilson — Reet Petite (The Finest Girl You Ever Want to Meet),2,1990s-2010s,1957,2
Toby Fox — Bonetrousle,2,2010s-2020s,2015,2
LMFAO — Sexy & I Know It,2,2010s-2020s,2012,2
The All‐American Rejects — Move Along,2,2010s-2020s,2005,2
TheFatRat — MAYDAY,2,2010s-2020s,2018,2
Antoine Chambe — Blame,2,2010s-2020s,2019,2
The Rolling Stones — Under My Thumb,2,2010s-2020s,1966,2
The Roots — Get Busy,2,2000s-2010s,2008,2
The Human League — Heart Like a Wheel,2,1990s-2010s,1990,2
What So Not — Gemini,2,2010s-2020s,2015,2
Syl Johnson — Could I Be Fallin’ in Love,2,1990s-2010s,1974,2
Pat Metheny Group — Slip Away,2,1990s-2000s,1989,2
Cascada — Bad Boy (radio mix),2,2000s-2010s,2004,2
Jerry Lee Lewis — Jambalaya (On the Bayou),2,1960s-1980s,1958,2
Gabrielle — Dreams,2,2010s-2020s,1993,2
Руки вверх! — Малыш,2,2000s-2020s,1997,2
The Herbaliser — Scratchy Noise,2,2010s-2020s,1995,2
דויד ברוזה — מתחת לשמיים,2,2000s-2010s,1991,2
Christopher Cross — Sailing,2,1990s-2000s,1979,2
倖田來未 — BE MY BABY,2,2010s-2020s,2010,2
倖田來未 — Cherry Girl,2,2000s-2010s,2006,2
Jan Driver — Drive By (Timo Maas mix),2,1990s-2000s,1998,2
Sub6 — On the Ground,2,2000s-2010s,2004,2
Peter Alexander — Die kleine Kneipe,2,1990s-2000s,1976,2
Philip Glass — Warda’s Whorehouse,2,2000s-2010s,1992,2
Jami Sieber — Maenam,2,2000s-2020s,2004,2
DJs From Mars — Are You Gonna Change the Way You Kiss Me (Example vs. Lenny Kravitz),2,2010s-2020s,2013,2
Spirit — Scrabble,2,2000s-2010s,2006,2
One Way — Cutie Pie,2,1990s-2000s,1982,2
くるり — ばらの花,2,2000s-2010s,2001,2
Depeche Mode — Little 15,2,1980s-1990s,1987,2
Depeche Mode — Shake the Disease,2,1980s-1990s,1985,2
The Cure — Burn,2,2000s-2020s,1994,2
The Beatles — I Wanna Be Your Man,2,1960s-1970s,1963,2
Laura Branigan — Spanish Eddie,2,1980s-1990s,1985,2
Mega Ran — Cait Sith,2,2010s-2020s,2012,2
Astrix — Artcore,2,2010s-2020s,2004,2
Total Science — Walk The Same Lines,2,2010s-2020s,2015,2
Bo Hansson — Attic Thoughts: March - Repose - Wandering,2,2000s-2010s,1975,2
AAA — SUNSHINE,2,2000s-2010s,2007,2
La Familia — Harte Zeiten (LP version),2,1990s-2000s,1998,2
Yellow Magic Orchestra — Firecracker,2,2000s-2020s,1978,2
Sade — No Ordinary Love,2,2000s-2020s,1992,2
Parliament — Theme From the Black Hole,2,1990s-2000s,1979,2
Ruby — Tiny Meat,2,1990s-2020s,1995,2
Laya Project — A New Day,2,2000s-2010s,2007,2
DJ K — Flyin',2,2010s-2020s,2004,2
Pizza Girl — Bang,2,2000s-2010s,2005,2
Jodeci — Freek’n You,2,2010s-2020s,1995,2
The Presidents of the United States of America — Peaches,2,2000s-2020s,1995,2
The Ting Tings — Wrong Club,2,2010s-2020s,2014,2
Childish Gambino — yaphet kotto (freestyle),2,2010s-2020s,2011,2
Ace Ventura — Neurochemistry,2,2010s-2020s,2015,2
John Desire — HOT LIMIT,2,2010s-2020s,2001,2
System of a Down — Aerials / Arto,2,2000s-2010s,2001,2
フィロソフィーのダンス — アイドル・フィロソフィー,2,2010s-2020s,2016,2
Aleister X — Tom Tit,2,2000s-2010s,2009,2
Cold Blue — Bliss (extended mix),2,2010s-2020s,2017,2
David Bowie — Sound and Vision,2,1990s-2010s,1977,2
Tripswitch — Shamanic Tea,2,2000s-2020s,2003,2
Seagrave — Tick Tock,2,2010s-2020s,2014,2
LTN — Fly Me Home,2,2010s-2020s,2021,2
Said the Whale — Safe to Say,2,2010s-2020s,2013,2
Aweminus — Thot Eliminated,2,2010s-2020s,2018,2
"C+C Music Factory — Here We Go, Let’s Rock & Roll",2,1990s-2000s,1990,2
Nine Inch Nails — Where Is Everybody?,2,2000s-2010s,1999,2
Barry Manilow — Ready to Take a Chance Again,2,1990s-2000s,1978,2
Beyoncé — Diva,2,2000s-2010s,2008,2
Bob Dylan — Bob Dylan’s 115th Dream,2,1980s-2000s,1965,2
Claudio Baglioni — Isolina,2,1970s-1980s,1970,2
Ed Rush & Optical — Get Ill,2,2000s-2010s,2003,2
ayame — Flowering Night,2,2010s-2020s,2011,2
Fabolous — Breathe,2,2000s-2010s,2004,2
Kobaryo — Galaxy Friends,2,2010s-2020s,2018,2
Jungle Bill — Caterpillar Man,2,2000s-2020s,2019,2
The Doors — The Changeling,2,2000s-2010s,1971,2
Lin‐Manuel Miranda — My Shot,2,2010s-2020s,2015,2
Peter Gabriel — Digging in the Dirt,2,2000s-2010s,1992,2
2 Unlimited — No Limit,2,1990s-2000s,1993,2
Sonata Arctica — The Wolves Die Young,2,2010s-2020s,2014,2
John Coltrane — My Favorite Things / spoken concluding announcement,2,2000s-2020s,2005,2
Rheingold — Fluß,2,2000s-2010s,1980,2
Green Velvet — La La Land,2,2000s-2010s,2001,2
"Church Universal and Triumphant, Inc. — Invocation for judgement against and destruction of rock music",2,1980s-2000s,2000,2
Edge of Sanity — Maze of Existence,2,1990s-2020s,1990,2
DJ Trace — Sonar,2,2000s-2010s,1998,2
Massive Attack — Be Thankful for What You’ve Got,2,1990s-2010s,1991,2
サカナクション — ミュージック,2,2010s-2020s,2013,2
"The B-Boys — Two, Three, Break",2,1990s-2000s,1983,2
Bryan Ferry — Slave to Love,2,1980s-2000s,1985,2
Seba — Wakeup Call,2,2000s-2020s,2005,2
Whitney Houston — I Will Always Love You,2,2010s-2020s,1992,2
The Beatles — A Taste of Honey,2,1960s-2010s,1963,2
Houston Person — Pretty Please,2,1990s-2000s,1977,2
Big Pun — Punish Me,2,1990s-2010s,1998,2
Nu:Tone — Tides,2,2010s-2020s,2014,2
Gridlok — Wake Up,2,2000s-2010s,2006,2
Falco — Maschine brennt,2,1980s-2010s,1982,2
John Lennon — Mother,2,1970s-2000s,1970,2
Johnny “Hammond” Smith — Fantasy,2,1980s-1990s,1975,2
Profondita — Profondigiman,2,2010s-2020s,2017,2
Republica — Bitch,2,1990s-2020s,1996,2
DJ Food — Scratch Yer Hed,2,1990s-2010s,1995,2
Lennie Hibbert — Rose Len,2,2000s-2010s,1969,2
Dorothy Ashby — Soul Vibrations,2,1990s-2010s,1968,2
Eminem — Just Don’t Give a Fuck,2,1990s-2000s,1998,2
Paradise Lost — I Am Nothing,2,2000s-2010s,2001,2
John Butler Trio — Better Than,2,2000s-2010s,2007,2
The Avalanches — Because I’m Me,2,2010s-2020s,2016,2
John Butler Trio — Zebra,2,2000s-2010s,2003,2
Motherlode — When I Die,2,1990s-2000s,1969,2
Weezer — Say It Ain’t So (remix),2,2010s-2020s,1995,2
Michiel van den Bos — Foregone Destruction,2,2000s-2020s,2006,2
AOA — 단발머리 (Short Hair),2,2010s-2020s,2014,2
Ghostface Killah — Apollo Kids,2,2010s-2020s,2000,2
Far East Movement — Rocketeer,2,2010s-2020s,2010,2
Massive Attack — Daydreaming,2,1990s-2020s,1990,2
Massive Attack — Dissolved Girl,2,2000s-2020s,1998,2
Massive Attack — Black Milk,2,1990s-2020s,1998,2
Michael Jackson — Smooth Criminal,2,2000s-2010s,1992,2
Soulja Boy — Crank That (Soulja Boy),2,2010s-2020s,2008,2
Mandrill — Two Sisters of Mystery,2,1980s-1990s,1973,2
Prince — Partyup,2,1980s-1990s,1980,2
Mary J. Blige — Real Love,2,1990s-2010s,1992,2
L.T.D. — Love Ballad,2,2000s-2010s,1976,2
Falco — Hoch wie nie,2,1990s-2010s,1984,2
Talib Kweli — Get By,2,2000s-2010s,2003,2
Danny Byrd — Salute,2,2010s-2020s,2018,2
DJ Vadim — Melodies in Vertical Theory,2,1990s-2010s,1996,2
Rory Gallagher — It’s You,2,1990s-2020s,1971,2
Gabriela Robin — サイバーバード,2,2010s-2020s,2004,2
Niko — Night of Fire (New Generation remix),2,2000s-2010s,1998,2
The Beatles — The Word,2,1980s-2000s,1965,2
Jerry Lee Lewis — Teenage Letter,2,1980s-2010s,2015,2
Laura Branigan — How Am I Supposed to Live Without You,2,1980s-1990s,1983,2
En Vogue — Hold On,2,1990s-2000s,1990,2
Underground Resistance — The Final Frontier,2,1990s-2020s,1991,2
Noisia — Tommy’s Theme (Noisia’s ‘Outer Edges’ remix),2,2010s-2020s,2017,2
REDALiCE — ALiVE,2,2010s-2020s,2015,2
Supersubmarina — En mis venas,2,2010s-2020s,2012,2
MAX — TORA TORA TORA,2,1990s-2010s,1996,2
Rob Zombie — Return of the Phantom Stranger,2,1990s-2000s,1998,2
天海春香 — GO MY WAY!!,2,2000s-2010s,2007,2
Erasure — Stop!,2,1980s-2010s,1988,2
Solar Fields — Blue Moon Station (album version),2,2000s-2020s,2003,2
Tool — Stinkfist,2,1990s-2020s,1996,2
Halsey — Castle,2,2010s-2020s,2015,2
Limp Bizkit — Nookie,2,2010s-2020s,1999,2
Dr. Dre — Forget About Dre,2,2010s-2020s,2000,2
B.T. Express — Do You Like It,2,1980s-2000s,1974,2
Fats Domino — All by Myself,2,1960s-1980s,1955,2
Katy Perry — Waking Up in Vegas,2,2010s-2020s,2008,2
The Three Degrees — Maybe,2,1970s-2000s,1970,2
Freda Payne — Instrumental Prelude,2,1990s-2000s,1971,2
"Nena — Irgendwie, irgendwo, irgendwann",2,1980s-1990s,1983,2
This Immortal Coil — Chaostrophy,2,2000s-2020s,2009,2
Radio Slave — My Bleep,2,2000s-2020s,2006,2
Silent Extent — Falling Down,2,2010s-2020s,2019,2
XTC — Making Plans for Nigel,2,2000s-2020s,1979,2
Grand Puba — I Like It (I Wanna Be Where You Are),2,2000s-2010s,1995,2
Trinidad James — All Gold Everything,2,2010s-2020s,2012,2
Ice Cube — What They Hittin’ Foe?,2,1990s-2000s,1990,2
Aphex Twin — 4 bit 9d api+e+6,2,2010s-2020s,2014,2
$WAGGOT — MY♥BFF’s♥DADDY,2,2010s-2020s,2014,2
Marina City — Strawberry,2,2010s-2020s,2020,2
Van Morrison — And It Stoned Me,2,2010s-2020s,1970,2
Detect Audio — Syncronize,2,2010s-2020s,2014,2
Kerri Chandler — Coro ('Kaoz 6:23' Dark mix),2,1990s-2000s,1999,2
Bob Dylan — Subterranean Homesick Blues,2,1980s-2000s,1965,2
N.O.R.E. — Superthug,2,1990s-2010s,1998,2
Zedd — 365,2,2010s-2020s,2019,2
Jimmy McGriff Organ and Blues Band — Blue Juice,2,2000s-2010s,1968,2
School Food Punishment — futuristic imagination,2,2000s-2010s,2009,2
Dream Stalker — Dive in Digital Illusion,2,2010s-2020s,2012,2
Marley Marl — The Symphony,2,1990s-2000s,1988,2
Psilodump — Tangens (original mix),2,2000s-2020s,2002,2
Ibo — Jetzt oder nie,2,1990s-2000s,1995,2
TOWA TEI — Butterfly (EP version),2,1990s-2010s,1998,2
T. Rex — Mambo Sun,2,1990s-2000s,1971,2
Faithless — Tarantula,2,2000s-2010s,2001,2
Massive Attack — Teardrop,2,2010s-2020s,1998,2
Porter Robinson — Fresh Static Snow,2,2010s-2020s,2014,2
"Per Gessle — Come Back (Before You Leave) (T&A demo - Apr 8, 1990)",2,2010s-2020s,1992,2
King Crimson — Peace – An End,2,2010s-2020s,1970,2
Guy — Goodbye Love,2,1990s-2010s,1988,2
Deee‐Lite — Power of Love,2,1990s-2010s,1990,2
AAA — 笑顔のループ,2,2010s-2020s,2018,2
F.R. David — Don’t Go,2,2000s-2010s,1987,2
The Specials — Ghost Town,2,2000s-2010s,1981,2
Muse — The Dark Side,2,2010s-2020s,2018,2
Queen — Who Wants to Live Forever,2,2000s-2020s,1991,2
かめりあ — The Night Is On Fire,2,2010s-2020s,2014,2
Essence of Aura — Can I Dream,2,1990s-2010s,1993,2
The Living Tombstone — I Can’t Fix You,2,2010s-2020s,2016,2
植松伸夫 — 太陽の海岸,2,2010s-2020s,1997,2
Chic — Le Freak,2,2000s-2010s,1978,2
The Sugarhill Gang — Rapper’s Delight,2,1990s-2000s,1990,2
Deutsch Amerikanische Freundschaft — Liebe auf den ersten Blick,2,1980s-2010s,1981,2
Cherry — Take Me to Your Heart,2,1990s-2000s,2008,2
Slipknot — (sic),2,2000s-2020s,1999,2
Azymuth — Jazz Carnival,2,2000s-2010s,1979,2
X-Dream — The 1st,2,2000s-2020s,2004,2
Deftones — Feiticeira,2,2000s-2020s,2000,2
Michael Jackson — Why You Wanna Trip on Me,2,2000s-2010s,1991,2
Michael Jackson — Earth Song,2,1990s-2000s,1995,2
The Jacksons — Dancing Machine,2,1990s-2000s,1973,2
The Jacksons — Shake Your Body (Down to the Ground),2,1980s-2000s,1978,2
Michael Jackson — Give in to Me,2,2000s-2010s,1991,2
Jerry Lee Lewis — I Can’t Seem to Say Goodbye,2,1970s-1980s,1983,2
Chris Lake — Turn off the Lights,2,2010s-2020s,2018,2
The Chameleon — Links,2,2010s-2020s,1995,2
Universal — Groove Therapy,2,1990s-2020s,1996,2
Chic — Everybody Dance,2,1990s-2020s,1977,2
Run‐D.M.C. — It’s Like That,2,1990s-2010s,1984,2
Little Richard — Shake a Hand,2,1950s-1970s,1989,2
Shabazz the Disciple — Crime Saga,2,2010s-2020s,2003,2
The KLF — Chill Out,2,2010s-2020s,1990,2
My Life With the Thrill Kill Kult — A Girl Doesn't Get Killed by a Make-Believe Lover... 'Cuz It's Hot,2,2000s-2010s,1990,2
Kirlian Camera — The Icy Dawn,2,1990s-2000s,1997,2
Republika — Biała flaga,2,1990s-2000s,1993,2
"John Lennon — Sisters, O Sisters",2,2000s-2020s,1972,2
The Isley Brothers — Let’s Fall in Love (Parts 1 & 2),2,2000s-2020s,1979,2
Fats Domino — Magic Isles,2,1960s-1990s,1960,2
globe — DON'T LOOK BACK,2,2000s-2020s,2001,2
Jeff Driller — Hey Chicken,2,2010s-2020s,2014,2
Black Sabbath — Changes,2,2000s-2010s,1972,2
Charles Aznavour — Parce que tu crois,2,1990s-2000s,1966,2
Lil Uzi Vert — The Way Life Goes,2,2010s-2020s,2017,2
Fleetwood Mac — Albatross,2,1990s-2020s,1968,2
The Yardbirds — For Your Love,2,2000s-2010s,1965,2
The Beatles — The End,2,1980s-2000s,1969,2
Luke Vibert — Get Your Head Down,2,2010s-2020s,1996,2
Shania Twain — Love Gets Me Every Time,2,1990s-2020s,1997,2
Talking Heads — And She Was,2,2000s-2010s,1985,2
Orchestral Manoeuvres in the Dark — Messages,2,2000s-2010s,1980,2
Big Sean — Control,2,2010s-2020s,2013,2
Maze — While I’m Alone,2,1990s-2000s,1977,2
Alstroemeria Records — Maple Wizen,2,2000s-2010s,2006,2
Lauge — Skyer,2,2010s-2020s,2015,2
Liquid Soul — Love in Stereo,2,2000s-2010s,2008,2
Kaya Project — Eye of the Storm,2,2010s-2020s,2010,2
Pizza Girl — Every Time You Go,2,1990s-2000s,2008,2
Martha Reeves and the Vandellas — Dancing in the Street,2,2000s-2010s,1964,2
KT Tunstall — Black Horse & the Cherry Tree,2,2000s-2020s,2004,2
Christina Aguilera — Beautiful,2,2000s-2010s,2002,2
"The Monkees — Mary, Mary",2,1980s-2000s,1967,2
Green Day — Holiday,2,2000s-2020s,2004,2
Peter Gabriel — Big Time,2,2000s-2010s,1986,2
Thomas Dolby — She Blinded Me With Science,2,2000s-2020s,1982,2
A Flock of Seagulls — I Ran,2,2010s-2020s,1982,2
Terence Trent D’Arby — Wishing Well,2,2000s-2020s,1987,2
ABC — Be Near Me,2,1980s-2020s,1985,2
When in Rome — The Promise,2,1990s-2020s,1988,2
The Human League — (Keep Feeling) Fascination,2,1990s-2020s,1983,2
Sufjan Stevens — Vesuvius,2,2010s-2020s,2010,2
Teyana Taylor — Google Me,2,2000s-2010s,2009,2
Fats Domino — Your Cheating Heart,2,1960s-1990s,1961,2
Anglo Saxon Brown — Gonna Make You Mine,2,1970s-2010s,1976,2
Boards of Canada — An Eagle in Your Mind,2,1990s-2000s,1998,2
DJ Trace — Miles High,2,1990s-2020s,1996,2
Richard Jacques — Diamond in the Sky,2,2010s-2020s,1998,2
Pink Floyd — On the Run,2,1990s-2010s,1995,2
Acylum — Fatal Decrease,2,2010s-2020s,2007,2
S3RL — Fire (radio edit),2,2010s-2020s,2019,2
Audiotricz — Alchemy of Hardstyle,2,2010s-2020s,2015,2
Frank Zappa — Hands With a Hammer,2,1990s-2000s,1989,2
LeAnn Rimes — Strong,2,2000s-2010s,2006,2
大槻唯 — Radio Happy,2,2010s-2020s,2016,2
Duran Duran — Notorious,2,1990s-2000s,1986,2
Amerie — Why Don’t We Fall in Love,2,2000s-2010s,2002,2
Robin Schulz — Sugar,2,2010s-2020s,2015,2
Janet Jackson — All for You,2,2000s-2020s,2001,2
The Sequence — Funk You Up (long version),2,1990s-2000s,1979,2
The Mad Lads — Patch My Heart,2,1990s-2000s,1966,2
Pepe Deluxé — Salami Fever,2,2000s-2010s,2003,2
iamamiwhoami — fountain,2,2010s-2020s,2014,2
"Iron Butterfly — Get Out of My Life, Woman",2,1990s-2000s,1968,2
Jake One — Soil Raps,2,2000s-2010s,2008,2
Lil Uzi Vert — Feelings Mutual,2,2010s-2020s,2017,2
BT — Never Gonna Come Back Down,2,2000s-2020s,2000,2
Fatback — Put Your Love (in My Tender Care),2,1980s-1990s,1975,2
The Who — Behind Blue Eyes,2,1990s-2010s,1971,2
"Édith Piaf — Non, je ne regrette rien",2,1980s-1990s,1960,2
Falco — Helden von heute,2,1990s-2010s,1982,2
Baby Rasta & Gringo — Tiemblo,2,2000s-2010s,2008,2
Nina Simone — Ain’t Got No / I Got Life,2,1960s-1990s,1997,2
Jerry Lee Lewis — Old Black Joe,2,1980s-2010s,2015,2
Kaskade — Move for Me,2,2010s-2020s,2014,2
Brandy — Baby,2,1990s-2010s,1994,2
Eighties Ladies — Turned On to You,2,1980s-1990s,1980,2
The Mothers of Invention — Montana,2,1990s-2010s,1973,2
Fats Domino — Fell in Love on Monday,2,1960s-1990s,1992,2
Slick Rick — Hey Young World,2,1990s-2010s,?,2
My Life With the Thrill Kill Kult — Ride the Mindway,2,2000s-2010s,1990,2
Falco — Satellite to Satellite (special radio edit),2,1980s-2020s,1988,2
Mylène Farmer — Diabolique mon ange,2,2010s-2020s,2013,2
Depeche Mode — Only When I Lose Myself,2,2000s-2010s,1998,2
Spliff — Labyrinth,2,1980s-1990s,1984,2
Amy Winehouse — Rehab,2,2000s-2010s,2006,2
The Cinematic Orchestra — To Believe,2,2010s-2020s,2017,2
中森明菜 — Fin,2,1990s-2010s,1986,2
Dusky — Stick by This,2,2010s-2020s,2011,2
ZaZa — Zauberstab,2,1980s-2000s,1996,2
The Meters — Cissy Strut,2,1990s-2000s,1969,2
Southside Movement — Save the World,2,1980s-2000s,1974,2
"Miles Davis — Straight, No Chaser",2,1990s-2000s,1958,2
Mylène Farmer — À quoi je sers…,2,1980s-2010s,1989,2
Crematory — Fly,2,1990s-2000s,1999,2
Dayzero — Looming Shadow,2,2010s-2020s,2018,2
Afrojack — Ten Feet Tall,2,2010s-2020s,2014,2
EXTIZE — Poser,2,2000s-2010s,2008,2
Knife Party — Sleaze,2,2010s-2020s,2012,2
96-glass — Loli Strikes Back,2,2010s-2020s,2018,2
大久保博 — Clear Memories,2,2010s-2020s,2015,2
Forever M.C. — Assassin’s Creed,2,2010s-2020s,2018,2
Cardi B — Money,2,2010s-2020s,2018,2
Yasiin Bey — Beef,2,2000s-2010s,2004,2
Dorothy Ashby — The Windmills of Your Mind,2,2000s-2010s,1969,2
ABBA — SOS,2,2010s-2020s,1975,2
Billy Joel — She’s Always a Woman,2,1970s-2020s,1977,2
Tycho — See,2,2010s-2020s,2014,2
Peter Gabriel — Don’t Give Up,2,2010s-2020s,1986,2
Eminem — Superman,2,2000s-2020s,2002,2
Brian Hyland — Itsy Bitsy Teenie Weenie Yellow Polka Dot Bikini,2,1980s-2010s,1960,2
"The Archies — Sugar, Sugar",2,1980s-2010s,1969,2
Shocking Blue — Venus,2,1980s-1990s,1969,2
Bahari — Savage,2,2010s-2020s,2018,2
Aphex Twin — [Cliffs],2,1990s-2000s,1994,2
SpongeBob SquarePants — This Grill Is Not a Home,2,2010s-2020s,2009,2
Pretty Tony — Fix It in the Mix,2,1990s-2000s,2003,2
Lil Uzi Vert — How to Talk,2,2010s-2020s,2017,2
Photek — UFO,2,1990s-2010s,1995,2
Deniece Williams — I’ve Got the Next Dance,2,2000s-2010s,1979,2
6LACK — Balenciaga Challenge,2,2010s-2020s,2018,2
THE IDOLM@STER CINDERELLA GIRLS — メッセージ,2,2010s-2020s,2014,2
Alesha Dixon — Knockdown,2,2000s-2020s,2006,2
Fairport Convention — Rosie,2,1990s-2000s,1999,2
Aerosmith — Janie’s Got a Gun,2,2000s-2020s,1989,2
X Marks the Pedwalk — Paranoid Illusions,2,1990s-2000s,1993,2
Elvis Presley — In the Ghetto,2,1990s-2000s,1969,2
Alsarah & the Nubatones — 3roos Elneel,2,2010s-2020s,2016,2
Kelly Rowland — Work (Freemasons remix),2,2000s-2020s,2008,2
Noisia — Floating Zero,2,2010s-2020s,2010,2
Nina Simone — Mississippi Goddam,2,1980s-2000s,1988,2
Earsugar — Womanizer,2,2000s-2010s,2008,2
Lil Uzi Vert — No Sleep Leak,2,2010s-2020s,2017,2
Ed Starink — Cristallin,2,1980s-1990s,1981,2
MFSB — Sexy,2,1990s-2010s,1975,2
Frank Zappa — The Whip,2,2010s-2020s,2024,2
Diplo — Wish,2,2010s-2020s,2018,2
BCee — Is Anybody Out There?,2,2010s-2020s,2010,2
Braille — Sustain,2,2000s-2010s,2007,2
BCee — Surfacing,2,2010s-2020s,2017,2
"Falco — Der Kommissar, Part II (club mix)",2,1990s-2010s,1991,2
Hunnid-P — Kick The Rock! …for Wild Canyon,2,2010s-2020s,2001,2
Noisia — Outsource,2,2000s-2020s,2006,2
Max Cooper — Perpetual Motion,2,2010s-2020s,2019,2
Lil Uzi Vert — Loaded,2,2010s-2020s,2017,2
"Grover Washington, Jr. — Loran’s Dance",2,1990s-2010s,1978,2
Noisia — Omnivore,2,2010s-2020s,2015,2
倖田來未 — 夢のうた,2,2000s-2010s,2006,2
Hechizeros Band — El sonidito,2,2010s-2020s,2013,2
Michel’le — Something in My Heart,2,2000s-2020s,1989,2
Michael McDonald — I Keep Forgettin’,2,1990s-2010s,1982,2
Nine Inch Nails — Every Day Is Exactly the Same,2,2000s-2010s,2005,2
Modest Mouse — Float On,2,2000s-2010s,2004,2
NICE GIRL プロジェクト! — Night Walk - Dreams of Our Generation,2,2010s-2020s,2012,2
Carl Perkins — Redneck,2,1980s-1990s,1983,2
Britney Spears — Stronger,2,2000s-2010s,2000,2
Sonata Arctica — FullMoon,2,2000s-2010s,1999,2
The Miracles — I Didn’t Realize the Show Was Over,2,2010s-2020s,1973,2
Psilodump — Flow,2,2000s-2020s,2000,2
Michael Masser — My Hero Is a Gun,2,1990s-2000s,1975,2
SynthAttack — Dirty Dark Electro,2,2010s-2020s,2019,2
Adaro — No Time to Sleep,2,2010s-2020s,2012,2
DJ Snake — SouthSide,2,2010s-2020s,2019,2
Megadeth — Looking Down the Cross,2,2000s-2010s,1985,2
Hollywood Principle — Firework,2,2010s-2020s,2016,2
Death Grips — Outro,2,2010s-2020s,2018,2
Doug Robb — Fist Bump,2,2010s-2020s,2017,2
Bomba Estéreo — Soy Yo,2,2010s-2020s,2015,2
Lil Uzi Vert — Dark Queen,2,2010s-2020s,2017,2
XXXTENTACION — Moonlight,2,2010s-2020s,2018,2
Doctor P — Something to Believe In,2,2010s-2020s,2020,2
Tavares — Out of the Picture,2,2000s-2010s,1977,2
Binary Finary — 1998,2,2010s-2020s,1997,2
Swing Out Sister — Better Make It Better,2,1990s-2020s,1994,2
The Cardigans — My Favourite Game,2,1990s-2000s,1998,2
Zulema — Love to Last Forever,2,1990s-2020s,1975,2
TeeBee — Human Reptile,2,2000s-2010s,2000,2
Busta Rhymes — Dangerous,2,2000s-2010s,1997,2
Porter Robinson — Natural Light,2,2010s-2020s,2014,2
Priscilla — Deep Into Your Love,2,2000s-2020s,2008,2
Falco — Body Next to Body (other version),2,1980s-2010s,1987,2
Stonebank — Be Alright,2,2010s-2020s,2016,2
Loleatta Holloway — We’re Getting Stronger (The Longer We Stay Together),2,1970s-2000s,1976,2
Peter Murphy — Cuts You Up,2,1990s-2020s,1989,2
Depeche Mode — Policy of Truth (Capitol mix),2,1990s-2000s,1990,2
The Spinners — Sadie,2,1990s-2000s,1974,2
Fats Domino — Three Nights a Week,2,1960s-1990s,1960,2
Queen — Tie Your Mother Down,2,1970s-1990s,1976,2
Mr. L — Back to Your Roots,2,2000s-2020s,2005,2
Public Enemy — B Side Wins Again,2,1990s-2000s,1990,2
CamelPhat — Rabbit Hole,2,2010s-2020s,2019,2
After 7 — Ready or Not,2,1990s-2010s,1989,2
Acylum — Black Death,2,2010s-2020s,2005,2
Kim Wilde — Another Step (Closer to You),2,1980s-1990s,1986,2
Stéphane Picq — Water of Life (water),2,2010s-2020s,2007,2
Isaac Hayes — Walk From Regio’s,2,1980s-2000s,1971,2
床井健一 — PLANET WISP : ACT1,2,2010s-2020s,2012,2
Lido — Murder,2,2010s-2020s,2016,2
AZ — The Come Up,2,2000s-2010s,2005,2
Nektar — It’s All Over,2,2000s-2010s,1975,2
Katrina and the Waves — Walking on Sunshine,2,1990s-2010s,1985,2
BCee — So Right,2,2010s-2020s,2011,2
Joy — Valeri,2,2000s-2010s,1986,2
LilDeuceDeuce — Beep Beep I’m a Sheep,2,2010s-2020s,2017,2
Juice WRLD — Lucid Dreams,2,2010s-2020s,2017,2
Bebe Rexha — Meant to Be,2,2010s-2020s,2017,2
Bruno Mars — Finesse (remix),2,2010s-2020s,2017,2
5 Seconds of Summer — Youngblood,2,2010s-2020s,2018,2
Lil Wayne — Lollipop,2,2010s-2020s,2008,2
尾形雅史 — Sonic: You Can Do Anything,2,2010s-2020s,1993,2
"Ray, Goodman & Brown — Special Lady",2,1980s-2000s,1979,2
La Bouche — Be My Lover,2,1990s-2010s,1994,2
Joy — Felicidad,2,2000s-2010s,2009,2
De La Soul — D.A.I.S.Y. Age,2,1990s-2000s,1989,2
"Drake — Hold On, We’re Going Home",2,2010s-2020s,2013,2
Act of Rage — Raging Reckless,2,2010s-2020s,2016,2
T.M.Revolution — LEVEL 4,2,1990s-2000s,1997,2
Harmonium — Harmonium,2,1970s-2010s,1974,2
DJ Noriken — Jingle,2,2010s-2020s,2014,2
Alien Project — One Good,2,2000s-2010s,2002,2
Shades of Rhythm — Sound of Eden,2,2010s-2020s,2001,2
Tiësto — Feel It in My Bones,2,2000s-2010s,2009,2
近藤浩治 — Kaepora Gaebora’s Theme（ケポラ・ゲボラのテーマ）,2,2000s-2020s,1998,2
JAY‐Z — Excuse Me Miss,2,2000s-2020s,2002,2
Samantha Fox — Ready for This Love,2,2010s-2020s,1988,2
N.W.A — Compton’s n the House (remix),2,2000s-2010s,1988,2
Beck — Waitin’ for a Train,2,1990s-2000s,1994,2
光田康典 — やすらぎの日々,2,2000s-2010s,1995,2
Ram Jam — Black Betty,2,1990s-2000s,1977,2
Bodyrox — Yeah Yeah (D. Ramirez radio edit),2,2010s-2020s,2006,2
Jordin Sparks — Battlefield,2,2000s-2010s,2009,2
Jordin Sparks — No Air,2,2000s-2010s,2007,2
Rose Royce — Ooh Boy,2,1980s-1990s,1977,2
Pantera — Cowboys From Hell,2,2000s-2010s,1990,2
A Taste of Honey — Boogie Oogie Oogie,2,2000s-2010s,1978,2
Michael Andrews — Mad World,2,2010s-2020s,2001,2
Michael Andrews — Manipulated Living,2,2010s-2020s,2001,2
Kelli‐Leigh — Can't Dance,2,2010s-2020s,2018,2
Kyohei Akagawa — Amaoto To Kimi (Original Mix),2,2010s-2020s,2018,2
Liquid Soul — The Ritual,2,2000s-2010s,2008,2
Felix de Luxe — Taxi nach Paris,2,1990s-2000s,1984,2
Dog Blood — Next Order,2,2010s-2020s,2012,2
Van Morrison — Moondance,2,2010s-2020s,1970,2
The Crew Cuts — Sh‐Boom (Life Could Be a Dream),2,1970s-2000s,1954,2
Steely Dan — Babylon Sisters,2,1990s-2000s,1980,2
Da Tweekaz — Anything,2,2010s-2020s,2019,2
soundTeMP — Christmas in the 13th Month,2,2000s-2010s,2009,2
The Kovenant — New World Order,2,1990s-2000s,1999,2
倖田來未 — LIT,2,2010s-2020s,2017,2
EXILE — WON’T BE LONG,2,2010s-2020s,2006,2
Aerosmith — Rag Doll,2,1980s-2020s,1987,2
三宅優 — TsuiTsui,2,2000s-2020s,2000,2
Talking Heads — Road to Nowhere,2,1980s-2000s,1985,2
Little Richard — Anyway You Want Me,2,1960s-1990s,1967,2
BENI — ずっと二人で,2,2000s-2010s,2009,2
モーニング娘。 — LOVEマシーン,2,1990s-2000s,1999,2
Madonna — Everybody,2,2000s-2010s,1983,2
川田まみ — PSI-missing,2,2000s-2010s,2008,2
Prince — Soft and Wet,2,1970s-1990s,1978,2
RL Grime — Pressure,2,2010s-2020s,2018,2
Air — Cemetary Party,2,2010s-2020s,2000,2
Mýa — Movin' On (album version),2,1990s-2020s,1998,2
Nina Simone — My Baby Just Cares for Me,2,1980s-2000s,1988,2
New Blood — Worries in the Dance,2,2010s-2020s,1994,2
Fats Waller and His Rhythm — Old Grand Dad,2,1990s-2000s,1926,2
Terror Squad — Whatcha Gon’ Do?,2,1990s-2000s,1999,2
Chakra — X-Files,2,2000s-2010s,2001,2
Haujobb — Homes & Gardens (MY-1),2,1990s-2000s,1993,2
Soilwork — Exile,2,2000s-2010s,2007,2
Slayer — Dead Skin Mask,2,1990s-2000s,1990,2
木村カエラ — BANZAI,2,2000s-2010s,2009,2
Gebrüder Blattschuss — Kreuzberger Nächte,2,1970s-1990s,1978,2
MxPx — Rock and Roll Girl,2,1990s-2000s,1996,2
島谷ひとみ — Falco -ファルコ-,2,2000s-2010s,2005,2
Sublime — Santeria,2,2010s-2020s,1996,2
Van Morrison — Crazy Love,2,2010s-2020s,1970,2
Jacob Henry — Cloak & Dagger,2,2010s-2020s,2010,2
Nicki Minaj — Anaconda,2,2010s-2020s,2014,2
Liquid Soul — The Reason,2,2000s-2010s,2005,2
Muse — Time Is Running Out,2,2000s-2020s,2003,2
Led Zeppelin — The Crunge,2,1990s-2000s,1973,2
Fela Kuti — Sorrow Tears and Blood,2,2000s-2020s,1981,2
Jamie Christopherson — The Only Thing I Know for Real (Maniac Agenda mix),2,2010s-2020s,2013,2
Liquid Soul — Clean Mind,2,2000s-2010s,2008,2
Pink Floyd — Have a Cigar,2,1990s-2020s,1975,2
Three 6 Mafia — Sippin’ on Some Syrup,2,2010s-2020s,2000,2
BCee — Firebox,2,2010s-2020s,2015,2
The Staple Singers — I’ll Take You There,2,1970s-2000s,1972,2
Architect — Ghost of a Working Man,2,2000s-2010s,2007,2
Lothar and the Hand People — It Comes On Anyhow,2,1990s-2020s,1968,2
Cymande — Dove,2,1990s-2000s,1972,2
Aimer — 花の唄,2,2010s-2020s,2017,2
Joker — Snake Eater,2,2010s-2020s,2008,2
Eddie Kendricks — My People… Hold On,2,2000s-2010s,1972,2
Hi-Five — I Like the Way (The Kissing Game),2,1990s-2010s,1990,2
Morbid Angel — Bleed for the Devil,2,1990s-2010s,1989,2
斉藤由貴 — 土曜日のタマネギ,2,1980s-1990s,1986,2
Joji — i don't wanna waste my time,2,2010s-2020s,2016,2
Marshall Jefferson — Move Your Body,2,1980s-1990s,1986,2
Alice in Chains — Would?,2,1990s-2020s,1992,2
Nickerbocker — Puppe (Du bist a moderne Hex’),2,1990s-2010s,1982,2
一ノ瀬志希 — オウムアムアに幸運を,2,2010s-2020s,2019,2
globe — Regret of the Day,2,2010s-2020s,1996,2
Nena — Haus der drei Sonnen,2,1980s-2000s,1985,2
Lil Uzi Vert — For Real,2,2010s-2020s,2017,2
Go‐Go’s — We Got the Beat,2,2000s-2010s,1981,2
King Floyd — Groove Me,2,1980s-2000s,1970,2
Peter Gabriel — Shock the Monkey,2,1990s-2000s,1982,2
Foreigner — Urgent,2,1980s-2010s,1981,2
Fats Domino — Bo Weevil,2,1950s-1990s,1991,2
:wumpscut: — The March of the Dead,2,2000s-2020s,2004,2
The Clash — The Call Up,2,1990s-2020s,1980,2
Lil Uzi Vert — Neon Guts,2,2010s-2020s,2017,2
Daryl Hall & John Oates — Kiss on My List,2,2000s-2010s,1980,2
Britney Spears — Make Me…,2,2010s-2020s,2016,2
Pendulum — Masochist,2,2000s-2010s,2004,2
Jungle Bill — Laser Gun,2,1990s-2000s,2021,2
xxxy — Rain,2,2010s-2020s,2011,2
Nora Bumbiere — Laternu stundā,2,1990s-2000s,1976,2
Mohammed Rafi — Chura Liya Hai Tumne Jo Dil Ko,2,2000s-2020s,1973,2
The Higher Intelligence Agency — Conoid Tone,2,1990s-2000s,1993,2
Jake One — Trap Door,2,2000s-2010s,2008,2
Aphrodite — Bass Lights,2,1990s-2020s,2020,2
16bit — Panic,2,2000s-2010s,2010,2
TRF — Samui Yoru Dakara (SHARP BOYS UK VOCAL MIX),2,2000s-2020s,2000,2
Keys N Krates — Glitter,2,2010s-2020s,2017,2
Nightmares on Wax — Dextrous,2,1980s-1990s,1989,2
DJ Ink — Need You,2,2000s-2020s,2001,2
Rio Reiser — König von Deutschland,2,1990s-2000s,1986,2
Steven Universe — True Kinda Love,2,2010s-2020s,2019,2
Prince — The Greatest Romance Ever Sold,2,1990s-2000s,1999,2
NoMeansNo — Metronome,2,1990s-2010s,1986,2
Fats Domino — Lil’ Liza Jane,2,1950s-1990s,1993,2
Wink — Sugar Baby Love,2,1980s-1990s,1988,2
Wink — 淋しい熱帯魚,2,1980s-1990s,1989,2
Ghost Rider — Be Focused,2,2010s-2020s,2014,2
JAY‐Z — Run This Town,2,2000s-2010s,2009,2
Bonnie Tyler — Total Eclipse of the Heart,2,1990s-2010s,1983,2
DJ Laugh — We Can Fly,2,2010s-2020s,2015,2
Céline Dion — To Love You More,2,1990s-2000s,1996,2
松田聖子 — P・R・E・S・E・N・T,2,1990s-2000s,1982,2
Louis Armstrong & His All-Stars — Mop Mop,2,1950s-1990s,2012,2
ZaZa — Tango d’Elite,2,1980s-2000s,1982,2
IOSYS — お嫁にしなさいっ！,2,2000s-2010s,2007,2
John Lennon — New York City,2,2000s-2020s,1972,2
Alice Cooper — Elected,2,1970s-2000s,1973,2
The Wailers — Stir It Up,2,1980s-2010s,1973,2
Leslie Parrish — King of Heart,2,2000s-2020s,2008,2
Fats Domino — I Want to Walk You Home,2,1950s-1990s,2002,2
globe — Wanderin' Destiny (Straight Run),2,1990s-2000s,1997,2
Al Hirt — Harlem Hendoo,2,1990s-2000s,1967,2
Duran Duran — My Own Way,2,1980s-2000s,1982,2
Def Leppard — Me and My Wine,2,1980s-2000s,1981,2
チャットモンチー — 恋の煙,2,2000s-2010s,2005,2
Katy Perry — Hummingbird Heartbeat,2,2010s-2020s,2010,2
UNKLE — Eye for an Eye,2,2010s-2020s,2003,2
Au5 — Blossom,2,2010s-2020s,2013,2
The Isley Brothers — Harvest for the World,2,2000s-2010s,1976,2
Jeanette — Porque te vas,2,2000s-2010s,1974,2
Panama — Always (Wave Racer remix),2,2010s-2020s,2013,2
かめりあ — ベースラインやってる？笑,2,2010s-2020s,2017,2
Billy Cobham — Heather,2,1990s-2000s,1974,2
Jacob Henry — Hopeful Romantic,2,2010s-2020s,2021,2
Justin OH — Where the Lights Fall,2,2010s-2020s,2013,2
Sparky Deathcap — Lights Out in Cincinatti,2,2000s-2020s,2023,2
MindSpring Memories — orange and pink,2,2010s-2020s,2016,2
F-One — Swagga (Kromestar remix),2,2000s-2010s,2009,2
Joy Division — Transmission,2,2000s-2010s,1979,2
Andriamad — Jaimalé,2,2010s-2020s,2020,2
Prince — Anotherloverholenyohead,2,1980s-1990s,1986,2
Public Enemy — Show ’em Whatcha Got,2,1990s-2000s,1988,2
Suchmos — STAYTUNE,2,2010s-2020s,2016,2
Teddy Pendergrass — Love T.K.O.,2,1990s-2010s,1980,2
Bob Marley & The Wailers — Rebel Music (3 O’Clock Roadblock),2,1980s-1990s,1974,2
Charlie Rich — Caught in the Middle,2,1960s-1990s,1996,2
TAG — SABER WING,2,2000s-2010s,2009,2
Shreya Ghoshal — Ye Ishq Hai,2,2000s-2010s,2007,2
Denzel Curry — Ultimate,2,2010s-2020s,2015,2
Laserdance — Power Run,2,1990s-2020s,1987,2
Iszoloscope — -28°C and Falling,2,2000s-2010s,2003,2
CJ Bolland — Horsepower,2,1990s-2020s,1991,2
Arcade Fire — Wake Up,2,2000s-2010s,2004,2
Focus — Hocus Pocus,2,1970s-2010s,1971,2
Kraftwerk — The Hall of Mirrors,2,1970s-1990s,1977,2
Modestep — Rainbow,2,2010s-2020s,2015,2
DJ NRG — Burning Out,2,1990s-2010s,1995,2
Fancy — Feel Good,2,1980s-1990s,1974,2
Martin Garrix — In the Name of Love,2,2010s-2020s,2016,2
Donald Byrd — You and Music,2,2000s-2010s,1975,2
Mary J. Blige — I Can Love You,2,2010s-2020s,1997,2
The Beatles — There’s a Place,2,1980s-2010s,1963,2
Creedence Clearwater Revival — I Heard It Through the Grapevine,2,1970s-2000s,1970,2
U2 — Walk On,2,2000s-2020s,2000,2
Get Fucked — Momentum,2,2000s-2020s,1999,2
倖田來未 — No Regret,2,2000s-2010s,2006,2
The Beatles — Chains,2,1960s-2010s,1963,2
Vibrasphere — Manzanilla,2,2000s-2020s,2003,2
Chaka Khan — I’m Every Woman,2,1970s-1980s,1978,2
Joe Tex — Papa Was Too,2,1990s-2010s,1996,2
Tame Impala — Let It Happen,2,2010s-2020s,2015,2
"The Mothers of Invention — Hungry Freaks, Daddy",2,1960s-2000s,1966,2
The Smashing Pumpkins — Zero,2,2000s-2010s,1995,2
Ludwig Göransson — Wakanda,2,2010s-2020s,2018,2
TRF — BOY MEETS GIRL (DJ KOO Remix),2,2000s-2020s,2000,2
Esther Phillips — That’s All Right With Me,2,1990s-2010s,1971,2
Whitney Houston — How Will I Know,2,2000s-2010s,1985,2
Lisa Lisa & Cult Jam — Head to Toe,2,1980s-2000s,1987,2
Cherrelle — Everything I Miss at Home,2,2000s-2020s,1988,2
Blu Cantrell — Hit ’em Up Style (Oops!),2,2010s-2020s,2001,2
Wu‐Tang Clan — Clan in da Front,2,1990s-2000s,1993,2
Arabesque — A New Sensation,2,1980s-2000s,1998,2
NLE Choppa — Shotta Flow,2,2010s-2020s,2019,2
Zimbabwe Legit — Doin’ Damage in My Native Language,2,1990s-2000s,1992,2
Big Pun — The Dream Shatterer,2,1990s-2010s,1998,2
Big Pun — The Dream Shatterer (original version),2,1990s-2000s,2001,2
The Whispers — And the Beat Goes On,2,1980s-1990s,1979,2
Klein & M.B.O. — Dirty Talk (European Connection),2,1980s-2020s,1982,2
Grandmaster Flash & The Furious Five — Superappin’,2,1980s-1990s,1979,2
Love De-Luxe — Here Comes That Sound Again,2,1980s-1990s,1979,2
The Police — Wrapped Around Your Finger,2,2000s-2010s,1983,2
Grateful Dead — Dire Wolf,2,2000s-2020s,1970,2
Van Halen — Dreams,2,1980s-2020s,1986,2
Fabolous — Young’n,2,2000s-2010s,2001,2
Bananarama — Cruel Summer,2,1980s-2010s,1983,2
Kid ’n Play — Rollin’ With Kid ’n Play,2,1990s-2010s,1988,2
Heavy D. & the Boyz — We Got Our Own Thang,2,2000s-2010s,1989,2
Jerry Lee Lewis — I'll Make It All Up to You,2,1950s-1980s,1993,2
David Whittaker — Opening (Amiga),2,1990s-2010s,2014,2
Σπυριδούλα — Η ώρα του stuff,2,1990s-2000s,1979,2
Captain Beefheart & His Magic Band — Pena,2,2000s-2010s,1969,2
Milli Vanilli — Girl You Know It’s True,2,2000s-2010s,1988,2
Brian Russell — Word Called Love,2,1990s-2000s,1976,2
ZONE — secret base 〜君がくれたもの〜,2,2010s-2020s,2001,2
Kings of the Rollers — Burnt Ends,2,2010s-2020s,2018,2
The Blackbyrds — Dreaming About You,2,1980s-1990s,1977,2
The Monkees — (Theme From) The Monkees,2,1980s-1990s,1966,2
Sugababes — Round Round,2,2000s-2010s,2002,2
Change — Miracles,2,1990s-2010s,1981,2
Eisbrecher — Schwarze Witwe,2,2000s-2010s,2004,2
Unter Null — The Fall,2,2000s-2010s,2010,2
Tower of Power — Squib Cakes / At Midnight,2,1970s-1980s,2000,2
Marilyn Manson — Resident Evil Main Title Theme,2,2000s-2010s,2002,2
The Buffalo Bunch — Take It to the Street!,2,2000s-2010s,1999,2
2Pac — How Do U Want It,2,2000s-2010s,1996,2
Jimmy Smith — I'm Gonna Love You Just a Little More Babe,2,1990s-2010s,1974,2
The Doors — Waiting for the Sun,2,2000s-2010s,1970,2
Foster Sylvers — Misdemeanor,2,1980s-2000s,1973,2
ろん — おちゃめ機能,2,2010s-2020s,2010,2
Radiohead — Reckoner,2,2000s-2020s,2008,2
Lew Stone & His Monseigneur Band — My Woman,2,1990s-2020s,1932,2
Ye — Big Brother,2,2000s-2010s,2007,2
meg rock — Catch You Catch Me,2,2000s-2010s,1998,2
P*Light — Poppin' Shower,2,2010s-2020s,2021,2
Alice Merton — No Roots,2,2010s-2020s,2017,2
Dire Straits — Sultans of Swing,2,2000s-2010s,1978,2
Fatboy Slim — The Rockafeller Skank (Mulder’s Urban Takeover remix),2,2010s-2020s,1998,2
Bob James — Spunky,2,1990s-2010s,1982,2
38 Special — Caught Up in You,2,1980s-2020s,1982,2
Breathe Carolina — Blackout,2,2010s-2020s,2011,2
Avril Lavigne — Girlfriend (Mandarin version),2,2000s-2010s,2007,2
Jerry Lee Lewis — Hello Josephine (My Girl Josephine),2,1960s-1990s,1989,2
Serge Gainsbourg — Marilou Reggae,2,2010s-2020s,1976,2
Jars of Clay — Flood,2,1990s-2000s,1995,2
Spandau Ballet — Paint Me Down,2,2010s-2020s,1981,2
The Doors — Take It as It Comes,2,2000s-2010s,1967,2
Genesis — Supper’s Ready,2,1970s-2000s,1972,2
The Beach Boys — That’s Not Me,2,1960s-2000s,1966,2
S3RL — Butterfly,2,2000s-2010s,2007,2
Hafız Kemal Bey — Nigeh Gülçin-i Hasret Damenim Pür-har-ı Mihnetdir,2,1990s-2000s,2000,2
近藤浩治 — MAP 4 (ネイティブスター),2,2000s-2010s,1991,2
"Ye — Father Stretch My Hands, Pt. 1",2,2010s-2020s,2016,2
Nina Simone — Funkier Than a Mosquito’s Tweeter,2,1970s-2000s,2003,2
globe — like a prayer,2,2000s-2010s,2001,2
JAY‐Z — Renegade,2,2000s-2010s,2001,2
Ashford & Simpson — It Seems to Hang On,2,2000s-2020s,1978,2
BCee — Come & Join Us,2,2010s-2020s,2015,2
Depeche Mode — Fools (Bigger),2,1990s-2000s,1983,2
Depeche Mode — A Question of Time (extended remix),2,1990s-2000s,1986,2
Rico Nasty — Smack a Bitch,2,2010s-2020s,2018,2
Gorillaz — Intro,2,2010s-2020s,2005,2
Nina Simone — I Am Blessed,2,2000s-2020s,1964,2
Rui da Silva — Touch Me (original mix),2,2010s-2020s,2000,2
愛内里菜 — Ohh! Paradise Taste!!,2,2000s-2010s,2000,2
Katrina and the Waves — Walking on Sunshine,2,1990s-2010s,1983,2
Einstürzende Neubauten — Tanz Debil,2,1990s-2010s,1981,2
Happy Mondays — Loose Fit,2,1990s-2000s,1990,2
Jerry Lee Lewis — Sweet Little Sixteen,2,1960s-2010s,1989,2
Kaya Project — Forgive,2,2010s-2020s,2018,2
Ruby — Swallow Baby,2,1990s-2020s,1995,2
Van Morrison — Come Running,2,2010s-2020s,1970,2
Current Value — G2 Hunt,2,2010s-2020s,2010,2
T3RR0R 3RR0R — Angel,2,2000s-2010s,2008,2
Die Ärzte — Wie am ersten Tag,2,1980s-1990s,1986,2
Vicky Vale — Sunday Morning,2,2000s-2010s,2010,2
Jeff Lorber — Best Part of the Night,2,1980s-2010s,1985,2
Renegade Soundwave — The Renegade Priest,2,2000s-2020s,1995,2
Scandroid — Writing's on the Wall,2,2010s-2020s,2019,2
Shaggy — Oh Carolina,2,1990s-2000s,1992,2
Wings — Band on the Run,2,1970s-2010s,1973,2
Destructo — Party Up,2,2010s-2020s,2014,2
Billie Holiday — God Bless the Child,2,1990s-2000s,1941,2
Artificial Intelligence — Forgotten Truths,2,2010s-2020s,2015,2
Eurythmics — Would I Lie to You?,2,1980s-1990s,1985,2
The Algorithm — Userspace,2,2010s-2020s,2016,2
Cupid — Cupid Shuffle,2,2000s-2020s,2007,2
Blue Sky Black Death — The Era When We Sang,2,2000s-2010s,2008,2
Crass — Shaved Women,2,1990s-2010s,1978,2
Opus — Whiteland,2,1980s-1990s,1987,2
Raekwon — Incarcerated Scarfaces,2,1990s-2000s,1995,2
Koko Taylor — Wang Dang Doodle,2,1990s-2000s,1966,2
2Pac — If I Die 2nite,2,2000s-2020s,1995,2
Kleeer — Tonight,2,1990s-2000s,1984,2
The Notwist — Run Run Run,2,2010s-2020s,2014,2
Debbie Deb — When I Hear Music,2,1990s-2020s,1983,2
Stanton Warriors — Pop Ya Cork,2,2010s-2020s,2016,2
愛内里菜 — Deep Freeze,2,2000s-2010s,2002,2
Brand Nubian — All for One,2,1990s-2000s,1990,2
Katy Perry — Peacock,2,2010s-2020s,2010,2
Gene Harris & The Three Sounds — Book Of Slim,2,2000s-2010s,1968,2
Astrix — Sahara,2,2010s-2020s,2018,2
Van McCoy — The Hustle,2,2000s-2010s,1988,2
Gloria Gaynor — I Am What I Am,2,1980s-2010s,1983,2
Aretha Franklin — Think,2,1990s-2010s,1968,2
The Doors — Light My Fire,2,2010s-2020s,2006,2
Boney M. — Rasputin,2,2000s-2010s,1978,2
Orchester & Chor Eric Frantzen — Wickie und die starken Männer,2,2000s-2010s,1997,2
Thelma Houston — Don’t Leave Me This Way,2,1970s-1990s,1976,2
Nena — Leuchtturm,2,1990s-2000s,1983,2
"The Smashing Pumpkins — The Aeroplane Flies High (Turns Left, Looks Right)",2,2000s-2020s,1996,2
Level 42 — Starchild,2,1990s-2010s,1984,2
Stephanie Mills — (You’re Puttin’) A Rush on Me,2,1990s-2010s,1987,2
Dr. Dre — Bitches Ain’t Shit,2,1990s-2010s,1992,2
George Benson — Nature Boy,2,1990s-2010s,1977,2
Displacer — Broken Sword,2,2000s-2010s,2006,2
Ovnimoon — Close Your Eyes,2,2010s-2020s,2009,2
River City — Fell Into a Bag (Part I),2,1990s-2000s,1977,2
Euphony — Bass Power,2,2010s-2020s,2015,2
No Bros — Ready for the Action,2,1990s-2000s,1982,2
David Bowie — I’m Deranged,2,1990s-2000s,1995,2
Vian Izak — The London Air Raids,2,2010s-2020s,2017,2
Ovnimoon — The Arrival of Love,2,2010s-2020s,2009,2
David Ko — Dissension (original),2,2000s-2010s,2009,2
Fats Domino — In a Shanty in Old Shanty Town,2,1960s-1990s,1961,2
“Brother” Jack McDuff — Oblighetto,2,1990s-2010s,1970,2
Two Fingers — What You Know (Emalkay instrumental),2,2000s-2010s,2009,2
倖田來未 — Shake It Up,2,2000s-2010s,2005,2
中山美穂 — BE‐BOP‐HIGHSCHOOL,2,1980s-1990s,1985,2
Hollywood Principle — Breathing Underwater,2,2010s-2020s,2017,2
Omarion — Post to Be,2,2010s-2020s,2014,2
Janet Jackson — That’s the Way Love Goes,2,2000s-2020s,1993,2
Fats Domino — It's the Talk of the Town,2,1960s-1990s,1960,2
Bill Withers — Who Is He (and What Is He to You)?,2,2000s-2010s,1972,2
Bob Dylan — She Belongs to Me,2,1980s-2000s,1965,2
Nas — The Message,2,1990s-2000s,1996,2
Adamski — Killer,2,1990s-2010s,1990,2
TWO-MIX — JUST COMMUNICATION,2,1990s-2010s,1995,2
Nelly Furtado — Maneater,2,2000s-2010s,2006,2
Fats Domino — I Can’t Go On This Way (undubbed),2,1960s-1980s,1993,2
of Montreal — Forecast Fascist Future,2,2000s-2020s,2005,2
Nektar — Unendless Imagination?,2,2000s-2010s,1975,2
S Club — Stronger,2,2000s-2020s,2001,2
Usual Suspects — Shrapnel,2,2000s-2020s,1999,2
t.A.T.u. — Loves Me Not,2,2000s-2010s,2005,2
Symbolic — Psychological Effects,2,2010s-2020s,2013,2
Pallas — Ghostdancers,2,2010s-2020s,2005,2
Arctic Monkeys — Old Yellow Bricks,2,2000s-2010s,2007,2
阿澄佳奈 — スケッチスイッチ,2,2000s-2010s,2007,2
Robert Miles — Children,2,2000s-2020s,1995,2
Vienna Lusthouse — Ready for Radetzky,2,1980s-1990s,1989,2
Moonspell — 2econd Skin,2,1990s-2010s,1997,2
LeAnn Rimes — And It Feels Like,2,2000s-2020s,2006,2
[re:jazz] — Gabrielle,2,2000s-2010s,2006,2
Charlie Rich — Sittin’ and Thinkin’,2,1960s-1990s,1987,2
DJ Kool — Let Me Clear My Throat,2,2000s-2010s,1996,2
Evanescence — Call Me When You’re Sober,2,2000s-2010s,2006,2
Suicide Commando — See You in Hell!,2,1990s-2000s,2007,2
50 Cent — How to Rob,2,1990s-2000s,1999,2
Porter Robinson — Polygon Dust,2,2010s-2020s,2014,2
Soul II Soul — Back to Life,2,1990s-2020s,1989,2
Тамара Тодевска — Proud,2,2010s-2020s,2019,2
Rory Gallagher — Just the Smile,2,1990s-2020s,1971,2
中森明菜 — DESIRE —情熱—,2,1990s-2010s,1986,2
Gil Scott‐Heron — A Legend in His Own Mind,2,1990s-2000s,1980,2
m‐flo — Taste Your Stuff,2,2000s-2010s,2005,2
B.W.H. — Stop,2,2000s-2010s,1983,2
Cynthia Harrell — Snake Eater,2,2010s-2020s,2004,2
The Orb — Little Fluffy Clouds,2,1990s-2010s,1991,2
Thelma Houston — You Used to Hold Me So Tight,2,1980s-1990s,1984,2
Black Sun Empire — Lead Us,2,2000s-2010s,2007,2
倖田來未 — WIND,2,2000s-2020s,2006,2
Roxette — Listen to Your Heart,2,1980s-2010s,1988,2
Quincy Jones — Ironside,2,1980s-1990s,1971,2
Fort Minor — Be Somebody (instrumental),2,2000s-2010s,2005,2
タイナカ彩智 — disillusion,2,2000s-2010s,2006,2
Falco — Metamorphic Rocks,2,1980s-1990s,2017,2
The Weeknd — What You Need,2,2010s-2020s,2011,2
Foyer des Arts — Wissenswertes über Erlangen,2,1990s-2000s,1982,2
Gazpacho — Sea of Tranquility,2,2000s-2020s,2002,2
Ghostface Killah — Back Like That,2,2000s-2010s,2006,2
近藤浩治 — Sheik’s Theme（シークのテーマ）,2,2010s-2020s,1998,2
Wiz Khalifa — Say Yeah,2,2000s-2010s,2008,2
Vorso — Wanderer,2,2010s-2020s,2020,2
Loefah — Disko Rekah,2,2010s-2020s,2007,2
Commodores — Say Yeah,2,1990s-2000s,1978,2
James Galway — Song of the Seashell,2,2000s-2020s,1979,2
808 State — Cübik,2,1990s-2000s,1991,2
Kool & the Gang — Get Down on It,2,1990s-2000s,1981,2
KISS — Psycho Circus,2,1990s-2000s,1998,2
Flight Facilities — Crave You (radio edit),2,2010s-2020s,2010,2
Evelyn “Champagne” King — I’m in Love,2,1980s-1990s,1981,2
Jerry Lee Lewis — Money,2,1980s-1990s,1989,2
Louis Prima and His New Orleans Gang — What Will Santa Claus Say? (When He Finds Everybody Swingin’),2,2010s-2020s,1937,2
Scorpions — Wind of Change,2,1990s-2020s,1990,2
The Beatles — Misery,2,1980s-2010s,1963,2
My Life With the Thrill Kill Kult — A Daisy Chain 4 Satan,2,1990s-2000s,1990,2
Jerry Lee Lewis — Carry Me Back to Old Virginia,2,1960s-1980s,1970,2
Jerry Lee Lewis — Be‐Bop‐A‐Lula,2,1970s-1990s,1971,2
Derreck Simons — Make My Day,2,1990s-2000s,1999,2
鈴木亜美 — BE TOGETHER,2,2010s-2020s,1999,2
にゃーろんず — ハルカカナタ,2,2010s-2020s,2017,2
LS Jack — LS Jack,2,1990s-2000s,1999,2
The Tweets — The Birdie Song (Birdie Dance),2,1980s-2000s,1981,2
K.I.D. — Come and Get It,2,2010s-2020s,1982,2
Trio — Anna - Letmeinletmeout,2,1980s-2000s,1983,2
DFRNT — Tripped,2,2010s-2020s,2009,2
Loleatta Holloway — Love Sensation,2,2010s-2020s,1999,2
Isaac Hayes — I Can't Turn Around,2,1980s-2000s,1975,2
Elton John — Can You Feel The Love Tonight,2,2010s-2020s,1994,2
Linkin Park — With You,2,2000s-2010s,2000,2
AES Dana — Currents,2,2010s-2020s,2011,2
Saint Etienne — Spring,2,2000s-2010s,1991,2
Dolly Parton — 9 to 5,2,2000s-2020s,1980,2
Lenny Kravitz — Let Love Rule (Justice remix),2,2000s-2020s,2009,2
Steam — Na Na Hey Hey Kiss Him Goodbye,2,1990s-2000s,1969,2
Richie Rich — Let’s Ride,2,2000s-2010s,1996,2
Ace of Base — The Sign,2,2010s-2020s,1993,2
Translippers — Cycling to the Sun,2,2010s-2020s,2018,2
Swing Out Sister — Breakout,2,1980s-2000s,1986,2
Death Grips — Whatever I Want (Fuck Who’s Watching),2,2010s-2020s,2013,2
52nd Street — Tell Me (How It Feels),2,2010s-2020s,1986,2
Miranda Cosgrove — Leave It All to Me (Theme from iCarly),2,2000s-2020s,2007,2
Smokey Robinson — The Agony and the Ecstasy,2,2010s-2020s,1975,2
Cherrelle — I Didn’t Mean to Turn You On,2,1980s-2020s,1985,2
BTS — Euphoria,2,2010s-2020s,2018,2
Tom Lehrer — The Elements,2,1990s-2000s,1959,2
Daft Punk — Rock’n Roll,2,2000s-2010s,1997,2
The Chemical Brothers — Do It Again,2,2000s-2010s,2007,2
Devin Wild — Everlasting,2,2010s-2020s,2015,2
Kraftwerk — Tour de France,2,2000s-2020s,2003,2
宇多田ヒカル — Sanctuary (Opening),2,2010s-2020s,2009,2
Asspera — Me cago,2,2000s-2010s,2006,2
Fats Domino — You Always Hurt the One You Love,2,1960s-1990s,1960,2
Black Sun Empire — Bitemark,2,2000s-2010s,2005,2
Sister Nancy — Bam Bam,2,2010s-2020s,2000,2
Scissor Sisters — It Can’t Come Quickly Enough,2,2000s-2010s,2004,2
The Doors — The Soft Parade,2,1990s-2000s,1969,2
La Sista — Se desvive por ella,2,2000s-2020s,2007,2
E‐Mantra — Emptiness,2,2010s-2020s,2010,2
Basement Jaxx — Scars,2,2000s-2010s,2009,2
NeverLastStanding — Your Friend,2,2010s-2020s,2017,2
Major Lazer — Cash Flow (SUBSKRPT Remix),2,2000s-2010s,2009,2
Green Day — Give Me Novacaine,2,2000s-2010s,2004,2
Nookie — Drummer of Doom,2,1990s-2010s,1993,2
Donald Byrd — Night Whistler,2,2000s-2010s,1975,2
Senmuth — Песня арфиста в доме Атефа,2,2000s-2010s,2009,2
Quincy Jones — Razzamatazz,2,1990s-2000s,1981,2
きゃりーぱみゅぱみゅ — にんじゃりばんばん,2,2010s-2020s,2013,2
Megadeth — Last Rites / Loved to Deth,2,2000s-2010s,1985,2
Deftones — Elite,2,2000s-2020s,2000,2
Bootsy’s Rubber Band — Munchies for Your Love,2,1990s-2010s,1977,2
Pendulum — Tarantula,2,2000s-2010s,2005,2
Harold Melvin & The Blue Notes — You Know How to Make Me Feel So Good,2,1990s-2000s,1975,2
GUNSHIP — The Drone Racing League,2,2010s-2020s,2018,2
The Pharcyde — Passing Me By,2,1990s-2000s,1992,2
System of a Down — Toxicity,2,2010s-2020s,2001,2
Run‐D.M.C. — Walk This Way,2,2010s-2020s,1986,2
宍戸留美 — ふしぎ・プルプル・プルリン・リン!,2,2000s-2020s,2006,2
sports. — Ridge Road,2,2010s-2020s,2015,2
Bop — Nothing Makes Any Sense,2,2000s-2010s,2009,2
Backstreet Boys — Larger Than Life,2,2000s-2020s,1999,2
DAGames — Unfixable,2,2010s-2020s,2016,2
Serge Gainsbourg — En Melody,2,1990s-2010s,1971,2
deadmau5 — Professional Griefers,2,2010s-2020s,2012,2
Misfits — Astro Zombies,2,2010s-2020s,1982,2
Rihanna — Take a Bow,2,2000s-2020s,2008,2
Ludacris — Money Maker,2,2000s-2010s,2005,2
JAY‐Z — Interlude,2,2010s-2020s,2003,2
Sade — Smooth Operator,2,1980s-2010s,1984,2
仲野順也 — 召喚,2,2010s-2020s,2001,2
sports. — I Am the Boy,2,2010s-2020s,2015,2
Koan — Underwater Moonlight,2,2000s-2010s,2005,2
Too Hostile — Make 'M Clap,2,1990s-2010s,2003,2
Van Morrison — Glad Tidings,2,2010s-2020s,1970,2
Art of Noise — Peter Gunn,2,1980s-2010s,1986,2
Kaya Project — Harem Bizzarre,2,2010s-2020s,2005,2
Dog Blood — 4 MIND,2,2010s-2020s,2019,2
Thomas Bangalter — Spinal Scratch,2,2010s-2020s,1996,2
Patti Jo — Ain’t No Love Lost,2,1970s-2000s,1972,2
David Bowie — Conversation Piece,2,2000s-2010s,1970,2
Tom Lehrer — Poisoning Pigeons in the Park,2,2010s-2020s,1960,2
Steve Conte — SEVEN RINGS IN HAND,2,2000s-2020s,2007,2
Wonderfeel — Intraterrestrial,2,2010s-2020s,2014,2
浜崎あゆみ — Depend on you (EXTENDED POWER MIX),2,1990s-2000s,1999,2
浜崎あゆみ — poker face (EXTENDED POWER MIX),2,1990s-2000s,1999,2
浜崎あゆみ — evolution (Time Is Pop Mix),2,2000s-2010s,2001,2
浜崎あゆみ — ℳ (Sweet Heart Mix),2,2000s-2010s,2001,2
deadmau5 — Moar Ghosts ’n’ Stuff,2,2010s-2020s,2009,2
Sly & the Family Stone — Luv n’ Haight,2,1990s-2000s,1971,2
The Doors — When the Music’s Over,2,1990s-2000s,1967,2
Bob James — Take Me to the Mardi Gras,2,1990s-2010s,2005,2
中森明菜 — I MISSED “THE SHOCK”,2,1990s-2010s,1988,2
Whitney Houston — How Will I Know,2,2010s-2020s,1985,2
Prince — Little Red Corvette,2,1990s-2010s,1982,2
Billy Griffin — Hold Me Tighter in the Rain,2,2000s-2010s,1982,2
PSY — DADDY,2,2010s-2020s,2015,2
Fats Domino — Nothing New (Same Old Thing),2,1990s-2010s,2019,2
Delirious? — Deeper,2,1990s-2000s,1997,2
"Earth, Wind & Fire — Let’s Groove",2,2010s-2020s,1981,2
Michel Fugain — Une belle histoire,2,2010s-2020s,1972,2
Megadeth — Killing Is My Business… and Business Is Good!,2,2000s-2010s,1985,2
West Street Mob — Break Dance – Electric Boogie,2,1990s-2000s,1983,2
倖田來未 — love across the ocean,2,2000s-2010s,2002,2
Grateful Dead — High Time,2,2000s-2020s,1970,2
SawanoHiroyuki[nZk] — Into the Sky,2,2010s-2020s,2016,2
"Earth, Wind & Fire — Devotion",2,1990s-2000s,1974,2
Dream — Private wars (EURO MIX),2,2000s-2010s,2000,2
Ye — Flashing Lights,2,2010s-2020s,2007,2
The Beach Boys — Don’t Talk (Put Your Head on My Shoulder),2,1960s-2000s,1966,2
The Beach Boys — I’m Waiting for the Day,2,1960s-2000s,1966,2
Jungle Brothers — How Ya Want It (We Got It),2,1990s-2000s,1996,2
Carl Perkins — Standing in the Need of Love,2,1970s-1990s,1979,2
YOU LOVE HER — Softer Cell,2,2010s-2020s,2011,2
Michy Reincke — Pop im Radio,2,1990s-2010s,1993,2
Megadeth — Train of Consequences,2,1990s-2000s,1994,2
MSTRKRFT — Bounce,2,2000s-2010s,2008,2
Janet Jackson — Someone to Call My Lover,2,2000s-2010s,2001,2
Gareth Emery — U (original mix),2,2010s-2020s,2014,2
The Hasbeens — Make The World Go Away,2,2000s-2010s,2006,2
"Nina Simone — To Be Young, Gifted and Black",2,1970s-1990s,1970,2
The Velvet Underground — The Gift,2,1990s-2010s,1968,2
Baby V.O.X — 야야야,2,1990s-2000s,1998,2
The Sons of Silence — A Grain of Sand,2,1990s-2000s,1997,2
Étienne Daho — Les Pluies chaudes de l’été,2,1990s-2010s,1996,2
Megadeth — Rattlehead,2,2000s-2010s,1985,2
高橋洋子 — 心よ原始に戻れ,2,2010s-2020s,1997,2
Jerry Lee Lewis — It Won't Happen With Me,2,1960s-1990s,1989,2
Nina Simone — Trouble in Mind,2,1990s-2010s,1960,2
Boards of Canada — Kid for Today,2,1990s-2010s,2000,2
Grouper — Heavy Water / I’d Rather Be Sleeping,2,2000s-2010s,2008,2
Fats Domino — I’m Alone Because I Love You,2,1960s-1990s,1961,2
Billy Paul — Me and Mrs. Jones,2,1990s-2010s,1972,2
The Guess Who — Humpty’s Blues / American Woman (Epilogue),2,1990s-2010s,1970,2
"KC and the Sunshine Band — (Shake, Shake, Shake) Shake Your Booty",2,2000s-2020s,1976,2
Deutsch Amerikanische Freundschaft — Brothers (Gabi's mix),2,2000s-2010s,1985,2
Alicia Keys — Karma,2,2000s-2010s,2003,2
Lil Uzi Vert — Sauce It Up,2,2010s-2020s,2017,2
"Lipps, Inc. — All Night Dancing",2,1970s-2000s,1980,2
Donald Byrd — Stepping Into Tomorrow,2,1990s-2000s,1975,2
Asspera — Gorda puerca,2,2000s-2010s,2006,2
Depeche Mode — Shake the Disease (Edit the Shake),2,1980s-2000s,1985,2
Depeche Mode — New Dress,2,1990s-2000s,1986,2
Depeche Mode — Are People People?,2,2000s-2010s,1984,2
Tiësto — Louder Than Boom,2,2000s-2010s,2009,2
t+pazolite — Pumpin’ Junkies,2,2010s-2020s,2013,2
Sixpence None the Richer — Kiss Me,2,2000s-2010s,1997,2
Gloria Gaynor — Walk On By,2,1970s-1990s,1975,2
Tiësto — Always Near,2,2000s-2010s,2009,2
Don Omar — Virtual Diva,2,2000s-2020s,2009,2
Justice — Newjack,2,2000s-2010s,2007,2
Justice — D.A.N.C.E,2,2010s-2020s,2016,2
S3RL — Whirlwind (radio edit),2,2010s-2020s,2017,2
Jean‐Luc Ponty — Mirage,2,1970s-1990s,1977,2
Fort Minor — Get Me Gone,2,2000s-2010s,2005,2
ピノキオピー — マッシュルームマザー,2,2010s-2020s,2012,2
RoughSketch — Puppet Nightmare,2,2010s-2020s,2014,2
Run‐D.M.C. — It’s Like That,2,2000s-2010s,1997,2
Technotronic — Pump Up the Jam,2,2010s-2020s,1989,2
Okay Temiz — Denizaltı Rüzgarları,2,2010s-2020s,2005,2
Clark Powell — Flare,2,2010s-2020s,2011,2
4 Tune Fairytales — My Little Fantasy,2,2000s-2010s,1996,2
Harry Nilsson — Jump Into the Fire,2,2010s-2020s,1971,2
John Lennon — How Do You Sleep?,2,2000s-2010s,1971,2
Nine Inch Nails — The Great Collapse,2,2000s-2010s,2000,2
Toby Fox — Bergentrückung,2,2010s-2020s,2015,2
ABBA — The Name of the Game,2,1970s-1990s,1977,2
Paul Johnson — Get Get Down (radio edit),2,2000s-2010s,1999,2
Ciara — Goodies,2,2000s-2010s,2004,2
Veronica Sales — Get Up and Go,2,1990s-2000s,1996,2
Martin Nonstatic — Sea Surfaces,2,2010s-2020s,2015,2
Ruby — Bud,2,1990s-2020s,1995,2
Kaya Project — Dust Devil,2,2010s-2020s,2010,2
Ｗｉｚ． — M.K.Syndrome,2,2000s-2010s,2008,2
George Michael — Star People,2,2000s-2020s,1996,2
TRUE — フロム,2,2010s-2020s,2017,2
The Prophet — Stampuhh!!,2,2010s-2020s,2006,2
Gorillaz — Demon Days,2,2000s-2010s,2005,2
DSK — What Would We Do,2,1990s-2000s,1990,2
AJURIKA — Purple Sky,2,2010s-2020s,2012,2
Klaus & Klaus — Der Eiermann,2,1990s-2000s,1988,2
Beenie Man — King of the Dancehall,2,2000s-2010s,2005,2
deadmau5 — The Veldt (radio edit),2,2010s-2020s,2012,2
Wilfried — Nights in the City,2,1970s-1980s,1979,2
Nurse With Wound — Dirty Fingernails,2,1990s-2000s,1984,2
Suzy Lazy — I Believe in Music,2,1990s-2000s,2019,2
Desmu — J'ai mangé des pâteuh,2,2010s-2020s,2019,2
Selda Bağcan — İnce İnce,2,2000s-2010s,1976,2
Fats Domino — Along the Navajo Trail,2,1960s-1990s,1961,2
Marko Polo — Fighter,2,2010s-2020s,2008,2
Nine Inch Nails — The Big Come Down,2,2010s-2020s,1999,2
のみこ — Alice Maestera,2,2000s-2010s,2007,2
Dr. Calculus — Programme 7,2,1980s-2000s,2007,2
Céline Dion — My Heart Will Go On (love theme from “Titanic”),2,2000s-2010s,1997,2
Scotty — Draw Your Brakes,2,1980s-2010s,1972,2
Die Antwoord — I Fink U Freeky,2,2010s-2020s,2012,2
Lauryn Hill — Lost Ones,2,1990s-2010s,1998,2
Leon Haywood — That Sweet Woman of Mine,2,2000s-2010s,1974,2
Charlie Rich — What’s My Name,2,1970s-1990s,1992,2
"The Isley Brothers — Ain't I Been Good to You, Parts 1-2",2,1990s-2000s,1974,2
Nina Simone — Westwind,2,2000s-2020s,2006,2
Röyksopp — Here She Comes Again,2,2010s-2020s,2014,2
Timbaland — Give It to Me (radio edit),2,2000s-2020s,2007,2
My Life With the Thrill Kill Kult — The International Sin Set,2,1990s-2000s,1991,2
"They Came From the Stars, I Saw Them — Moon Song",2,2000s-2010s,2008,2
Sticky — Booo! (original dirty mix),2,2000s-2010s,2001,2
Captain Hook — Vertebra L2,2,2010s-2020s,2011,2
Aïwa — Ibn Sina,2,2000s-2020s,2006,2
InsideInfo — Metamorphosis,2,2010s-2020s,2014,2
Scandroid — Shout (instrumental),2,2010s-2020s,2016,2
Lil Uzi Vert — Early 20 Rager,2,2010s-2020s,2017,2
Beastie Boys — An Open Letter to NYC,2,2000s-2010s,2004,2
Nektar — São Paulo Sunrise,2,2000s-2010s,1975,2
Michael Jackson — Ain’t No Sunshine,2,1990s-2000s,1972,2
Fats Domino — Rockin’ Bicycle,2,1960s-1990s,1993,2
U2 — Zoo Station,2,1990s-2000s,1991,2
Art of Noise — Who’s Afraid (of the Art of Noise),2,1990s-2000s,1984,2
"Fatboy Slim — Right Here, Right Now",2,2010s-2020s,1999,2
Trans‐X — Living on Video,2,1980s-2020s,1983,2
The Guess Who — 8:15,2,1970s-2010s,1970,2
Anthrax — Bring the Noise,2,1990s-2010s,1991,2
Little Richard — Tutti Frutti,2,1960s-1990s,1967,2
The Three Degrees — A Woman Needs a Good Man,2,1970s-1990s,1973,2
Malcolm McLaren — Buffalo Gals,2,2000s-2010s,1982,2
Mel & Kim — Respectable,2,1980s-1990s,1987,2
Rory Gallagher — I Fall Apart,2,1990s-2020s,1971,2
Goldfrapp — You Never Know,2,2000s-2020s,2005,2
Green Day — 21st Century Breakdown,2,2000s-2010s,2009,2
Curtis Mayfield — Pusherman,2,1980s-1990s,1972,2
The Brand New Heavies — Brother Sister,2,1990s-2000s,1994,2
Arizona Zervas — ROXANNE,2,2010s-2020s,2019,2
"Mo‐Do — Eins, zwei Polizei",2,1990s-2020s,1994,2
Адреналин — Ковыляй потихонечку,2,1990s-2000s,1998,2
M — Pop Muzik,2,1980s-1990s,1979,2
Joy — Why Are You Hurtin' Me So Much,2,2000s-2010s,2010,2
Girls Aloud — Girls Allowed,2,2000s-2020s,2003,2
New Order — True Faith (Shep Pettibone remix),2,1980s-1990s,1987,2
Captain Rock — Return of Captain Rock,2,1990s-2010s,1983,2
John Lennon — Sunday Bloody Sunday,2,2000s-2020s,1972,2
浜崎あゆみ — too late (Euro-Power Mix),2,1990s-2000s,2000,2
Сергей Васюта — Девочка,2,2000s-2010s,2000,2
Сергей Васюта — Улетела ты,2,2000s-2010s,2000,2
Сергей Васюта — Маленькое чудо,2,2000s-2010s,2000,2
НеИгрушки — 100 дней до приказа,2,1990s-2000s,1999,2
大谷智哉 — Aquarium Park - Act 1,2,2010s-2020s,2010,2
Psilodump — Calculating Sadness,2,1990s-2000s,2015,2
Mark Broom — Any Number Between 1–17,2,1990s-2000s,1996,2
Compromised — Kingdom Trial,2,2000s-2010s,2005,2
Wilfried — Weit so weit,2,1980s-2000s,1984,2
Fats Domino — My Real Name,2,1990s-2010s,1991,2
John Lennon — Oh Yoko!,2,2000s-2020s,1971,2
Justin Timberlake — SexyBack (main version),2,2000s-2010s,2006,2
Whodini — I'm a Ho,2,1990s-2010s,1986,2
Céline Dion — Because You Loved Me,2,2000s-2020s,1995,2
Suresh Wadkar — Goron ki na kalon ki (Sad),2,1990s-2000s,1982,2
長沼英樹 — Back 2 Back,2,2000s-2020s,2005,2
Sean Paul — Bounce It Right There,2,2000s-2010s,2004,2
Edie Brickell & New Bohemians — What I Am,2,1990s-2000s,1988,2
David Whittaker — In the Dark Passages (Amiga),2,1990s-2010s,2014,2
Oliver — Control,2,2010s-2020s,2013,2
t.A.T.u. — Нас не догонят,2,2010s-2020s,2002,2
The Notorious B.I.G. — Niggas Bleed,2,2000s-2010s,1997,2
Daniel Johnston — Walking the Cow,2,2010s-2020s,1983,2
Chief Keef — Love Sosa,2,2010s-2020s,2012,2
JSTJR — Oh My My,2,2010s-2020s,2019,2
Bill House — You’re No Better Than a Common Thief,2,2010s-2020s,1974,2
I Am Legion — Choosing for You,2,2010s-2020s,2013,2
OVERWERK — Phase,2,2010s-2020s,2017,2
Too $hort — Blowjob Betty,2,2000s-2020s,1993,2
Alexander Brandon — The Synapse (Hong Kong Streets),2,2010s-2020s,2001,2
"Beyoncé — Me, Myself and I",2,2000s-2010s,2003,2
“Weird Al” Yankovic — Amish Paradise,2,2010s-2020s,1996,2
P.O.S — The Basics (Alright),2,2000s-2010s,2009,2
Peggy Gou — Han Jan,2,2010s-2020s,2018,2
Sting — I Was Brought to My Senses,2,1990s-2020s,1996,2
劉美君 — 亞熱帶少年 Subtropical Boy,2,1980s-2000s,1986,2
No Bros — We Are Stronger,2,1990s-2000s,1982,2
DeBarge — I Like It,2,1990s-2010s,1982,2
Hubert Kah — Something I Should Know,2,1980s-2010s,1986,2
Noisia — My World,2,2010s-2020s,2010,2
Delerium — After All,2,2000s-2010s,2003,2
Richard Jacques — Can You Feel the Sunshine?,2,2010s-2020s,1998,2
PUFFY — これが私の生きる道,2,1990s-2000s,1996,2
Le Knight Club — Santa Claus,2,2000s-2010s,1997,2
Kano — Ikeya-Seki,2,2000s-2010s,1983,2
Yello — The Race,2,1980s-2020s,1988,2
Fairport Convention — Angel Delight,2,1990s-2000s,1998,2
Frank Ski — Whores in This House (original version),2,2000s-2020s,1993,2
2Pac — God Bless the Dead,2,1990s-2000s,1998,2
SebastiAn — Total,2,2010s-2020s,2011,2
City of Birmingham Symphony Orchestra — Symphonic Dances From “West Side Story”: I. Prologue,2,2000s-2010s,2006,2
The Knocks — Modern Hearts,2,2010s-2020s,2013,2
Fort Minor — There They Go (instrumental),2,2000s-2010s,2005,2
Stéphane Picq — Morning Sunrise (morning),2,2010s-2020s,2007,2
Mötley Crüe — Dr. Feelgood,2,2010s-2020s,1989,2
景山将太 — エイセツシティ,2,2010s-2020s,2013,2
平野綾 — Motteke! Sailor Fuku,2,2010s-2020s,2010,2
Stéphane Picq — Ornithopter (warsong),2,2010s-2020s,2007,2
Knives Out — Sugarcoat,2,2010s-2020s,2019,2
Silva Hound — Glimmer Time,2,2010s-2020s,2018,2
Jesse Rae — Scotland the Brave / Idio-syn-crazy,2,1980s-2010s,1987,2
Hawkwind — Silver Machine (12″ mix),2,1970s-1990s,1999,2
S3RL — S.L.U.T.,2,2000s-2010s,2007,2
S3RL — The 2nd Wave,2,2000s-2010s,2007,2
S3RL — Keep On Ravin’ Baby,2,2000s-2010s,2007,2
Astrix — Life System,2,2010s-2020s,2002,2
Thundercat — Them Changes,2,2010s-2020s,2015,2
Jefferson Starship — Miracles,2,1970s-1990s,1975,2
Boy Blue — Joe Lee's Rock,2,1990s-2020s,1960,2
Alicia Myers — I Want to Thank You,2,1980s-1990s,1981,2
Jimmy Spicer — Adventures of Super Rhyme (Rap),2,1980s-1990s,1980,2
Rory Gallagher — Laundromat,2,1990s-2020s,1971,2
Tower of Power — Drop It in the Slot,2,1980s-2000s,1975,2
Sly & the Family Stone — Dance to the Music,2,1980s-2000s,1967,2
Lightnin’ Rod — Sport,2,1980s-1990s,1973,2
Reese & Santonio — The Sound,2,1980s-1990s,1987,2
Death Grips — Spread Eagle Cross the Block,2,2010s-2020s,2011,2
"Teddy Pendergrass — You’re My Latest, My Greatest Inspiration",2,2000s-2020s,1981,2
Simple Minds — New Gold Dream (81‐82‐83‐84),2,1980s-2010s,1982,2
Coldplay — Strawberry Swing,2,2000s-2010s,2008,2
Leftfield — Song of Life,2,2000s-2010s,1995,2
Ojārs Grīnbergs — Somu pirts,2,1990s-2000s,1971,2
The 9th Creation — Rule of Mind,2,1990s-2000s,1975,2
Fat Boys — Jail House Rap,2,1980s-1990s,1984,2
Shy FX & T Power — Everyday,2,2000s-2020s,2005,2
Deftones — Rx Queen,2,2000s-2020s,2000,2
NERO — Innocence,2,2010s-2020s,2010,2
Lykke Li — Little Bit,2,2000s-2010s,2007,2
Beastie Boys — Electrify,2,2000s-2010s,1998,2
Eighth Wonder — Cross My Heart,2,1980s-2010s,1988,2
The Pharcyde — She Said,2,1990s-2000s,1995,2
Miles Davis — Dr. Jackle,2,1990s-2000s,1958,2
Lil Uzi Vert — Malfunction,2,2010s-2020s,2017,2
Lacuna Coil — Heaven’s a Lie,2,2000s-2010s,2000,2
Huey Lewis and the News — Heart and Soul,2,1980s-2010s,1983,2
Crush 40 — I AM… ALL OF ME,2,2000s-2020s,2006,2
Justin Bieber — Confident,2,2010s-2020s,2013,2
Prince — All the Critics Love U in New York,2,1980s-1990s,1982,2
AeroSoul — Time Is by Your Side,2,2010s-2020s,2021,2
Synkro — Luminous,2,2010s-2020s,2018,2
Сергей Васюта — Черная гроза,2,1990s-2000s,1995,2
Stephy Martini — Mad Desire,2,2000s-2020s,2008,2
HEAT — Baby (This Love That We’ve Found),2,1980s-1990s,1998,2
"Ariana Grande — break up with your girlfriend, i’m bored",2,2010s-2020s,2019,2
René & Angela — I Love You More,2,1990s-2000s,1981,2
Руки вверх! — Назови его как меня,2,1990s-2000s,1999,2
The O’Jays — She's Only a Woman,2,1970s-2000s,1975,2
Cypress Hill — Pigs,2,1990s-2010s,1991,2
50 Cent — The Good Die Young,2,2000s-2010s,1999,2
Alchemix — The Visions Begin,2,2000s-2010s,2012,2
Aphex Twin — 54 Cymru Beats,2,2000s-2020s,2001,2
In Strict Confidence — My Despair,2,2000s-2010s,2010,2
DJ Shadow — High Noon,2,2000s-2020s,1997,2
DJ Shadow — Napalm Brain / Scatter Brain,2,2000s-2010s,1996,2
Head West — Attention,2,1990s-2010s,1970,2
SawanoHiroyuki[nZk] — Tranquility,2,2010s-2020s,2019,2
Marko Polo — Money Go! (Tokyo DJ All Stars Remix),2,1990s-2010s,1997,2
Niko — We Came for the Rock,2,1990s-2020s,2019,2
Океан Ельзи — Обійми,2,2010s-2020s,2013,2
Musique — Keep On Jumpin’,2,1990s-2000s,1978,2
DJ Food — Turtle Soup,2,1990s-2010s,1994,2
Act of Rage — Grown Up,2,2010s-2020s,2018,2
Soulja Boy — Pretty Boy Swag,2,2010s-2020s,2010,2
Kraftwerk — It’s More Fun to Compute,2,1990s-2010s,1981,2
Mars Argo — Love in Black and White,2,2010s-2020s,2011,2
天海春香 — おはよう！！朝ご飯,2,2000s-2010s,2006,2
Bon Jovi — Keep the Faith,2,1990s-2010s,1992,2
The Dillinger Escape Plan — 43% Burnt,2,2000s-2020s,1998,2
Psyko Punkz — After MF,2,2010s-2020s,2009,2
Black Sabbath — Symptom of the Universe,2,1990s-2000s,1975,2
Stéphane Picq — Map (sekence),2,2010s-2020s,2007,2
Lena Raine — First Steps,2,2010s-2020s,2018,2
Pentagon — heal,2,2010s-2020s,2002,2
Robin Thicke — Back Together,2,2010s-2020s,2015,2
LFO — Freak,2,2000s-2010s,2003,2
Fela Kuti — Expensive Shit,2,2010s-2020s,1975,2
Dr. Dre — Let Me Ride,2,1990s-2010s,1992,2
S‐Range — Larger Plan,2,2000s-2010s,2000,2
The Last Dance — Terribly When,2,2000s-2010s,2003,2
Philip Glass — The Unutterable,2,1990s-2000s,1988,2
Depeche Mode — Personal Jesus (Holier Than Thou Approach),2,1990s-2000s,1989,2
Megadeth — Chosen Ones,2,2000s-2010s,1985,2
“Weird Al” Yankovic — Canadian Idiot,2,2000s-2010s,2006,2
鈴木亜美 — BE TOGETHER,2,2000s-2020s,2011,2
The Last Dance — Rage,2,2000s-2010s,2003,2
荻野目洋子 — 美女と野獣,2,1990s-2000s,1991,2
Sub Sonik — My Way,2,2010s-2020s,2017,2
The Beatles — You Really Got a Hold on Me,2,1960s-2020s,1963,2
Kelly Clarkson — Already Gone,2,2000s-2010s,2009,2
Randy Newman — You’ve Got a Friend in Me,2,2010s-2020s,1995,2
Little Richard — Chicken Little Baby,2,1950s-1980s,1989,2
Fats Domino — Shurah,2,1960s-1990s,1960,2
The Beatles — You’re Going to Lose That Girl,2,1960s-1980s,1965,2
Delegation — Oh Honey,2,1990s-2000s,1977,2
The Moments — Girls,2,1980s-1990s,1974,2
ESTi — OBLIVION,2,2000s-2010s,2006,2
My Chemical Romance — Dead!,2,2010s-2020s,2006,2
Ovnimoon — Sacred Earth,2,2010s-2020s,2009,2
Ticon — Models on Cocaine,2,2010s-2020s,2008,2
Blutzukker — Antichristmas,2,2000s-2010s,2007,2
Malux — Turbine,2,2010s-2020s,2016,2
Lush — Ladykillers,2,1990s-2010s,1996,2
Ilegales — Ya no toy pa' eso,2,2000s-2010s,2008,2
Nomine — Blind Man,2,2010s-2020s,2015,2
globe — letting out a deep breath,2,2000s-2010s,1998,2
Jerry Lee Lewis — How's My Ex Treating You,2,1990s-2010s,1994,2
Roland Kaiser — Sieben Fässer Wein,2,2000s-2010s,1998,2
globe — illusion,2,2000s-2010s,1998,2
The Chi‐Lites — Have You Seen Her,2,1990s-2000s,1971,2
倖田來未 — stay with me,2,2000s-2010s,2008,2
Rod Stewart — Maggie May,2,1990s-2000s,1971,2
Talking Heads — This Must Be the Place (Naive Melody),2,1980s-2000s,1983,2
Beastie Boys — Super Disco Breakin’,2,2000s-2010s,1998,2
Death Grips — Bottomless Pit,2,2010s-2020s,2016,2
Lil Uzi Vert — 444+222,2,2010s-2020s,2017,2
Isaac Hayes — Breakthrough,2,1980s-1990s,1974,2
Roots Manuva — Dub Styles,2,2000s-2010s,2001,2
sanodg — Rareheroes,2,2000s-2020s,2005,2
Afrob — Reimemonster,2,1990s-2010s,1999,2
Beck — Ken,2,1990s-2000s,1994,2
John Lennon — I’m Moving On,2,2000s-2010s,1980,2
Lyktum — Fearless Mind,2,2010s-2020s,2014,2
UPSAHL — Drugs,2,2010s-2020s,2019,2
Emalkay — Explicit,2,2000s-2010s,2009,2
倖田來未 — Selfish,2,2000s-2010s,2005,2
Kat Onoma — Cupid,2,1990s-2000s,1988,2
The Flowers — (Life) After Dark,2,1970s-2000s,1979,2
Fox Amoore — Starry Destination,2,2010s-2020s,2014,2
Editors — Camera,2,2000s-2010s,2005,2
Eli Brown — Come Together (extended mix),2,2010s-2020s,2019,2
Touch Sensitive — Pizza Guy,2,2010s-2020s,2013,2
Sean Kingston — Beautiful Girls,2,2010s-2020s,2007,2
2Pac — California Love (album version),2,2010s-2020s,1995,2
Judas Priest — Painkiller,2,1990s-2010s,1990,2
Ace Ventura — Brave New World,2,2010s-2020s,2015,2
Linkin Park — Enth E nd,2,2000s-2010s,2002,2
Psilodump — My Lazer X-Ray Eyes (Original Mix),2,1990s-2000s,1997,2
Falco — Rock Me Amadeus (12″ American edit),2,1980s-2000s,1986,2
瀬上純 — That’s the Way I Like It …for Metal Harbor,2,2000s-2010s,2001,2
Madonna — Skin,2,1990s-2020s,1998,2
Argyle Park — DOOMsayer,2,1990s-2000s,1995,2
Marky Mark and the Funky Bunch — Good Vibrations,2,2010s-2020s,1991,2
Kim Wilde — Kids in America,2,1990s-2000s,2005,2
Pinkfong — Baby Shark,2,2010s-2020s,2018,2
Madonna — True Blue,2,1980s-2020s,1986,2
2Minds — Anomaly,2,2010s-2020s,2010,2
ステレオポニー — ツキアカリのミチシルベ,2,2000s-2010s,2009,2
MUCC — リブラ,2,2000s-2010s,2007,2
Nu:Tone — System,2,2000s-2010s,2007,2
Henri Texier — Le Piroguier,2,2000s-2010s,1976,2
Zulema — If This World Were Mine,2,1990s-2010s,1972,2
Laura — 581C,2,2010s-2020s,2011,2
Leila — Burning Lover,2,2000s-2010s,2008,2
Paul Haig — Heaven Help you Now,2,1990s-2020s,1986,2
INFEKT — Orgalorg,2,2010s-2020s,2016,2
陳百強 — 神仙也移民,2,1980s-2010s,1988,2
Bop — Song About My Dog,2,2000s-2010s,2009,2
4Dboy — Just Do It.,2,2010s-2020s,2019,2
Kid Lib — Original Roughneck,2,2010s-2020s,2013,2
Don Omar — Pobre diabla,2,2000s-2020s,2003,2
萨顶顶 — Dual-Ego,2,2010s-2020s,2019,2
Incredible Bongo Band — Let There Be Drums,2,2000s-2010s,1973,2
三浦大知 — Unlock,2,2010s-2020s,2015,2
Lunatic Calm — Leave You Far Behind,2,1990s-2000s,1997,2
Fats Domino — Country Boy,2,1960s-1990s,2002,2
Level 42 — Standing in the Light,2,2000s-2020s,1983,2
Bob Marley & The Wailers — Johnny Was,2,1990s-2000s,1976,2
Isaac Hayes — Wherever You Are,2,2000s-2010s,1980,2
Mims — Move (If You Wanna),2,2000s-2010s,2008,2
Master P — Ooohhhwee,2,2000s-2010s,2001,2
DMX — Get at Me Dog,2,1990s-2010s,1998,2
Flight Facilities — Clair de Lune,2,2010s-2020s,2012,2
Skepta — That’s Not Me,2,2010s-2020s,2014,2
Fats Domino — Margie,2,1950s-2010s,1991,2
Nina Simone — Be My Husband,2,1980s-1990s,1996,2
倖田來未 — ECSTASY,2,2000s-2010s,2009,2
The Pointer Sisters — I’m So Excited,2,1980s-2010s,1982,2
DMX — How’s It Goin’ Down,2,2000s-2020s,1998,2
Fats Domino — Medley: So Long / Natural Born Lover / C.C. Rider,2,1980s-1990s,1977,2
Grouplove — Tongue Tied,2,2010s-2020s,2011,2
"Ennio Morricone — Il buono, il brutto, il cattivo",2,2000s-2020s,1966,2
Rammstein — Engel,2,1990s-2000s,1997,2
Paradise Lost — Say Just Words,2,1990s-2000s,1997,2
"Carl Carlton — She’s a Bad Mama Jama (She’s Built, She’s Stacked)",2,1990s-2000s,1981,2
Willie Hutch — I Choose You,2,2000s-2020s,1973,2
Jay Green’s stuff — Eminem – “Mom’s Spaghetti”,2,2010s-2020s,2014,2
Art of Tones — The Rainbow Song,2,2010s-2020s,2015,2
"Udo Jürgens — Es wird Nacht, Senorita (Le rossignol anglais)",2,1970s-1990s,1968,2
Lido — So Cold (Interlude),2,2010s-2020s,2016,2
David Whittaker — Inside the Tree (Amiga),2,1990s-2010s,2014,2
S Club — Don’t Stop Movin’,2,2000s-2020s,2001,2
Rob Dougan — Clubbed to Death,2,2000s-2020s,1995,2
Little Boots — Earthquake,2,2000s-2010s,2008,2
John Lennon — Born in a Prison,2,2000s-2020s,1972,2
Isaac Hayes — Hung Up on My Baby,2,1990s-2010s,1974,2
RKM & Ken‐Y — Te regalo amores,2,2000s-2010s,2008,2
Le Knight Club — Boogie Shell,2,2000s-2010s,1999,2
Franziska Menke — Traumboy (maxi version),2,1980s-2000s,1982,2
Marshall Jefferson — Move Your Body - House Music Anthem,2,1990s-2000s,1986,2
The Last Dance — Desperately Still,2,2000s-2010s,2005,2
Talking Heads — Burning Down the House,2,2010s-2020s,1983,2
Bappi Lahiri — Thoda Resham Lagta Hai,2,2000s-2020s,1981,2
The Beatles — Eight Days a Week,2,1990s-2020s,1964,2
Ye — We Don’t Care,2,2000s-2010s,2004,2
Freshlyground — I’d Like,2,2000s-2010s,2004,2
Atlantic Connection — Situations,2,2000s-2020s,2022,2
倖田來未 — girls,2,2000s-2010s,2007,2
Nine Inch Nails — The Perfect Drug (Nine Inch Nails),2,2010s-2020s,1995,2
ATB — 9 PM (Till I Come) (club mix),2,1990s-2000s,1998,2
Sigur Rós — Sæglópur,2,2000s-2020s,2005,2
Teenage Fanclub — Fallin’,2,2000s-2010s,1993,2
Porter Robinson — Shelter (piano version),2,2010s-2020s,2017,2
Noisestorm — Barracuda,2,2010s-2020s,2015,2
Europe — The Final Countdown,2,2010s-2020s,1998,2
Deep Purple — Smoke on the Water,2,2010s-2020s,1994,2
Meat Loaf — You Took the Words Right Out of My Mouth (Hot Summer Night),2,1980s-2010s,1977,2
U2 — Bullet the Blue Sky,2,2000s-2010s,1987,2
Testament — Electric Crown,2,2000s-2010s,1992,2
"ARIANNE — Komm, süsser Tod / 甘き死よ、来たれ",2,1990s-2020s,1997,2
Ashanti — Foolish,2,2000s-2010s,2002,2
愛内里菜 — I can't stop my love for you♥,2,2000s-2010s,2002,2
Aaliyah — Are You Ready,2,2000s-2010s,1996,2
Ali & Gipp — Go ’Head,2,2000s-2010s,2006,2
Marko Polo — I Want to Believe,2,2000s-2020s,2009,2
Gary Numan — Films,2,2000s-2010s,1979,2
We Are Standard — The Last Time,2,2000s-2010s,2008,2
Last Dinosaurs — Andy,2,2010s-2020s,2012,2
Jerry Lee Lewis — I'll Fly Away,2,1980s-2010s,1986,2
倖田來未 — hands,2,2010s-2020s,2005,2
Onyx — Bacdafucup,2,1990s-2020s,1993,2
First Choice — Let No Man Put Asunder,2,1980s-1990s,1984,2
Fatboy Slim — Sunset (Bird of Prey),2,2000s-2010s,2000,2
Jerry Lee Lewis — What'd I Say,2,1980s-1990s,1989,2
Jerry Lee Lewis — Good Golly Miss Molly,2,1960s-1990s,1969,2
Ace Ventura — Pranava,2,2010s-2020s,2015,2
榊原ゆい — STAR LEGEND,2,2000s-2010s,2009,2
Enrique Iglesias — Tonight (I'm Lovin' You),2,2010s-2020s,2010,2
m‐flo — HEY!,2,2000s-2010s,2005,2
William Onyeabor — When the Going Is Smooth & Good,2,2010s-2020s,1985,2
fripSide — Love to Sing,2,2000s-2010s,2003,2
"Erste Allgemeine Verunsicherung — Küß die Hand, schöne Frau",2,1980s-1990s,1987,2
Neurotech — Below These Scars,2,2010s-2020s,2012,2
DOUBLE — Sweet time,2,1990s-2000s,1999,2
Symphonix — 7am,2,2010s-2020s,2013,2
DLR — The Author,2,2010s-2020s,2015,2
Pink Floyd — Wish You Were Here,2,1990s-2020s,1975,2
Vertical Mode — Groove Reaction,2,2010s-2020s,2012,2
D‐Mad — She Gave Happiness (Arty remix),2,2010s-2020s,2010,2
Acylum — War,2,2000s-2020s,2005,2
ALI PROJECT — 禁じられた遊び,2,2000s-2010s,2004,2
Teddybears — Punkrocker,2,2000s-2010s,2000,2
Jaga Jazzist — Lithuania,2,2000s-2010s,2001,2
Dead Exit — Soundboy Killer,2,2010s-2020s,2014,2
Leroy & the Drivers — The Sad Chicken,2,1990s-2000s,1970,2
Willie Hutch — Theme of Foxy Brown,2,1990s-2000s,1974,2
070 Shake — Nice to Have,2,2010s-2020s,2019,2
八神はやて — Snow Rain,2,2000s-2010s,2006,2
Muse — Bliss,2,2010s-2020s,2001,2
Dodge & Fuski — Stop What You're Doing,2,2010s-2020s,2014,2
Justin OH — City Lights,2,2010s-2020s,2015,2
Mari-San — Don't Belong,2,2000s-2010s,2009,2
Lost Souls of Saturn — Midnight Karma,2,2010s-2020s,2019,2
Stéphane Picq — Sietch Tuek (sietchm),2,2010s-2020s,2007,2
Kendrick Lamar — DUCKWORTH.,2,2010s-2020s,2017,2
"Destiny’s Child — No, No, No, Part 2",2,1990s-2020s,1997,2
BAR9 — Motion,2,2010s-2020s,2010,2
水森亜土 — 真っ赤なバラとジントニック,2,2010s-2020s,2004,2
Van Morrison — Brand New Day,2,2010s-2020s,1970,2
Daniel Ingram — We'll Make Our Mark,2,2010s-2020s,2015,2
"Henry Cording and His Original Rock and Roll Boys — Va t’faire cuire un œuf, man !",2,1980s-1990s,1956,2
GEN.KLOUD — HUMANS,2,2010s-2020s,2019,2
DJ Misjah & DJ Tim — Access,2,1990s-2000s,1995,2
Kirlian Camera — After Winter,2,2000s-2010s,1998,2
Threshold — Slipstream,2,2000s-2010s,2007,2
Reizoko Cj — ],2,2010s-2020s,2011,2
Eminem — Guilty Conscience,2,1990s-2000s,1999,2
Jerry Lee Lewis — Stagger Lee (with announcement & talk at end),2,1980s-2010s,1989,2
Bonobo — Pick Up,2,2000s-2020s,2003,2
Kylie Minogue — Keep on Pumpin’ It (Astral Flight mix),2,1990s-2000s,1991,2
Lil Uzi Vert — X,2,2010s-2020s,2017,2
Noisia — Anomaly,2,2010s-2020s,2016,2
Love Unlimited — Say It Again,2,2000s-2010s,1973,2
Howard Carpendale — Deine Spuren im Sand,2,1990s-2010s,1975,2
"Syl Johnson — Wind, Blow Her Back My Way",2,1990s-2000s,1973,2
DJ Entity — Fragments,2,2010s-2020s,2013,2
Tracy — Addicted Moon,2,2010s-2020s,2018,2
Magnum — In the Beginning,2,1970s-1980s,1978,2
MIKA — We Are Golden,2,2000s-2010s,2009,2
Mango Groove — Special Star,2,1990s-2000s,1989,2
The Monkees — I’m a Believer,2,2000s-2010s,1966,2
George Michael — Amazing,2,1990s-2000s,2004,2
鈴木亜美 — Fantastic,2,2000s-2020s,2006,2
FreQuency — Shape Memory Alloys,2,2000s-2010s,2006,2
Death Grips — You Might Think He Loves You for Your Money but I Know What He Really Loves You for It’s Your Brand New Leopard Skin Pillbox Hat,2,2010s-2020s,2013,2
DMX — Where the Hood At,2,2010s-2020s,2003,2
Ye — Through the Wire,2,2000s-2010s,2004,2
Halsey — Nightmare,2,2010s-2020s,2019,2
Sherman “Swampy” — Ain't Got Rhythm,2,2010s-2020s,2008,2
Ed Sheeran — Galway Girl,2,2010s-2020s,2017,2
ヤバイTシャツ屋さん — ハッピーウェディング前ソング,2,2010s-2020s,2017,2
Deutsch Amerikanische Freundschaft — Der Räuber und der Prinz,2,1990s-2010s,1981,2
Spandau Ballet — To Cut a Long Story Short,2,2000s-2020s,1981,2
"Christina Milian — Call Me, Beep Me! (The Kim Possible Song)",2,2000s-2020s,2003,2
Aimer — Brave Shine,2,2010s-2020s,2015,2
Jerry Lee Lewis — Take These Chains From My Heart,2,1970s-1980s,2012,2
The Bug — Jah War,2,2000s-2020s,2006,2
Blue Rodeo — Outskirts,2,1980s-2010s,1987,2
Jerry Lee Lewis — Settin' the Woods on Fire,2,1970s-1980s,1989,2
Tony Sheridan — My Bonnie,2,1960s-2000s,1962,2
Kim Wilde — Cambodia,2,1980s-2000s,1981,2
The Smiths — Stop Me If You Think You’ve Heard This One Before,2,2000s-2010s,1987,2
Mari-Leen — Printsess,2,2000s-2010s,2008,2
BTS — FAKE LOVE,2,2010s-2020s,2018,2
MxPx — GSF,2,1990s-2000s,1997,2
Black Riot — A Day in the Life (club mix),2,1980s-1990s,1988,2
Bilderbuch — Maschin,2,2010s-2020s,2013,2
Chubby Checker — Let’s Twist Again,2,1980s-1990s,1961,2
Steinski and Mass Media — We'll Be Right Back (Club Edit),2,1980s-1990s,1986,2
Huey Lewis and the News — Hip to Be Square,2,1980s-2020s,1986,2
Nina Simone — Good Bait,2,1960s-2000s,1958,2
Pink Floyd — A Saucerful of Secrets,2,1960s-2010s,1968,2
AZ — Rather Unique,2,1990s-2000s,1995,2
Freaky DNA — Toadstool Om Nom,2,2010s-2020s,2012,2
Mac Miller — Dang!,2,2010s-2020s,2016,2
Blue Magic — Welcome to the Club,2,1990s-2000s,1974,2
NGHTMRE — CASH COW,2,2010s-2020s,2019,2
Bone Thugs‐n‐Harmony — Crossroad,2,2000s-2010s,1995,2
Ace Ventura — The Light,2,2010s-2020s,2007,2
Simple Plan — Untitled,2,2010s-2020s,2004,2
Class Action — Weekend (a cappella),2,1980s-1990s,1983,2
Fats Domino — I'm Gonna Be a Wheel Someday,2,1960s-2000s,1965,2
RL Grime — Tell Me,2,2010s-2020s,2014,2
Raw Man — Lovers,2,2000s-2010s,1999,2
Kraftwerk — Heimcomputer,2,2000s-2020s,1981,2
Martin Nonstatic — Bowed Thoughts,2,2010s-2020s,2015,2
Martin Nonstatic — Harmonices Mundi,2,2010s-2020s,2017,2
Chimpan A — Sam’s Song,2,2010s-2020s,2006,2
Displacer — The Witching Hour,2,2000s-2010s,2008,2
My Ruin — Terror,2,1990s-2020s,1999,2
Van Morrison — These Dreams of You,2,2010s-2020s,1970,2
Displacer — Imaginary Friends,2,2000s-2010s,2006,2
Ye — Dark Fantasy,2,2010s-2020s,2010,2
Kenët — Unreal Superhero 3,2,2010s-2020s,2001,2
PFM — The Western,2,1990s-2000s,1995,2
Reel People — Anything You Want,2,2000s-2010s,2007,2
Ruby — Flippin’ tha Bird,2,1990s-2020s,1995,2
Migos — MotorSport,2,2010s-2020s,2017,2
Juice — Catch a Groove,2,1980s-1990s,1976,2
Blondie — Call Me,2,1980s-2000s,1980,2
Alain Goraguer — Le Bracelet,2,1990s-2010s,1973,2
Linkin Park — Runaway,2,2000s-2010s,2000,2
Janet Jackson — Alright,2,1990s-2010s,1989,2
UTFO — Kangol & Doc,2,1990s-2010s,1986,2
Fats Domino — Trust in Me,2,1960s-1970s,1952,2
Collective Soul — Shine,2,1990s-2010s,1993,2
Bob Prescott — Russian Roulette,2,1980s-1990s,1963,2
Pink Floyd — One of These Days,2,1980s-1990s,1989,2
Cerrone — Rocket in the Pocket,2,1980s-1990s,1978,2
The Beatles — Michelle,2,1980s-2020s,1965,2
M‐Beat — Style,2,1990s-2020s,1995,2
FISHER — Losing It,2,2010s-2020s,2018,2
Beyoncé — Deja vu,2,2000s-2010s,2006,2
The Chemical Brothers — The Boxer,2,2000s-2010s,2004,2
Simon Slator — 6am,2,2000s-2020s,2003,2
Aviators — Meet You at the End,2,2010s-2020s,2016,2
Charli xcx — Paradise,2,2010s-2020s,2016,2
Tiësto — Suburban Train,2,2000s-2010s,2001,2
Tavares — Heaven Must Be Missing an Angel,2,1970s-1990s,1976,2
Run‐D.M.C. — Beats to the Rhyme,2,1990s-2000s,1988,2
Richie Rich — Niggas Done Changed,2,2000s-2010s,1996,2
光吉猛修 — Let’s Go Away,2,2000s-2010s,1994,2
ODESZA — Line of Sight,2,2010s-2020s,2017,2
Vangelis — Alpha,2,2000s-2010s,1976,2
Senmuth — Гимны Себеку в праздник воды,2,2000s-2010s,2009,2
鈴木亜美 — Potential Breakup Song,2,2000s-2020s,2007,2
Boards of Canada — Chromakey Dreamcoat,2,2010s-2020s,2005,2
Yello — Desire,2,1980s-2010s,1985,2
Candy Taylor — Make a Move,2,1990s-2000s,2008,2
Death in Vegas — Aisha,2,1990s-2000s,1999,2
Threshold — Virtual Isolation,2,1990s-2000s,1997,2
Method Man — Break Ups 2 Make Ups,2,1990s-2000s,1998,2
Tasha Baxter — Ebb & Flow,2,2010s-2020s,2024,2
Desmu — La Couture,2,2010s-2020s,2019,2
Yellow Claw — Blood Diamond,2,2010s-2020s,2015,2
Ms. Yanni — Ooh Wee,2,2010s-2020s,2015,2
Grateful Dead — Easy Wind,2,2000s-2020s,1970,2
The Clash — Armagideon Time,2,1980s-1990s,1979,2
Grateful Dead — Cumberland Blues,2,2000s-2020s,1970,2
Tavares — Never Had a Love Like This Before,2,1990s-2000s,1978,2
Neil Cicierega — Aaron,2,2010s-2020s,2019,2
Sentenced — Killing Me Killing You,2,1990s-2000s,2000,2
Snow Patrol — Open Your Eyes,2,2000s-2010s,2006,2
“Brother” Jack McDuff — Moon Rappin',2,2000s-2010s,1970,2
Meredith Brooks — Bitch,2,2010s-2020s,1997,2
The Who Boys — Frank’s Here,2,2000s-2010s,2008,2
The Clash — Bankrobber,2,1990s-2010s,1980,2
Death Grips — Bass Rattle Stars Out the Sky,2,2010s-2020s,2012,2
Mark J. Hadley — Harlequin,2,2000s-2010s,2009,2
Squarepusher — 4001,2,2010s-2020s,2012,2
Alice DeeJay — Back in My Life,2,1990s-2000s,1998,2
Nine Inch Nails — Last,2,1990s-2010s,1992,2
Haldolium — All My Life,2,2000s-2010s,2004,2
Blur — Parklife,2,1990s-2000s,1994,2
Doctor P — Going Gorillas,2,2010s-2020s,2014,2
Every Little Thing — キモチ,2,1990s-2000s,1999,2
Crystal — Poison Love,2,1990s-2020s,2008,2
Fort Minor — Where’d You Go (instrumental),2,2000s-2010s,2005,2
Falco — Nie mehr Schule,2,2000s-2010s,1982,2
Human Resource — Dominator,2,1990s-2010s,1991,2
Blue Peter — Newsreel,2,1980s-2000s,1983,2
Sébastien Tellier — La Ritournelle,2,2000s-2010s,2003,2
Madonna — Bad Girl,2,2000s-2020s,1992,2
Fats Domino — I’ve Been Around,2,1950s-1990s,1991,2
The Jam — Down in the Tube Station at Midnight,2,1970s-2000s,1978,2
The Beatles — Getting Better,2,2000s-2010s,1967,2
Kylie Minogue — Je ne sais pas pourquoi,2,1980s-2000s,1988,2
Tiësto — Century,2,2000s-2010s,2009,2
Étienne Daho — Les Bords de Seine,2,1990s-2010s,1996,2
State of Mind — City on Fire,2,2000s-2010s,2009,2
きただにひろし — ウィーアー!,2,2000s-2020s,1999,2
中森明菜 — 北ウイング,2,1990s-2010s,1984,2
The Beatles — Do You Want to Know a Secret,2,1960s-2010s,1963,2
Tom Browne — Forever More,2,2000s-2010s,1980,2
下川みくに — 残酷な天使のテーゼ,2,2000s-2010s,2003,2
下川みくに — 輪舞－revolution－,2,2000s-2010s,2003,2
Little Richard — Send Me Some Lovin',2,1960s-1990s,1967,2
Jo Stafford — You Belong to Me,2,2000s-2010s,1990,2
k‐os — Man I Used to Be,2,2000s-2010s,2004,2
Lia — TORCH,2,2000s-2010s,2008,2
The Alan Parsons Project — Some Other Time,2,2000s-2010s,1977,2
KOKAYNA — MISS KOKAYNA,2,2010s-2020s,2013,2
Radiohead — Paranoid Android,2,2000s-2020s,1997,2
Zero T — Can’t Hide,2,2010s-2020s,2019,2
Michy Reincke — Um die Welt in einem Tag,2,1990s-2000s,1992,2
P!nk — Try,2,2010s-2020s,2012,2
"James Brown — (Get Up I Feel Like Being a) Sex Machine, Part 1",2,1990s-2020s,1970,2
Deutsch Amerikanische Freundschaft — Goldenes Spielzeug,2,1980s-2010s,1981,2
Syl Johnson — That’s Just My Luck,2,1990s-2010s,1975,2
The O’Jays — Brandy,2,1970s-1990s,1978,2
Alex C. — Doktorspiele,2,2000s-2020s,2007,2
Murdock — Can’t Keep Me Down,2,2010s-2020s,2018,2
The Buffalo Bunch — Music Box,2,2000s-2010s,1999,2
A Forest Mighty Black — Fresh in My Mind,2,1990s-2010s,1997,2
IAM — Nés sous la même étoile,2,2000s-2010s,1997,2
The Meters — Cardova,2,1990s-2000s,1969,2
Aghast View — Timeless,2,2000s-2020s,2000,2
Double 99 — Ripgroove,2,2000s-2020s,1997,2
Snoop Dogg — Chronic Relief Intro,2,1990s-2020s,1993,2
"The Police — De Do Do Do, De Da Da Da",2,2000s-2010s,1980,2
Prince — Paisley Park,2,1990s-2000s,1985,2
中谷美紀 — クロニック・ラブ,2,1990s-2000s,1999,2
Maroon 5 — She Will Be Loved,2,2000s-2010s,2002,2
中森明菜 — TANGO NOIR,2,1990s-2010s,1987,2
Robert Miles — Children,2,2000s-2020s,1996,2
Pat Benatar — Heartbreaker,2,2000s-2010s,1979,2
Fats Domino — Hum Diddy Doo,2,1960s-1990s,1993,2
Kendrick Lamar — BLOOD.,2,2010s-2020s,2017,2
Tears for Fears — Shout,2,2010s-2020s,1985,2
Aphex Twin — Come to Daddy (Pappy mix),2,1990s-2020s,1997,2
Reversed Reference — macro,2,2010s-2020s,2019,2
Charli xcx — Focus,2,2010s-2020s,2018,2
Womack & Womack — Love Wars,2,2010s-2020s,1983,2
Faithless — Muhammad Ali,2,2000s-2010s,2001,2
Faithless — God Is a DJ (Monster mix),2,2000s-2010s,1998,2
Pinkfong — Baby Shark,2,2010s-2020s,2017,2
Sade — Like a Tattoo,2,1990s-2020s,1992,2
Miley Cyrus — Can’t Be Tamed,2,2010s-2020s,2010,2
PIG — Confession,2,2010s-2020s,2019,2
Lush — Desire Lines,2,1990s-2010s,1994,2
"Funkadelic — Mommy, What’s a Funkadelic?",2,1990s-2000s,1970,2
The Beatles — You’ve Got to Hide Your Love Away,2,1980s-2020s,1965,2
Curtis Mayfield — Get Down,2,1970s-2010s,1971,2
FPM — Take Me to the Disco (FPM original mix),2,1990s-2000s,1999,2
globe — What’s the justice?,2,2010s-2020s,2002,2
Lady Gaga — Boys Boys Boys,2,2010s-2020s,2008,2
Odyssey — Our Lives Are Shaped by What We Love,2,1990s-2010s,1972,2
Spin Doctors — Two Princes,2,2000s-2010s,1991,2
Arthur Brown’s Kingdom Come — Triangles,2,2000s-2010s,1973,2
LazyTown — You Are a Pirate,2,2010s-2020s,2005,2
Justin OH — We Own the Night,2,2010s-2020s,2021,2
Pink Floyd — Us and Them,2,1990s-2000s,1973,2
Falco — Wiener Blut,2,1980s-1990s,1988,2
Piana — Something Is Lost,2,2010s-2020s,2005,2
Cypress Hill — I Wanna Get High,2,1990s-2000s,1993,2
Amateras Records — Special Smile,2,2010s-2020s,2015,2
JAY‐Z — Encore,2,2000s-2010s,2004,2
phonon — Muntil March,2,2010s-2020s,2020,2
Jerry Lee Lewis — How's My Ex Treating You,2,1960s-1980s,1962,2
Fats Domino — Teenage Love,2,1960s-2010s,1993,2
倖田來未 — m・a・z・e,2,2000s-2010s,2002,2
Raw Q — NY State of Mine,2,2010s-2020s,2012,2
The Notorious B.I.G. — One More Chance,2,1990s-2010s,1994,2
Arabesque — Buggy Boy,2,1970s-1980s,1977,2
Reizoko Cj — Dark Side,2,2010s-2020s,2012,2
Eiffel 65 — Blue (Da Ba Dee) (DJ Ponte Ice Pop mix),2,1990s-2010s,1998,2
Zmelkoow — Pljuvam skozi okno,2,1990s-2000s,1996,2
Blindaje 10 — Amigos especiales,2,2000s-2010s,2009,2
安室奈美恵 — RESPECT the POWER OF LOVE,2,1990s-2000s,2000,2
倖田來未 — Rain,2,2000s-2010s,2004,2
Dossa & Locuzzed — Shag,2,2010s-2020s,2016,2
Chase & Status — Saxon,2,2000s-2010s,2009,2
The Streets — Blinded by the Lights (Nero remix),2,2000s-2010s,2009,2
The Beatles — Magical Mystery Tour,2,2000s-2010s,1967,2
YOU LOVE HER — Young Tender Hearts Beat Fast,2,2010s-2020s,2010,2
AAA — 涙のない世界,2,2010s-2020s,2016,2
DC Breaks — Swag,2,2010s-2020s,2013,2
Don Omar — Dale Don dale,2,2000s-2020s,2003,2
AstroPilot — Life Lines,2,2000s-2010s,2015,2
Renegade Soundwave — Last Freedom Fighter,2,1990s-2000s,1994,2
Porya Hatami — And the Birds Flew in a Different Direction,2,2010s-2020s,2013,2
Fleetwood Mac — Little Lies,2,2000s-2020s,1987,2
Ludacris — My Chick Bad,2,2010s-2020s,2010,2
Dionne Warwick — Walk On By,2,1990s-2020s,1964,2
Current Value — Corridor,2,2010s-2020s,2009,2
Showtek — Booyah,2,2010s-2020s,2013,2
Fats Domino — Why Don’t You Do Right,2,1960s-1980s,1965,2
Susan Boyle — Wild Horses,2,2000s-2020s,2009,2
Merzbow — Seitaka,2,2010s-2020s,2006,2
The Family Circle — Mariya,2,2000s-2010s,1973,2
ZYTOKINE — JAPANIZED BLUE,2,2010s-2020s,2018,2
Albert Hammond — It Never Rains in Southern California,2,1970s-2010s,1972,2
Bob Dylan — Gates of Eden,2,1980s-2000s,1965,2
King Kong & D. Jungle Girls — Boom Boom Dollar (Red Monster mix),2,1990s-2010s,1989,2
BoA — DO THE MOTION,2,2010s-2020s,2005,2
Nina Simone — Sunday in Savannah,2,1960s-1990s,1997,2
Set It Off — I’ll Sleep When I’m Dead,2,2010s-2020s,2012,2
Avril Lavigne — Girlfriend (radio edit),2,2000s-2010s,2007,2
Lil Wyte — In the Streets,2,2000s-2010s,2003,2
Phil RetroSpector — Heaven’s Drive‐In (Miranda Sex Garden vs. Angelo Badalamenti),2,2000s-2010s,2009,2
Fatback — I Like Girls,2,1970s-1990s,1978,2
Jet Jaguar — New Folder,2,2010s-2020s,2018,2
Supermax — Electricity,2,1990s-2000s,2008,2
Eagles — Take It to the Limit,2,1970s-1990s,1975,2
Peter Schilling — Terra Titanic (Lost to the Sea),2,1980s-2020s,1984,2
Blind Guardian — Nightfall,2,1990s-2010s,1998,2
中森明菜 — AL‐MAUJ,2,1990s-2010s,1988,2
中森明菜 — 忘れて…,2,1990s-2010s,1991,2
Potential Bad Boy — You're Mine,2,2000s-2010s,2004,2
The High & Mighty — B‐Boy Document ’99,2,2010s-2020s,1999,2
Britney Spears — Womanizer,2,2000s-2020s,2008,2
Fall Out Boy — I Don’t Care,2,2010s-2020s,2008,2
Yolanda Be Cool — We No Speak Americano,2,2010s-2020s,2010,2
The Cranberries — Linger,2,2010s-2020s,1993,2
globe — UNDER Your Sky,2,2000s-2010s,1998,2
Juelz Santana — There It Go (The Whistle Song),2,2000s-2010s,2005,2
My Chemical Romance — Cancer,2,2000s-2010s,2006,2
Bad Brains — Rally ’Round Jah Throne,2,1990s-2010s,1983,2
"The Castaways — Liar, Liar",2,2000s-2010s,1965,2
Nektar — Flight to Reality,2,2000s-2010s,1975,2
Ninjaspark — Skolavslutning ’90,2,2000s-2020s,2006,2
The Temptations — I Can’t Get Next to You,2,1990s-2000s,1969,2
Steven Wilson — Happy Returns,2,2010s-2020s,2015,2
Nelly — My Place,2,2000s-2010s,2004,2
Carl Perkins — Take Me Back,2,1970s-1980s,1993,2
BARELY ALIVE — Odyssey,2,2010s-2020s,2018,2
Classixx — Dial 1,2,2000s-2010s,2008,2
Displacer — Fueled,2,2000s-2010s,2004,2
Gang Starr — Full Clip,2,2010s-2020s,1999,2
KISS — Christine Sixteen,2,1970s-1980s,1977,2
Houdini — Black but Sweet,2,1990s-2000s,1931,2
Georg Danzer — Griechenland,2,1980s-2010s,1981,2
Break — Let It Happen,2,2000s-2010s,2007,2
Black Sun Empire — Bullet in the Head,2,2000s-2010s,2007,2
Silicon Scally — Proteus,2,2000s-2010s,2002,2
Prince — Let’s Work,2,1980s-1990s,1981,2
Kool & the Gang — Ladies Night,2,1990s-2010s,1979,2
Rebecca Sugar — Stronger Than You,2,2010s-2020s,2015,2
Destiny’s Child — Survivor,2,2000s-2020s,2001,2
Dizzee Rascal — Dance Wiv Me (radio edit),2,2000s-2020s,2008,2
Lady Wray — Make It Hot,2,2000s-2020s,1998,2
Charli xcx — 2099,2,2010s-2020s,2019,2
Beastie Boys — Crawlspace,2,2000s-2010s,2004,2
Nina Hagen Band — My Way,2,2000s-2020s,1980,2
Prince Royce — El clavo,2,2000s-2010s,2018,2
Led Zeppelin — Whole Lotta Love,2,2000s-2010s,2003,2
cub — Go Fish,2,2000s-2010s,1993,2
Tom Lehrer — A Christmas Carol,2,1980s-1990s,1959,2
Sweet Exorcist — Testone,2,1990s-2000s,1990,2
五條真由美 — DANZEN!ふたりはプリキュア,2,2000s-2020s,2004,2
Jerry Lee Lewis — Little Queenie,2,1990s-2010s,1994,2
Benga — 26 Basslines,2,2010s-2020s,2011,2
Tom Petty and the Heartbreakers — American Girl,2,1990s-2000s,1976,2
Metallica — Eye of the Beholder,2,1980s-2000s,1988,2
Sunchase — Remember Me,2,2000s-2010s,2004,2
大橋純子 — Telephone Number,2,2010s-2020s,1981,2
Tobu — Candyland,2,2010s-2020s,2015,2
近藤浩治 — Shop（お店）,2,2010s-2020s,1998,2
Aviators — Open Your Eyes,2,2010s-2020s,2013,2
Necro — You're Dead,2,2010s-2020s,2000,2
DJ Food — Freedom,2,1990s-2020s,1995,2
Rusko — Cockney Thug,2,2000s-2010s,2007,2
MC Lyte — Ruffneck,2,2010s-2020s,1993,2
DJ Sammy — Heaven,2,2000s-2020s,2001,2
Foreigner — I Want to Know What Love Is,2,2000s-2010s,1984,2
X-Noize — Red Handed (feat. Domestic),2,2000s-2010s,2005,2
Black Sabbath — Paranoid,2,2000s-2010s,1970,2
Lumin8 — Rivers Flow In You,2,2000s-2010s,2009,2
The Who — Christmas,2,1990s-2010s,1969,2
Portishead — Sour Times,2,1990s-2010s,1994,2
DJ Food — Turtle Soup (Wagon Christ mix),2,1990s-2020s,1996,2
Charlie Feathers — Walkin' the Dog,2,1980s-1990s,1992,2
"Judy Garland — On the Atchison, Topeka, and the Santa Fe",2,1990s-2000s,1995,2
Poison — Every Rose Has Its Thorn,2,2000s-2010s,1988,2
Jerry Lee Lewis — Once More With Feeling,2,1970s-1980s,2012,2
Blue Öyster Cult — (Don’t Fear) The Reaper,2,2010s-2020s,1976,2
Astrix — Mir,2,2010s-2020s,2010,2
Thundercat — Them Changes,2,2010s-2020s,2017,2
Kendrick Lamar — These Walls,2,2010s-2020s,2015,2
"Kodály Quartet — String Quartet in C major, op. 76 no. 3: Poco adagio, cantabile",2,1990s-2000s,1990,2
Paper Street Soul — Fallin Down,2,2010s-2020s,2019,2
Lee Morgan — Mr. Kenyatta,2,1990s-2000s,1964,2
Bob Marley & The Wailers — My Cup,2,1980s-1990s,1970,2
twenty one pilots — Jumpsuit,2,2010s-2020s,2018,2
Pallas — New Life,2,2010s-2020s,2014,2
AAA — MUSIC!!!,2,2000s-2010s,2008,2
Journey — Separate Ways (Worlds Apart),2,1980s-2010s,1983,2
Janet Jackson — Come Back to Me,2,2000s-2010s,1989,2
Lido — Dye,2,2010s-2020s,2016,2
Weezer — My Name Is Jonas,2,2000s-2020s,1994,2
The Notorious B.I.G. — Ten Crack Commandments,2,2000s-2010s,1997,2
倖田來未 — Hot Stuff,2,2000s-2010s,2005,2
Brennan Heart — Running Late,2,2010s-2020s,2012,2
Candy Taylor — Destiny,2,2000s-2020s,2008,2
Noisia — Infusion,2,2010s-2020s,2008,2
Earthling — 1st Transmission,2,2000s-2020s,1994,2
杉山清貴 — ASPHALT LADY,2,1980s-2010s,1984,2
The Beatles — Revolution,2,2000s-2020s,1970,2
Solarity — Essence,2,2000s-2020s,2008,2
Kobana — Frisky,2,2010s-2020s,2010,2
Kahn — Dread,2,2010s-2020s,2012,2
Ruby — Hoops,2,1990s-2020s,1995,2
Led Zeppelin — The Ocean,2,1980s-2000s,1973,2
Spliff — Rand der Welt,2,1980s-1990s,1984,2
Jerry Lee Lewis — I'll Make It All Up to You,2,1990s-2010s,1993,2
Caroline Polachek — So Hot You’re Hurting My Feelings,2,2010s-2020s,2019,2
Sophie Ellis‐Bextor — Mixed Up World,2,2000s-2020s,2003,2
Darude — Feel the Beat,2,2000s-2020s,2000,2
Diplo — Newsflash,2,2000s-2010s,2009,2
JAY‐Z — Can I Get A…,2,2000s-2010s,1998,2
The Death Set — Impossible,2,2000s-2010s,2007,2
Rick James — Sweet and Sexy Thing,2,1980s-2010s,1986,2
Yung Joc — Coffee Shop,2,2000s-2010s,2007,2
Fatali — Ocean View,2,2000s-2010s,2006,2
Busta Rhymes — Put Your Hands Where My Eyes Could See,2,2000s-2010s,1997,2
Busta Rhymes — Put Your Hands Where My Eyes Could See,2,2000s-2010s,1997,2
Nina Simone — Strange Fruit,2,1990s-2010s,1965,2
Missy Elliott — Get Ur Freak On,2,2010s-2020s,?,2
The Human League — Life on Your Own,2,1980s-1990s,1984,2
Jakes — 3k Lane,2,2010s-2020s,2008,2
Napalm Death — You Suffer,2,2010s-2020s,1986,2
They Might Be Giants — Spiraling Shape,2,1990s-2020s,1996,2
An-G — Different Girl,2,2010s-2020s,2013,2
The Spinners — I’ll Be Around,2,2000s-2010s,1973,2
Nurse With Wound — A Short Dip in the Glory Hole,2,1990s-2020s,1984,2
Propellerheads — Spybreak!,2,1990s-2020s,1997,2
Charles Mingus — Moanin’,2,2000s-2010s,1960,2
Kool G Rap — Fast Life,2,2000s-2010s,1995,2
"Tyler, The Creator — Who Dat Boy",2,2010s-2020s,2017,2
Naughty by Nature — Everything’s Gonna Be Alright,2,1990s-2010s,1991,2
T’Pau — Heart and Soul,2,1980s-2010s,1987,2
ドクロちゃん — 撲殺天使ドクロちゃん,2,2010s-2020s,2005,2
Gladys Knight & the Pips — Between Her Goodbye and My Hello,2,2000s-2020s,1974,2
Beck — Soul Suckin Jerk,2,1990s-2000s,1994,2
AAA — Winter lander!!,2,2000s-2010s,2006,2
Fort Minor — Slip Out the Back,2,2000s-2010s,2005,2
Fats Domino — Introduction,2,1960s-2000s,1965,2
Gene Joke — Magic Carpet,2,2010s-2020s,1996,2
mrsimon — Fat,2,2010s-2020s,2010,2
Reizstrom — And You Came,2,2000s-2010s,2009,2
Fever the Ghost — Source,2,2010s-2020s,2014,2
marble — 芽生えドライブ,2,2000s-2010s,2007,2
Obfusc — Amateur Cartography,2,2000s-2010s,2008,2
Pink Floyd — Set the Controls for the Heart of the Sun,2,1960s-1980s,1968,2
Can — Vitamin C,2,2000s-2010s,1972,2
Rory Gallagher — Can’t Believe It’s You,2,1990s-2020s,1971,2
Joker — Digidesign,2,2000s-2020s,2009,2
Arrested Development — Tennessee,2,1990s-2000s,1992,2
Girls Rituals — I Know,2,2010s-2020s,2015,2
Melotron — Kein Problem,2,2000s-2010s,2003,2
Fats Domino — My Girl Josephine,2,1960s-1990s,1960,2
"OutKast — So Fresh, So Clean",2,2000s-2010s,2000,2
ゆの — ？でわっしょい,2,2000s-2010s,2008,2
X-101 — Sonic Destroyer,2,1990s-2000s,1991,2
Queen 26 — Going Crazy,2,2000s-2020s,2008,2
Reel People — Joyous,2,2010s-2020s,2018,2
Junior Mance — Thank You Falletin Me Be Mice Elf Agin,2,1990s-2010s,1970,2
Donna Summer — Hot Stuff,2,2000s-2010s,1979,2
HOEDh — Dämmerung am Pog (Heilige-Variation 5/7),2,1990s-2000s,1996,2
倖田來未 — D.D.D.,2,2010s-2020s,2005,2
Michael Jackson — Morphine,2,2000s-2010s,1997,2
八神純子 — 黄昏のBAY CITY,2,2000s-2010s,1983,2
Akshan — Adagio for the Braves (album version),2,2010s-2020s,2012,2
Coldplay — Lost!,2,2000s-2020s,2008,2
Jii Hoo — Let Me Luv U (main mix),2,1990s-2000s,1997,2
New Order — Stray Dog,2,2010s-2020s,2015,2
San Holo — show me,2,2010s-2020s,2018,2
Las Ketchup — The Ketchup Song (Asereje) (Spanglish version),2,2010s-2020s,2002,2
Jerry Lee Lewis — Drinkin’ Wine Spo‐Dee‐O‐Dee,2,1970s-1980s,1979,2
Bob Marley & The Wailers — Mr. Brown,2,1980s-2010s,1974,2
Dashboard Confessional — Screaming Infidelities,2,2000s-2010s,2000,2
中森明菜 — LA BOHÈME,2,1990s-2010s,1986,2
Čuki — Krokodilčki,2,1990s-2010s,1993,2
Celia Cruz — Guantanamera,2,1980s-1990s,1967,2
Jennifer Hudson — No One Gonna Love You,2,2010s-2020s,2011,2
近藤浩治 — ハイラル平原メインテーマ,2,2000s-2020s,1998,2
The Go! Team — Get It Together,2,2010s-2020s,2004,2
Porcelain Black — Pretty Little Psycho,2,2010s-2020s,2013,2
P.O.S — Been Afraid,2,2000s-2010s,2009,2
Cosmicity — Sedgwick,2,2000s-2010s,2003,2
Paul Haig — Something Good,2,1980s-2000s,1989,2
Carla Vallet — Fantaisie Sign,2,1990s-2010s,1998,2
Lloyd — Lay It Down,2,2010s-2020s,2010,2
Mylène Farmer — Des larmes,2,2010s-2020s,2018,2
平田志穂子 — Break Out Of...,2,2010s-2020s,2014,2
TLC — Diggin’ on You,2,2000s-2010s,1994,2
"Udo Jürgens — Der „Erste Sahne“-Mix (Maxi‐Version): Aber bitte mit Sahne / Ein ehrenwertes Haus / Mit 66 Jahren / Mathilda / Ich weiß was ich will / Siebzehn Jahr, blondes Haar / Paris einfach so nur zum Spaß / Ich war noch niemals in New York / Sag’ ihr, ich laß sie grüßen / Vielen Dank für die Blumen / Tante Emma / Anuschka / Humtata und Tätärä / Griechischer Wein",2,1990s-2000s,1997,2
The Jones Girls — Who Can I Run To,2,1970s-1990s,1979,2
Beck — Sexx Laws,2,1990s-2000s,1999,2
Beastie Boys — The Negotiation Limerick File,2,1990s-2000s,1998,2
Lil Uzi Vert — The Way Life Goes,2,2010s-2020s,2017,2
坂本龍一 — Seven Samurai – ending theme,2,2000s-2010s,2004,2
The Meters — Hey Pocky A-Way,2,1980s-2020s,1974,2
The SCLC Operation Breadbasket Orchestra and Choir — Nobody Knows,2,2000s-2010s,1970,2
Cosmic Baby — The Space Track,2,1990s-2000s,1992,2
Janet Jackson — Control,2,1980s-2000s,1986,2
The Beach Boys — Pet Sounds,2,1990s-2000s,1966,2
State of Mind — Money Train,2,2000s-2010s,2006,2
Falco — Emotional (English Version),2,1980s-2020s,2021,2
Bas — Tribe,2,2010s-2020s,2018,2
Björk — Where Is the Line,2,2000s-2010s,2004,2
Björk — Mouth’s Cradle,2,2000s-2010s,2004,2
DECO*27 — 二息歩行,2,2010s-2020s,2009,2
Toby Fox — Death by Glamour,2,2010s-2020s,2015,2
タンポポ — ラストキッス,2,2000s-2010s,1998,2
Jerry Lee Lewis — Break Up,2,1980s-2010s,1984,2
MF DOOM — Change the Beat,2,2000s-2010s,2003,2
Valerie Dore — The Night,2,2000s-2020s,1984,2
Kim Wilde — You Keep Me Hangin’ On,2,1980s-2010s,1987,2
Bob Marley & The Wailers — Soul Rebel,2,1990s-2000s,1970,2
Ye — Lift Yourself,2,2010s-2020s,2018,2
Michael Jackson — Wanna Be Startin’ Somethin’ (instrumental),2,1980s-2000s,1983,2
Jerry Lee Lewis — Save the Last Dance for Me,2,1960s-1990s,1989,2
Des’ree — I’m Kissing You,2,1990s-2000s,1997,2
Three 6 Mafia — Ridin’ n da Chevy,2,2010s-2020s,1999,2
LL Cool J — Get Down,2,1990s-2000s,1987,2
Caramell — Caramelldancing (radio version),2,2000s-2020s,2008,2
Soul To Soul — Back to Life,2,1990s-2020s,1997,2
Black Sun Empire — Gunseller (original mix),2,2000s-2010s,2003,2
Danny Elfman — Breakfast Machine,2,2010s-2020s,1985,2
Avicii — SOS,2,2010s-2020s,2019,2
Metallica — King Nothing,2,1990s-2020s,1996,2
Nektar — Recycle,2,2000s-2010s,1975,2
Freddie Mercury — Love Kills,2,1990s-2000s,2000,2
Jim Morrison — Angels and Sailors / Stoned Immaculate,2,1990s-2000s,1978,2
Fats Domino — I've Been Calling,2,1960s-1990s,2002,2
DJ Food — The Crow…,2,2000s-2020s,2000,2
三浦大知 — Flag,2,2000s-2010s,2007,2
ZARD — 愛が見えない,2,1990s-2000s,1995,2
Powderfinger — These Days,2,1990s-2000s,2000,2
Dionne Warwick — I’ll Never Love This Way Again,2,2000s-2010s,1979,2
Paul Wall — Sittin’ Sidewayz,2,2000s-2020s,2005,2
Sigur Rós — Hoppípolla,2,2010s-2020s,2005,2
Lil Uzi Vert — The Way Life Goes (remix),2,2010s-2020s,2017,2
DRS — Count to Ten,2,2010s-2020s,2012,2
Jami Sieber — Undercurrent,2,2000s-2020s,1994,2
Dexter Wansel — Rhodes Piano 4,2,1990s-2020s,2022,2
Antoine Dodson — Bed Intruder Song,2,2010s-2020s,2010,2
Vorso — Wannabe,2,2010s-2020s,2019,2
Dead Kennedys — Kill the Poor,2,1980s-2020s,1980,2
The Stooges — No Fun,2,2000s-2010s,1969,2
Phil Collins — Something Happened on the Way to Heaven,2,1990s-2010s,1989,2
Jet Jaguar — Disasters in Reverse,2,2010s-2020s,2008,2
Limp Bizkit — Red Light‐Green Light,2,2010s-2020s,2003,2
John Carpenter — Assault on Precinct 13,2,2000s-2010s,2003,2
Matt Bianco — Don’t Blame It on That Girl (rare groove mix),2,1980s-2010s,1988,2
"Élégance — Vacances, j'oublie tout",2,2010s-2020s,1982,2
"MHD — Afro Trap, Part. 3 (Champions League)",2,2010s-2020s,2016,2
The Jacksons — I’ll Bet You,2,1980s-2000s,1970,2
Paso Doble — Fantasie,2,1980s-2000s,1985,2
The Outfield — Your Love,2,2010s-2020s,1985,2
Geno Samuel — All I Need to Know,2,2010s-2020s,2017,2
Tiësto — Escape Me,2,2000s-2010s,2009,2
"Grover Washington, Jr. — Moonstreams",2,1990s-2010s,1975,2
Bola Sete — Bettina,2,1990s-2000s,1970,2
Us3 — Cantaloop (Flip Fantasia),2,2010s-2020s,1992,2
Curtis Mayfield — Freddie’s Dead,2,1970s-1990s,1972,2
浜渦正志 — サンレス水郷,2,2010s-2020s,2010,2
宇多田ヒカル — Simple And Clean -PLANITb Remix-,2,2000s-2020s,2003,2
Teminite — Space Invaders,2,2010s-2020s,2019,2
Bloc Party — Where Is Home?,2,2000s-2010s,2007,2
Eminem — I’m Shady,2,1990s-2000s,1999,2
KIWAMU — Life Style,2,2010s-2020s,2016,2
Israel Kamakawiwoʻole — Over the Rainbow,2,2010s-2020s,2001,2
Slick Rick — Lick the Balls,2,1990s-2000s,1988,2
Dolly Parton — Jolene,2,2010s-2020s,1973,2
Van Morrison — Everyone,2,2010s-2020s,1970,2
iamerror — Rainbow Road,2,2010s-2020s,2009,2
Echosmith — Cool Kids,2,2010s-2020s,2013,2
Zymosis — Zeta Bieng,2,2000s-2020s,2009,2
Robert Blaker — Verdancy (bassline),2,2000s-2010s,2009,2
Bon — Music in Action,2,2010s-2020s,2014,2
DJ Zinc — Super Sharp Shooter,2,2010s-2020s,2022,2
LL Cool J — I Can’t Live Without My Radio,2,1980s-2000s,1985,2
Bob Marley & The Wailers — Don’t Rock My Boat,2,1980s-1990s,1971,2
荻野目洋子 — フラミンゴ in パラダイス,2,1980s-1990s,1986,2
Excision — Destroid 10 Funk Hole,2,2010s-2020s,2013,2
Junior Kimbrough — I Gotta Try You Girl,2,2010s-2020s,1998,2
Fats Domino — I Lived My Life,2,1960s-1990s,1954,2
Be Wiz’U — Génération T.E.X.T.O,2,2010s-2020s,2010,2
The Herbaliser — Mr. Chombee Has the Flaw,2,2010s-2020s,1997,2
The Postal Service — The District Sleeps Alone Tonight,2,2000s-2020s,2003,2
The Smashing Pumpkins — Fat Man Blues,2,1990s-2000s,?,2
Sting — Fragile,2,1990s-2000s,1987,2
Cleveland Lounge — Drowning (AK1200 remix),2,2000s-2010s,2000,2
The Kids — Number 5,2,2000s-2010s,1970,2
Temper — No Favors,2,1990s-2000s,1984,2
Celtarabia — Bedlam,2,2010s-2020s,1995,2
Rise and Fall of a Decade — Mistake,2,1990s-2000s,1994,2
Felix de Luxe — Taxi nach Paris,2,2000s-2010s,1995,2
[unknown] — Alfred Hitchcock Presents,2,1980s-2000s,1998,2
Skillet — Whispers in the Dark,2,2000s-2020s,2008,2
Tom Scharpling — Fallout From the Miles Davis Tribute. Hippy Johnny Checks In. A Feral Cat Hunter Checks In. Philly Boy Roy's Wife Rhoda Checks In. Plus Basketball Playoffs Talk!,2,2000s-2010s,?,2
Celtarabia — Stepping on Shadows,2,2010s-2020s,1995,2
Ragga and the Jack Magic Orchestra — Where Are They Now?,2,1990s-2010s,?,2
小宮知子 — 全ての人の魂の戦い,2,2010s-2020s,2006,2
